[Licensing::Module] Trying to connect to existing licensing client channel...
Built from '6000.6/staging' branch; Version is '6000.6.3f1 (45d8eee7de74) revision 4577518'; Using compiler version '194234433'; Build Type 'Release'
[Licensing::IpcConnector] Successfully connected to: "LicenseClient-eonvw" at "2026-09-30T06:24:33.477717Z"
OS: 'Windows 11  (10.0.26100) CoreSingleLanguage' Language: 'en' Physical Memory: 32506 MB
BatchMode: 1, IsHumanControllingUs: 0, StartBugReporterOnCrash: 0, Is64bit: 1
System  architecture: x64
Process architecture: x64
Date: 2026-09-30T06:24:33Z
[Licensing::Client] Code 10 while verifying Licensing Client signature (process Id: 46504, path: "C:/Program Files/Unity Hub/UnityLicensingClient_V1/Unity.Licensing.Client.exe")
[Licensing::Module] LicensingClient has failed validation; ignoring
[Licensing::Client] Handshaking with LicensingClient:
  Version:                 1.18.3+d7ffd15
  Session Id:              4c026f2f9beb40aab899caa9ef43b24b
  Correlation Id:          ed68eea77a6dacde98dffb721a3ca9b1
  External correlation Id: 3462469383799796462
  Machine Id:              HJKSOXajvVm0mGT1RtspIzejp2w=
[Licensing::Module] Successfully connected to LicensingClient on channel: "LicenseClient-eonvw" (connect: 0.00s, validation: 0.00s, handshake: 0.12s)
[Licensing::IpcConnector] Successfully connected to: "LicenseClient-eonvw-notifications" at "2026-09-30T06:24:33.6012629Z"
[Licensing::Module] Licensing Background thread has ended after 0.12s

COMMAND LINE ARGUMENTS:
C:\Program Files\Unity\Hub\Editor\6000.6.3f1\Editor\Unity.exe
-adb2
-batchMode
-noUpm
-name
AssetImportWorkerHW0
-projectPath
C:/Users/eonvw/Downloads/Twinsanity-Unity-Title-Screen (1)
-logFile
Logs/AssetImportWorkerHW0.log
-srvPort
50739
-parentPid
47876
-analyticsCloudUserId
anonymous
-analyticsLocalProjectId
de7e37bef6af25d48b067d341c89eaa4
-editorAnalyticsEnabled
1
-cbmEditorLicense
4fafb3cc360ecb2be29c92e08f4814634d9e9948
-cbmMachineId
HJKSOXajvVm0mGT1RtspIzejp2w=
-licensingIpc
LicenseClient-eonvw
-noDiagnosticSwitchPersistentStore
-job-worker-count
5
-background-job-worker-count
8
-asset-garbage-collectors
1
-force-d3d12
-name
AssetImport
Successfully changed project path to: C:/Users/eonvw/Downloads/Twinsanity-Unity-Title-Screen (1)
C:/Users/eonvw/Downloads/Twinsanity-Unity-Title-Screen (1)
[UnityMemory] Configuration Parameters - Can be set up in boot.config
    "memorysetup-temp-allocator-size-gi-baking-worker=262144"
    "memorysetup-temp-allocator-size-gi-baking-worker=262144"
    "memorysetup-temp-allocator-size-gi-baking-worker=262144"
    "memorysetup-temp-allocator-size-gi-baking-worker=262144"
    "memorysetup-temp-allocator-size-gi-baking-worker=262144"
    "memorysetup-temp-allocator-size-nav-mesh-worker=65536"
    "memorysetup-temp-allocator-size-audio-worker=65536"
    "memorysetup-temp-allocator-size-cloud-worker=32768"
    "memorysetup-temp-allocator-size-gfx=262144"
    "memorysetup-remapper-allocator-initial-capacity=32768"
    "memorysetup-temp-allocator-size-preload-manager=33554432"
    "memorysetup-allocator-temp-initial-block-size-main=262144"
    "memorysetup-allocator-temp-initial-block-size-worker=262144"
    "memorysetup-temp-allocator-size-job-worker=262144"
    "memorysetup-temp-allocator-size-background-worker=32768"
    "memorysetup-bucket-allocator-granularity=16"
    "memorysetup-bucket-allocator-bucket-count=8"
    "memorysetup-bucket-allocator-block-size=33554432"
    "memorysetup-bucket-allocator-block-count=8"
    "memorysetup-main-allocator-block-size=16777216"
    "memorysetup-thread-allocator-block-size=16777216"
    "memorysetup-main-allocator-mimalloc-enabled=1"
    "memorysetup-gfx-main-allocator-block-size=16777216"
    "memorysetup-gfx-thread-allocator-block-size=16777216"
    "memorysetup-cache-allocator-block-size=4194304"
    "memorysetup-typetree-allocator-block-size=2097152"
    "memorysetup-profiler-bucket-allocator-granularity=16"
    "memorysetup-profiler-bucket-allocator-bucket-count=8"
    "memorysetup-profiler-bucket-allocator-block-size=33554432"
    "memorysetup-profiler-bucket-allocator-block-count=8"
    "memorysetup-profiler-allocator-block-size=16777216"
    "memorysetup-profiler-editor-allocator-block-size=1048576"
    "memorysetup-temp-allocator-size-main=16777216"
    "memorysetup-job-temp-allocator-block-size=2097152"
    "memorysetup-job-temp-allocator-block-size-background=1048576"
    "memorysetup-job-temp-allocator-reduction-small-platforms=262144"
Player connection [49136]  Target information:

Player connection [49136]  * "[IP] 192.168.3.7 [Port] 0 [Flags] 2 [Guid] 3238636181 [EditorId] 3238636181 [Version] 1048832 [Id] WindowsEditor(7,LAPTOP-1I15P7FG) [Debug] 1 [PackageName] WindowsEditor [ProjectName] Editor" 

Player connection [49136] Host joined multi-casting on [225.0.0.222:54997]...
Player connection [49136] Host joined alternative multi-casting on [225.0.0.222:34997]...
JobSystem: Creating JobQueue using job-worker-count value 5
Input System module state changed to: Initialized.
[Physics::Module] Initialized fallback backend.
[Physics::Module] Id: 0xdecafbad
Library Redirect Path: Library/
Initialising UDS system complete:
  - System type: Client
  - Resource namespace: b7bfd5c2baba467c437398379e56abe1
  - Shared memory size: 1073741824
  - Command buffer id: 1052576
  - Command buffer size: 8192
  - Hashmap size: 4194304
  - Service connected: true
  - Service working directory: Library/DataStore/
[Physics::Module] Selected backend (deferred post-plugins).
[Physics::Module] Name: PhysX
[Physics::Module] Id: 0xf2b8ea05
[Physics::Module] SDK Version: 4.1.2
[Physics::Module] Integration Version: 1.0.0
[Physics::Module] Threading Mode: Multi-Threaded
Initialize engine version: 6000.6.3f1 (45d8eee7de74)
[EntityIdStore] init: VM path (explicit commit), pageSize=4096, blockCount=1048576, entitiesPerBlock=256, slots reserved=4294967296 bytes
[Subsystems] Discovering subsystems at path C:/Program Files/Unity/Hub/Editor/6000.6.3f1/Editor/Data/Resources/UnitySubsystems
[Subsystems] Discovering subsystems at path C:/Users/eonvw/Downloads/Twinsanity-Unity-Title-Screen (1)/Assets
Forcing GfxDevice: Direct3D 12
GfxDevice: creating device client; kGfxThreadingModeNonThreaded
d3d12: failed to query info queue interface (0x80004002).
Direct3D:
    Version:         Direct3D 12 [level 12.2]
    Renderer:        NVIDIA GeForce RTX 3050 Laptop GPU (ID=0x25a2)
    Vendor:          NVIDIA
    VRAM:            3962 MB
    App VRAM Budget: 3367 MB
    Driver:          32.0.16.1714
Initialize mono
Mono path[0] = 'C:/Program Files/Unity/Hub/Editor/6000.6.3f1/Editor/Data/Managed'
Mono path[1] = 'C:/Program Files/Unity/Hub/Editor/6000.6.3f1/Editor/Data/BCLExtensions/runtime/netstandard2.1'
Mono path[2] = 'C:/Program Files/Unity/Hub/Editor/6000.6.3f1/Editor/Data/MonoBleedingEdge/lib/mono/unityjit-win32'
Mono config path = 'C:/Program Files/Unity/Hub/Editor/6000.6.3f1/Editor/Data/MonoBleedingEdge/etc'
Using monoOptions --debugger-agent=transport=dt_socket,embedding=1,server=y,suspend=n,address=127.0.0.1:56132
CodeReloadManager initialized
Begin MonoManager ReloadAssembly
Registering precompiled unity dll's ...
Register platform support module: C:/Program Files/Unity/Hub/Editor/6000.6.3f1/Editor/Data/PlaybackEngines/WebGLSupport/UnityEditor.WebGL.Extensions.dll
Register platform support module: C:/Program Files/Unity/Hub/Editor/6000.6.3f1/Editor/Data/PlaybackEngines/WindowsStandaloneSupport/UnityEditor.WindowsStandalone.Extensions.dll
Registered in 0.004683 seconds.
Native extension for WindowsStandalone target not found
Native extension for WebGL target not found
Package Manager log level set to [2]
[Package Manager] Failed to launch server process. Reason: Unity was launched with the -noUpm command-line argument
[Package Manager] Unable to send message (not connected to server process).
[Package Manager] Cannot connect to Unity Package Manager local server
ScheduleIndexationOnStartup MainProcess:False IndexOnStartup:True
Scripting: successfully reloaded assembly
- Finished resetting the current domain, in  1.372 seconds
Domain Reload Profiling: 2705ms
	BeginReloadAssembly (274ms)
	RebuildCommonClasses (10ms)
	RebuildNativeTypeToScriptingClass (31ms)
	initialDomainReloadingComplete (159ms)
	LoadAllAssembliesAndSetupDomain (856ms)
		LoadAssemblies (268ms)
		TypeCache.Refresh (529ms)
			TypeCache.ScanAssembly (494ms)
		AnalyzeDomain (3ms)
	FinalizeReload (1375ms)
		SetupLoadedEditorAssemblies (0ms)
			LogAssemblyErrors (4ms)
			InitializePlatformSupportModulesInManaged (3ms)
			BeforeProcessingInitializeOnLoad (230ms)
			ProcessInitializeOnLoadAttributes (412ms)
			ProcessInitializeOnLoadMethodAttributes (529ms)
Initializing Unity extensions:
[Licensing::Client] Successfully resolved entitlement details
[Licensing::Module] License group:
  Id: 5646382-UnityPersXXXX
  Product: Unity Personal
  Type: Assigned
  Expiration: Unlimited
========================================================================
Worker process is ready to serve import requests
Import Worker Mode flag is 0x00
Begin MonoManager ReloadAssembly
Native extension for WindowsStandalone target not found
Native extension for WebGL target not found
[Package Manager] Failed to launch server process. Reason: Unity was launched with the -noUpm command-line argument
[Package Manager] Unable to send message (not connected to server process).
[Package Manager] Cannot connect to Unity Package Manager local server
ScheduleIndexationOnStartup MainProcess:False IndexOnStartup:True
Scripting: successfully reloaded assembly
- Finished resetting the current domain, in  1.660 seconds
Domain Reload Profiling: 3353ms
	BeginReloadAssembly (931ms)
		DisableScriptedObjects (27ms)
		CreateAndSetChildDomain (212ms)
	RebuildCommonClasses (21ms)
	RebuildNativeTypeToScriptingClass (33ms)
	initialDomainReloadingComplete (124ms)
	LoadAllAssembliesAndSetupDomain (582ms)
		LoadAssemblies (458ms)
		TypeCache.Refresh (45ms)
			TypeCache.ScanAssembly (26ms)
		AnalyzeDomain (21ms)
			BuildScriptInfoCaches (16ms)
	FinalizeReload (1662ms)
		SetupLoadedEditorAssemblies (0ms)
			LogAssemblyErrors (5ms)
			InitializePlatformSupportModulesInManaged (18ms)
			BeforeProcessingInitializeOnLoad (536ms)
			ProcessInitializeOnLoadAttributes (114ms)
			ProcessInitializeOnLoadMethodAttributes (76ms)
			AfterProcessingInitializeOnLoad (23ms)
			EditorAssembliesLoaded (5ms)
		AwakeInstancesAfterBackupRestoration (186ms)
AcceleratorClientConnectionCallback - disconnected - :0
Launched and connected shader compiler UnityShaderCompiler.exe after 0.05 seconds
Unloading 0 Unused Serialized files (Serialized files now loaded: 0)
Unloading 503 unused Assets / (37.9 KB). Loaded Objects now: 1205.
Memory consumption went from 190.1 MB to 190.0 MB.
Total: 60.079300 ms (FindLiveObjects: 0.320900 ms CreateObjectMapping: 0.050700 ms MarkObjects: 56.660400 ms  DeleteObjects: 2.120900 ms)

========================================================================
Received Prepare
AcceleratorClientConnectionCallback - disconnected - :0
Unloading 0 Unused Serialized files (Serialized files now loaded: 0)
Unloading 0 unused Assets / (Unknown). Loaded Objects now: 1205.
Memory consumption went from 189.2 MB to 189.2 MB.
Total: 6.166100 ms (FindLiveObjects: 0.258900 ms CreateObjectMapping: 0.025400 ms MarkObjects: 5.697500 ms  DeleteObjects: 0.009600 ms)

Prepare: number of updated asset objects reloaded= 0
========================================================================
Received Import Request.
  Time of request: 2026-09-30T06:25:01.2022215Z
  Time since last request: 37180.3332201000012 seconds.
  importAddress: GUID: c4afab60a6e945e59c11d0679548d9f7 - Path: Assets/Twinsanity/Scripts/BeachLevelRuntime.cs - Importer: PreviewImporter
Importing 'GUID: c4afab60a6e945e59c11d0679548d9f7 - Path: Assets/Twinsanity/Scripts/BeachLevelRuntime.cs - Importer: PreviewImporter' with importer (PreviewImporter)
Imported 'GUID: c4afab60a6e945e59c11d0679548d9f7' -> (Import Result ID: 'da784e43255e9525582ae276716850f6') in 0.013 seconds [static and dynamic dependencies]. Details - ImportResultOutputID=71ae931f144a71098705d8d64cab5231 DependenciesID=bdf05dc93e9ad9e19d6d5a6b09603417 StaticDependenciesID=a06af09206fa10b9668d07a81e46cd06 
Number of updated asset objects reloaded before import = 0
Number of asset objects unloaded after import = 0
========================================================================
Received Import Request.
  Time of request: 2026-09-30T06:25:01.6359087Z
  Time since last request: 0.4160359 seconds.
  importAddress: GUID: 21b89fb15f476ea47b0cef3826da536d - Path: Assets/Twinsanity/Baked/Beach/Material_18 2.mat - Importer: ScriptedImporter/UnityEditor.QuickSearchModule:UnityEditor.Search:ASIAI0B
Importing 'GUID: 21b89fb15f476ea47b0cef3826da536d - Path: Assets/Twinsanity/Baked/Beach/Material_18 2.mat - Importer: ScriptedImporter/UnityEditor.QuickSearchModule:UnityEditor.Search:ASIAI0B' with importer (ScriptedImporter : UnityEditor.QuickSearchModule:UnityEditor.Search:ASIAI0B)
Imported 'GUID: 21b89fb15f476ea47b0cef3826da536d' -> (Import Result ID: '1cca97878c8d5688c3368ec4a038025d') in 0.162 seconds [static and dynamic dependencies]. Details - ImportResultOutputID=28b6f03c5f143efab8f165b2e6e69592 DependenciesID=626384c7ff68c23d4db37b52faa91ed4 StaticDependenciesID=db4bdb9b81ce8d077b4d5e1369008a3d 
Number of updated asset objects reloaded before import = 0
Number of asset objects unloaded after import = 2
========================================================================
Received Import Request.
  Time of request: 2026-09-30T06:25:01.7993903Z
  Time since last request: 0.0006833 seconds.
  importAddress: GUID: 1ac2906f9bbec694da2504ba3706a014 - Path: Assets/Twinsanity/Baked/Beach/Beach_Scenery_Mesh_46 2.asset - Importer: ScriptedImporter/UnityEditor.QuickSearchModule:UnityEditor.Search:ASIAI0B
Importing 'GUID: 1ac2906f9bbec694da2504ba3706a014 - Path: Assets/Twinsanity/Baked/Beach/Beach_Scenery_Mesh_46 2.asset - Importer: ScriptedImporter/UnityEditor.QuickSearchModule:UnityEditor.Search:ASIAI0B' with importer (ScriptedImporter : UnityEditor.QuickSearchModule:UnityEditor.Search:ASIAI0B)
Imported 'GUID: 1ac2906f9bbec694da2504ba3706a014' -> (Import Result ID: '992f2ea467ec896fabc3684be1d6fb0d') in 0.023 seconds [static and dynamic dependencies]. Details - ImportResultOutputID=d2b1c4814f07036add6f1f725b3de873 DependenciesID=a7b8fa4296f3bf46fd0311f358a06b01 StaticDependenciesID=166da0210261ecb3e0a7bcfaf62b7e58 
Number of updated asset objects reloaded before import = 0
Number of asset objects unloaded after import = 1
========================================================================
Received Import Request.
  Time of request: 2026-09-30T06:25:01.8233656Z
  Time since last request: 0.000858 seconds.
  importAddress: GUID: 9eac365edd11ef648a75cf78137ef6a5 - Path: Assets/Twinsanity/Baked/Beach/Material_1 2.mat - Importer: ScriptedImporter/UnityEditor.QuickSearchModule:UnityEditor.Search:ASIAI0B
Importing 'GUID: 9eac365edd11ef648a75cf78137ef6a5 - Path: Assets/Twinsanity/Baked/Beach/Material_1 2.mat - Importer: ScriptedImporter/UnityEditor.QuickSearchModule:UnityEditor.Search:ASIAI0B' with importer (ScriptedImporter : UnityEditor.QuickSearchModule:UnityEditor.Search:ASIAI0B)
Imported 'GUID: 9eac365edd11ef648a75cf78137ef6a5' -> (Import Result ID: '05459940e3e1459eea39eca175b7dafd') in 0.009 seconds [static and dynamic dependencies]. Details - ImportResultOutputID=f688e1796abcf23cb1cf040c9a807c49 DependenciesID=43636256c56b3436fdbe8b267823074f StaticDependenciesID=8338154f85622b11d557072ae637baa6 
Number of updated asset objects reloaded before import = 0
Number of asset objects unloaded after import = 2
========================================================================
Received Import Request.
  Time of request: 2026-09-30T06:25:01.833655Z
  Time since last request: 0.0010924 seconds.
  importAddress: GUID: 6420ef07ec6aa5845bd4afaf70a3c1f9 - Path: Assets/Twinsanity/Baked/Beach/Beach_Scenery_Mesh_32 2.asset - Importer: ScriptedImporter/UnityEditor.QuickSearchModule:UnityEditor.Search:ASIAI0B
Importing 'GUID: 6420ef07ec6aa5845bd4afaf70a3c1f9 - Path: Assets/Twinsanity/Baked/Beach/Beach_Scenery_Mesh_32 2.asset - Importer: ScriptedImporter/UnityEditor.QuickSearchModule:UnityEditor.Search:ASIAI0B' with importer (ScriptedImporter : UnityEditor.QuickSearchModule:UnityEditor.Search:ASIAI0B)
Imported 'GUID: 6420ef07ec6aa5845bd4afaf70a3c1f9' -> (Import Result ID: '16848ef99fb464ddfdaf736faf58616d') in 0.007 seconds [static and dynamic dependencies]. Details - ImportResultOutputID=41266adcf81db0bae0701b887c2f6690 DependenciesID=6bdba47ecdd4c8927ccf8ee9a3587146 StaticDependenciesID=b8cd69cdd432e7dd94ede8d1664813e5 
Number of updated asset objects reloaded before import = 0
Number of asset objects unloaded after import = 1
========================================================================
Received Import Request.
  Time of request: 2026-09-30T06:25:01.8422016Z
  Time since last request: 0.0005843 seconds.
  importAddress: GUID: 47733a9de5a1f244f8fa01e89f7192a9 - Path: Assets/Twinsanity/Baked/Beach/Beach_Scenery_Mesh_31 2.asset - Importer: ScriptedImporter/UnityEditor.QuickSearchModule:UnityEditor.Search:ASIAI0B
Importing 'GUID: 47733a9de5a1f244f8fa01e89f7192a9 - Path: Assets/Twinsanity/Baked/Beach/Beach_Scenery_Mesh_31 2.asset - Importer: ScriptedImporter/UnityEditor.QuickSearchModule:UnityEditor.Search:ASIAI0B' with importer (ScriptedImporter : UnityEditor.QuickSearchModule:UnityEditor.Search:ASIAI0B)
Imported 'GUID: 47733a9de5a1f244f8fa01e89f7192a9' -> (Import Result ID: '3c8e2fb3074ea2dbff20988f955db52a') in 0.008 seconds [static and dynamic dependencies]. Details - ImportResultOutputID=e91c5109c32e7421be3832aebadbac27 DependenciesID=4a8d81111f88057c6e3d2478a6bcb2c3 StaticDependenciesID=4d832231e9a6880984e6c6fe5962946e 
Number of updated asset objects reloaded before import = 0
Number of asset objects unloaded after import = 1
========================================================================
Received Import Request.
  Time of request: 2026-09-30T06:25:01.851741Z
  Time since last request: 0.0005887 seconds.
  importAddress: GUID: ab2ecf92c573d024993998a56bc60b18 - Path: Assets/Twinsanity/Baked/Beach/Material_43 2.mat - Importer: ScriptedImporter/UnityEditor.QuickSearchModule:UnityEditor.Search:ASIAI0B
Importing 'GUID: ab2ecf92c573d024993998a56bc60b18 - Path: Assets/Twinsanity/Baked/Beach/Material_43 2.mat - Importer: ScriptedImporter/UnityEditor.QuickSearchModule:UnityEditor.Search:ASIAI0B' with importer (ScriptedImporter : UnityEditor.QuickSearchModule:UnityEditor.Search:ASIAI0B)
Imported 'GUID: ab2ecf92c573d024993998a56bc60b18' -> (Import Result ID: 'c0bb1d1b2f933e76d41020422f7ac9c2') in 0.012 seconds [static and dynamic dependencies]. Details - ImportResultOutputID=dcfb00be1560ea94ae8c5bb2f5df025d DependenciesID=0fd4eb06de790d67e33cac00c249c54a StaticDependenciesID=19d603db7fb2fe4a97a672c4b653fc2f 
Number of updated asset objects reloaded before import = 0
Number of asset objects unloaded after import = 2
========================================================================
Received Import Request.
  Time of request: 2026-09-30T06:25:01.8647218Z
  Time since last request: 0.0008151 seconds.
  importAddress: GUID: e241db67a8985bc458b12aaafe64b229 - Path: Assets/Twinsanity/Baked/Beach/Beach_Scenery_Mesh_40 2.asset - Importer: ScriptedImporter/UnityEditor.QuickSearchModule:UnityEditor.Search:ASIAI0B
Importing 'GUID: e241db67a8985bc458b12aaafe64b229 - Path: Assets/Twinsanity/Baked/Beach/Beach_Scenery_Mesh_40 2.asset - Importer: ScriptedImporter/UnityEditor.QuickSearchModule:UnityEditor.Search:ASIAI0B' with importer (ScriptedImporter : UnityEditor.QuickSearchModule:UnityEditor.Search:ASIAI0B)
Imported 'GUID: e241db67a8985bc458b12aaafe64b229' -> (Import Result ID: '35a7a36e2456297ab665c817b396f228') in 0.011 seconds [static and dynamic dependencies]. Details - ImportResultOutputID=4438f019ee16fef9c92011c9e9e1d363 DependenciesID=e59bbee59e3fd1be144da78e6d86f300 StaticDependenciesID=dbda9f5503f907c06c48f53122a1a5d5 
Number of updated asset objects reloaded before import = 0
Number of asset objects unloaded after import = 1
========================================================================
Received Import Request.
  Time of request: 2026-09-30T06:25:01.8788996Z
  Time since last request: 0.0000487 seconds.
  importAddress: GUID: b94e4765f7647fa408dd6d2350b447fb - Path: Assets/Twinsanity/Baked/Beach/Beach_Scenery_Mesh_15 2.asset - Importer: ScriptedImporter/UnityEditor.QuickSearchModule:UnityEditor.Search:ASIAI0B
Importing 'GUID: b94e4765f7647fa408dd6d2350b447fb - Path: Assets/Twinsanity/Baked/Beach/Beach_Scenery_Mesh_15 2.asset - Importer: ScriptedImporter/UnityEditor.QuickSearchModule:UnityEditor.Search:ASIAI0B' with importer (ScriptedImporter : UnityEditor.QuickSearchModule:UnityEditor.Search:ASIAI0B)
Imported 'GUID: b94e4765f7647fa408dd6d2350b447fb' -> (Import Result ID: 'a75e09291655445592e2ceb21625f38e') in 0.012 seconds [static and dynamic dependencies]. Details - ImportResultOutputID=1cca59b41a30bae4ac614e01fd5f9225 DependenciesID=5cec847c486f472d2827fb89ef952f05 StaticDependenciesID=fcd1e02c90c6d227a75aff6a1022b67c 
Number of updated asset objects reloaded before import = 0
Number of asset objects unloaded after import = 1
========================================================================
Received Import Request.
  Time of request: 2026-09-30T06:25:01.8958051Z
  Time since last request: 0.0007786 seconds.
  importAddress: GUID: 06e83dc2d7c4bf948ac1a161643d3134 - Path: Assets/Twinsanity/Baked/Beach/Material_14 2.mat - Importer: ScriptedImporter/UnityEditor.QuickSearchModule:UnityEditor.Search:ASIAI0B
Importing 'GUID: 06e83dc2d7c4bf948ac1a161643d3134 - Path: Assets/Twinsanity/Baked/Beach/Material_14 2.mat - Importer: ScriptedImporter/UnityEditor.QuickSearchModule:UnityEditor.Search:ASIAI0B' with importer (ScriptedImporter : UnityEditor.QuickSearchModule:UnityEditor.Search:ASIAI0B)
Imported 'GUID: 06e83dc2d7c4bf948ac1a161643d3134' -> (Import Result ID: '128ed68e7e013b78a6dbad239c87b380') in 0.008 seconds [static and dynamic dependencies]. Details - ImportResultOutputID=16ee270228937232c6912430713fe2e4 DependenciesID=39085ba56690a2c22ba8f4521b30c1ae StaticDependenciesID=bdc84a6bc3c9e0f341b82d3b25e07207 
Number of updated asset objects reloaded before import = 0
Number of asset objects unloaded after import = 2
========================================================================
Received Import Request.
  Time of request: 2026-09-30T06:25:01.9053382Z
  Time since last request: 0.0008608 seconds.
  importAddress: GUID: 018a4fa70049c4a4da46fdf8250f52df - Path: Assets/Twinsanity/Baked/Beach/Beach_Scenery_Mesh_22 2.asset - Importer: ScriptedImporter/UnityEditor.QuickSearchModule:UnityEditor.Search:ASIAI0B
Importing 'GUID: 018a4fa70049c4a4da46fdf8250f52df - Path: Assets/Twinsanity/Baked/Beach/Beach_Scenery_Mesh_22 2.asset - Importer: ScriptedImporter/UnityEditor.QuickSearchModule:UnityEditor.Search:ASIAI0B' with importer (ScriptedImporter : UnityEditor.QuickSearchModule:UnityEditor.Search:ASIAI0B)
Imported 'GUID: 018a4fa70049c4a4da46fdf8250f52df' -> (Import Result ID: 'eeafeedadb66b59034a6a3bfb5c9c5e3') in 0.009 seconds [static and dynamic dependencies]. Details - ImportResultOutputID=751484d591256edf356bce806e064cb7 DependenciesID=0bd292dc99e38e410698183c2347fad0 StaticDependenciesID=77212d0f33abac54285ebbf72e83db10 
Number of updated asset objects reloaded before import = 0
Number of asset objects unloaded after import = 1
========================================================================
Received Import Request.
  Time of request: 2026-09-30T06:25:01.9156129Z
  Time since last request: 0.0005529 seconds.
  importAddress: GUID: 1542877b2915b8f4380a34948a95bd61 - Path: Assets/Twinsanity/Baked/Beach/Beach_Scenery_Mesh_20 2.asset - Importer: ScriptedImporter/UnityEditor.QuickSearchModule:UnityEditor.Search:ASIAI0B
Importing 'GUID: 1542877b2915b8f4380a34948a95bd61 - Path: Assets/Twinsanity/Baked/Beach/Beach_Scenery_Mesh_20 2.asset - Importer: ScriptedImporter/UnityEditor.QuickSearchModule:UnityEditor.Search:ASIAI0B' with importer (ScriptedImporter : UnityEditor.QuickSearchModule:UnityEditor.Search:ASIAI0B)
Imported 'GUID: 1542877b2915b8f4380a34948a95bd61' -> (Import Result ID: '18a8b75aa975071576dfec3e3e510536') in 0.011 seconds [static and dynamic dependencies]. Details - ImportResultOutputID=e9cd751408a6d2913b9426ee0447bec8 DependenciesID=cce478e4de1ea37b55d18752807ff9be StaticDependenciesID=de8f8349dbd162e596b7a60d5a04ab05 
Number of updated asset objects reloaded before import = 0
Number of asset objects unloaded after import = 1
========================================================================
Received Import Request.
  Time of request: 2026-09-30T06:25:01.9281454Z
  Time since last request: 0.0006185 seconds.
  importAddress: GUID: fd23e6f4e1504364aaefc89ced307f2e - Path: Assets/Twinsanity/Baked/Beach/Beach_Scenery_Mesh_33 2.asset - Importer: ScriptedImporter/UnityEditor.QuickSearchModule:UnityEditor.Search:ASIAI0B
Importing 'GUID: fd23e6f4e1504364aaefc89ced307f2e - Path: Assets/Twinsanity/Baked/Beach/Beach_Scenery_Mesh_33 2.asset - Importer: ScriptedImporter/UnityEditor.QuickSearchModule:UnityEditor.Search:ASIAI0B' with importer (ScriptedImporter : UnityEditor.QuickSearchModule:UnityEditor.Search:ASIAI0B)
Imported 'GUID: fd23e6f4e1504364aaefc89ced307f2e' -> (Import Result ID: '905564e3b260bd1893397cdcd52399fb') in 0.013 seconds [static and dynamic dependencies]. Details - ImportResultOutputID=683448fd91f2465d7865aa9766c95986 DependenciesID=32a0046ace92618c1cb8608d69bf1865 StaticDependenciesID=2f313951d0795d983077c9f7c74c3bd0 
Number of updated asset objects reloaded before import = 0
Number of asset objects unloaded after import = 1
========================================================================
Received Import Request.
  Time of request: 2026-09-30T06:25:01.9442587Z
  Time since last request: 0.0019978 seconds.
  importAddress: GUID: 25d7ed5593a951b4da95b8adfa1ae157 - Path: Assets/Twinsanity/Baked/Beach/Beach_Scenery_Mesh_13 2.asset - Importer: ScriptedImporter/UnityEditor.QuickSearchModule:UnityEditor.Search:ASIAI0B
Importing 'GUID: 25d7ed5593a951b4da95b8adfa1ae157 - Path: Assets/Twinsanity/Baked/Beach/Beach_Scenery_Mesh_13 2.asset - Importer: ScriptedImporter/UnityEditor.QuickSearchModule:UnityEditor.Search:ASIAI0B' with importer (ScriptedImporter : UnityEditor.QuickSearchModule:UnityEditor.Search:ASIAI0B)
Imported 'GUID: 25d7ed5593a951b4da95b8adfa1ae157' -> (Import Result ID: '908a0da77638a0ac70c9700c0162ae03') in 0.007 seconds [static and dynamic dependencies]. Details - ImportResultOutputID=fc85e9f5668635a83fe8527c5c2b2ab1 DependenciesID=8db850a585f557673bfe791a5865b32e StaticDependenciesID=60f97df134d245108885451e9ba61306 
Number of updated asset objects reloaded before import = 0
Number of asset objects unloaded after import = 1
========================================================================
Received Import Request.
  Time of request: 2026-09-30T06:25:01.952642Z
  Time since last request: 0.0005732 seconds.
  importAddress: GUID: 6f970da3ea6f46b4e931f0a3b6e20dfb - Path: Assets/Twinsanity/Baked/Beach/Beach_Scenery_Mesh_54 2.asset - Importer: ScriptedImporter/UnityEditor.QuickSearchModule:UnityEditor.Search:ASIAI0B
Importing 'GUID: 6f970da3ea6f46b4e931f0a3b6e20dfb - Path: Assets/Twinsanity/Baked/Beach/Beach_Scenery_Mesh_54 2.asset - Importer: ScriptedImporter/UnityEditor.QuickSearchModule:UnityEditor.Search:ASIAI0B' with importer (ScriptedImporter : UnityEditor.QuickSearchModule:UnityEditor.Search:ASIAI0B)
Imported 'GUID: 6f970da3ea6f46b4e931f0a3b6e20dfb' -> (Import Result ID: '3cd8bf3f408e61e29ab700049f1adbaf') in 0.006 seconds [static and dynamic dependencies]. Details - ImportResultOutputID=fc3acfe6f86005ff0d4dec4d78193ad0 DependenciesID=8161330c7bcc1d94808ef13683a1bb15 StaticDependenciesID=603c9b8ab9d0d5e99ba7bf2333c9b793 
Number of updated asset objects reloaded before import = 0
Number of asset objects unloaded after import = 1
========================================================================
Received Import Request.
  Time of request: 2026-09-30T06:25:01.9599314Z
  Time since last request: 0.000674 seconds.
  importAddress: GUID: 465960759efb056489207aa27c43b2a8 - Path: Assets/Twinsanity/Baked/Beach/Material_39 2.mat - Importer: ScriptedImporter/UnityEditor.QuickSearchModule:UnityEditor.Search:ASIAI0B
Importing 'GUID: 465960759efb056489207aa27c43b2a8 - Path: Assets/Twinsanity/Baked/Beach/Material_39 2.mat - Importer: ScriptedImporter/UnityEditor.QuickSearchModule:UnityEditor.Search:ASIAI0B' with importer (ScriptedImporter : UnityEditor.QuickSearchModule:UnityEditor.Search:ASIAI0B)
Imported 'GUID: 465960759efb056489207aa27c43b2a8' -> (Import Result ID: '3e966321d9d615857612a997c6c316f9') in 0.006 seconds [static and dynamic dependencies]. Details - ImportResultOutputID=78431318adca579529e1cbc40d4cd092 DependenciesID=14f92ce2fa12e4e63528380017bc71e9 StaticDependenciesID=5b577633fdfec2a23eef8ced860dfe4a 
Number of updated asset objects reloaded before import = 0
Number of asset objects unloaded after import = 2
========================================================================
Received Import Request.
  Time of request: 2026-09-30T06:25:01.9674921Z
  Time since last request: 0.0005672 seconds.
  importAddress: GUID: 45f13d42a6f74b0891421d223d83714d - Path: Assets/Twinsanity/Editor/ConfigureBeachScenes.cs - Importer: ScriptedImporter/UnityEditor.QuickSearchModule:UnityEditor.Search:ASIAI0B
Importing 'GUID: 45f13d42a6f74b0891421d223d83714d - Path: Assets/Twinsanity/Editor/ConfigureBeachScenes.cs - Importer: ScriptedImporter/UnityEditor.QuickSearchModule:UnityEditor.Search:ASIAI0B' with importer (ScriptedImporter : UnityEditor.QuickSearchModule:UnityEditor.Search:ASIAI0B)
Imported 'GUID: 45f13d42a6f74b0891421d223d83714d' -> (Import Result ID: '73cfaebdca34e629f8595faaad1a8dbb') in 0.022 seconds [static and dynamic dependencies]. Details - ImportResultOutputID=a1efe877c2f96c2d4c1db17512ca34c3 DependenciesID=635921ce55447c4e161b3d45fa08eb56 StaticDependenciesID=1367443f9d8da2ba5fd5e5b0de917737 
Number of updated asset objects reloaded before import = 0
Number of asset objects unloaded after import = 0
========================================================================
Received Import Request.
  Time of request: 2026-09-30T06:25:01.9909301Z
  Time since last request: 0.00033 seconds.
  importAddress: GUID: 7167e9f0ff29832428f3cd73d36a0cd5 - Path: Assets/Twinsanity/Baked/Beach/Beach_Scenery_Mesh_0 2.asset - Importer: ScriptedImporter/UnityEditor.QuickSearchModule:UnityEditor.Search:ASIAI0B
Importing 'GUID: 7167e9f0ff29832428f3cd73d36a0cd5 - Path: Assets/Twinsanity/Baked/Beach/Beach_Scenery_Mesh_0 2.asset - Importer: ScriptedImporter/UnityEditor.QuickSearchModule:UnityEditor.Search:ASIAI0B' with importer (ScriptedImporter : UnityEditor.QuickSearchModule:UnityEditor.Search:ASIAI0B)
Imported 'GUID: 7167e9f0ff29832428f3cd73d36a0cd5' -> (Import Result ID: '974ee6f0994c3726a6f7fd9becd688db') in 0.007 seconds [static and dynamic dependencies]. Details - ImportResultOutputID=a15a36d1b0c69baacbda7ffe22d41fab DependenciesID=86fff8fb81e83945b8c7a10985dda252 StaticDependenciesID=d7de5ae9e4b7a920bd720c34085df256 
Number of updated asset objects reloaded before import = 0
Number of asset objects unloaded after import = 1
========================================================================
Received Import Request.
  Time of request: 2026-09-30T06:25:02.0009233Z
  Time since last request: 0.0008277 seconds.
  importAddress: GUID: d26032dc20ac3b346ac7d9a1f5eaf832 - Path: Assets/Twinsanity/Baked/Beach/Beach_Scenery_Mesh_17 2.asset - Importer: ScriptedImporter/UnityEditor.QuickSearchModule:UnityEditor.Search:ASIAI0B
Importing 'GUID: d26032dc20ac3b346ac7d9a1f5eaf832 - Path: Assets/Twinsanity/Baked/Beach/Beach_Scenery_Mesh_17 2.asset - Importer: ScriptedImporter/UnityEditor.QuickSearchModule:UnityEditor.Search:ASIAI0B' with importer (ScriptedImporter : UnityEditor.QuickSearchModule:UnityEditor.Search:ASIAI0B)
Imported 'GUID: d26032dc20ac3b346ac7d9a1f5eaf832' -> (Import Result ID: 'aaaf7bcf3d7d230e1b95c3cbd14a1f54') in 0.007 seconds [static and dynamic dependencies]. Details - ImportResultOutputID=556f2fd4c808b9cbf7379ae7eaa781bf DependenciesID=226acf79f51558abb164df3c42129979 StaticDependenciesID=7d42c30801a58cdee602db2c2cb088b8 
Number of updated asset objects reloaded before import = 0
Number of asset objects unloaded after import = 1
========================================================================
Received Import Request.
  Time of request: 2026-09-30T06:25:02.009194Z
  Time since last request: 0.0005872 seconds.
  importAddress: GUID: 6e58311e1607c4c4cb8caaf2b5d5a18b - Path: Assets/Twinsanity/Baked/Beach/Material_8 2.mat - Importer: ScriptedImporter/UnityEditor.QuickSearchModule:UnityEditor.Search:ASIAI0B
Importing 'GUID: 6e58311e1607c4c4cb8caaf2b5d5a18b - Path: Assets/Twinsanity/Baked/Beach/Material_8 2.mat - Importer: ScriptedImporter/UnityEditor.QuickSearchModule:UnityEditor.Search:ASIAI0B' with importer (ScriptedImporter : UnityEditor.QuickSearchModule:UnityEditor.Search:ASIAI0B)
Imported 'GUID: 6e58311e1607c4c4cb8caaf2b5d5a18b' -> (Import Result ID: '02ef356e01b0142d4cfd451c5ea62ec5') in 0.006 seconds [static and dynamic dependencies]. Details - ImportResultOutputID=b25542e7d47892d8dd6443e85ff28b25 DependenciesID=9c9325e5475cc57f81a64fdf48b85561 StaticDependenciesID=5bd2295d6a936df4bb9e04b3fc20f5c7 
Number of updated asset objects reloaded before import = 0
Number of asset objects unloaded after import = 2
========================================================================
Received Import Request.
  Time of request: 2026-09-30T06:25:02.0161914Z
  Time since last request: 0.0005716 seconds.
  importAddress: GUID: bad6c9605c563d045b9c7866b68750d3 - Path: Assets/Twinsanity/Baked/Beach/Material_6 2.mat - Importer: ScriptedImporter/UnityEditor.QuickSearchModule:UnityEditor.Search:ASIAI0B
Importing 'GUID: bad6c9605c563d045b9c7866b68750d3 - Path: Assets/Twinsanity/Baked/Beach/Material_6 2.mat - Importer: ScriptedImporter/UnityEditor.QuickSearchModule:UnityEditor.Search:ASIAI0B' with importer (ScriptedImporter : UnityEditor.QuickSearchModule:UnityEditor.Search:ASIAI0B)
Imported 'GUID: bad6c9605c563d045b9c7866b68750d3' -> (Import Result ID: 'fe4145cd4388ec3bc68e8a951bad9991') in 0.006 seconds [static and dynamic dependencies]. Details - ImportResultOutputID=1cc5d840b0b07176409a337ae6feec02 DependenciesID=3602307e924b51cb9a65a99037de88b0 StaticDependenciesID=9ea50541a4996d95dc3a03165bcc84d3 
Number of updated asset objects reloaded before import = 0
Number of asset objects unloaded after import = 2
========================================================================
Received Import Request.
  Time of request: 2026-09-30T06:25:02.022889Z
  Time since last request: 0.0004221 seconds.
  importAddress: GUID: e1f8484afe1fb7146af4f83f1f876ea2 - Path: Assets/Twinsanity/Baked/Beach/Beach_Scenery_Mesh_11 2.asset - Importer: ScriptedImporter/UnityEditor.QuickSearchModule:UnityEditor.Search:ASIAI0B
Importing 'GUID: e1f8484afe1fb7146af4f83f1f876ea2 - Path: Assets/Twinsanity/Baked/Beach/Beach_Scenery_Mesh_11 2.asset - Importer: ScriptedImporter/UnityEditor.QuickSearchModule:UnityEditor.Search:ASIAI0B' with importer (ScriptedImporter : UnityEditor.QuickSearchModule:UnityEditor.Search:ASIAI0B)
Imported 'GUID: e1f8484afe1fb7146af4f83f1f876ea2' -> (Import Result ID: '3708d01d7db84edc04c3ef7af76fc2e7') in 0.006 seconds [static and dynamic dependencies]. Details - ImportResultOutputID=70e7089a05737e815feccffb336b961d DependenciesID=d81df0a75d32fbaf12a90579e2aaf725 StaticDependenciesID=f09958d4bc69ac2cca0e35d7415a74ae 
Number of updated asset objects reloaded before import = 0
Number of asset objects unloaded after import = 1
========================================================================
Received Import Request.
  Time of request: 2026-09-30T06:25:02.02961Z
  Time since last request: 0.0006184 seconds.
  importAddress: GUID: 6f099a7710e2f2a4e85b27bbf57a3b62 - Path: Assets/Twinsanity/Baked/Beach/Beach_Scenery_Mesh_16 2.asset - Importer: ScriptedImporter/UnityEditor.QuickSearchModule:UnityEditor.Search:ASIAI0B
Importing 'GUID: 6f099a7710e2f2a4e85b27bbf57a3b62 - Path: Assets/Twinsanity/Baked/Beach/Beach_Scenery_Mesh_16 2.asset - Importer: ScriptedImporter/UnityEditor.QuickSearchModule:UnityEditor.Search:ASIAI0B' with importer (ScriptedImporter : UnityEditor.QuickSearchModule:UnityEditor.Search:ASIAI0B)
Imported 'GUID: 6f099a7710e2f2a4e85b27bbf57a3b62' -> (Import Result ID: '3810e6676093e88013d63d148386afd1') in 0.006 seconds [static and dynamic dependencies]. Details - ImportResultOutputID=1594cfab3c83e535a357b5adc2ca3822 DependenciesID=82a077a5703d82823a9658523f8e40f9 StaticDependenciesID=9dda6568fb9b30c0033624afbbeb8e7c 
Number of updated asset objects reloaded before import = 0
Number of asset objects unloaded after import = 1
========================================================================
Received Import Request.
  Time of request: 2026-09-30T06:25:02.036312Z
  Time since last request: 0.0005688 seconds.
  importAddress: GUID: de7ba59fd53a4a24b84c982b7d717ad5 - Path: Assets/Twinsanity/Baked/Beach/Beach_Scenery_Mesh_30 2.asset - Importer: ScriptedImporter/UnityEditor.QuickSearchModule:UnityEditor.Search:ASIAI0B
Importing 'GUID: de7ba59fd53a4a24b84c982b7d717ad5 - Path: Assets/Twinsanity/Baked/Beach/Beach_Scenery_Mesh_30 2.asset - Importer: ScriptedImporter/UnityEditor.QuickSearchModule:UnityEditor.Search:ASIAI0B' with importer (ScriptedImporter : UnityEditor.QuickSearchModule:UnityEditor.Search:ASIAI0B)
Imported 'GUID: de7ba59fd53a4a24b84c982b7d717ad5' -> (Import Result ID: '01b3b7dfcb057788134cae7c0d161e36') in 0.006 seconds [static and dynamic dependencies]. Details - ImportResultOutputID=f7c096116eb872146e1a742c794c6326 DependenciesID=9a6981c720d349efadda5e8d83718936 StaticDependenciesID=73dce7d2712c89d1088fca01d71cba18 
Number of updated asset objects reloaded before import = 0
Number of asset objects unloaded after import = 1
========================================================================
Received Import Request.
  Time of request: 2026-09-30T06:25:02.0430473Z
  Time since last request: 0.0004575 seconds.
  importAddress: GUID: bb1347d24390eae4c803186ad71a30c3 - Path: Assets/Twinsanity/Baked/Beach/Beach_Scenery_Mesh_52 2.asset - Importer: ScriptedImporter/UnityEditor.QuickSearchModule:UnityEditor.Search:ASIAI0B
Importing 'GUID: bb1347d24390eae4c803186ad71a30c3 - Path: Assets/Twinsanity/Baked/Beach/Beach_Scenery_Mesh_52 2.asset - Importer: ScriptedImporter/UnityEditor.QuickSearchModule:UnityEditor.Search:ASIAI0B' with importer (ScriptedImporter : UnityEditor.QuickSearchModule:UnityEditor.Search:ASIAI0B)
Imported 'GUID: bb1347d24390eae4c803186ad71a30c3' -> (Import Result ID: 'a95e95a65854fec853c4bc8274351a4d') in 0.013 seconds [static and dynamic dependencies]. Details - ImportResultOutputID=de2dfe3fd2d033699aed8178e7001616 DependenciesID=432ef8ac63fbf9a84dc3377a2c1eb1f7 StaticDependenciesID=e5c952372867db28a7ca4a6ad2f5b2a6 
Number of updated asset objects reloaded before import = 0
Number of asset objects unloaded after import = 1
========================================================================
Received Import Request.
  Time of request: 2026-09-30T06:25:02.0574318Z
  Time since last request: 0.0006413 seconds.
  importAddress: GUID: efece5976b9f8b444803bc272138215e - Path: Assets/Twinsanity/Baked/Beach/Beach_Scenery_Mesh_56 2.asset - Importer: ScriptedImporter/UnityEditor.QuickSearchModule:UnityEditor.Search:ASIAI0B
Importing 'GUID: efece5976b9f8b444803bc272138215e - Path: Assets/Twinsanity/Baked/Beach/Beach_Scenery_Mesh_56 2.asset - Importer: ScriptedImporter/UnityEditor.QuickSearchModule:UnityEditor.Search:ASIAI0B' with importer (ScriptedImporter : UnityEditor.QuickSearchModule:UnityEditor.Search:ASIAI0B)
Imported 'GUID: efece5976b9f8b444803bc272138215e' -> (Import Result ID: '7577f0474b9c6fbede03ba6cb4f84b1f') in 0.006 seconds [static and dynamic dependencies]. Details - ImportResultOutputID=bcbb1c48237104a36196b8472f680ad6 DependenciesID=abde8dbb5c0302a632052f849abda7b5 StaticDependenciesID=ee2c4349ff516afae12dfb4f0e3a5842 
Number of updated asset objects reloaded before import = 0
Number of asset objects unloaded after import = 1
========================================================================
Received Import Request.
  Time of request: 2026-09-30T06:25:02.0640266Z
  Time since last request: 0.0004828 seconds.
  importAddress: GUID: 6c9cff764e61bbf458c727aeec183734 - Path: Assets/Twinsanity/Baked/Beach/Beach_Scenery_Mesh_37 2.asset - Importer: ScriptedImporter/UnityEditor.QuickSearchModule:UnityEditor.Search:ASIAI0B
Importing 'GUID: 6c9cff764e61bbf458c727aeec183734 - Path: Assets/Twinsanity/Baked/Beach/Beach_Scenery_Mesh_37 2.asset - Importer: ScriptedImporter/UnityEditor.QuickSearchModule:UnityEditor.Search:ASIAI0B' with importer (ScriptedImporter : UnityEditor.QuickSearchModule:UnityEditor.Search:ASIAI0B)
Imported 'GUID: 6c9cff764e61bbf458c727aeec183734' -> (Import Result ID: '6ed887d988bf4e320939a4071dde449b') in 0.006 seconds [static and dynamic dependencies]. Details - ImportResultOutputID=ed73f8eda31f96320f275c53c1f6f75a DependenciesID=c47e387cda0530d54f317b06cf1e4f5d StaticDependenciesID=1de6bdc329e8395b836fac4e2db6b84b 
Number of updated asset objects reloaded before import = 0
Number of asset objects unloaded after import = 1
========================================================================
Received Import Request.
  Time of request: 2026-09-30T06:25:02.0708742Z
  Time since last request: 0.0005312 seconds.
  importAddress: GUID: bef55a9e49cc47459a9d099ebf0ca2a3 - Path: Assets/Twinsanity/Scripts/CrashRigAnimator.cs - Importer: ScriptedImporter/UnityEditor.QuickSearchModule:UnityEditor.Search:ASIAI0B
Importing 'GUID: bef55a9e49cc47459a9d099ebf0ca2a3 - Path: Assets/Twinsanity/Scripts/CrashRigAnimator.cs - Importer: ScriptedImporter/UnityEditor.QuickSearchModule:UnityEditor.Search:ASIAI0B' with importer (ScriptedImporter : UnityEditor.QuickSearchModule:UnityEditor.Search:ASIAI0B)
Imported 'GUID: bef55a9e49cc47459a9d099ebf0ca2a3' -> (Import Result ID: '89154edd00fe02e4a9d107274625c4c2') in 0.005 seconds [static and dynamic dependencies]. Details - ImportResultOutputID=474f0db77578a23ae75d8e8567c2102f DependenciesID=26f0510ff63ed7d7c0100e7f4e5549a2 StaticDependenciesID=78316b2bc0a592fa5eb67afc6f51c1f8 
Number of updated asset objects reloaded before import = 0
Number of asset objects unloaded after import = 0
========================================================================
Received Import Request.
  Time of request: 2026-09-30T06:25:02.0769166Z
  Time since last request: 0.0006332 seconds.
  importAddress: GUID: ff94f0cbc27c1e24c9e5e391980f1c2d - Path: Assets/Twinsanity/Baked/Beach/Material_34 2.mat - Importer: ScriptedImporter/UnityEditor.QuickSearchModule:UnityEditor.Search:ASIAI0B
Importing 'GUID: ff94f0cbc27c1e24c9e5e391980f1c2d - Path: Assets/Twinsanity/Baked/Beach/Material_34 2.mat - Importer: ScriptedImporter/UnityEditor.QuickSearchModule:UnityEditor.Search:ASIAI0B' with importer (ScriptedImporter : UnityEditor.QuickSearchModule:UnityEditor.Search:ASIAI0B)
Imported 'GUID: ff94f0cbc27c1e24c9e5e391980f1c2d' -> (Import Result ID: 'ad42f2983cdaae3499e979b8abf324b6') in 0.006 seconds [static and dynamic dependencies]. Details - ImportResultOutputID=bd10f01e42705da6c4b20ff3eedac77f DependenciesID=c9c90dabdfcadad0790959ba2899c69a StaticDependenciesID=51d7207b00694457f0e032e5178274eb 
Number of updated asset objects reloaded before import = 0
Number of asset objects unloaded after import = 2
========================================================================
Received Import Request.
  Time of request: 2026-09-30T06:25:02.0837981Z
  Time since last request: 0.0006378 seconds.
  importAddress: GUID: 4f218c394c492434a8013664e5da0b33 - Path: Assets/Twinsanity/Baked/Beach/Beach_Scenery_Mesh_44 2.asset - Importer: ScriptedImporter/UnityEditor.QuickSearchModule:UnityEditor.Search:ASIAI0B
Importing 'GUID: 4f218c394c492434a8013664e5da0b33 - Path: Assets/Twinsanity/Baked/Beach/Beach_Scenery_Mesh_44 2.asset - Importer: ScriptedImporter/UnityEditor.QuickSearchModule:UnityEditor.Search:ASIAI0B' with importer (ScriptedImporter : UnityEditor.QuickSearchModule:UnityEditor.Search:ASIAI0B)
Imported 'GUID: 4f218c394c492434a8013664e5da0b33' -> (Import Result ID: 'e0d01c1a9ab0d9c1b47cac3b90b9fd5a') in 0.007 seconds [static and dynamic dependencies]. Details - ImportResultOutputID=cd67a3093be60438678ab5d2d3d3a4ba DependenciesID=3403bee392d925001bedc4870159cafa StaticDependenciesID=eb199e5761645e4c1179aa40495b6587 
Number of updated asset objects reloaded before import = 0
Number of asset objects unloaded after import = 1
========================================================================
Received Import Request.
  Time of request: 2026-09-30T06:25:02.0923805Z
  Time since last request: 0.0006463 seconds.
  importAddress: GUID: e147d0933e703384d81423e68076147e - Path: Assets/Twinsanity/Baked/Beach/Beach_Scenery_Mesh_25 2.asset - Importer: ScriptedImporter/UnityEditor.QuickSearchModule:UnityEditor.Search:ASIAI0B
Importing 'GUID: e147d0933e703384d81423e68076147e - Path: Assets/Twinsanity/Baked/Beach/Beach_Scenery_Mesh_25 2.asset - Importer: ScriptedImporter/UnityEditor.QuickSearchModule:UnityEditor.Search:ASIAI0B' with importer (ScriptedImporter : UnityEditor.QuickSearchModule:UnityEditor.Search:ASIAI0B)
Imported 'GUID: e147d0933e703384d81423e68076147e' -> (Import Result ID: 'ac2dcbea33e6f4858feeed94b376409b') in 0.008 seconds [static and dynamic dependencies]. Details - ImportResultOutputID=d83a1fc7201a43190ac10a6412fa28c4 DependenciesID=7b9a3e98bf024da64f8dcb4d9781a942 StaticDependenciesID=41dd10dea8df845ee1b6c6980e115b6b 
Number of updated asset objects reloaded before import = 0
Number of asset objects unloaded after import = 1
========================================================================
Received Import Request.
  Time of request: 2026-09-30T06:25:02.1017943Z
  Time since last request: 0.0007391 seconds.
  importAddress: GUID: a285d39c9ca1d7d4c83fa528f4999bf4 - Path: Assets/Twinsanity/Baked/Beach/Material_51 2.mat - Importer: ScriptedImporter/UnityEditor.QuickSearchModule:UnityEditor.Search:ASIAI0B
Importing 'GUID: a285d39c9ca1d7d4c83fa528f4999bf4 - Path: Assets/Twinsanity/Baked/Beach/Material_51 2.mat - Importer: ScriptedImporter/UnityEditor.QuickSearchModule:UnityEditor.Search:ASIAI0B' with importer (ScriptedImporter : UnityEditor.QuickSearchModule:UnityEditor.Search:ASIAI0B)
Imported 'GUID: a285d39c9ca1d7d4c83fa528f4999bf4' -> (Import Result ID: '7fe6cbc11b09c0654fe59938bf587abd') in 0.009 seconds [static and dynamic dependencies]. Details - ImportResultOutputID=277369495f959980f7a744cf9c17d638 DependenciesID=a2e5ee899d4c20bc502b5fd768558fcb StaticDependenciesID=ada0b272bce17f139be5499b9754b643 
Number of updated asset objects reloaded before import = 0
Number of asset objects unloaded after import = 2
========================================================================
Received Import Request.
  Time of request: 2026-09-30T06:25:02.1117419Z
  Time since last request: 0.0006554 seconds.
  importAddress: GUID: 8650f839ee8f64c47b1e5218baa10b06 - Path: Assets/Twinsanity/Baked/Beach/Beach_Scenery_Mesh_21 2.asset - Importer: ScriptedImporter/UnityEditor.QuickSearchModule:UnityEditor.Search:ASIAI0B
Importing 'GUID: 8650f839ee8f64c47b1e5218baa10b06 - Path: Assets/Twinsanity/Baked/Beach/Beach_Scenery_Mesh_21 2.asset - Importer: ScriptedImporter/UnityEditor.QuickSearchModule:UnityEditor.Search:ASIAI0B' with importer (ScriptedImporter : UnityEditor.QuickSearchModule:UnityEditor.Search:ASIAI0B)
Imported 'GUID: 8650f839ee8f64c47b1e5218baa10b06' -> (Import Result ID: 'a7a5d6b7d5bcedf3b4d0376614853b50') in 0.008 seconds [static and dynamic dependencies]. Details - ImportResultOutputID=63396b136dd476c437c82afbd7ded6e3 DependenciesID=70ea76a847e7e9848b0bc59d6ab8d509 StaticDependenciesID=7c7979afb1a35c3ca02e31d21a95818b 
Number of updated asset objects reloaded before import = 0
Number of asset objects unloaded after import = 1
========================================================================
Received Import Request.
  Time of request: 2026-09-30T06:25:02.1209906Z
  Time since last request: 0.0006658 seconds.
  importAddress: GUID: d1b4b3a23ec0b134bb3ed96fa5433e21 - Path: Assets/Twinsanity/Baked/Beach/Material_4 2.mat - Importer: ScriptedImporter/UnityEditor.QuickSearchModule:UnityEditor.Search:ASIAI0B
Importing 'GUID: d1b4b3a23ec0b134bb3ed96fa5433e21 - Path: Assets/Twinsanity/Baked/Beach/Material_4 2.mat - Importer: ScriptedImporter/UnityEditor.QuickSearchModule:UnityEditor.Search:ASIAI0B' with importer (ScriptedImporter : UnityEditor.QuickSearchModule:UnityEditor.Search:ASIAI0B)
Imported 'GUID: d1b4b3a23ec0b134bb3ed96fa5433e21' -> (Import Result ID: '8888430a379c8323f00c74a82a033072') in 0.007 seconds [static and dynamic dependencies]. Details - ImportResultOutputID=b8bb29e25a844ce9942398f491976fcb DependenciesID=0858b6faedc70a0a9160b6a89e210318 StaticDependenciesID=85a43caf388b475d3468ab70030b7820 
Number of updated asset objects reloaded before import = 0
Number of asset objects unloaded after import = 2
========================================================================
Received Import Request.
  Time of request: 2026-09-30T06:25:02.1291851Z
  Time since last request: 0.0005458 seconds.
  importAddress: GUID: b2acf22015ebc054183bc9cb7d9ec248 - Path: Assets/Twinsanity/Baked/Beach/Beach_Scenery_Mesh_27 2.asset - Importer: ScriptedImporter/UnityEditor.QuickSearchModule:UnityEditor.Search:ASIAI0B
Importing 'GUID: b2acf22015ebc054183bc9cb7d9ec248 - Path: Assets/Twinsanity/Baked/Beach/Beach_Scenery_Mesh_27 2.asset - Importer: ScriptedImporter/UnityEditor.QuickSearchModule:UnityEditor.Search:ASIAI0B' with importer (ScriptedImporter : UnityEditor.QuickSearchModule:UnityEditor.Search:ASIAI0B)
Imported 'GUID: b2acf22015ebc054183bc9cb7d9ec248' -> (Import Result ID: '097be9ae10127b5fab28ccca600e5180') in 0.005 seconds [static and dynamic dependencies]. Details - ImportResultOutputID=0a6200dc2ba864d1e0eb44b682310c8d DependenciesID=336bc0fe8609ccd1e844e7eadd711d4b StaticDependenciesID=59235d852b0d48b3353e2f79f9d8ab6b 
Number of updated asset objects reloaded before import = 0
Number of asset objects unloaded after import = 1
========================================================================
Received Import Request.
  Time of request: 2026-09-30T06:25:02.1348173Z
  Time since last request: 0.0005337 seconds.
  importAddress: GUID: cb58035f683f6d0468b0a9f90abe6c1d - Path: Assets/Twinsanity/Baked/Beach/Material_36 2.mat - Importer: ScriptedImporter/UnityEditor.QuickSearchModule:UnityEditor.Search:ASIAI0B
Importing 'GUID: cb58035f683f6d0468b0a9f90abe6c1d - Path: Assets/Twinsanity/Baked/Beach/Material_36 2.mat - Importer: ScriptedImporter/UnityEditor.QuickSearchModule:UnityEditor.Search:ASIAI0B' with importer (ScriptedImporter : UnityEditor.QuickSearchModule:UnityEditor.Search:ASIAI0B)
Imported 'GUID: cb58035f683f6d0468b0a9f90abe6c1d' -> (Import Result ID: 'fc839d9f4454ee3247e37f395d5555d1') in 0.006 seconds [static and dynamic dependencies]. Details - ImportResultOutputID=7cb3044f5937808039e672dab7d75166 DependenciesID=0d9becc1a0672cdea0fb949f921d4792 StaticDependenciesID=b4e179251a63cb6405b3245724295efc 
Number of updated asset objects reloaded before import = 0
Number of asset objects unloaded after import = 2
========================================================================
Received Import Request.
  Time of request: 2026-09-30T06:25:02.1419516Z
  Time since last request: 0.0006103 seconds.
  importAddress: GUID: f185f258b79af55428a7d37a81c1e0b3 - Path: Assets/Twinsanity/Baked/Beach/Material_29 2.mat - Importer: ScriptedImporter/UnityEditor.QuickSearchModule:UnityEditor.Search:ASIAI0B
Importing 'GUID: f185f258b79af55428a7d37a81c1e0b3 - Path: Assets/Twinsanity/Baked/Beach/Material_29 2.mat - Importer: ScriptedImporter/UnityEditor.QuickSearchModule:UnityEditor.Search:ASIAI0B' with importer (ScriptedImporter : UnityEditor.QuickSearchModule:UnityEditor.Search:ASIAI0B)
Imported 'GUID: f185f258b79af55428a7d37a81c1e0b3' -> (Import Result ID: '2e27dd28ac224fd0a8c6419130cb05b3') in 0.006 seconds [static and dynamic dependencies]. Details - ImportResultOutputID=67411c2b179b89ed3935df1292ab2959 DependenciesID=e9d75c13eb0cd47a70a2d39521bcc003 StaticDependenciesID=dac7833185de1da0b6c7eb9f7ff5dcdb 
Number of updated asset objects reloaded before import = 0
Number of asset objects unloaded after import = 2
========================================================================
Received Import Request.
  Time of request: 2026-09-30T06:25:02.1494699Z
  Time since last request: 0.0005567 seconds.
  importAddress: GUID: 52917fa785919434bafe8d67e354f484 - Path: Assets/Twinsanity/Baked/Beach/Beach_Scenery_Mesh_3 2.asset - Importer: ScriptedImporter/UnityEditor.QuickSearchModule:UnityEditor.Search:ASIAI0B
Importing 'GUID: 52917fa785919434bafe8d67e354f484 - Path: Assets/Twinsanity/Baked/Beach/Beach_Scenery_Mesh_3 2.asset - Importer: ScriptedImporter/UnityEditor.QuickSearchModule:UnityEditor.Search:ASIAI0B' with importer (ScriptedImporter : UnityEditor.QuickSearchModule:UnityEditor.Search:ASIAI0B)
Imported 'GUID: 52917fa785919434bafe8d67e354f484' -> (Import Result ID: '3f08e00bdad967095e8e1f3d4c013e81') in 0.008 seconds [static and dynamic dependencies]. Details - ImportResultOutputID=98620db15b7e744c18f5eaf14b47e1ae DependenciesID=7e0d712360d72c49b5f7b16ada51e5a3 StaticDependenciesID=53ba3e46cb45e4124b2b07d0b7ee55fd 
Number of updated asset objects reloaded before import = 0
Number of asset objects unloaded after import = 1
========================================================================
Received Import Request.
  Time of request: 2026-09-30T06:25:02.1587824Z
  Time since last request: 0.0007858 seconds.
  importAddress: GUID: 31d01602ffe494e49b6a4dc6d0768829 - Path: Assets/Twinsanity/Baked/Beach/Material_10 2.mat - Importer: ScriptedImporter/UnityEditor.QuickSearchModule:UnityEditor.Search:ASIAI0B
Importing 'GUID: 31d01602ffe494e49b6a4dc6d0768829 - Path: Assets/Twinsanity/Baked/Beach/Material_10 2.mat - Importer: ScriptedImporter/UnityEditor.QuickSearchModule:UnityEditor.Search:ASIAI0B' with importer (ScriptedImporter : UnityEditor.QuickSearchModule:UnityEditor.Search:ASIAI0B)
Imported 'GUID: 31d01602ffe494e49b6a4dc6d0768829' -> (Import Result ID: '1e055b1a0dd0ac9c22834cb1755e51eb') in 0.004 seconds [static and dynamic dependencies]. Details - ImportResultOutputID=4e58ea91fb689bcb36a7605ad0739efc DependenciesID=e6270cec1fee756c7bb6a523ff5381c0 StaticDependenciesID=5c3058203cf1ba07325e24fd5d29d630 
Number of updated asset objects reloaded before import = 0
Number of asset objects unloaded after import = 2
========================================================================
Received Import Request.
  Time of request: 2026-09-30T06:25:02.1638413Z
  Time since last request: 0.0004994 seconds.
  importAddress: GUID: c4afab60a6e945e59c11d0679548d9f7 - Path: Assets/Twinsanity/Scripts/BeachLevelRuntime.cs - Importer: ScriptedImporter/UnityEditor.QuickSearchModule:UnityEditor.Search:ASIAI0B
Importing 'GUID: c4afab60a6e945e59c11d0679548d9f7 - Path: Assets/Twinsanity/Scripts/BeachLevelRuntime.cs - Importer: ScriptedImporter/UnityEditor.QuickSearchModule:UnityEditor.Search:ASIAI0B' with importer (ScriptedImporter : UnityEditor.QuickSearchModule:UnityEditor.Search:ASIAI0B)
Imported 'GUID: c4afab60a6e945e59c11d0679548d9f7' -> (Import Result ID: '08b9905ff494b90ea0f543e524c5bd13') in 0.005 seconds [static and dynamic dependencies]. Details - ImportResultOutputID=c94904042f2ca7a0c7a9839700813746 DependenciesID=881eeb58c930ed864faa92d7996091a3 StaticDependenciesID=2be3e588c0614ce6f4b21186cb157ea5 
Number of updated asset objects reloaded before import = 0
Number of asset objects unloaded after import = 0
========================================================================
Received Import Request.
  Time of request: 2026-09-30T06:25:02.1698975Z
  Time since last request: 0.0009905 seconds.
  importAddress: GUID: ecad6ca84f08a734d96611b9f8dd0f5d - Path: Assets/Twinsanity/Baked/Beach/Beach_Scenery_Mesh_42 2.asset - Importer: ScriptedImporter/UnityEditor.QuickSearchModule:UnityEditor.Search:ASIAI0B
Importing 'GUID: ecad6ca84f08a734d96611b9f8dd0f5d - Path: Assets/Twinsanity/Baked/Beach/Beach_Scenery_Mesh_42 2.asset - Importer: ScriptedImporter/UnityEditor.QuickSearchModule:UnityEditor.Search:ASIAI0B' with importer (ScriptedImporter : UnityEditor.QuickSearchModule:UnityEditor.Search:ASIAI0B)
Imported 'GUID: ecad6ca84f08a734d96611b9f8dd0f5d' -> (Import Result ID: 'ee255270d1883cde0574bc09add2c1c8') in 0.009 seconds [static and dynamic dependencies]. Details - ImportResultOutputID=1e426bab1eed6a8876f2c6fc9619a5f8 DependenciesID=2a306bfc5b1422cf7dab0598d3cf11b2 StaticDependenciesID=c60865ec7d36665eed81d33d179a8fff 
Number of updated asset objects reloaded before import = 0
Number of asset objects unloaded after import = 1
========================================================================
Received Import Request.
  Time of request: 2026-09-30T06:25:02.1798754Z
  Time since last request: 0.0006719 seconds.
  importAddress: GUID: 13a7b873c7ad0ab41994b5411454a507 - Path: Assets/Twinsanity/Baked/Beach/Beach_Scenery_Mesh_35 2.asset - Importer: ScriptedImporter/UnityEditor.QuickSearchModule:UnityEditor.Search:ASIAI0B
Importing 'GUID: 13a7b873c7ad0ab41994b5411454a507 - Path: Assets/Twinsanity/Baked/Beach/Beach_Scenery_Mesh_35 2.asset - Importer: ScriptedImporter/UnityEditor.QuickSearchModule:UnityEditor.Search:ASIAI0B' with importer (ScriptedImporter : UnityEditor.QuickSearchModule:UnityEditor.Search:ASIAI0B)
Imported 'GUID: 13a7b873c7ad0ab41994b5411454a507' -> (Import Result ID: 'b5f8c98c54b34ead3e81697cef257f51') in 0.007 seconds [static and dynamic dependencies]. Details - ImportResultOutputID=3935676bf0425b4a5d0c9752579035c3 DependenciesID=39da5266a5784febfa9c0cdd56fdc55e StaticDependenciesID=d05fd382c773471e68a511e6b63ff60e 
Number of updated asset objects reloaded before import = 0
Number of asset objects unloaded after import = 1
========================================================================
Received Import Request.
  Time of request: 2026-09-30T06:25:02.1878937Z
  Time since last request: 0.0006674 seconds.
  importAddress: GUID: 3f0db995a7513e44c9c62d299e6d2215 - Path: Assets/Twinsanity/Editor/BakeEditableBeachScene.cs - Importer: ScriptedImporter/UnityEditor.QuickSearchModule:UnityEditor.Search:ASIAI0B
Importing 'GUID: 3f0db995a7513e44c9c62d299e6d2215 - Path: Assets/Twinsanity/Editor/BakeEditableBeachScene.cs - Importer: ScriptedImporter/UnityEditor.QuickSearchModule:UnityEditor.Search:ASIAI0B' with importer (ScriptedImporter : UnityEditor.QuickSearchModule:UnityEditor.Search:ASIAI0B)
Imported 'GUID: 3f0db995a7513e44c9c62d299e6d2215' -> (Import Result ID: '16ffe96e637f41107beb592f0f8b0c9b') in 0.003 seconds [static and dynamic dependencies]. Details - ImportResultOutputID=1d2d5a54eeca6d15a6929b1c6aa81f91 DependenciesID=6c30b3610ab9680e879f1b1262998a66 StaticDependenciesID=9df64694978316ed49f8668121d4fd03 
Number of updated asset objects reloaded before import = 0
Number of asset objects unloaded after import = 0
========================================================================
Received Import Request.
  Time of request: 2026-09-30T06:25:02.1919738Z
  Time since last request: 0.000654 seconds.
  importAddress: GUID: 25bcea9967814a749b895be3d665e828 - Path: Assets/Twinsanity/Baked/Beach/Beach_Scenery_Mesh_19 2.asset - Importer: ScriptedImporter/UnityEditor.QuickSearchModule:UnityEditor.Search:ASIAI0B
Importing 'GUID: 25bcea9967814a749b895be3d665e828 - Path: Assets/Twinsanity/Baked/Beach/Beach_Scenery_Mesh_19 2.asset - Importer: ScriptedImporter/UnityEditor.QuickSearchModule:UnityEditor.Search:ASIAI0B' with importer (ScriptedImporter : UnityEditor.QuickSearchModule:UnityEditor.Search:ASIAI0B)
Imported 'GUID: 25bcea9967814a749b895be3d665e828' -> (Import Result ID: '2488be6d5bd4685c10d5b4f5de973a8a') in 0.013 seconds [static and dynamic dependencies]. Details - ImportResultOutputID=088f39fad5f3300b9e80c219e8cbdcf6 DependenciesID=033353c8ca6c5ca6d8b095d25fe3b961 StaticDependenciesID=6e6ebb69dffa6687c2f71276d657dfd1 
Number of updated asset objects reloaded before import = 0
Number of asset objects unloaded after import = 1
========================================================================
Received Import Request.
  Time of request: 2026-09-30T06:25:02.2061059Z
  Time since last request: 0.0007274 seconds.
  importAddress: GUID: 21aaf81aefc79234981a831821dd48c2 - Path: Assets/Twinsanity/Baked/Beach/Beach_Scenery_Mesh_9 2.asset - Importer: ScriptedImporter/UnityEditor.QuickSearchModule:UnityEditor.Search:ASIAI0B
Importing 'GUID: 21aaf81aefc79234981a831821dd48c2 - Path: Assets/Twinsanity/Baked/Beach/Beach_Scenery_Mesh_9 2.asset - Importer: ScriptedImporter/UnityEditor.QuickSearchModule:UnityEditor.Search:ASIAI0B' with importer (ScriptedImporter : UnityEditor.QuickSearchModule:UnityEditor.Search:ASIAI0B)
Imported 'GUID: 21aaf81aefc79234981a831821dd48c2' -> (Import Result ID: '225c31c3eff6fe4f5f57e80bd3558a0d') in 0.007 seconds [static and dynamic dependencies]. Details - ImportResultOutputID=cc2aa03ebd4fb05e0f5ff217ad21c5b0 DependenciesID=a92392431b57f5c18743f19b2598c731 StaticDependenciesID=877cd808a6812f17781816821329673c 
Number of updated asset objects reloaded before import = 0
Number of asset objects unloaded after import = 1
========================================================================
Received Import Request.
  Time of request: 2026-09-30T06:25:02.2137967Z
  Time since last request: 0.0005187 seconds.
  importAddress: GUID: 4dda29a89172e434692fb1edc1a723fc - Path: Assets/Twinsanity/Baked/Beach/Beach_Scenery_Mesh_50 2.asset - Importer: ScriptedImporter/UnityEditor.QuickSearchModule:UnityEditor.Search:ASIAI0B
Importing 'GUID: 4dda29a89172e434692fb1edc1a723fc - Path: Assets/Twinsanity/Baked/Beach/Beach_Scenery_Mesh_50 2.asset - Importer: ScriptedImporter/UnityEditor.QuickSearchModule:UnityEditor.Search:ASIAI0B' with importer (ScriptedImporter : UnityEditor.QuickSearchModule:UnityEditor.Search:ASIAI0B)
Imported 'GUID: 4dda29a89172e434692fb1edc1a723fc' -> (Import Result ID: '94d96f9de8394ab0a0ad14b3a715e773') in 0.006 seconds [static and dynamic dependencies]. Details - ImportResultOutputID=d19965ce71e2c20919beb06a69b57282 DependenciesID=7d8f10da77bb27ebb97ca1ac1231b8ee StaticDependenciesID=96f8c0e4d7fb58e40745353fca923ee1 
Number of updated asset objects reloaded before import = 0
Number of asset objects unloaded after import = 1
========================================================================
Received Import Request.
  Time of request: 2026-09-30T06:25:02.2212576Z
  Time since last request: 0.0006219 seconds.
  importAddress: GUID: 764af3dac8653704eb8e5ab528ce5d5e - Path: Assets/Twinsanity/Baked/Beach/Material_53 2.mat - Importer: ScriptedImporter/UnityEditor.QuickSearchModule:UnityEditor.Search:ASIAI0B
Importing 'GUID: 764af3dac8653704eb8e5ab528ce5d5e - Path: Assets/Twinsanity/Baked/Beach/Material_53 2.mat - Importer: ScriptedImporter/UnityEditor.QuickSearchModule:UnityEditor.Search:ASIAI0B' with importer (ScriptedImporter : UnityEditor.QuickSearchModule:UnityEditor.Search:ASIAI0B)
Imported 'GUID: 764af3dac8653704eb8e5ab528ce5d5e' -> (Import Result ID: '33e802e4e3a617387c6a6fd689cbc6a5') in 0.006 seconds [static and dynamic dependencies]. Details - ImportResultOutputID=7b6a53c6edca7f6aa280b3a9652f8f8d DependenciesID=c776ad590f01aa8c19e6eaa17001f5a9 StaticDependenciesID=a4803232bf459ce8a8d1760b0742805a 
Number of updated asset objects reloaded before import = 0
Number of asset objects unloaded after import = 2
========================================================================
Received Import Request.
  Time of request: 2026-09-30T06:25:02.2281431Z
  Time since last request: 0.0006496 seconds.
  importAddress: GUID: 592f55c5ffe180e4797721e06224858b - Path: Assets/Twinsanity/Baked/Beach/Beach_Scenery_Mesh_7 2.asset - Importer: ScriptedImporter/UnityEditor.QuickSearchModule:UnityEditor.Search:ASIAI0B
Importing 'GUID: 592f55c5ffe180e4797721e06224858b - Path: Assets/Twinsanity/Baked/Beach/Beach_Scenery_Mesh_7 2.asset - Importer: ScriptedImporter/UnityEditor.QuickSearchModule:UnityEditor.Search:ASIAI0B' with importer (ScriptedImporter : UnityEditor.QuickSearchModule:UnityEditor.Search:ASIAI0B)
Imported 'GUID: 592f55c5ffe180e4797721e06224858b' -> (Import Result ID: '43926e811858ece7a12aec3c8bd9bc27') in 0.011 seconds [static and dynamic dependencies]. Details - ImportResultOutputID=6fb7cbfc393eeb836a82e3d5546b4bfa DependenciesID=c6818e7d3eff4f70292ef8ce93b4e6ba StaticDependenciesID=ddfc8acb561bfa4f3ee5490f8b5aa09d 
Number of updated asset objects reloaded before import = 0
Number of asset objects unloaded after import = 1
========================================================================
Received Import Request.
  Time of request: 2026-09-30T06:25:02.2403209Z
  Time since last request: 0.0006495 seconds.
  importAddress: GUID: 6260ab12bc0943779eeeffecb732cc68 - Path: Assets/Twinsanity/Scripts/CrashPlayableCharacter.cs - Importer: ScriptedImporter/UnityEditor.QuickSearchModule:UnityEditor.Search:ASIAI0B
Importing 'GUID: 6260ab12bc0943779eeeffecb732cc68 - Path: Assets/Twinsanity/Scripts/CrashPlayableCharacter.cs - Importer: ScriptedImporter/UnityEditor.QuickSearchModule:UnityEditor.Search:ASIAI0B' with importer (ScriptedImporter : UnityEditor.QuickSearchModule:UnityEditor.Search:ASIAI0B)
Imported 'GUID: 6260ab12bc0943779eeeffecb732cc68' -> (Import Result ID: '76cb47af2eed76c41eefca05264dc6f8') in 0.004 seconds [static and dynamic dependencies]. Details - ImportResultOutputID=489c11fb845849d40d8945d716398402 DependenciesID=a3c3aba041f8b0a5cd5e05becaceb53a StaticDependenciesID=c1e99eb7502ae03fb3a093ac5fae2b54 
Number of updated asset objects reloaded before import = 0
Number of asset objects unloaded after import = 0
========================================================================
Received Import Request.
  Time of request: 2026-09-30T06:25:02.245265Z
  Time since last request: 0.0005402 seconds.
  importAddress: GUID: a46d64848a3dafd4a94046910c4fb38d - Path: Assets/Twinsanity/Baked/Beach/Beach_Scenery_Mesh_23 2.asset - Importer: ScriptedImporter/UnityEditor.QuickSearchModule:UnityEditor.Search:ASIAI0B
Importing 'GUID: a46d64848a3dafd4a94046910c4fb38d - Path: Assets/Twinsanity/Baked/Beach/Beach_Scenery_Mesh_23 2.asset - Importer: ScriptedImporter/UnityEditor.QuickSearchModule:UnityEditor.Search:ASIAI0B' with importer (ScriptedImporter : UnityEditor.QuickSearchModule:UnityEditor.Search:ASIAI0B)
Imported 'GUID: a46d64848a3dafd4a94046910c4fb38d' -> (Import Result ID: 'c4bea1100b6c42046c3283121f233ee8') in 0.006 seconds [static and dynamic dependencies]. Details - ImportResultOutputID=69c10c53dd9d7d8e5bf0239f41de3edb DependenciesID=685e3203f768cdca33199df2d9b0fa39 StaticDependenciesID=3cec84b528218f8f34cfcd19db708852 
Number of updated asset objects reloaded before import = 0
Number of asset objects unloaded after import = 1
========================================================================
Received Import Request.
  Time of request: 2026-09-30T06:25:02.2518985Z
  Time since last request: 0.0005736 seconds.
  importAddress: GUID: 8937d2930fa19ed45be9e67d69320c0a - Path: Assets/Twinsanity/Baked/Beach/Material_24 2.mat - Importer: ScriptedImporter/UnityEditor.QuickSearchModule:UnityEditor.Search:ASIAI0B
Importing 'GUID: 8937d2930fa19ed45be9e67d69320c0a - Path: Assets/Twinsanity/Baked/Beach/Material_24 2.mat - Importer: ScriptedImporter/UnityEditor.QuickSearchModule:UnityEditor.Search:ASIAI0B' with importer (ScriptedImporter : UnityEditor.QuickSearchModule:UnityEditor.Search:ASIAI0B)
Imported 'GUID: 8937d2930fa19ed45be9e67d69320c0a' -> (Import Result ID: '6ce88a9f5ba109527b151d4e4d0f4f2d') in 0.008 seconds [static and dynamic dependencies]. Details - ImportResultOutputID=2d2dad9bf70dbc8308bc2ab0a98c8b2f DependenciesID=702d6e7a7a34753cb90a3ab5ee8c577a StaticDependenciesID=da2fe2f0cb404c39f0de69166476fa0b 
Number of updated asset objects reloaded before import = 0
Number of asset objects unloaded after import = 2
========================================================================
Received Import Request.
  Time of request: 2026-09-30T06:25:02.2605503Z
  Time since last request: 0.0005329 seconds.
  importAddress: GUID: 21fffb769e7bd0143aeb0f4d02002992 - Path: Assets/Twinsanity/Baked/Beach/Beach_Scenery_Mesh_28 2.asset - Importer: ScriptedImporter/UnityEditor.QuickSearchModule:UnityEditor.Search:ASIAI0B
Importing 'GUID: 21fffb769e7bd0143aeb0f4d02002992 - Path: Assets/Twinsanity/Baked/Beach/Beach_Scenery_Mesh_28 2.asset - Importer: ScriptedImporter/UnityEditor.QuickSearchModule:UnityEditor.Search:ASIAI0B' with importer (ScriptedImporter : UnityEditor.QuickSearchModule:UnityEditor.Search:ASIAI0B)
Imported 'GUID: 21fffb769e7bd0143aeb0f4d02002992' -> (Import Result ID: '495b6a889adcd3e03a86a65aee8caf98') in 0.012 seconds [static and dynamic dependencies]. Details - ImportResultOutputID=3936e48f3cb284ee790c05850556f393 DependenciesID=f4658bb5fa9fa6322886040fcc73a996 StaticDependenciesID=6164bf8994f0bbf4c70c9adfaeaa3c7f 
Number of updated asset objects reloaded before import = 0
Number of asset objects unloaded after import = 1
========================================================================
Received Import Request.
  Time of request: 2026-09-30T06:25:02.2739798Z
  Time since last request: 0.0006231 seconds.
  importAddress: GUID: 7dafca940829bf64e90a26caa6abaca6 - Path: Assets/Twinsanity/Baked/Beach/Beach_Scenery_Mesh_2 2.asset - Importer: ScriptedImporter/UnityEditor.QuickSearchModule:UnityEditor.Search:ASIAI0B
Importing 'GUID: 7dafca940829bf64e90a26caa6abaca6 - Path: Assets/Twinsanity/Baked/Beach/Beach_Scenery_Mesh_2 2.asset - Importer: ScriptedImporter/UnityEditor.QuickSearchModule:UnityEditor.Search:ASIAI0B' with importer (ScriptedImporter : UnityEditor.QuickSearchModule:UnityEditor.Search:ASIAI0B)
Imported 'GUID: 7dafca940829bf64e90a26caa6abaca6' -> (Import Result ID: 'd06e1a43b02bb56d7155c2622d59e0bd') in 0.015 seconds [static and dynamic dependencies]. Details - ImportResultOutputID=cd7ce63c07d02e717a5a6bb02ced3e90 DependenciesID=cea855f9c21f5669182e689ec26d6ccb StaticDependenciesID=677690b098c95d515b0ed2fe1454d92a 
Number of updated asset objects reloaded before import = 0
Number of asset objects unloaded after import = 1
========================================================================
Received Import Request.
  Time of request: 2026-09-30T06:25:02.2901698Z
  Time since last request: 0.0005925 seconds.
  importAddress: GUID: 48848b9e62dd5744fbeede0f0d01948d - Path: Assets/Twinsanity/Baked/Beach/Material_55 2.mat - Importer: ScriptedImporter/UnityEditor.QuickSearchModule:UnityEditor.Search:ASIAI0B
Importing 'GUID: 48848b9e62dd5744fbeede0f0d01948d - Path: Assets/Twinsanity/Baked/Beach/Material_55 2.mat - Importer: ScriptedImporter/UnityEditor.QuickSearchModule:UnityEditor.Search:ASIAI0B' with importer (ScriptedImporter : UnityEditor.QuickSearchModule:UnityEditor.Search:ASIAI0B)
Imported 'GUID: 48848b9e62dd5744fbeede0f0d01948d' -> (Import Result ID: '53aa9e341a8fbd61721b19c9559d8549') in 0.005 seconds [static and dynamic dependencies]. Details - ImportResultOutputID=31350dd2c7a25a9756a545c5a9b65bd7 DependenciesID=f1d6851ecc4d6be374bc205e1675671b StaticDependenciesID=900d2e464b677f8a421bbdb8704af279 
Number of updated asset objects reloaded before import = 0
Number of asset objects unloaded after import = 2
========================================================================
Received Import Request.
  Time of request: 2026-09-30T06:25:02.2966745Z
  Time since last request: 0.0005153 seconds.
  importAddress: GUID: ec83ce9167d8444488ff65d8fab2a45f - Path: Assets/Twinsanity/Baked/Beach/Material_12 2.mat - Importer: ScriptedImporter/UnityEditor.QuickSearchModule:UnityEditor.Search:ASIAI0B
Importing 'GUID: ec83ce9167d8444488ff65d8fab2a45f - Path: Assets/Twinsanity/Baked/Beach/Material_12 2.mat - Importer: ScriptedImporter/UnityEditor.QuickSearchModule:UnityEditor.Search:ASIAI0B' with importer (ScriptedImporter : UnityEditor.QuickSearchModule:UnityEditor.Search:ASIAI0B)
Imported 'GUID: ec83ce9167d8444488ff65d8fab2a45f' -> (Import Result ID: 'c7f45b12ae6b96d8e6afa50240cdedbf') in 0.005 seconds [static and dynamic dependencies]. Details - ImportResultOutputID=076613a62bc0d40f0d972bbb48e90e92 DependenciesID=6a0ef2e0555244c8a6c500081afef8ed StaticDependenciesID=8dd3357e8ce4427f0c30304db3129908 
Number of updated asset objects reloaded before import = 0
Number of asset objects unloaded after import = 2
========================================================================
Received Import Request.
  Time of request: 2026-09-30T06:25:02.3025133Z
  Time since last request: 0.0005608 seconds.
  importAddress: GUID: 9613736ca7c513e4aab2112d0afbebf1 - Path: Assets/Twinsanity/Baked/Beach/Beach_Scenery_Mesh_48 2.asset - Importer: ScriptedImporter/UnityEditor.QuickSearchModule:UnityEditor.Search:ASIAI0B
Importing 'GUID: 9613736ca7c513e4aab2112d0afbebf1 - Path: Assets/Twinsanity/Baked/Beach/Beach_Scenery_Mesh_48 2.asset - Importer: ScriptedImporter/UnityEditor.QuickSearchModule:UnityEditor.Search:ASIAI0B' with importer (ScriptedImporter : UnityEditor.QuickSearchModule:UnityEditor.Search:ASIAI0B)
Imported 'GUID: 9613736ca7c513e4aab2112d0afbebf1' -> (Import Result ID: 'fe53b06b4014c5e4dfbc6b0eb423cc5e') in 0.008 seconds [static and dynamic dependencies]. Details - ImportResultOutputID=37af1915930d3423a9d86f9b8ee1571e DependenciesID=ea58d90f571b6ab377bff7a0a633eb92 StaticDependenciesID=e3632613a811d4fb08ec1fb6842a0215 
Number of updated asset objects reloaded before import = 0
Number of asset objects unloaded after import = 1
========================================================================
Received Import Request.
  Time of request: 2026-09-30T06:25:02.3117212Z
  Time since last request: 0.0009042 seconds.
  importAddress: GUID: f3c235ce525666b4eb781c52a66e20a9 - Path: Assets/Twinsanity/Resources/Characters/CrashPlayer.prefab - Importer: ScriptedImporter/UnityEditor.QuickSearchModule:UnityEditor.Search:ASIAI0B
Importing 'GUID: f3c235ce525666b4eb781c52a66e20a9 - Path: Assets/Twinsanity/Resources/Characters/CrashPlayer.prefab - Importer: ScriptedImporter/UnityEditor.QuickSearchModule:UnityEditor.Search:ASIAI0B' with importer (ScriptedImporter : UnityEditor.QuickSearchModule:UnityEditor.Search:ASIAI0B)
Imported 'GUID: f3c235ce525666b4eb781c52a66e20a9' -> (Import Result ID: '681b0acf646a5d73aa191bc11f4b30a2') in 0.167 seconds [static and dynamic dependencies]. Details - ImportResultOutputID=bac95133262a2ff6d3d5d3b6e9a60b1f DependenciesID=cd7aef22f3d23c1db33c911c6af004ac StaticDependenciesID=677c042982768343d5f244da38571f56 
Number of updated asset objects reloaded before import = 0
Number of asset objects unloaded after import = 300
========================================================================
Received Import Request.
  Time of request: 2026-09-30T06:25:02.4814428Z
  Time since last request: 0.000048 seconds.
  importAddress: GUID: b1fa58586edd64f40bd196b32dc95521 - Path: Assets/Twinsanity/Baked/Beach/Material_49 2.mat - Importer: ScriptedImporter/UnityEditor.QuickSearchModule:UnityEditor.Search:ASIAI0B
Importing 'GUID: b1fa58586edd64f40bd196b32dc95521 - Path: Assets/Twinsanity/Baked/Beach/Material_49 2.mat - Importer: ScriptedImporter/UnityEditor.QuickSearchModule:UnityEditor.Search:ASIAI0B' with importer (ScriptedImporter : UnityEditor.QuickSearchModule:UnityEditor.Search:ASIAI0B)
Imported 'GUID: b1fa58586edd64f40bd196b32dc95521' -> (Import Result ID: 'e814e187f33a9faab63e30ed4874bf82') in 0.024 seconds [static and dynamic dependencies]. Details - ImportResultOutputID=543f6aed6ca27ae791afe37bde78a59d DependenciesID=103f704662320dbb619bf06cf098900d StaticDependenciesID=3b63a5579c5e52368c0e05ed811aac08 
Number of updated asset objects reloaded before import = 0
Number of asset objects unloaded after import = 2
========================================================================
Received Import Request.
  Time of request: 2026-09-30T06:25:02.5071919Z
  Time since last request: 0.0007147 seconds.
  importAddress: GUID: 20c283308aa5640479f2b5cf704d888a - Path: Assets/Twinsanity/Baked/Beach/Beach_Scenery_Mesh_26 2.asset - Importer: ScriptedImporter/UnityEditor.QuickSearchModule:UnityEditor.Search:ASIAI0B
Importing 'GUID: 20c283308aa5640479f2b5cf704d888a - Path: Assets/Twinsanity/Baked/Beach/Beach_Scenery_Mesh_26 2.asset - Importer: ScriptedImporter/UnityEditor.QuickSearchModule:UnityEditor.Search:ASIAI0B' with importer (ScriptedImporter : UnityEditor.QuickSearchModule:UnityEditor.Search:ASIAI0B)
Imported 'GUID: 20c283308aa5640479f2b5cf704d888a' -> (Import Result ID: 'fa7e1f751e1603bdcb03a65412e04659') in 0.017 seconds [static and dynamic dependencies]. Details - ImportResultOutputID=1df46ddef554cd584acc029df0db2c19 DependenciesID=9fcc5999a7034e94e444ff6a3e0de632 StaticDependenciesID=3f1f1384a56ebf387451fe58c79a4e77 
Number of updated asset objects reloaded before import = 0
Number of asset objects unloaded after import = 1
========================================================================
Received Import Request.
  Time of request: 2026-09-30T06:25:02.5285276Z
  Time since last request: 0.0007293 seconds.
  importAddress: GUID: a573fee060b49f94991e5c1aa3bdb6b2 - Path: Assets/Twinsanity/Baked/Beach/Beach_Scenery_Mesh_5 2.asset - Importer: ScriptedImporter/UnityEditor.QuickSearchModule:UnityEditor.Search:ASIAI0B
Importing 'GUID: a573fee060b49f94991e5c1aa3bdb6b2 - Path: Assets/Twinsanity/Baked/Beach/Beach_Scenery_Mesh_5 2.asset - Importer: ScriptedImporter/UnityEditor.QuickSearchModule:UnityEditor.Search:ASIAI0B' with importer (ScriptedImporter : UnityEditor.QuickSearchModule:UnityEditor.Search:ASIAI0B)
Imported 'GUID: a573fee060b49f94991e5c1aa3bdb6b2' -> (Import Result ID: '74f76a0bcb2fcec28c7ea341dd0b0e61') in 0.028 seconds [static and dynamic dependencies]. Details - ImportResultOutputID=d0c9726e47c4246648a4c7fb3dcdf33f DependenciesID=cc929d93b05006be0912cada7b2a8345 StaticDependenciesID=183e5c5dfec0ba0c6a0c5788b6223b01 
Number of updated asset objects reloaded before import = 0
Number of asset objects unloaded after import = 1
========================================================================
Received Import Request.
  Time of request: 2026-09-30T06:25:02.5587769Z
  Time since last request: 0.0007301 seconds.
  importAddress: GUID: 09c1db9c59b8c7a4cb5d100ccd3d7306 - Path: Assets/Twinsanity/Baked/Beach/Beach_Scenery_Mesh_38 2.asset - Importer: ScriptedImporter/UnityEditor.QuickSearchModule:UnityEditor.Search:ASIAI0B
Importing 'GUID: 09c1db9c59b8c7a4cb5d100ccd3d7306 - Path: Assets/Twinsanity/Baked/Beach/Beach_Scenery_Mesh_38 2.asset - Importer: ScriptedImporter/UnityEditor.QuickSearchModule:UnityEditor.Search:ASIAI0B' with importer (ScriptedImporter : UnityEditor.QuickSearchModule:UnityEditor.Search:ASIAI0B)
Imported 'GUID: 09c1db9c59b8c7a4cb5d100ccd3d7306' -> (Import Result ID: 'bbcbe24cd751905ac8183f733715b4d5') in 0.010 seconds [static and dynamic dependencies]. Details - ImportResultOutputID=843381feaff4275b6e859cf035a7a27b DependenciesID=16adc3fcf14b396e860e6c30800d2922 StaticDependenciesID=4ad974d3c252d39fe9c6825245e30ca7 
Number of updated asset objects reloaded before import = 0
Number of asset objects unloaded after import = 1
========================================================================
Received Import Request.
  Time of request: 2026-09-30T06:25:02.5704896Z
  Time since last request: 0.0011356 seconds.
  importAddress: GUID: 037b168abbe7cc846b0fd4a1c18d8fcb - Path: Assets/Twinsanity/Baked/Beach/Material_41 2.mat - Importer: ScriptedImporter/UnityEditor.QuickSearchModule:UnityEditor.Search:ASIAI0B
Importing 'GUID: 037b168abbe7cc846b0fd4a1c18d8fcb - Path: Assets/Twinsanity/Baked/Beach/Material_41 2.mat - Importer: ScriptedImporter/UnityEditor.QuickSearchModule:UnityEditor.Search:ASIAI0B' with importer (ScriptedImporter : UnityEditor.QuickSearchModule:UnityEditor.Search:ASIAI0B)
Imported 'GUID: 037b168abbe7cc846b0fd4a1c18d8fcb' -> (Import Result ID: 'b579cef057ee5929b3ba065885fab46c') in 0.011 seconds [static and dynamic dependencies]. Details - ImportResultOutputID=95d7ef51ab0d61d782aea021e958012a DependenciesID=11bd6f88a6520efea65f9abcfd5c3ffe StaticDependenciesID=a80a7129856c6d3b76b2b318b1d5a730 
Number of updated asset objects reloaded before import = 0
Number of asset objects unloaded after import = 2
========================================================================
Received Import Request.
  Time of request: 2026-09-30T06:25:02.5844861Z
  Time since last request: 0.0025132 seconds.
  importAddress: GUID: a440fa0d52e34b74aa18ede3f6b81210 - Path: Assets/Twinsanity/Baked/Beach/Material_47 2.mat - Importer: ScriptedImporter/UnityEditor.QuickSearchModule:UnityEditor.Search:ASIAI0B
Importing 'GUID: a440fa0d52e34b74aa18ede3f6b81210 - Path: Assets/Twinsanity/Baked/Beach/Material_47 2.mat - Importer: ScriptedImporter/UnityEditor.QuickSearchModule:UnityEditor.Search:ASIAI0B' with importer (ScriptedImporter : UnityEditor.QuickSearchModule:UnityEditor.Search:ASIAI0B)
Imported 'GUID: a440fa0d52e34b74aa18ede3f6b81210' -> (Import Result ID: 'e7e302ceac04c1d489b694f046024f8c') in 0.018 seconds [static and dynamic dependencies]. Details - ImportResultOutputID=e3b2d35a8d188d118084b0dd82c0e750 DependenciesID=b0f953e773f94cfa4f98d7fa66a9b89d StaticDependenciesID=c6abb62547090d1a134e047733920601 
Number of updated asset objects reloaded before import = 0
Number of asset objects unloaded after import = 2
========================================================================
Received Import Request.
  Time of request: 2026-09-30T06:25:02.6067818Z
  Time since last request: 0.0030704 seconds.
  importAddress: GUID: 8a06de3f81d405446bb69f90155ca0ca - Path: Assets/Twinsanity/Baked/Beach/Material_57 2.mat - Importer: ScriptedImporter/UnityEditor.QuickSearchModule:UnityEditor.Search:ASIAI0B
Importing 'GUID: 8a06de3f81d405446bb69f90155ca0ca - Path: Assets/Twinsanity/Baked/Beach/Material_57 2.mat - Importer: ScriptedImporter/UnityEditor.QuickSearchModule:UnityEditor.Search:ASIAI0B' with importer (ScriptedImporter : UnityEditor.QuickSearchModule:UnityEditor.Search:ASIAI0B)
Imported 'GUID: 8a06de3f81d405446bb69f90155ca0ca' -> (Import Result ID: '2bfa142734acb3ff78242184a46f119a') in 0.008 seconds [static and dynamic dependencies]. Details - ImportResultOutputID=3572efdeeea1260f294c539c054c028a DependenciesID=74cb49063e264c7a269de1be8c32c06f StaticDependenciesID=c04fa3c34cbf90b139902db9cc96d833 
Number of updated asset objects reloaded before import = 0
Number of asset objects unloaded after import = 2
========================================================================
Received Import Request.
  Time of request: 2026-09-30T06:25:02.6185031Z
  Time since last request: 0.0026746 seconds.
  importAddress: GUID: d0dcf90977da7c043bb3406047bf10d2 - Path: Assets/Twinsanity/Baked/Beach/Material_45 2.mat - Importer: ScriptedImporter/UnityEditor.QuickSearchModule:UnityEditor.Search:ASIAI0B
Importing 'GUID: d0dcf90977da7c043bb3406047bf10d2 - Path: Assets/Twinsanity/Baked/Beach/Material_45 2.mat - Importer: ScriptedImporter/UnityEditor.QuickSearchModule:UnityEditor.Search:ASIAI0B' with importer (ScriptedImporter : UnityEditor.QuickSearchModule:UnityEditor.Search:ASIAI0B)
Imported 'GUID: d0dcf90977da7c043bb3406047bf10d2' -> (Import Result ID: '0a3eefa0c3c8f3908a6fc5f10f0468e9') in 0.015 seconds [static and dynamic dependencies]. Details - ImportResultOutputID=49ad84d4cf4534cd87c761941915b51d DependenciesID=34705b765e0d53dc98928769b968e5b3 StaticDependenciesID=621c7a87999624bc3082d9ad9aadcd81 
Number of updated asset objects reloaded before import = 0
Number of asset objects unloaded after import = 2
========================================================================
Received Import Request.
  Time of request: 2026-09-30T06:25:02.648362Z
  Time since last request: 0.0123873 seconds.
  importAddress: GUID: 6050bc2a19d4d5a458b1527b7e19b875 - Path: Assets/Twinsanity/Baked/Beach/Beach_Scenery_Mesh_105 2.asset - Importer: ScriptedImporter/UnityEditor.QuickSearchModule:UnityEditor.Search:ASIAI0B
Importing 'GUID: 6050bc2a19d4d5a458b1527b7e19b875 - Path: Assets/Twinsanity/Baked/Beach/Beach_Scenery_Mesh_105 2.asset - Importer: ScriptedImporter/UnityEditor.QuickSearchModule:UnityEditor.Search:ASIAI0B' with importer (ScriptedImporter : UnityEditor.QuickSearchModule:UnityEditor.Search:ASIAI0B)
Imported 'GUID: 6050bc2a19d4d5a458b1527b7e19b875' -> (Import Result ID: 'f7e17bdcc9c32b4d3169b79a00126a66') in 0.013 seconds [static and dynamic dependencies]. Details - ImportResultOutputID=6224f7d58a7ec29fceb70d403b22686e DependenciesID=25f05143e74712b24383256f75e8c1b8 StaticDependenciesID=4f78ddda04449ce7996b0c069e430ecd 
Number of updated asset objects reloaded before import = 0
Number of asset objects unloaded after import = 1
========================================================================
Received Import Request.
  Time of request: 2026-09-30T06:25:02.6633294Z
  Time since last request: 0.0013678 seconds.
  importAddress: GUID: bd144bbf286867d4685d9616a48693a1 - Path: Assets/Twinsanity/Baked/Beach/Beach_Scenery_Mesh_110 2.asset - Importer: ScriptedImporter/UnityEditor.QuickSearchModule:UnityEditor.Search:ASIAI0B
Importing 'GUID: bd144bbf286867d4685d9616a48693a1 - Path: Assets/Twinsanity/Baked/Beach/Beach_Scenery_Mesh_110 2.asset - Importer: ScriptedImporter/UnityEditor.QuickSearchModule:UnityEditor.Search:ASIAI0B' with importer (ScriptedImporter : UnityEditor.QuickSearchModule:UnityEditor.Search:ASIAI0B)
Imported 'GUID: bd144bbf286867d4685d9616a48693a1' -> (Import Result ID: '0fca0fb9024c4fc13e40990c989e3096') in 0.022 seconds [static and dynamic dependencies]. Details - ImportResultOutputID=6b10f07e3a8e4f149a0c9f8a07f37cd7 DependenciesID=db8c74b71457a601fed949896b017ff9 StaticDependenciesID=63abac7d6ef58e09671d3e4d03025e1b 
Number of updated asset objects reloaded before import = 0
Number of asset objects unloaded after import = 1
========================================================================
Received Import Request.
  Time of request: 2026-09-30T06:25:02.6912493Z
  Time since last request: 0.0038672 seconds.
  importAddress: GUID: ec7ebaeb767572c47b3b33eeee85cb00 - Path: Assets/Twinsanity/Baked/Beach/Material_98 2.mat - Importer: ScriptedImporter/UnityEditor.QuickSearchModule:UnityEditor.Search:ASIAI0B
Importing 'GUID: ec7ebaeb767572c47b3b33eeee85cb00 - Path: Assets/Twinsanity/Baked/Beach/Material_98 2.mat - Importer: ScriptedImporter/UnityEditor.QuickSearchModule:UnityEditor.Search:ASIAI0B' with importer (ScriptedImporter : UnityEditor.QuickSearchModule:UnityEditor.Search:ASIAI0B)
Imported 'GUID: ec7ebaeb767572c47b3b33eeee85cb00' -> (Import Result ID: 'd5223e7ddb2e29d1ffbdb2763c16ec34') in 0.018 seconds [static and dynamic dependencies]. Details - ImportResultOutputID=56da607c21cb94e89dc0faec6444bbbb DependenciesID=de78d98fdbb80d428552bb25ce59af64 StaticDependenciesID=c537457dab0849ef1a6697ca76945fc1 
Number of updated asset objects reloaded before import = 0
Number of asset objects unloaded after import = 2
========================================================================
Received Import Request.
  Time of request: 2026-09-30T06:25:02.7119747Z
  Time since last request: 0.0008535 seconds.
  importAddress: GUID: 217e13b9f86860f4bbad2949aac453bb - Path: Assets/Twinsanity/Baked/Beach/Beach_Scenery_Mesh_109 2.asset - Importer: ScriptedImporter/UnityEditor.QuickSearchModule:UnityEditor.Search:ASIAI0B
Importing 'GUID: 217e13b9f86860f4bbad2949aac453bb - Path: Assets/Twinsanity/Baked/Beach/Beach_Scenery_Mesh_109 2.asset - Importer: ScriptedImporter/UnityEditor.QuickSearchModule:UnityEditor.Search:ASIAI0B' with importer (ScriptedImporter : UnityEditor.QuickSearchModule:UnityEditor.Search:ASIAI0B)
Imported 'GUID: 217e13b9f86860f4bbad2949aac453bb' -> (Import Result ID: 'd394a188eb28c355dc1ecc1b7b5c149a') in 0.014 seconds [static and dynamic dependencies]. Details - ImportResultOutputID=b57215298c4074700edb7cd113d04870 DependenciesID=c85ae16090700ff1b0ea625d880927c0 StaticDependenciesID=f0a0b2d122d475fbba49ff53667074ae 
Number of updated asset objects reloaded before import = 0
Number of asset objects unloaded after import = 1
========================================================================
Received Import Request.
  Time of request: 2026-09-30T06:25:02.7280132Z
  Time since last request: 0.0010986 seconds.
  importAddress: GUID: 1a3d684e07d8e7444b57312359a05d9d - Path: Assets/Twinsanity/Baked/Beach/Beach_Scenery_Mesh_63 2.asset - Importer: ScriptedImporter/UnityEditor.QuickSearchModule:UnityEditor.Search:ASIAI0B
Importing 'GUID: 1a3d684e07d8e7444b57312359a05d9d - Path: Assets/Twinsanity/Baked/Beach/Beach_Scenery_Mesh_63 2.asset - Importer: ScriptedImporter/UnityEditor.QuickSearchModule:UnityEditor.Search:ASIAI0B' with importer (ScriptedImporter : UnityEditor.QuickSearchModule:UnityEditor.Search:ASIAI0B)
Imported 'GUID: 1a3d684e07d8e7444b57312359a05d9d' -> (Import Result ID: 'afadb446efb3044a13898fc9956368aa') in 0.018 seconds [static and dynamic dependencies]. Details - ImportResultOutputID=fa118e004312c27d3119a139ab3189b3 DependenciesID=670397e890d139638c8605b95b9a6761 StaticDependenciesID=a3b807a7138dbcbbb7f226759344edf6 
Number of updated asset objects reloaded before import = 0
Number of asset objects unloaded after import = 1
========================================================================
Received Import Request.
  Time of request: 2026-09-30T06:25:02.7471887Z
  Time since last request: 0.0000598 seconds.
  importAddress: GUID: c49992f5348a70244960a31907a9c19b - Path: Assets/Twinsanity/Baked/Beach/Material_87 2.mat - Importer: ScriptedImporter/UnityEditor.QuickSearchModule:UnityEditor.Search:ASIAI0B
Importing 'GUID: c49992f5348a70244960a31907a9c19b - Path: Assets/Twinsanity/Baked/Beach/Material_87 2.mat - Importer: ScriptedImporter/UnityEditor.QuickSearchModule:UnityEditor.Search:ASIAI0B' with importer (ScriptedImporter : UnityEditor.QuickSearchModule:UnityEditor.Search:ASIAI0B)
Imported 'GUID: c49992f5348a70244960a31907a9c19b' -> (Import Result ID: '338535a44b208d6d63e8f2097525fb1a') in 0.012 seconds [static and dynamic dependencies]. Details - ImportResultOutputID=b53f6e643ea9411ab00bb99cc7fde37b DependenciesID=56d40f78e70be554e78e778cf974e46c StaticDependenciesID=5ddfb56c026961bf4712a3108f52a529 
Number of updated asset objects reloaded before import = 0
Number of asset objects unloaded after import = 2
========================================================================
Received Import Request.
  Time of request: 2026-09-30T06:25:02.7615849Z
  Time since last request: 0.0007369 seconds.
  importAddress: GUID: 366b64c1ede57424ca0dc7c41777f48a - Path: Assets/Twinsanity/Baked/Beach/Material_85 2.mat - Importer: ScriptedImporter/UnityEditor.QuickSearchModule:UnityEditor.Search:ASIAI0B
Importing 'GUID: 366b64c1ede57424ca0dc7c41777f48a - Path: Assets/Twinsanity/Baked/Beach/Material_85 2.mat - Importer: ScriptedImporter/UnityEditor.QuickSearchModule:UnityEditor.Search:ASIAI0B' with importer (ScriptedImporter : UnityEditor.QuickSearchModule:UnityEditor.Search:ASIAI0B)
Imported 'GUID: 366b64c1ede57424ca0dc7c41777f48a' -> (Import Result ID: 'd2d3329c33e1af4226b0eb469155b546') in 0.012 seconds [static and dynamic dependencies]. Details - ImportResultOutputID=747cfb91096b5b9c54a4038ac6fc09f4 DependenciesID=beb03df165f26c725f0d2360c0fe422c StaticDependenciesID=21473ebf53bf0f6e2fdbd2c62c88f100 
Number of updated asset objects reloaded before import = 0
Number of asset objects unloaded after import = 2
========================================================================
Received Import Request.
  Time of request: 2026-09-30T06:25:02.7810077Z
  Time since last request: 0.0064435 seconds.
  importAddress: GUID: 90f40c1c401e1f747afc6859f543d30c - Path: Assets/Twinsanity/Baked/Beach/Beach_Scenery_Mesh_72 2.asset - Importer: ScriptedImporter/UnityEditor.QuickSearchModule:UnityEditor.Search:ASIAI0B
Importing 'GUID: 90f40c1c401e1f747afc6859f543d30c - Path: Assets/Twinsanity/Baked/Beach/Beach_Scenery_Mesh_72 2.asset - Importer: ScriptedImporter/UnityEditor.QuickSearchModule:UnityEditor.Search:ASIAI0B' with importer (ScriptedImporter : UnityEditor.QuickSearchModule:UnityEditor.Search:ASIAI0B)
Imported 'GUID: 90f40c1c401e1f747afc6859f543d30c' -> (Import Result ID: '92b1b4717c8f38931d66ae357b8c4f81') in 0.010 seconds [static and dynamic dependencies]. Details - ImportResultOutputID=f9d15b3640e02c19dd4c641bc6a48d16 DependenciesID=73cc51dbc236da4562fef6ed26795e54 StaticDependenciesID=39b22b3443307ae2cd9845b6dab87f81 
Number of updated asset objects reloaded before import = 0
Number of asset objects unloaded after import = 1
========================================================================
Received Import Request.
  Time of request: 2026-09-30T06:25:02.7926435Z
  Time since last request: 0.000551 seconds.
  importAddress: GUID: 0509d2aef0525784786f8b5eed8c080c - Path: Assets/Twinsanity/Baked/Beach/Beach_Scenery_Mesh_108 2.asset - Importer: ScriptedImporter/UnityEditor.QuickSearchModule:UnityEditor.Search:ASIAI0B
Importing 'GUID: 0509d2aef0525784786f8b5eed8c080c - Path: Assets/Twinsanity/Baked/Beach/Beach_Scenery_Mesh_108 2.asset - Importer: ScriptedImporter/UnityEditor.QuickSearchModule:UnityEditor.Search:ASIAI0B' with importer (ScriptedImporter : UnityEditor.QuickSearchModule:UnityEditor.Search:ASIAI0B)
Imported 'GUID: 0509d2aef0525784786f8b5eed8c080c' -> (Import Result ID: '7c2dfaa1717a62d30fd8a3730674e5b6') in 0.007 seconds [static and dynamic dependencies]. Details - ImportResultOutputID=0987f0052770b6250276798f1026cfbc DependenciesID=7e841ec60dc71c3e5f2e47424dac41cb StaticDependenciesID=d05f6850515f38cc0b0c296423e7dfe9 
Number of updated asset objects reloaded before import = 0
Number of asset objects unloaded after import = 1
========================================================================
Received Import Request.
  Time of request: 2026-09-30T06:25:02.8008134Z
  Time since last request: 0.0008853 seconds.
  importAddress: GUID: 6e38348f265af504fa0c8b097742efb9 - Path: Assets/Twinsanity/Baked/Beach/Material_59 2.mat - Importer: ScriptedImporter/UnityEditor.QuickSearchModule:UnityEditor.Search:ASIAI0B
Importing 'GUID: 6e38348f265af504fa0c8b097742efb9 - Path: Assets/Twinsanity/Baked/Beach/Material_59 2.mat - Importer: ScriptedImporter/UnityEditor.QuickSearchModule:UnityEditor.Search:ASIAI0B' with importer (ScriptedImporter : UnityEditor.QuickSearchModule:UnityEditor.Search:ASIAI0B)
Imported 'GUID: 6e38348f265af504fa0c8b097742efb9' -> (Import Result ID: 'f1927651e163f476c414fe28286580a2') in 0.011 seconds [static and dynamic dependencies]. Details - ImportResultOutputID=29395dbf11b4b40cbe1348059e11bbea DependenciesID=bd8ca85e1312125fae056fc8b96de5ab StaticDependenciesID=5a39c17b6c47eeb0a8c36df58d07f24d 
Number of updated asset objects reloaded before import = 0
Number of asset objects unloaded after import = 2
========================================================================
Received Import Request.
  Time of request: 2026-09-30T06:25:02.8133998Z
  Time since last request: 0.0005782 seconds.
  importAddress: GUID: 07777d377baf11d43a3089ea86510645 - Path: Assets/Twinsanity/Baked/Beach/Beach_Scenery_Mesh_82 2.asset - Importer: ScriptedImporter/UnityEditor.QuickSearchModule:UnityEditor.Search:ASIAI0B
Importing 'GUID: 07777d377baf11d43a3089ea86510645 - Path: Assets/Twinsanity/Baked/Beach/Beach_Scenery_Mesh_82 2.asset - Importer: ScriptedImporter/UnityEditor.QuickSearchModule:UnityEditor.Search:ASIAI0B' with importer (ScriptedImporter : UnityEditor.QuickSearchModule:UnityEditor.Search:ASIAI0B)
Imported 'GUID: 07777d377baf11d43a3089ea86510645' -> (Import Result ID: '1bdae8ee8d95667d4d3509c3978818bb') in 0.006 seconds [static and dynamic dependencies]. Details - ImportResultOutputID=c8eb991c808e1278838efd9c12a015d3 DependenciesID=fed207784fb6283ce054e33f40c92c41 StaticDependenciesID=215e3203357faab9410961c55b1ed64b 
Number of updated asset objects reloaded before import = 0
Number of asset objects unloaded after import = 1
========================================================================
Received Import Request.
  Time of request: 2026-09-30T06:25:02.8211788Z
  Time since last request: 0.0009262 seconds.
  importAddress: GUID: 738bc63e1ac8b5e4886bd321f322d929 - Path: Assets/Twinsanity/Baked/Beach/Beach_Scenery_Mesh_61 2.asset - Importer: ScriptedImporter/UnityEditor.QuickSearchModule:UnityEditor.Search:ASIAI0B
Importing 'GUID: 738bc63e1ac8b5e4886bd321f322d929 - Path: Assets/Twinsanity/Baked/Beach/Beach_Scenery_Mesh_61 2.asset - Importer: ScriptedImporter/UnityEditor.QuickSearchModule:UnityEditor.Search:ASIAI0B' with importer (ScriptedImporter : UnityEditor.QuickSearchModule:UnityEditor.Search:ASIAI0B)
Imported 'GUID: 738bc63e1ac8b5e4886bd321f322d929' -> (Import Result ID: '8315803aae9c4f091f71eae5c7b2c71e') in 0.008 seconds [static and dynamic dependencies]. Details - ImportResultOutputID=2c5473ddb86367a147a90c1a671b200d DependenciesID=39568a375a3e397632619697ab79221b StaticDependenciesID=14fcf3694a60f59ff7d5e12ef3a3eb01 
Number of updated asset objects reloaded before import = 0
Number of asset objects unloaded after import = 1
========================================================================
Received Import Request.
  Time of request: 2026-09-30T06:25:02.8300832Z
  Time since last request: 0.000552 seconds.
  importAddress: GUID: 315a9af64f5bcd045b8eecdcf8983eb5 - Path: Assets/Twinsanity/Baked/Beach/Beach_Scenery_Mesh_88 2.asset - Importer: ScriptedImporter/UnityEditor.QuickSearchModule:UnityEditor.Search:ASIAI0B
Importing 'GUID: 315a9af64f5bcd045b8eecdcf8983eb5 - Path: Assets/Twinsanity/Baked/Beach/Beach_Scenery_Mesh_88 2.asset - Importer: ScriptedImporter/UnityEditor.QuickSearchModule:UnityEditor.Search:ASIAI0B' with importer (ScriptedImporter : UnityEditor.QuickSearchModule:UnityEditor.Search:ASIAI0B)
Imported 'GUID: 315a9af64f5bcd045b8eecdcf8983eb5' -> (Import Result ID: '6bbbd039c423b5c52633739703a5baf6') in 0.007 seconds [static and dynamic dependencies]. Details - ImportResultOutputID=38bbafab60c1b6c7475c5aaa214d5bba DependenciesID=89599865e24a065cd66bfe70f4a01b6c StaticDependenciesID=92f318bca606af9def17558f671245e2 
Number of updated asset objects reloaded before import = 0
Number of asset objects unloaded after import = 1
========================================================================
Received Import Request.
  Time of request: 2026-09-30T06:25:02.8394779Z
  Time since last request: 0.0000635 seconds.
  importAddress: GUID: 617d00c80f4d495488af3e9483e3cd9d - Path: Assets/Twinsanity/Baked/Beach/Beach_Scenery_Mesh_80 2.asset - Importer: ScriptedImporter/UnityEditor.QuickSearchModule:UnityEditor.Search:ASIAI0B
Importing 'GUID: 617d00c80f4d495488af3e9483e3cd9d - Path: Assets/Twinsanity/Baked/Beach/Beach_Scenery_Mesh_80 2.asset - Importer: ScriptedImporter/UnityEditor.QuickSearchModule:UnityEditor.Search:ASIAI0B' with importer (ScriptedImporter : UnityEditor.QuickSearchModule:UnityEditor.Search:ASIAI0B)
Imported 'GUID: 617d00c80f4d495488af3e9483e3cd9d' -> (Import Result ID: '300f11f17d8182eda0bc374c9a7704b1') in 0.009 seconds [static and dynamic dependencies]. Details - ImportResultOutputID=d7136ac3724aa96d2a61a91a9e3e71b9 DependenciesID=41ce6a6b1829c55369649232abf5607c StaticDependenciesID=5c53367957a9cd6f08ef7b4aa13dfc9e 
Number of updated asset objects reloaded before import = 0
Number of asset objects unloaded after import = 1
========================================================================
Received Import Request.
  Time of request: 2026-09-30T06:25:02.8493926Z
  Time since last request: 0.0006315 seconds.
  importAddress: GUID: 8cc06919d11ca3943b2b2c2be1a42b63 - Path: Assets/Twinsanity/Baked/Beach/Beach_Scenery_Mesh_84 2.asset - Importer: ScriptedImporter/UnityEditor.QuickSearchModule:UnityEditor.Search:ASIAI0B
Importing 'GUID: 8cc06919d11ca3943b2b2c2be1a42b63 - Path: Assets/Twinsanity/Baked/Beach/Beach_Scenery_Mesh_84 2.asset - Importer: ScriptedImporter/UnityEditor.QuickSearchModule:UnityEditor.Search:ASIAI0B' with importer (ScriptedImporter : UnityEditor.QuickSearchModule:UnityEditor.Search:ASIAI0B)
Imported 'GUID: 8cc06919d11ca3943b2b2c2be1a42b63' -> (Import Result ID: '499c2568f6676f8217e5d782ae711169') in 0.006 seconds [static and dynamic dependencies]. Details - ImportResultOutputID=04aabcefec707be6341f3d30e10e5bcd DependenciesID=814523816a549e6a1861ff07f53595d8 StaticDependenciesID=170459620366f606bacbc4b1fdf42549 
Number of updated asset objects reloaded before import = 0
Number of asset objects unloaded after import = 1
========================================================================
Received Import Request.
  Time of request: 2026-09-30T06:25:02.8569839Z
  Time since last request: 0.0011796 seconds.
  importAddress: GUID: 4642a4395c39bbf46a0b449928736840 - Path: Assets/Twinsanity/Baked/Beach/Material_73 2.mat - Importer: ScriptedImporter/UnityEditor.QuickSearchModule:UnityEditor.Search:ASIAI0B
Importing 'GUID: 4642a4395c39bbf46a0b449928736840 - Path: Assets/Twinsanity/Baked/Beach/Material_73 2.mat - Importer: ScriptedImporter/UnityEditor.QuickSearchModule:UnityEditor.Search:ASIAI0B' with importer (ScriptedImporter : UnityEditor.QuickSearchModule:UnityEditor.Search:ASIAI0B)
Imported 'GUID: 4642a4395c39bbf46a0b449928736840' -> (Import Result ID: '14aab9697c4ef7b11b3e5e40fdab5344') in 0.008 seconds [static and dynamic dependencies]. Details - ImportResultOutputID=13acac99de33f1ec59bbe59b825f7b7f DependenciesID=2ce596a7f9135dcc3ef27b6abb29b9a1 StaticDependenciesID=10b35f8cfcb11071ea1037d3e664ad8c 
Number of updated asset objects reloaded before import = 0
Number of asset objects unloaded after import = 2
========================================================================
Received Import Request.
  Time of request: 2026-09-30T06:25:02.8662612Z
  Time since last request: 0.0005346 seconds.
  importAddress: GUID: 7972266980b861841a108365b5bbd0fa - Path: Assets/Twinsanity/Baked/Beach/Beach_Scenery_Mesh_119 2.asset - Importer: ScriptedImporter/UnityEditor.QuickSearchModule:UnityEditor.Search:ASIAI0B
Importing 'GUID: 7972266980b861841a108365b5bbd0fa - Path: Assets/Twinsanity/Baked/Beach/Beach_Scenery_Mesh_119 2.asset - Importer: ScriptedImporter/UnityEditor.QuickSearchModule:UnityEditor.Search:ASIAI0B' with importer (ScriptedImporter : UnityEditor.QuickSearchModule:UnityEditor.Search:ASIAI0B)
Imported 'GUID: 7972266980b861841a108365b5bbd0fa' -> (Import Result ID: 'e39cb4699c97024e449184e546dbffca') in 0.010 seconds [static and dynamic dependencies]. Details - ImportResultOutputID=29c1dd76c6d39258a2fe2cb19f72c4fb DependenciesID=b506c0b40ffe2d2b6d91e06e472ca6f1 StaticDependenciesID=d9abfd4c27250258fd57c8a0c66bdeec 
Number of updated asset objects reloaded before import = 0
Number of asset objects unloaded after import = 1
========================================================================
Received Import Request.
  Time of request: 2026-09-30T06:25:02.878366Z
  Time since last request: 0.0014852 seconds.
  importAddress: GUID: 1458860a023cba7428c053af2be20a40 - Path: Assets/Twinsanity/Baked/Beach/Material_102 2.mat - Importer: ScriptedImporter/UnityEditor.QuickSearchModule:UnityEditor.Search:ASIAI0B
Importing 'GUID: 1458860a023cba7428c053af2be20a40 - Path: Assets/Twinsanity/Baked/Beach/Material_102 2.mat - Importer: ScriptedImporter/UnityEditor.QuickSearchModule:UnityEditor.Search:ASIAI0B' with importer (ScriptedImporter : UnityEditor.QuickSearchModule:UnityEditor.Search:ASIAI0B)
Imported 'GUID: 1458860a023cba7428c053af2be20a40' -> (Import Result ID: 'b4200e069b4abda4d2905c36d3bcec96') in 0.009 seconds [static and dynamic dependencies]. Details - ImportResultOutputID=c4f08ff1079da0b48dea162df24b03b9 DependenciesID=8b817c65236908797c5d0fd2225a1284 StaticDependenciesID=074aa1d4520d93b6652fc89db367226c 
Number of updated asset objects reloaded before import = 0
Number of asset objects unloaded after import = 2
========================================================================
Received Import Request.
  Time of request: 2026-09-30T06:25:02.8886249Z
  Time since last request: 0.0006288 seconds.
  importAddress: GUID: 24d7cf5aef88e744c8286d9a8284922b - Path: Assets/Twinsanity/Baked/Beach/Beach_Scenery_Mesh_95 2.asset - Importer: ScriptedImporter/UnityEditor.QuickSearchModule:UnityEditor.Search:ASIAI0B
Importing 'GUID: 24d7cf5aef88e744c8286d9a8284922b - Path: Assets/Twinsanity/Baked/Beach/Beach_Scenery_Mesh_95 2.asset - Importer: ScriptedImporter/UnityEditor.QuickSearchModule:UnityEditor.Search:ASIAI0B' with importer (ScriptedImporter : UnityEditor.QuickSearchModule:UnityEditor.Search:ASIAI0B)
Imported 'GUID: 24d7cf5aef88e744c8286d9a8284922b' -> (Import Result ID: '8bcce0287677d8fce0d16a22e220b860') in 0.007 seconds [static and dynamic dependencies]. Details - ImportResultOutputID=d29db54fe93ed158ed7ad47fb96ef52f DependenciesID=4a2f151b7ec94170a8eaafa2fb4b8111 StaticDependenciesID=280b5508dd003435feda57ec8d2f291c 
Number of updated asset objects reloaded before import = 0
Number of asset objects unloaded after import = 1
========================================================================
Received Import Request.
  Time of request: 2026-09-30T06:25:02.8973923Z
  Time since last request: 0.0006933 seconds.
  importAddress: GUID: 779bb156b947fc84bac417176f75e320 - Path: Assets/Twinsanity/Baked/Beach/Beach_Scenery_Mesh_107 2.asset - Importer: ScriptedImporter/UnityEditor.QuickSearchModule:UnityEditor.Search:ASIAI0B
Importing 'GUID: 779bb156b947fc84bac417176f75e320 - Path: Assets/Twinsanity/Baked/Beach/Beach_Scenery_Mesh_107 2.asset - Importer: ScriptedImporter/UnityEditor.QuickSearchModule:UnityEditor.Search:ASIAI0B' with importer (ScriptedImporter : UnityEditor.QuickSearchModule:UnityEditor.Search:ASIAI0B)
Imported 'GUID: 779bb156b947fc84bac417176f75e320' -> (Import Result ID: '383e287504fdabf5e91b846bf298cff7') in 0.012 seconds [static and dynamic dependencies]. Details - ImportResultOutputID=7c2e5530f4d4c21728ad6becc5a28514 DependenciesID=6e7ef574c5ee08f476b7bcca0bec2504 StaticDependenciesID=16abb1057e0dfac658af022e3dc35c12 
Number of updated asset objects reloaded before import = 0
Number of asset objects unloaded after import = 1
========================================================================
Received Import Request.
  Time of request: 2026-09-30T06:25:02.9113227Z
  Time since last request: 0.0010884 seconds.
  importAddress: GUID: 2fbb864a192ff234d8c042628b3ef514 - Path: Assets/Twinsanity/Baked/Beach/Material_75 2.mat - Importer: ScriptedImporter/UnityEditor.QuickSearchModule:UnityEditor.Search:ASIAI0B
Importing 'GUID: 2fbb864a192ff234d8c042628b3ef514 - Path: Assets/Twinsanity/Baked/Beach/Material_75 2.mat - Importer: ScriptedImporter/UnityEditor.QuickSearchModule:UnityEditor.Search:ASIAI0B' with importer (ScriptedImporter : UnityEditor.QuickSearchModule:UnityEditor.Search:ASIAI0B)
Imported 'GUID: 2fbb864a192ff234d8c042628b3ef514' -> (Import Result ID: 'b3b4cb495ab60b085d434a4317e31e5c') in 0.016 seconds [static and dynamic dependencies]. Details - ImportResultOutputID=efe7ded54da4e244d4a52977d83737b7 DependenciesID=f767e17f44fe7fc72f3b0d88526cb4d9 StaticDependenciesID=8f2185c1c0b80e8e21b1e5421b727178 
Number of updated asset objects reloaded before import = 0
Number of asset objects unloaded after import = 2
========================================================================
Received Import Request.
  Time of request: 2026-09-30T06:25:02.9285481Z
  Time since last request: 0.0006612 seconds.
  importAddress: GUID: 13a8f6706e62b5a4aa3cdb002118b081 - Path: Assets/Twinsanity/Baked/Beach/Material_64 2.mat - Importer: ScriptedImporter/UnityEditor.QuickSearchModule:UnityEditor.Search:ASIAI0B
Importing 'GUID: 13a8f6706e62b5a4aa3cdb002118b081 - Path: Assets/Twinsanity/Baked/Beach/Material_64 2.mat - Importer: ScriptedImporter/UnityEditor.QuickSearchModule:UnityEditor.Search:ASIAI0B' with importer (ScriptedImporter : UnityEditor.QuickSearchModule:UnityEditor.Search:ASIAI0B)
Imported 'GUID: 13a8f6706e62b5a4aa3cdb002118b081' -> (Import Result ID: '8020078ad3347f6f2789ec5e9ee335d0') in 0.008 seconds [static and dynamic dependencies]. Details - ImportResultOutputID=f4695c100d57b1ded954dec09746f2a1 DependenciesID=203cd3593fe0ec9b7b8e6cf56339e1d4 StaticDependenciesID=cca6661edf61f2b8ba6335685624688b 
Number of updated asset objects reloaded before import = 0
Number of asset objects unloaded after import = 2
========================================================================
Received Import Request.
  Time of request: 2026-09-30T06:25:02.9378693Z
  Time since last request: 0.0012196 seconds.
  importAddress: GUID: c1af01ad7e6ceaa4381c79eca06f7509 - Path: Assets/Twinsanity/Baked/Beach/Material_115 2.mat - Importer: ScriptedImporter/UnityEditor.QuickSearchModule:UnityEditor.Search:ASIAI0B
Importing 'GUID: c1af01ad7e6ceaa4381c79eca06f7509 - Path: Assets/Twinsanity/Baked/Beach/Material_115 2.mat - Importer: ScriptedImporter/UnityEditor.QuickSearchModule:UnityEditor.Search:ASIAI0B' with importer (ScriptedImporter : UnityEditor.QuickSearchModule:UnityEditor.Search:ASIAI0B)
Imported 'GUID: c1af01ad7e6ceaa4381c79eca06f7509' -> (Import Result ID: 'c3758c6bd22571555c34efac8b8b3f5e') in 0.012 seconds [static and dynamic dependencies]. Details - ImportResultOutputID=644d11bc9add116cca9bb4c270709783 DependenciesID=b970d8ea4e0aa4c39375d8e4a079e2dc StaticDependenciesID=53b601b4209e3cbae1d0e6b1366c07b1 
Number of updated asset objects reloaded before import = 0
Number of asset objects unloaded after import = 2
========================================================================
Received Import Request.
  Time of request: 2026-09-30T06:25:02.9508399Z
  Time since last request: 0.000773 seconds.
  importAddress: GUID: bdb641a467b663042886040dc555cc70 - Path: Assets/Twinsanity/Baked/Beach/Beach_Scenery_Mesh_68 2.asset - Importer: ScriptedImporter/UnityEditor.QuickSearchModule:UnityEditor.Search:ASIAI0B
Importing 'GUID: bdb641a467b663042886040dc555cc70 - Path: Assets/Twinsanity/Baked/Beach/Beach_Scenery_Mesh_68 2.asset - Importer: ScriptedImporter/UnityEditor.QuickSearchModule:UnityEditor.Search:ASIAI0B' with importer (ScriptedImporter : UnityEditor.QuickSearchModule:UnityEditor.Search:ASIAI0B)
Imported 'GUID: bdb641a467b663042886040dc555cc70' -> (Import Result ID: '1e056b9a4ace018f0b073ac1c7ffb96b') in 0.009 seconds [static and dynamic dependencies]. Details - ImportResultOutputID=cbdd425a4834941f86b29ad98f7a1cc3 DependenciesID=acd6f8311ee738440bf11f11dbb34383 StaticDependenciesID=21975d2e7deb089f3823556dcc337d64 
Number of updated asset objects reloaded before import = 0
Number of asset objects unloaded after import = 1
========================================================================
Received Import Request.
  Time of request: 2026-09-30T06:25:02.9613475Z
  Time since last request: 0.000751 seconds.
  importAddress: GUID: 9a2d37457768f014a832449208326577 - Path: Assets/Twinsanity/Baked/Beach/Material_96 2.mat - Importer: ScriptedImporter/UnityEditor.QuickSearchModule:UnityEditor.Search:ASIAI0B
Importing 'GUID: 9a2d37457768f014a832449208326577 - Path: Assets/Twinsanity/Baked/Beach/Material_96 2.mat - Importer: ScriptedImporter/UnityEditor.QuickSearchModule:UnityEditor.Search:ASIAI0B' with importer (ScriptedImporter : UnityEditor.QuickSearchModule:UnityEditor.Search:ASIAI0B)
Imported 'GUID: 9a2d37457768f014a832449208326577' -> (Import Result ID: '1ce515a0e45273e85a9c151ad6a9970a') in 0.007 seconds [static and dynamic dependencies]. Details - ImportResultOutputID=012a85d28c08216a9794cff2faac95a8 DependenciesID=d423a1787d67a5f910980046c8cdc17a StaticDependenciesID=dda7e6f96439feaa298bb946d99e940c 
Number of updated asset objects reloaded before import = 0
Number of asset objects unloaded after import = 2
========================================================================
Received Import Request.
  Time of request: 2026-09-30T06:25:02.9693719Z
  Time since last request: 0.0005328 seconds.
  importAddress: GUID: c1399accf2c428248bbcc32e75d5ec8f - Path: Assets/Twinsanity/Baked/Beach/Beach_Scenery_Mesh_90 2.asset - Importer: ScriptedImporter/UnityEditor.QuickSearchModule:UnityEditor.Search:ASIAI0B
Importing 'GUID: c1399accf2c428248bbcc32e75d5ec8f - Path: Assets/Twinsanity/Baked/Beach/Beach_Scenery_Mesh_90 2.asset - Importer: ScriptedImporter/UnityEditor.QuickSearchModule:UnityEditor.Search:ASIAI0B' with importer (ScriptedImporter : UnityEditor.QuickSearchModule:UnityEditor.Search:ASIAI0B)
Imported 'GUID: c1399accf2c428248bbcc32e75d5ec8f' -> (Import Result ID: '8377ca6f913dfa006fdf4abc1cc1f23c') in 0.007 seconds [static and dynamic dependencies]. Details - ImportResultOutputID=de97fa81709bda569b0c1f5aa0856fc9 DependenciesID=b5df669e086173b1786f2d2fea998137 StaticDependenciesID=4e713e18686d93659bbc12c6feef5ee5 
Number of updated asset objects reloaded before import = 0
Number of asset objects unloaded after import = 1
========================================================================
Received Import Request.
  Time of request: 2026-09-30T06:25:02.9780312Z
  Time since last request: 0.000737 seconds.
  importAddress: GUID: 052a151760c666e4fb7a9e979f7437f0 - Path: Assets/Twinsanity/Baked/Beach/Material_62 2.mat - Importer: ScriptedImporter/UnityEditor.QuickSearchModule:UnityEditor.Search:ASIAI0B
Importing 'GUID: 052a151760c666e4fb7a9e979f7437f0 - Path: Assets/Twinsanity/Baked/Beach/Material_62 2.mat - Importer: ScriptedImporter/UnityEditor.QuickSearchModule:UnityEditor.Search:ASIAI0B' with importer (ScriptedImporter : UnityEditor.QuickSearchModule:UnityEditor.Search:ASIAI0B)
Imported 'GUID: 052a151760c666e4fb7a9e979f7437f0' -> (Import Result ID: '727f0e059e276d37caeaf1d14275fed5') in 0.007 seconds [static and dynamic dependencies]. Details - ImportResultOutputID=74d2844af0ec209d36d93380945cd48f DependenciesID=790940bf450a2198cd69736c1ca003e1 StaticDependenciesID=a5ea3655f20e0635fa0d2d7b09e87806 
Number of updated asset objects reloaded before import = 0
Number of asset objects unloaded after import = 2
========================================================================
Received Import Request.
  Time of request: 2026-09-30T06:25:02.9865997Z
  Time since last request: 0.0006748 seconds.
  importAddress: GUID: 941d8f1c0e5e85f4cb0608a571803d20 - Path: Assets/Twinsanity/Baked/Beach/Material_91 2.mat - Importer: ScriptedImporter/UnityEditor.QuickSearchModule:UnityEditor.Search:ASIAI0B
Importing 'GUID: 941d8f1c0e5e85f4cb0608a571803d20 - Path: Assets/Twinsanity/Baked/Beach/Material_91 2.mat - Importer: ScriptedImporter/UnityEditor.QuickSearchModule:UnityEditor.Search:ASIAI0B' with importer (ScriptedImporter : UnityEditor.QuickSearchModule:UnityEditor.Search:ASIAI0B)
Imported 'GUID: 941d8f1c0e5e85f4cb0608a571803d20' -> (Import Result ID: '86fe0dae1d18a88468e40ae07629cad5') in 0.009 seconds [static and dynamic dependencies]. Details - ImportResultOutputID=65b905f53ad47ad2fb1fbcb48f5c697c DependenciesID=f8fc2a03b2c83baedfcddce9e68f4e2a StaticDependenciesID=d18b1f3801ab65a82e94db8703719e16 
Number of updated asset objects reloaded before import = 0
Number of asset objects unloaded after import = 2
========================================================================
Received Import Request.
  Time of request: 2026-09-30T06:25:02.9969156Z
  Time since last request: 0.0007283 seconds.
  importAddress: GUID: 367188111f540604392b6abc057d47e7 - Path: Assets/Twinsanity/Baked/Beach/Beach_Scenery_Mesh_93 2.asset - Importer: ScriptedImporter/UnityEditor.QuickSearchModule:UnityEditor.Search:ASIAI0B
Importing 'GUID: 367188111f540604392b6abc057d47e7 - Path: Assets/Twinsanity/Baked/Beach/Beach_Scenery_Mesh_93 2.asset - Importer: ScriptedImporter/UnityEditor.QuickSearchModule:UnityEditor.Search:ASIAI0B' with importer (ScriptedImporter : UnityEditor.QuickSearchModule:UnityEditor.Search:ASIAI0B)
Imported 'GUID: 367188111f540604392b6abc057d47e7' -> (Import Result ID: 'b67ecd83f0709d27637c372024a6f9dc') in 0.006 seconds [static and dynamic dependencies]. Details - ImportResultOutputID=5c8edcc8b9f6d493543aee8ff4cda130 DependenciesID=837453c22f4dd12e8d644628c32875ef StaticDependenciesID=9aec0c59a83f7927b40645ecdf4c6e27 
Number of updated asset objects reloaded before import = 0
Number of asset objects unloaded after import = 1
========================================================================
Received Import Request.
  Time of request: 2026-09-30T06:25:03.0045107Z
  Time since last request: 0.0007148 seconds.
  importAddress: GUID: 5de5b7f41a7fd944dbd41f79bd00ace4 - Path: Assets/Twinsanity/Baked/Beach/Beach_Scenery_Mesh_101 2.asset - Importer: ScriptedImporter/UnityEditor.QuickSearchModule:UnityEditor.Search:ASIAI0B
Importing 'GUID: 5de5b7f41a7fd944dbd41f79bd00ace4 - Path: Assets/Twinsanity/Baked/Beach/Beach_Scenery_Mesh_101 2.asset - Importer: ScriptedImporter/UnityEditor.QuickSearchModule:UnityEditor.Search:ASIAI0B' with importer (ScriptedImporter : UnityEditor.QuickSearchModule:UnityEditor.Search:ASIAI0B)
Imported 'GUID: 5de5b7f41a7fd944dbd41f79bd00ace4' -> (Import Result ID: '4d7631cc523d7b0bc4cc08e3cfdea9a1') in 0.008 seconds [static and dynamic dependencies]. Details - ImportResultOutputID=27a1c913cd8779be2db9c96b25498b04 DependenciesID=274da4400a8d63d549ddb26c06b09dbc StaticDependenciesID=12830590c6180aebbf9e6bd82c3b08d3 
Number of updated asset objects reloaded before import = 0
Number of asset objects unloaded after import = 1
========================================================================
Received Import Request.
  Time of request: 2026-09-30T06:25:03.0140068Z
  Time since last request: 0.0008454 seconds.
  importAddress: GUID: 565c88b2c15dafe4bb704389e4bdea61 - Path: Assets/Twinsanity/Baked/Beach/Beach_Scenery_Mesh_92 2.asset - Importer: ScriptedImporter/UnityEditor.QuickSearchModule:UnityEditor.Search:ASIAI0B
Importing 'GUID: 565c88b2c15dafe4bb704389e4bdea61 - Path: Assets/Twinsanity/Baked/Beach/Beach_Scenery_Mesh_92 2.asset - Importer: ScriptedImporter/UnityEditor.QuickSearchModule:UnityEditor.Search:ASIAI0B' with importer (ScriptedImporter : UnityEditor.QuickSearchModule:UnityEditor.Search:ASIAI0B)
Imported 'GUID: 565c88b2c15dafe4bb704389e4bdea61' -> (Import Result ID: '46d6c494043d286c0e694be08f3a7ffb') in 0.007 seconds [static and dynamic dependencies]. Details - ImportResultOutputID=1101e4e27d7ab8a51a9f1c6e3fe13c28 DependenciesID=55a68b2d554dbbc3948f6bb4d3fbeaa1 StaticDependenciesID=35423b75771f9fda8b13d52f48c17e95 
Number of updated asset objects reloaded before import = 0
Number of asset objects unloaded after import = 1
========================================================================
Received Import Request.
  Time of request: 2026-09-30T06:25:03.0224864Z
  Time since last request: 0.0006486 seconds.
  importAddress: GUID: 2bdea344ba5aaa4488c1ca09d87a98a1 - Path: Assets/Twinsanity/Baked/Beach/Beach_Scenery_Mesh_60 2.asset - Importer: ScriptedImporter/UnityEditor.QuickSearchModule:UnityEditor.Search:ASIAI0B
Importing 'GUID: 2bdea344ba5aaa4488c1ca09d87a98a1 - Path: Assets/Twinsanity/Baked/Beach/Beach_Scenery_Mesh_60 2.asset - Importer: ScriptedImporter/UnityEditor.QuickSearchModule:UnityEditor.Search:ASIAI0B' with importer (ScriptedImporter : UnityEditor.QuickSearchModule:UnityEditor.Search:ASIAI0B)
Imported 'GUID: 2bdea344ba5aaa4488c1ca09d87a98a1' -> (Import Result ID: '2b5d4875cb5e22ad41b083fb36cf6649') in 0.006 seconds [static and dynamic dependencies]. Details - ImportResultOutputID=d17f56200ab83d5864bf0e7482a6fa53 DependenciesID=9ee538c512df3b96ba66f3ce76acc3ed StaticDependenciesID=c436106878be10a840c0dec45cfb9c07 
Number of updated asset objects reloaded before import = 0
Number of asset objects unloaded after import = 1
========================================================================
Received Import Request.
  Time of request: 2026-09-30T06:25:03.0295535Z
  Time since last request: 0.00063 seconds.
  importAddress: GUID: 023211c801025d54a970b4abb299f92c - Path: Assets/Twinsanity/Baked/Beach/Beach_Scenery_Mesh_77 2.asset - Importer: ScriptedImporter/UnityEditor.QuickSearchModule:UnityEditor.Search:ASIAI0B
Importing 'GUID: 023211c801025d54a970b4abb299f92c - Path: Assets/Twinsanity/Baked/Beach/Beach_Scenery_Mesh_77 2.asset - Importer: ScriptedImporter/UnityEditor.QuickSearchModule:UnityEditor.Search:ASIAI0B' with importer (ScriptedImporter : UnityEditor.QuickSearchModule:UnityEditor.Search:ASIAI0B)
Imported 'GUID: 023211c801025d54a970b4abb299f92c' -> (Import Result ID: '58505f00823b79934c92517f85c2d9db') in 0.006 seconds [static and dynamic dependencies]. Details - ImportResultOutputID=50cf172e5f98ed92d70928a56ff7fc5d DependenciesID=9fc65b7b8b91d00fa206800dcf91123a StaticDependenciesID=6e9c344beea6e239fae7559b919f8fda 
Number of updated asset objects reloaded before import = 0
Number of asset objects unloaded after import = 1
========================================================================
Received Import Request.
  Time of request: 2026-09-30T06:25:03.0370714Z
  Time since last request: 0.000762 seconds.
  importAddress: GUID: 6f84409fc564d4b44a2e370f26b46d7d - Path: Assets/Twinsanity/Baked/Beach/Material_111 2.mat - Importer: ScriptedImporter/UnityEditor.QuickSearchModule:UnityEditor.Search:ASIAI0B
Importing 'GUID: 6f84409fc564d4b44a2e370f26b46d7d - Path: Assets/Twinsanity/Baked/Beach/Material_111 2.mat - Importer: ScriptedImporter/UnityEditor.QuickSearchModule:UnityEditor.Search:ASIAI0B' with importer (ScriptedImporter : UnityEditor.QuickSearchModule:UnityEditor.Search:ASIAI0B)
Imported 'GUID: 6f84409fc564d4b44a2e370f26b46d7d' -> (Import Result ID: '1fb9f406cefa8030a9a98630215c2860') in 0.007 seconds [static and dynamic dependencies]. Details - ImportResultOutputID=37dc2982d227820b3c1c86d265980f22 DependenciesID=210245aeb90c25d19ac079c29c98231d StaticDependenciesID=8af78b90551b89fdecbae40754076548 
Number of updated asset objects reloaded before import = 0
Number of asset objects unloaded after import = 2
========================================================================
Received Import Request.
  Time of request: 2026-09-30T06:25:03.0455606Z
  Time since last request: 0.0006475 seconds.
  importAddress: GUID: f35aa58fed2f89b418aa1d548b11449d - Path: Assets/Twinsanity/Baked/Beach/Beach_Scenery_Mesh_120 2.asset - Importer: ScriptedImporter/UnityEditor.QuickSearchModule:UnityEditor.Search:ASIAI0B
Importing 'GUID: f35aa58fed2f89b418aa1d548b11449d - Path: Assets/Twinsanity/Baked/Beach/Beach_Scenery_Mesh_120 2.asset - Importer: ScriptedImporter/UnityEditor.QuickSearchModule:UnityEditor.Search:ASIAI0B' with importer (ScriptedImporter : UnityEditor.QuickSearchModule:UnityEditor.Search:ASIAI0B)
Imported 'GUID: f35aa58fed2f89b418aa1d548b11449d' -> (Import Result ID: 'f9f901a465ac212afdc779631d4f359b') in 0.006 seconds [static and dynamic dependencies]. Details - ImportResultOutputID=d4c6f7d02e953dfca44e821c63c3e66c DependenciesID=0d5d2b248de2e6ef9f40610c27988358 StaticDependenciesID=38e5f6e8499ea0ab9ff8be261ce0273b 
Number of updated asset objects reloaded before import = 0
Number of asset objects unloaded after import = 1
========================================================================
Received Import Request.
  Time of request: 2026-09-30T06:25:03.0528511Z
  Time since last request: 0.0006064 seconds.
  importAddress: GUID: e930fb7d63b32e744946d777a3f670db - Path: Assets/Twinsanity/Baked/Beach/Material_66 2.mat - Importer: ScriptedImporter/UnityEditor.QuickSearchModule:UnityEditor.Search:ASIAI0B
Importing 'GUID: e930fb7d63b32e744946d777a3f670db - Path: Assets/Twinsanity/Baked/Beach/Material_66 2.mat - Importer: ScriptedImporter/UnityEditor.QuickSearchModule:UnityEditor.Search:ASIAI0B' with importer (ScriptedImporter : UnityEditor.QuickSearchModule:UnityEditor.Search:ASIAI0B)
Imported 'GUID: e930fb7d63b32e744946d777a3f670db' -> (Import Result ID: '8ccc6c4a361eaccf6ec0452991a3b867') in 0.007 seconds [static and dynamic dependencies]. Details - ImportResultOutputID=2ef19e69dacba1605166a44457f810bd DependenciesID=67f670fb406cdffb35b5d536c9d02438 StaticDependenciesID=038cb5ef8c01cf51235529d7c9b351f2 
Number of updated asset objects reloaded before import = 0
Number of asset objects unloaded after import = 2
========================================================================
Received Import Request.
  Time of request: 2026-09-30T06:25:03.0612438Z
  Time since last request: 0.0006835 seconds.
  importAddress: GUID: 75e0a4a428ac968479dae6b67a5b8748 - Path: Assets/Twinsanity/Baked/Beach/Material_113 2.mat - Importer: ScriptedImporter/UnityEditor.QuickSearchModule:UnityEditor.Search:ASIAI0B
Importing 'GUID: 75e0a4a428ac968479dae6b67a5b8748 - Path: Assets/Twinsanity/Baked/Beach/Material_113 2.mat - Importer: ScriptedImporter/UnityEditor.QuickSearchModule:UnityEditor.Search:ASIAI0B' with importer (ScriptedImporter : UnityEditor.QuickSearchModule:UnityEditor.Search:ASIAI0B)
Imported 'GUID: 75e0a4a428ac968479dae6b67a5b8748' -> (Import Result ID: '2d8d61abc9aaf0a8f30edc0c9cb1c24c') in 0.012 seconds [static and dynamic dependencies]. Details - ImportResultOutputID=b6fb3159a00be2f375fd9d0d47c153f6 DependenciesID=b4e2bac45bbcff55dcb6c5dd1b4a0be6 StaticDependenciesID=095c3632768d881e16c81a4ea92f22de 
Number of updated asset objects reloaded before import = 0
Number of asset objects unloaded after import = 2
========================================================================
Received Import Request.
  Time of request: 2026-09-30T06:25:03.0740315Z
  Time since last request: 0.0005956 seconds.
  importAddress: GUID: 7c579da0ea68dc142bf5ba7308b0bff3 - Path: Assets/Twinsanity/Baked/Beach/Beach_Scenery_Mesh_70 2.asset - Importer: ScriptedImporter/UnityEditor.QuickSearchModule:UnityEditor.Search:ASIAI0B
Importing 'GUID: 7c579da0ea68dc142bf5ba7308b0bff3 - Path: Assets/Twinsanity/Baked/Beach/Beach_Scenery_Mesh_70 2.asset - Importer: ScriptedImporter/UnityEditor.QuickSearchModule:UnityEditor.Search:ASIAI0B' with importer (ScriptedImporter : UnityEditor.QuickSearchModule:UnityEditor.Search:ASIAI0B)
Imported 'GUID: 7c579da0ea68dc142bf5ba7308b0bff3' -> (Import Result ID: '4c95ad5a6331f9e9ad4f52bc00877725') in 0.005 seconds [static and dynamic dependencies]. Details - ImportResultOutputID=2c546887e06ae7b2967956fb4070c4c8 DependenciesID=2c092e0d1bea545933bb831051a9fe53 StaticDependenciesID=265369fefa1e56ca0295b67c1a579852 
Number of updated asset objects reloaded before import = 0
Number of asset objects unloaded after import = 1
========================================================================
Received Import Request.
  Time of request: 2026-09-30T06:25:03.0806377Z
  Time since last request: 0.000762 seconds.
  importAddress: GUID: f7470eab5cd6ed7419b75699cd243531 - Path: Assets/Twinsanity/Baked/Beach/Beach_Scenery_Mesh_74 2.asset - Importer: ScriptedImporter/UnityEditor.QuickSearchModule:UnityEditor.Search:ASIAI0B
Importing 'GUID: f7470eab5cd6ed7419b75699cd243531 - Path: Assets/Twinsanity/Baked/Beach/Beach_Scenery_Mesh_74 2.asset - Importer: ScriptedImporter/UnityEditor.QuickSearchModule:UnityEditor.Search:ASIAI0B' with importer (ScriptedImporter : UnityEditor.QuickSearchModule:UnityEditor.Search:ASIAI0B)
Imported 'GUID: f7470eab5cd6ed7419b75699cd243531' -> (Import Result ID: '2808bed2a56dfef54ac1ebf154a80446') in 0.008 seconds [static and dynamic dependencies]. Details - ImportResultOutputID=03459eefe8dc5db916ecf0ddbcf4cf2a DependenciesID=1d4066016ca68940614f1548b7e05949 StaticDependenciesID=957b4e1a01c7d4f592f94dd6485d05e7 
Number of updated asset objects reloaded before import = 0
Number of asset objects unloaded after import = 1
========================================================================
Received Import Request.
  Time of request: 2026-09-30T06:25:03.0898064Z
  Time since last request: 0.0005543 seconds.
  importAddress: GUID: fb59773c8b9b70c44935bea4bf034431 - Path: Assets/Twinsanity/Baked/Beach/Material_100 2.mat - Importer: ScriptedImporter/UnityEditor.QuickSearchModule:UnityEditor.Search:ASIAI0B
Importing 'GUID: fb59773c8b9b70c44935bea4bf034431 - Path: Assets/Twinsanity/Baked/Beach/Material_100 2.mat - Importer: ScriptedImporter/UnityEditor.QuickSearchModule:UnityEditor.Search:ASIAI0B' with importer (ScriptedImporter : UnityEditor.QuickSearchModule:UnityEditor.Search:ASIAI0B)
Imported 'GUID: fb59773c8b9b70c44935bea4bf034431' -> (Import Result ID: '28ba92c63a81c47f628130f8e9140249') in 0.008 seconds [static and dynamic dependencies]. Details - ImportResultOutputID=f70c96631229287122967138021e4f73 DependenciesID=e2ca4aaa701548f489c4b91232adc9d7 StaticDependenciesID=8e172ec087c01094a60199f6e963df5a 
Number of updated asset objects reloaded before import = 0
Number of asset objects unloaded after import = 2
========================================================================
Received Import Request.
  Time of request: 2026-09-30T06:25:03.0993347Z
  Time since last request: 0.0008037 seconds.
  importAddress: GUID: ecfbd04ed51a7ae49bd2cf04fcb939a9 - Path: Assets/Twinsanity/Baked/Beach/Beach_Scenery_Mesh_118 2.asset - Importer: ScriptedImporter/UnityEditor.QuickSearchModule:UnityEditor.Search:ASIAI0B
Importing 'GUID: ecfbd04ed51a7ae49bd2cf04fcb939a9 - Path: Assets/Twinsanity/Baked/Beach/Beach_Scenery_Mesh_118 2.asset - Importer: ScriptedImporter/UnityEditor.QuickSearchModule:UnityEditor.Search:ASIAI0B' with importer (ScriptedImporter : UnityEditor.QuickSearchModule:UnityEditor.Search:ASIAI0B)
Imported 'GUID: ecfbd04ed51a7ae49bd2cf04fcb939a9' -> (Import Result ID: 'e8021d8fe83863f24cf1625a6147a1ee') in 0.007 seconds [static and dynamic dependencies]. Details - ImportResultOutputID=2614657d872fa4c0d3fc32c700bb5ebf DependenciesID=ce7eb304380c93f57def8286f33d76d1 StaticDependenciesID=f2500e9ebd56107aac653cd12b3da59d 
Number of updated asset objects reloaded before import = 0
Number of asset objects unloaded after import = 1
========================================================================
Received Import Request.
  Time of request: 2026-09-30T06:25:03.1078422Z
  Time since last request: 0.0007348 seconds.
  importAddress: GUID: 8ebf45008e9c0004eafb47b167e18e2f - Path: Assets/Twinsanity/Baked/Beach/Beach_Scenery_Mesh_106 2.asset - Importer: ScriptedImporter/UnityEditor.QuickSearchModule:UnityEditor.Search:ASIAI0B
Importing 'GUID: 8ebf45008e9c0004eafb47b167e18e2f - Path: Assets/Twinsanity/Baked/Beach/Beach_Scenery_Mesh_106 2.asset - Importer: ScriptedImporter/UnityEditor.QuickSearchModule:UnityEditor.Search:ASIAI0B' with importer (ScriptedImporter : UnityEditor.QuickSearchModule:UnityEditor.Search:ASIAI0B)
Imported 'GUID: 8ebf45008e9c0004eafb47b167e18e2f' -> (Import Result ID: 'e6e237d42ef611be18b035e7949b6cbc') in 0.008 seconds [static and dynamic dependencies]. Details - ImportResultOutputID=6d891982aceb1f483a07e095ee050b32 DependenciesID=6769926bc775c45d5880bc500738f28a StaticDependenciesID=2d4bb29f5a6ef1e62cb06108692d5bf3 
Number of updated asset objects reloaded before import = 0
Number of asset objects unloaded after import = 1
========================================================================
Received Import Request.
  Time of request: 2026-09-30T06:25:03.1168159Z
  Time since last request: 0.0007914 seconds.
  importAddress: GUID: 10c931fb81efb0b46b935b4fbae4c630 - Path: Assets/Twinsanity/Baked/Beach/Beach_Scenery_Mesh_86 2.asset - Importer: ScriptedImporter/UnityEditor.QuickSearchModule:UnityEditor.Search:ASIAI0B
Importing 'GUID: 10c931fb81efb0b46b935b4fbae4c630 - Path: Assets/Twinsanity/Baked/Beach/Beach_Scenery_Mesh_86 2.asset - Importer: ScriptedImporter/UnityEditor.QuickSearchModule:UnityEditor.Search:ASIAI0B' with importer (ScriptedImporter : UnityEditor.QuickSearchModule:UnityEditor.Search:ASIAI0B)
Imported 'GUID: 10c931fb81efb0b46b935b4fbae4c630' -> (Import Result ID: 'b2478ca19c8c6d8ab26793e43307c989') in 0.015 seconds [static and dynamic dependencies]. Details - ImportResultOutputID=b43e69e6abcbefe1ded93546aad81d29 DependenciesID=6cd6434f4c9d9aca6d79c2b8ecd24962 StaticDependenciesID=a4b7c249d3a50160f9954b1fa78db98b 
Number of updated asset objects reloaded before import = 0
Number of asset objects unloaded after import = 1
========================================================================
Received Import Request.
  Time of request: 2026-09-30T06:25:03.1331918Z
  Time since last request: 0.0008526 seconds.
  importAddress: GUID: 1e31c937501defc489c106564276df66 - Path: Assets/Twinsanity/Baked/Beach/Beach_Scenery_Mesh_114 2.asset - Importer: ScriptedImporter/UnityEditor.QuickSearchModule:UnityEditor.Search:ASIAI0B
Importing 'GUID: 1e31c937501defc489c106564276df66 - Path: Assets/Twinsanity/Baked/Beach/Beach_Scenery_Mesh_114 2.asset - Importer: ScriptedImporter/UnityEditor.QuickSearchModule:UnityEditor.Search:ASIAI0B' with importer (ScriptedImporter : UnityEditor.QuickSearchModule:UnityEditor.Search:ASIAI0B)
Imported 'GUID: 1e31c937501defc489c106564276df66' -> (Import Result ID: '266c2c8c6c916fdbfb84e2bfd1d30423') in 0.008 seconds [static and dynamic dependencies]. Details - ImportResultOutputID=b8147c353e09b4f8bbeeda2a86fbd0b5 DependenciesID=f89beb06f764691c889543e27ff80f5e StaticDependenciesID=57da7cd46c371537a3d527f8dc7286f0 
Number of updated asset objects reloaded before import = 0
Number of asset objects unloaded after import = 1
========================================================================
Received Import Request.
  Time of request: 2026-09-30T06:25:03.1424746Z
  Time since last request: 0.0007142 seconds.
  importAddress: GUID: 897823595970d814dad583a9eeb11706 - Path: Assets/Twinsanity/Baked/Beach/Material_89 2.mat - Importer: ScriptedImporter/UnityEditor.QuickSearchModule:UnityEditor.Search:ASIAI0B
Importing 'GUID: 897823595970d814dad583a9eeb11706 - Path: Assets/Twinsanity/Baked/Beach/Material_89 2.mat - Importer: ScriptedImporter/UnityEditor.QuickSearchModule:UnityEditor.Search:ASIAI0B' with importer (ScriptedImporter : UnityEditor.QuickSearchModule:UnityEditor.Search:ASIAI0B)
Imported 'GUID: 897823595970d814dad583a9eeb11706' -> (Import Result ID: '8390c920cfa5704c203648d713d35af6') in 0.010 seconds [static and dynamic dependencies]. Details - ImportResultOutputID=ffb26de2e839f9c67164cdb9ce885669 DependenciesID=40ce3b65f7f37fc0b5d2e9e1984e60e1 StaticDependenciesID=3ef86324d27e02beddd5ce091ce99405 
Number of updated asset objects reloaded before import = 0
Number of asset objects unloaded after import = 2
========================================================================
Received Import Request.
  Time of request: 2026-09-30T06:25:03.1538608Z
  Time since last request: 0.0007241 seconds.
  importAddress: GUID: 3f0af7bdc5c4f8841829f0e1fde03a01 - Path: Assets/Twinsanity/Baked/Beach/Beach_Scenery_Mesh_83 2.asset - Importer: ScriptedImporter/UnityEditor.QuickSearchModule:UnityEditor.Search:ASIAI0B
Importing 'GUID: 3f0af7bdc5c4f8841829f0e1fde03a01 - Path: Assets/Twinsanity/Baked/Beach/Beach_Scenery_Mesh_83 2.asset - Importer: ScriptedImporter/UnityEditor.QuickSearchModule:UnityEditor.Search:ASIAI0B' with importer (ScriptedImporter : UnityEditor.QuickSearchModule:UnityEditor.Search:ASIAI0B)
Imported 'GUID: 3f0af7bdc5c4f8841829f0e1fde03a01' -> (Import Result ID: '930fc593924e8898ac052ba3cfd54185') in 0.012 seconds [static and dynamic dependencies]. Details - ImportResultOutputID=f15f8bedb02b1e36d2acb937bf5e0753 DependenciesID=5d751025eee645f4b2c111632b031c10 StaticDependenciesID=7ebcb64e9a80006ed0262950e4938405 
Number of updated asset objects reloaded before import = 0
Number of asset objects unloaded after import = 1
========================================================================
Received Import Request.
  Time of request: 2026-09-30T06:25:03.1683718Z
  Time since last request: 0.0010371 seconds.
  importAddress: GUID: 58d51973358ade44ba9f7dcb69e405c8 - Path: Assets/Twinsanity/Baked/Beach/Beach_Scenery_Mesh_76 2.asset - Importer: ScriptedImporter/UnityEditor.QuickSearchModule:UnityEditor.Search:ASIAI0B
Importing 'GUID: 58d51973358ade44ba9f7dcb69e405c8 - Path: Assets/Twinsanity/Baked/Beach/Beach_Scenery_Mesh_76 2.asset - Importer: ScriptedImporter/UnityEditor.QuickSearchModule:UnityEditor.Search:ASIAI0B' with importer (ScriptedImporter : UnityEditor.QuickSearchModule:UnityEditor.Search:ASIAI0B)
Imported 'GUID: 58d51973358ade44ba9f7dcb69e405c8' -> (Import Result ID: '187a7a472732646ce8d72418fdb9de30') in 0.014 seconds [static and dynamic dependencies]. Details - ImportResultOutputID=b9bef9c05b4935977952a4f2f14e379a DependenciesID=dd8a5e2f5e29ab7680e9d5703f802edb StaticDependenciesID=c910f47b73069b62ea9cb6c697bce4d3 
Number of updated asset objects reloaded before import = 0
Number of asset objects unloaded after import = 1
========================================================================
Received Import Request.
  Time of request: 2026-09-30T06:25:03.1847486Z
  Time since last request: 0.0011184 seconds.
  importAddress: GUID: b6ce26c49d92da54e8decd60fd85d480 - Path: Assets/Twinsanity/Baked/Beach/Beach_Scenery_Mesh_65 2.asset - Importer: ScriptedImporter/UnityEditor.QuickSearchModule:UnityEditor.Search:ASIAI0B
Importing 'GUID: b6ce26c49d92da54e8decd60fd85d480 - Path: Assets/Twinsanity/Baked/Beach/Beach_Scenery_Mesh_65 2.asset - Importer: ScriptedImporter/UnityEditor.QuickSearchModule:UnityEditor.Search:ASIAI0B' with importer (ScriptedImporter : UnityEditor.QuickSearchModule:UnityEditor.Search:ASIAI0B)
Imported 'GUID: b6ce26c49d92da54e8decd60fd85d480' -> (Import Result ID: '98756ec76789ce92f644fccf7bc09a75') in 0.010 seconds [static and dynamic dependencies]. Details - ImportResultOutputID=8b84e51f6edbe62ef903445731b5a48c DependenciesID=fc14ac580bacfdb5054b821a0639173d StaticDependenciesID=3e0b2e3f83e011cb65b741e36e522276 
Number of updated asset objects reloaded before import = 0
Number of asset objects unloaded after import = 1
========================================================================
Received Import Request.
  Time of request: 2026-09-30T06:25:03.1967648Z
  Time since last request: 0.0007497 seconds.
  importAddress: GUID: 0661838d7b2475c4183b728073ab2624 - Path: Assets/Twinsanity/Baked/Beach/Beach_Scenery_Mesh_58 2.asset - Importer: ScriptedImporter/UnityEditor.QuickSearchModule:UnityEditor.Search:ASIAI0B
Importing 'GUID: 0661838d7b2475c4183b728073ab2624 - Path: Assets/Twinsanity/Baked/Beach/Beach_Scenery_Mesh_58 2.asset - Importer: ScriptedImporter/UnityEditor.QuickSearchModule:UnityEditor.Search:ASIAI0B' with importer (ScriptedImporter : UnityEditor.QuickSearchModule:UnityEditor.Search:ASIAI0B)
Imported 'GUID: 0661838d7b2475c4183b728073ab2624' -> (Import Result ID: '02a98ae9e6d4f9516223958273fd3e92') in 0.007 seconds [static and dynamic dependencies]. Details - ImportResultOutputID=96d9ea0989dbd4f051b50b67dc229ebb DependenciesID=eb52a9a9e0d07c7895826980a4c93bfd StaticDependenciesID=a4de4128ee0996022dd3da6b5eb999f9 
Number of updated asset objects reloaded before import = 0
Number of asset objects unloaded after import = 1
========================================================================
Received Import Request.
  Time of request: 2026-09-30T06:25:03.2054196Z
  Time since last request: 0.0001122 seconds.
  importAddress: GUID: c13e28849c70cbb46a9f543fe6471b79 - Path: Assets/Twinsanity/Baked/Beach/Beach_Scenery_Mesh_78 2.asset - Importer: ScriptedImporter/UnityEditor.QuickSearchModule:UnityEditor.Search:ASIAI0B
Importing 'GUID: c13e28849c70cbb46a9f543fe6471b79 - Path: Assets/Twinsanity/Baked/Beach/Beach_Scenery_Mesh_78 2.asset - Importer: ScriptedImporter/UnityEditor.QuickSearchModule:UnityEditor.Search:ASIAI0B' with importer (ScriptedImporter : UnityEditor.QuickSearchModule:UnityEditor.Search:ASIAI0B)
Imported 'GUID: c13e28849c70cbb46a9f543fe6471b79' -> (Import Result ID: '30aea021a48a0e8cfa473767ea993443') in 0.007 seconds [static and dynamic dependencies]. Details - ImportResultOutputID=b2669ff777bd44cfec48cbe390de9907 DependenciesID=138640f73f7f409d6a2722c83a84a2c8 StaticDependenciesID=06c42b5b552eeaf162fa2ab7e9fced93 
Number of updated asset objects reloaded before import = 0
Number of asset objects unloaded after import = 1
========================================================================
Received Import Request.
  Time of request: 2026-09-30T06:25:03.2137495Z
  Time since last request: 0.0006585 seconds.
  importAddress: GUID: 021dd097c4046c64fb15d92882d9676a - Path: Assets/Twinsanity/Baked/Beach/Material_79 2.mat - Importer: ScriptedImporter/UnityEditor.QuickSearchModule:UnityEditor.Search:ASIAI0B
Importing 'GUID: 021dd097c4046c64fb15d92882d9676a - Path: Assets/Twinsanity/Baked/Beach/Material_79 2.mat - Importer: ScriptedImporter/UnityEditor.QuickSearchModule:UnityEditor.Search:ASIAI0B' with importer (ScriptedImporter : UnityEditor.QuickSearchModule:UnityEditor.Search:ASIAI0B)
Imported 'GUID: 021dd097c4046c64fb15d92882d9676a' -> (Import Result ID: '7987ea8cc8e76b7ddb54a8817c0eaeeb') in 0.007 seconds [static and dynamic dependencies]. Details - ImportResultOutputID=e6581c00f7e187b3afb04e18ad7fcd14 DependenciesID=1cd3cae97435d922e7390d509b6f9c99 StaticDependenciesID=ff19ce4011e022f8a3bb0cd42698b802 
Number of updated asset objects reloaded before import = 0
Number of asset objects unloaded after import = 2
========================================================================
Received Import Request.
  Time of request: 2026-09-30T06:25:03.2224136Z
  Time since last request: 0.0007359 seconds.
  importAddress: GUID: c4464f5397de4cc43abef140179056da - Path: Assets/Twinsanity/Baked/Beach/Beach_Scenery_Mesh_99 2.asset - Importer: ScriptedImporter/UnityEditor.QuickSearchModule:UnityEditor.Search:ASIAI0B
Importing 'GUID: c4464f5397de4cc43abef140179056da - Path: Assets/Twinsanity/Baked/Beach/Beach_Scenery_Mesh_99 2.asset - Importer: ScriptedImporter/UnityEditor.QuickSearchModule:UnityEditor.Search:ASIAI0B' with importer (ScriptedImporter : UnityEditor.QuickSearchModule:UnityEditor.Search:ASIAI0B)
Imported 'GUID: c4464f5397de4cc43abef140179056da' -> (Import Result ID: '97c59f77bc53a0b8eaf0d417d759f915') in 0.006 seconds [static and dynamic dependencies]. Details - ImportResultOutputID=54c8b062154d627272b7622d006f7779 DependenciesID=af90e70c53c0c7fa5e0ac831ef2fdc59 StaticDependenciesID=45106f7f803202db17daabac7375ee25 
Number of updated asset objects reloaded before import = 0
Number of asset objects unloaded after import = 1
========================================================================
Received Import Request.
  Time of request: 2026-09-30T06:25:03.2295763Z
  Time since last request: 0.0006446 seconds.
  importAddress: GUID: c772184cb97cbe641ad956e18b8ec036 - Path: Assets/Twinsanity/Baked/Beach/Beach_Scenery_Mesh_81 2.asset - Importer: ScriptedImporter/UnityEditor.QuickSearchModule:UnityEditor.Search:ASIAI0B
Importing 'GUID: c772184cb97cbe641ad956e18b8ec036 - Path: Assets/Twinsanity/Baked/Beach/Beach_Scenery_Mesh_81 2.asset - Importer: ScriptedImporter/UnityEditor.QuickSearchModule:UnityEditor.Search:ASIAI0B' with importer (ScriptedImporter : UnityEditor.QuickSearchModule:UnityEditor.Search:ASIAI0B)
Imported 'GUID: c772184cb97cbe641ad956e18b8ec036' -> (Import Result ID: '5ccd967d60e7e633507253b93ad895e8') in 0.007 seconds [static and dynamic dependencies]. Details - ImportResultOutputID=804851204836d9ef467966e56d6fad0e DependenciesID=0397f66db18d819e462667ac055bab3d StaticDependenciesID=326beb7f240002994def85599822ec39 
Number of updated asset objects reloaded before import = 0
Number of asset objects unloaded after import = 1
========================================================================
Received Import Request.
  Time of request: 2026-09-30T06:25:03.2382783Z
  Time since last request: 0.0008564 seconds.
  importAddress: GUID: 412e3968e1d109641962825d0c14f0d4 - Path: Assets/Twinsanity/Baked/Beach/Material_71 2.mat - Importer: ScriptedImporter/UnityEditor.QuickSearchModule:UnityEditor.Search:ASIAI0B
Importing 'GUID: 412e3968e1d109641962825d0c14f0d4 - Path: Assets/Twinsanity/Baked/Beach/Material_71 2.mat - Importer: ScriptedImporter/UnityEditor.QuickSearchModule:UnityEditor.Search:ASIAI0B' with importer (ScriptedImporter : UnityEditor.QuickSearchModule:UnityEditor.Search:ASIAI0B)
Imported 'GUID: 412e3968e1d109641962825d0c14f0d4' -> (Import Result ID: '48ca73308ee14455e22b6c087fff3277') in 0.008 seconds [static and dynamic dependencies]. Details - ImportResultOutputID=052d671cb7c5685fff9d3c40a559c2d8 DependenciesID=133d5f999ff217b8477975cb3927ad7e StaticDependenciesID=cb7b6e4be30ade64000e2b2394eca966 
Number of updated asset objects reloaded before import = 0
Number of asset objects unloaded after import = 2
========================================================================
Received Import Request.
  Time of request: 2026-09-30T06:25:03.2492264Z
  Time since last request: 0.0017959 seconds.
  importAddress: GUID: e599cb3e506ecfd4b9584d248db60cca - Path: Assets/Twinsanity/Baked/Beach/Beach_Scenery_Mesh_121 2.asset - Importer: ScriptedImporter/UnityEditor.QuickSearchModule:UnityEditor.Search:ASIAI0B
Importing 'GUID: e599cb3e506ecfd4b9584d248db60cca - Path: Assets/Twinsanity/Baked/Beach/Beach_Scenery_Mesh_121 2.asset - Importer: ScriptedImporter/UnityEditor.QuickSearchModule:UnityEditor.Search:ASIAI0B' with importer (ScriptedImporter : UnityEditor.QuickSearchModule:UnityEditor.Search:ASIAI0B)
Imported 'GUID: e599cb3e506ecfd4b9584d248db60cca' -> (Import Result ID: '964cdef094a3df0a5e375bf54ec9c276') in 0.009 seconds [static and dynamic dependencies]. Details - ImportResultOutputID=eeca6b6b79e68d979bee16543839d1a0 DependenciesID=939ca0f3af295016c741fbfa1c979938 StaticDependenciesID=275eb1126d62dd528ab9ac9ca63130b0 
Number of updated asset objects reloaded before import = 0
Number of asset objects unloaded after import = 1
========================================================================
Received Import Request.
  Time of request: 2026-09-30T06:25:03.2624902Z
  Time since last request: 0.0009594 seconds.
  importAddress: GUID: c3a7e0eed44487e4eb531291968b192e - Path: Assets/Twinsanity/Baked/Beach/Beach_Scenery_Mesh_116 2.asset - Importer: ScriptedImporter/UnityEditor.QuickSearchModule:UnityEditor.Search:ASIAI0B
Importing 'GUID: c3a7e0eed44487e4eb531291968b192e - Path: Assets/Twinsanity/Baked/Beach/Beach_Scenery_Mesh_116 2.asset - Importer: ScriptedImporter/UnityEditor.QuickSearchModule:UnityEditor.Search:ASIAI0B' with importer (ScriptedImporter : UnityEditor.QuickSearchModule:UnityEditor.Search:ASIAI0B)
Imported 'GUID: c3a7e0eed44487e4eb531291968b192e' -> (Import Result ID: 'f6a70e3b9096bd80756c60ed94d9da3d') in 0.064 seconds [static and dynamic dependencies]. Details - ImportResultOutputID=8d7bf978876d68b342b0caa17c8c7e2c DependenciesID=575cb7006c43e5eafd149b706fa6fd90 StaticDependenciesID=ff0c4d5f3a3d5ae4889f4bf9cc26ade0 
Number of updated asset objects reloaded before import = 0
Number of asset objects unloaded after import = 1
========================================================================
Received Import Request.
  Time of request: 2026-09-30T06:25:03.3283082Z
  Time since last request: 0.0008073 seconds.
  importAddress: GUID: 1ebcc62d263b8a643a5133982046b0a9 - Path: Assets/Twinsanity/Baked/Beach/Material_69 2.mat - Importer: ScriptedImporter/UnityEditor.QuickSearchModule:UnityEditor.Search:ASIAI0B
Importing 'GUID: 1ebcc62d263b8a643a5133982046b0a9 - Path: Assets/Twinsanity/Baked/Beach/Material_69 2.mat - Importer: ScriptedImporter/UnityEditor.QuickSearchModule:UnityEditor.Search:ASIAI0B' with importer (ScriptedImporter : UnityEditor.QuickSearchModule:UnityEditor.Search:ASIAI0B)
Imported 'GUID: 1ebcc62d263b8a643a5133982046b0a9' -> (Import Result ID: 'f8b196cebfa82a3a18d3cc53a6806961') in 0.014 seconds [static and dynamic dependencies]. Details - ImportResultOutputID=8428c10909d3877364170bfa56e8530f DependenciesID=27d310ae18c0562b81830da2d18aa675 StaticDependenciesID=08caf97325dd04ca0083cbcbc54500c3 
Number of updated asset objects reloaded before import = 0
Number of asset objects unloaded after import = 2
========================================================================
Received Import Request.
  Time of request: 2026-09-30T06:25:03.3443057Z
  Time since last request: 0.0007492 seconds.
  importAddress: GUID: f2fe79ea4113ed34aba0c59869a5655e - Path: Assets/Twinsanity/Baked/Beach/Beach_Scenery_Mesh_117 2.asset - Importer: ScriptedImporter/UnityEditor.QuickSearchModule:UnityEditor.Search:ASIAI0B
Importing 'GUID: f2fe79ea4113ed34aba0c59869a5655e - Path: Assets/Twinsanity/Baked/Beach/Beach_Scenery_Mesh_117 2.asset - Importer: ScriptedImporter/UnityEditor.QuickSearchModule:UnityEditor.Search:ASIAI0B' with importer (ScriptedImporter : UnityEditor.QuickSearchModule:UnityEditor.Search:ASIAI0B)
Imported 'GUID: f2fe79ea4113ed34aba0c59869a5655e' -> (Import Result ID: '568ae16e0fb993737af2a762ee0ee10c') in 0.013 seconds [static and dynamic dependencies]. Details - ImportResultOutputID=40b5b9e418d41891437a20974f387e18 DependenciesID=fe8d88af9b08d174881d4c56b4d5041a StaticDependenciesID=2c6a39fb4b26b762f2b78d0050c638a1 
Number of updated asset objects reloaded before import = 0
Number of asset objects unloaded after import = 1
========================================================================
Received Import Request.
  Time of request: 2026-09-30T06:25:03.359427Z
  Time since last request: 0.0007537 seconds.
  importAddress: GUID: a826949b04036aa42b442bd485785380 - Path: Assets/Twinsanity/Baked/Beach/Beach_Scenery_Mesh_67 2.asset - Importer: ScriptedImporter/UnityEditor.QuickSearchModule:UnityEditor.Search:ASIAI0B
Importing 'GUID: a826949b04036aa42b442bd485785380 - Path: Assets/Twinsanity/Baked/Beach/Beach_Scenery_Mesh_67 2.asset - Importer: ScriptedImporter/UnityEditor.QuickSearchModule:UnityEditor.Search:ASIAI0B' with importer (ScriptedImporter : UnityEditor.QuickSearchModule:UnityEditor.Search:ASIAI0B)
Imported 'GUID: a826949b04036aa42b442bd485785380' -> (Import Result ID: 'b276d9810be1e0ee2631afa9953dc92a') in 0.007 seconds [static and dynamic dependencies]. Details - ImportResultOutputID=42425bcbba71d1f6e208ff696c4b6b94 DependenciesID=e99e9c5797931bf9358486c2dcf633e2 StaticDependenciesID=9a25edddd50e0d37c30aace8ed376c96 
Number of updated asset objects reloaded before import = 0
Number of asset objects unloaded after import = 1
========================================================================
Received Import Request.
  Time of request: 2026-09-30T06:25:03.3694069Z
  Time since last request: 0.0021378 seconds.
  importAddress: GUID: 3eb5a084f6fb6e542b967015f0585133 - Path: Assets/Twinsanity/Baked/Beach/Material_104 2.mat - Importer: ScriptedImporter/UnityEditor.QuickSearchModule:UnityEditor.Search:ASIAI0B
Importing 'GUID: 3eb5a084f6fb6e542b967015f0585133 - Path: Assets/Twinsanity/Baked/Beach/Material_104 2.mat - Importer: ScriptedImporter/UnityEditor.QuickSearchModule:UnityEditor.Search:ASIAI0B' with importer (ScriptedImporter : UnityEditor.QuickSearchModule:UnityEditor.Search:ASIAI0B)
Imported 'GUID: 3eb5a084f6fb6e542b967015f0585133' -> (Import Result ID: '822209937dafbf2840a62246528810eb') in 0.008 seconds [static and dynamic dependencies]. Details - ImportResultOutputID=82d968d9d941721c88f4b60036240c8c DependenciesID=95b38989c749fc64910da3329bedf64a StaticDependenciesID=ba56b958beacbaef004392a9499473f5 
Number of updated asset objects reloaded before import = 0
Number of asset objects unloaded after import = 2
========================================================================
Received Import Request.
  Time of request: 2026-09-30T06:25:03.3790091Z
  Time since last request: 0.000602 seconds.
  importAddress: GUID: 7f29d89b30dc088478bcc1a3cf182608 - Path: Assets/Twinsanity/Baked/Beach/Beach_Scenery_Mesh_97 2.asset - Importer: ScriptedImporter/UnityEditor.QuickSearchModule:UnityEditor.Search:ASIAI0B
Importing 'GUID: 7f29d89b30dc088478bcc1a3cf182608 - Path: Assets/Twinsanity/Baked/Beach/Beach_Scenery_Mesh_97 2.asset - Importer: ScriptedImporter/UnityEditor.QuickSearchModule:UnityEditor.Search:ASIAI0B' with importer (ScriptedImporter : UnityEditor.QuickSearchModule:UnityEditor.Search:ASIAI0B)
Imported 'GUID: 7f29d89b30dc088478bcc1a3cf182608' -> (Import Result ID: '4d3bf4a2a5de6c09638150ac16e60175') in 0.006 seconds [static and dynamic dependencies]. Details - ImportResultOutputID=d1c14bf490b394d227435241776ce64b DependenciesID=8aadce767c0025fd85d34e12c5135ce3 StaticDependenciesID=0c52fa7d5c3b75f6f9ad2a04a3b7cc44 
Number of updated asset objects reloaded before import = 0
Number of asset objects unloaded after import = 1
========================================================================
Received Import Request.
  Time of request: 2026-09-30T06:25:03.386035Z
  Time since last request: 0.0007741 seconds.
  importAddress: GUID: a29808f1f4ebb2845adb72720d81475b - Path: Assets/Twinsanity/Baked/Beach/Beach_Scenery_Mesh_103 2.asset - Importer: ScriptedImporter/UnityEditor.QuickSearchModule:UnityEditor.Search:ASIAI0B
Importing 'GUID: a29808f1f4ebb2845adb72720d81475b - Path: Assets/Twinsanity/Baked/Beach/Beach_Scenery_Mesh_103 2.asset - Importer: ScriptedImporter/UnityEditor.QuickSearchModule:UnityEditor.Search:ASIAI0B' with importer (ScriptedImporter : UnityEditor.QuickSearchModule:UnityEditor.Search:ASIAI0B)
Imported 'GUID: a29808f1f4ebb2845adb72720d81475b' -> (Import Result ID: '33147773df6e5040d2f7e61951e0a894') in 0.007 seconds [static and dynamic dependencies]. Details - ImportResultOutputID=fa83cea7e8ce434174e830cf6f00fb6c DependenciesID=f564ed38ead2728f7844f7fc13ca2362 StaticDependenciesID=a2b1c605f5e0080b661a3cbea5979dd4 
Number of updated asset objects reloaded before import = 0
Number of asset objects unloaded after import = 1
========================================================================
Received Import Request.
  Time of request: 2026-09-30T06:25:03.3936798Z
  Time since last request: 0.0006933 seconds.
  importAddress: GUID: 1ea12f622445e534487fc003a889923b - Path: Assets/Twinsanity/Baked/Beach/Beach_Scenery_Mesh_112 2.asset - Importer: ScriptedImporter/UnityEditor.QuickSearchModule:UnityEditor.Search:ASIAI0B
Importing 'GUID: 1ea12f622445e534487fc003a889923b - Path: Assets/Twinsanity/Baked/Beach/Beach_Scenery_Mesh_112 2.asset - Importer: ScriptedImporter/UnityEditor.QuickSearchModule:UnityEditor.Search:ASIAI0B' with importer (ScriptedImporter : UnityEditor.QuickSearchModule:UnityEditor.Search:ASIAI0B)
Imported 'GUID: 1ea12f622445e534487fc003a889923b' -> (Import Result ID: '0d06e64306b97d228c2244a48acaa3fe') in 0.008 seconds [static and dynamic dependencies]. Details - ImportResultOutputID=7d47734dea353c59d92868dfd450485c DependenciesID=17f47128e7a623fc7d1edc9e2ac3dc49 StaticDependenciesID=c39403994e989d0a362196971f7dbae6 
Number of updated asset objects reloaded before import = 0
Number of asset objects unloaded after import = 1
========================================================================
Received Import Request.
  Time of request: 2026-09-30T06:25:03.4023137Z
  Time since last request: 0.0005697 seconds.
  importAddress: GUID: 654fe8188475b7a4ea234b7f064a3acf - Path: Assets/Twinsanity/Baked/Beach/Material_94 2.mat - Importer: ScriptedImporter/UnityEditor.QuickSearchModule:UnityEditor.Search:ASIAI0B
Importing 'GUID: 654fe8188475b7a4ea234b7f064a3acf - Path: Assets/Twinsanity/Baked/Beach/Material_94 2.mat - Importer: ScriptedImporter/UnityEditor.QuickSearchModule:UnityEditor.Search:ASIAI0B' with importer (ScriptedImporter : UnityEditor.QuickSearchModule:UnityEditor.Search:ASIAI0B)
Imported 'GUID: 654fe8188475b7a4ea234b7f064a3acf' -> (Import Result ID: '7de5de4987cbb22572cc25f0969a4103') in 0.014 seconds [static and dynamic dependencies]. Details - ImportResultOutputID=76253baafae99f7f1c01685c6f1104fd DependenciesID=e878a332a90c6e29295d286ef2cd5e58 StaticDependenciesID=1fa01763a3f2ca9089b9bfd38534d05b 
Number of updated asset objects reloaded before import = 0
Number of asset objects unloaded after import = 2
========================================================================
Received Import Request.
  Time of request: 2026-09-30T06:25:03.4329225Z
  Time since last request: 0.01628 seconds.
  importAddress: GUID: e98376eb0a0907e448b358184a0f7dc7 - Path: Assets/Twinsanity/Baked/Beach/Material_149 2.mat - Importer: ScriptedImporter/UnityEditor.QuickSearchModule:UnityEditor.Search:ASIAI0B
Importing 'GUID: e98376eb0a0907e448b358184a0f7dc7 - Path: Assets/Twinsanity/Baked/Beach/Material_149 2.mat - Importer: ScriptedImporter/UnityEditor.QuickSearchModule:UnityEditor.Search:ASIAI0B' with importer (ScriptedImporter : UnityEditor.QuickSearchModule:UnityEditor.Search:ASIAI0B)
Imported 'GUID: e98376eb0a0907e448b358184a0f7dc7' -> (Import Result ID: '9d6e32df271c4305955db6815a506f94') in 0.014 seconds [static and dynamic dependencies]. Details - ImportResultOutputID=b74b999a70743cb21b1f3985126cd53b DependenciesID=da38cc7f19d9882f99e844bc38cf9603 StaticDependenciesID=b1cedb3deafcf18ab104786f2d9032a8 
Number of updated asset objects reloaded before import = 0
Number of asset objects unloaded after import = 2
========================================================================
Received Import Request.
  Time of request: 2026-09-30T06:25:03.4486077Z
  Time since last request: 0.0014852 seconds.
  importAddress: GUID: c9783b9d02cedaf4b91259c9615ff239 - Path: Assets/Twinsanity/Baked/Beach/Bossarea_Scenery_Mesh_158 2.asset - Importer: ScriptedImporter/UnityEditor.QuickSearchModule:UnityEditor.Search:ASIAI0B
Importing 'GUID: c9783b9d02cedaf4b91259c9615ff239 - Path: Assets/Twinsanity/Baked/Beach/Bossarea_Scenery_Mesh_158 2.asset - Importer: ScriptedImporter/UnityEditor.QuickSearchModule:UnityEditor.Search:ASIAI0B' with importer (ScriptedImporter : UnityEditor.QuickSearchModule:UnityEditor.Search:ASIAI0B)
Imported 'GUID: c9783b9d02cedaf4b91259c9615ff239' -> (Import Result ID: '1859b98066b9acd3824cdd1383457835') in 0.010 seconds [static and dynamic dependencies]. Details - ImportResultOutputID=a0902999a33f53c7a0f592f761868fb1 DependenciesID=0a8e04d8251c6714601663ec1af780ad StaticDependenciesID=9c1c0e01366ad2e65005fa2f82900743 
Number of updated asset objects reloaded before import = 0
Number of asset objects unloaded after import = 1
========================================================================
Received Import Request.
  Time of request: 2026-09-30T06:25:03.4602308Z
  Time since last request: 0.0006738 seconds.
  importAddress: GUID: 59609a11c541e1244a8bf6dee929b623 - Path: Assets/Twinsanity/Baked/Beach/Beach_Scenery_Mesh_143 2.asset - Importer: ScriptedImporter/UnityEditor.QuickSearchModule:UnityEditor.Search:ASIAI0B
Importing 'GUID: 59609a11c541e1244a8bf6dee929b623 - Path: Assets/Twinsanity/Baked/Beach/Beach_Scenery_Mesh_143 2.asset - Importer: ScriptedImporter/UnityEditor.QuickSearchModule:UnityEditor.Search:ASIAI0B' with importer (ScriptedImporter : UnityEditor.QuickSearchModule:UnityEditor.Search:ASIAI0B)
Imported 'GUID: 59609a11c541e1244a8bf6dee929b623' -> (Import Result ID: '4aaceda2d6a0c30bd7e10c846836fedd') in 0.007 seconds [static and dynamic dependencies]. Details - ImportResultOutputID=b547522d086175a6329b58e4ec67c08c DependenciesID=cd005b478a7eba14f30d6d8b45b08fc3 StaticDependenciesID=cc8a32cc9627aedf642b500a2a1ad1d4 
Number of updated asset objects reloaded before import = 0
Number of asset objects unloaded after import = 1
========================================================================
Received Import Request.
  Time of request: 2026-09-30T06:25:03.469343Z
  Time since last request: 0.0009498 seconds.
  importAddress: GUID: 60f187bed20ed6642aff620c3a514851 - Path: Assets/Twinsanity/Baked/Beach/Beach_Scenery_Mesh_146 2.asset - Importer: ScriptedImporter/UnityEditor.QuickSearchModule:UnityEditor.Search:ASIAI0B
Importing 'GUID: 60f187bed20ed6642aff620c3a514851 - Path: Assets/Twinsanity/Baked/Beach/Beach_Scenery_Mesh_146 2.asset - Importer: ScriptedImporter/UnityEditor.QuickSearchModule:UnityEditor.Search:ASIAI0B' with importer (ScriptedImporter : UnityEditor.QuickSearchModule:UnityEditor.Search:ASIAI0B)
Imported 'GUID: 60f187bed20ed6642aff620c3a514851' -> (Import Result ID: 'fa310e3fe2e229df34faa3c77bd3964d') in 0.032 seconds [static and dynamic dependencies]. Details - ImportResultOutputID=7958117cd069952d8b36cd053da4e24e DependenciesID=ccbdb3caa13995b5d067c8af44e017fe StaticDependenciesID=3b42fa13f4a7543eaa27939b3341b042 
Number of updated asset objects reloaded before import = 0
Number of asset objects unloaded after import = 1
========================================================================
Received Import Request.
  Time of request: 2026-09-30T06:25:03.5037269Z
  Time since last request: 0.0011864 seconds.
  importAddress: GUID: 4ac08ed896db566458131f5048ff8a88 - Path: Assets/Twinsanity/Baked/Beach/Beach_Scenery_Mesh_127 2.asset - Importer: ScriptedImporter/UnityEditor.QuickSearchModule:UnityEditor.Search:ASIAI0B
Importing 'GUID: 4ac08ed896db566458131f5048ff8a88 - Path: Assets/Twinsanity/Baked/Beach/Beach_Scenery_Mesh_127 2.asset - Importer: ScriptedImporter/UnityEditor.QuickSearchModule:UnityEditor.Search:ASIAI0B' with importer (ScriptedImporter : UnityEditor.QuickSearchModule:UnityEditor.Search:ASIAI0B)
Imported 'GUID: 4ac08ed896db566458131f5048ff8a88' -> (Import Result ID: 'b060fd28960e654aeebcb75ecdf3ba09') in 0.013 seconds [static and dynamic dependencies]. Details - ImportResultOutputID=04baafc9110b3461dc8318bdcb403fe4 DependenciesID=122375215cbdc38277425ec3e8312a31 StaticDependenciesID=1532e8337cdef0a0ab65529169eca9f1 
Number of updated asset objects reloaded before import = 0
Number of asset objects unloaded after import = 1
========================================================================
Received Import Request.
  Time of request: 2026-09-30T06:25:03.518625Z
  Time since last request: 0.0009272 seconds.
  importAddress: GUID: 395f3aaf116221d44934d5bed0ed06a2 - Path: Assets/Twinsanity/Baked/Beach/Bossarea_Scenery_Mesh_156 2.asset - Importer: ScriptedImporter/UnityEditor.QuickSearchModule:UnityEditor.Search:ASIAI0B
Importing 'GUID: 395f3aaf116221d44934d5bed0ed06a2 - Path: Assets/Twinsanity/Baked/Beach/Bossarea_Scenery_Mesh_156 2.asset - Importer: ScriptedImporter/UnityEditor.QuickSearchModule:UnityEditor.Search:ASIAI0B' with importer (ScriptedImporter : UnityEditor.QuickSearchModule:UnityEditor.Search:ASIAI0B)
Imported 'GUID: 395f3aaf116221d44934d5bed0ed06a2' -> (Import Result ID: 'f1419379c935dbe100b701328934cd42') in 0.010 seconds [static and dynamic dependencies]. Details - ImportResultOutputID=9bdf794fc5b604f95f54e1ac82f083f4 DependenciesID=b79f88899d6fcc7e1b9c7babd47a4b28 StaticDependenciesID=88f579e7d0b5a91461a5789471370dc5 
Number of updated asset objects reloaded before import = 0
Number of asset objects unloaded after import = 1
========================================================================
Received Import Request.
  Time of request: 2026-09-30T06:25:03.5310341Z
  Time since last request: 0.0019563 seconds.
  importAddress: GUID: 1d28b6e5d1d4822479c1559b34783481 - Path: Assets/Twinsanity/Baked/Beach/Material_184 2.mat - Importer: ScriptedImporter/UnityEditor.QuickSearchModule:UnityEditor.Search:ASIAI0B
Importing 'GUID: 1d28b6e5d1d4822479c1559b34783481 - Path: Assets/Twinsanity/Baked/Beach/Material_184 2.mat - Importer: ScriptedImporter/UnityEditor.QuickSearchModule:UnityEditor.Search:ASIAI0B' with importer (ScriptedImporter : UnityEditor.QuickSearchModule:UnityEditor.Search:ASIAI0B)
Imported 'GUID: 1d28b6e5d1d4822479c1559b34783481' -> (Import Result ID: '4bbdcaddb9da89693b9d543cbae5e231') in 0.019 seconds [static and dynamic dependencies]. Details - ImportResultOutputID=ba7e43869e65a87742db28c9444b7caf DependenciesID=02ed5ad76bdca269db58ff7d8548776a StaticDependenciesID=422fe2efd9fe81ebda3ea71efddc4ce7 
Number of updated asset objects reloaded before import = 0
Number of asset objects unloaded after import = 2
========================================================================
Received Import Request.
  Time of request: 2026-09-30T06:25:03.5528008Z
  Time since last request: 0.0003568 seconds.
  importAddress: GUID: 432a7c9536a3f904ca3234dc1019e92b - Path: Assets/Twinsanity/Baked/Beach/Bossarea_Scenery_Mesh_168 2.asset - Importer: ScriptedImporter/UnityEditor.QuickSearchModule:UnityEditor.Search:ASIAI0B
Importing 'GUID: 432a7c9536a3f904ca3234dc1019e92b - Path: Assets/Twinsanity/Baked/Beach/Bossarea_Scenery_Mesh_168 2.asset - Importer: ScriptedImporter/UnityEditor.QuickSearchModule:UnityEditor.Search:ASIAI0B' with importer (ScriptedImporter : UnityEditor.QuickSearchModule:UnityEditor.Search:ASIAI0B)
Imported 'GUID: 432a7c9536a3f904ca3234dc1019e92b' -> (Import Result ID: '0e249650341b2e673730978297741c2a') in 0.013 seconds [static and dynamic dependencies]. Details - ImportResultOutputID=6f584c4fcaca5134c77996b4864909d7 DependenciesID=9a6d52eff21c7cb030c302ce2f13c737 StaticDependenciesID=c312bfcf62110127402c186a08b3f3ff 
Number of updated asset objects reloaded before import = 0
Number of asset objects unloaded after import = 1
========================================================================
Received Import Request.
  Time of request: 2026-09-30T06:25:03.5676733Z
  Time since last request: 0.0006439 seconds.
  importAddress: GUID: db5ab57ba7da18a4e95891b43b86e84b - Path: Assets/Twinsanity/Baked/Beach/Bossarea_Scenery_Mesh_165 2.asset - Importer: ScriptedImporter/UnityEditor.QuickSearchModule:UnityEditor.Search:ASIAI0B
Importing 'GUID: db5ab57ba7da18a4e95891b43b86e84b - Path: Assets/Twinsanity/Baked/Beach/Bossarea_Scenery_Mesh_165 2.asset - Importer: ScriptedImporter/UnityEditor.QuickSearchModule:UnityEditor.Search:ASIAI0B' with importer (ScriptedImporter : UnityEditor.QuickSearchModule:UnityEditor.Search:ASIAI0B)
Imported 'GUID: db5ab57ba7da18a4e95891b43b86e84b' -> (Import Result ID: '560e181f6f6082f60c551b64d8d2aaaa') in 0.008 seconds [static and dynamic dependencies]. Details - ImportResultOutputID=bf52641621e1ae79b50b4c31846c6ccb DependenciesID=a509657cf64c7ce68ef7e72d114acc80 StaticDependenciesID=d9e033ea2caaf20eab21843aa5ece67b 
Number of updated asset objects reloaded before import = 0
Number of asset objects unloaded after import = 1
========================================================================
Received Import Request.
  Time of request: 2026-09-30T06:25:03.5773532Z
  Time since last request: 0.0007156 seconds.
  importAddress: GUID: aa4614208fc0c184bad28b1baad4b912 - Path: Assets/Twinsanity/Baked/Beach/Beach_Scenery_Mesh_135 2.asset - Importer: ScriptedImporter/UnityEditor.QuickSearchModule:UnityEditor.Search:ASIAI0B
Importing 'GUID: aa4614208fc0c184bad28b1baad4b912 - Path: Assets/Twinsanity/Baked/Beach/Beach_Scenery_Mesh_135 2.asset - Importer: ScriptedImporter/UnityEditor.QuickSearchModule:UnityEditor.Search:ASIAI0B' with importer (ScriptedImporter : UnityEditor.QuickSearchModule:UnityEditor.Search:ASIAI0B)
Imported 'GUID: aa4614208fc0c184bad28b1baad4b912' -> (Import Result ID: '79aff80cc6353b5e680f13627d7a7600') in 0.007 seconds [static and dynamic dependencies]. Details - ImportResultOutputID=06ee9cb1d559389a03c89cefaabc0d2f DependenciesID=a59f6abff57da94da7c2560eb2d88771 StaticDependenciesID=230668a6392878d7b80e43fbbb181f13 
Number of updated asset objects reloaded before import = 0
Number of asset objects unloaded after import = 1
========================================================================
Received Import Request.
  Time of request: 2026-09-30T06:25:03.586233Z
  Time since last request: 0.0009845 seconds.
  importAddress: GUID: bed11708a6a4fa04698a1c534b69d2a9 - Path: Assets/Twinsanity/Baked/Beach/Beach_Scenery_Mesh_145 2.asset - Importer: ScriptedImporter/UnityEditor.QuickSearchModule:UnityEditor.Search:ASIAI0B
Importing 'GUID: bed11708a6a4fa04698a1c534b69d2a9 - Path: Assets/Twinsanity/Baked/Beach/Beach_Scenery_Mesh_145 2.asset - Importer: ScriptedImporter/UnityEditor.QuickSearchModule:UnityEditor.Search:ASIAI0B' with importer (ScriptedImporter : UnityEditor.QuickSearchModule:UnityEditor.Search:ASIAI0B)
Imported 'GUID: bed11708a6a4fa04698a1c534b69d2a9' -> (Import Result ID: '187efd03fe631623c5aac19237cc5568') in 0.008 seconds [static and dynamic dependencies]. Details - ImportResultOutputID=832dd0ca26876c1635be8a87ba0288da DependenciesID=c93d1b4346d915892ee3967f68791303 StaticDependenciesID=837cb6228a5bb8db8536bffc44c10c89 
Number of updated asset objects reloaded before import = 0
Number of asset objects unloaded after import = 1
========================================================================
Received Import Request.
  Time of request: 2026-09-30T06:25:03.5954594Z
  Time since last request: 0.0006243 seconds.
  importAddress: GUID: 1a5fd82ca0a1a704d911da7573b47e03 - Path: Assets/Twinsanity/Baked/Beach/Bossarea_Scenery_Mesh_185 2.asset - Importer: ScriptedImporter/UnityEditor.QuickSearchModule:UnityEditor.Search:ASIAI0B
Importing 'GUID: 1a5fd82ca0a1a704d911da7573b47e03 - Path: Assets/Twinsanity/Baked/Beach/Bossarea_Scenery_Mesh_185 2.asset - Importer: ScriptedImporter/UnityEditor.QuickSearchModule:UnityEditor.Search:ASIAI0B' with importer (ScriptedImporter : UnityEditor.QuickSearchModule:UnityEditor.Search:ASIAI0B)
Imported 'GUID: 1a5fd82ca0a1a704d911da7573b47e03' -> (Import Result ID: 'be95e6dd30b6c2ae5be6e23c6823a83f') in 0.007 seconds [static and dynamic dependencies]. Details - ImportResultOutputID=a39aa1ffaea8812ab932da1b499fc1cb DependenciesID=980525934cf8956162614b385086af9a StaticDependenciesID=4dd99b6f3019526e5173d4e031b6ab54 
Number of updated asset objects reloaded before import = 0
Number of asset objects unloaded after import = 1
========================================================================
Received Import Request.
  Time of request: 2026-09-30T06:25:03.6052724Z
  Time since last request: 0.0019714 seconds.
  importAddress: GUID: 30fbf2f44727acb4fb01031563a5af37 - Path: Assets/Twinsanity/Baked/Beach/Material_128 2.mat - Importer: ScriptedImporter/UnityEditor.QuickSearchModule:UnityEditor.Search:ASIAI0B
Importing 'GUID: 30fbf2f44727acb4fb01031563a5af37 - Path: Assets/Twinsanity/Baked/Beach/Material_128 2.mat - Importer: ScriptedImporter/UnityEditor.QuickSearchModule:UnityEditor.Search:ASIAI0B' with importer (ScriptedImporter : UnityEditor.QuickSearchModule:UnityEditor.Search:ASIAI0B)
Imported 'GUID: 30fbf2f44727acb4fb01031563a5af37' -> (Import Result ID: '5e3566d96a7b676546a6c65e0c6df508') in 0.014 seconds [static and dynamic dependencies]. Details - ImportResultOutputID=5695adb7cea3eb06445708e3a678e161 DependenciesID=d59b559be27b18ff2ca17d16a0f12a6d StaticDependenciesID=49df047c816f4770bf62a466812885ef 
Number of updated asset objects reloaded before import = 0
Number of asset objects unloaded after import = 2
========================================================================
Received Import Request.
  Time of request: 2026-09-30T06:25:03.6214771Z
  Time since last request: 0.0011661 seconds.
  importAddress: GUID: 8f550a0775473e84381e6036705338be - Path: Assets/Twinsanity/Baked/Beach/Bossarea_Scenery_Mesh_150 2.asset - Importer: ScriptedImporter/UnityEditor.QuickSearchModule:UnityEditor.Search:ASIAI0B
Importing 'GUID: 8f550a0775473e84381e6036705338be - Path: Assets/Twinsanity/Baked/Beach/Bossarea_Scenery_Mesh_150 2.asset - Importer: ScriptedImporter/UnityEditor.QuickSearchModule:UnityEditor.Search:ASIAI0B' with importer (ScriptedImporter : UnityEditor.QuickSearchModule:UnityEditor.Search:ASIAI0B)
Imported 'GUID: 8f550a0775473e84381e6036705338be' -> (Import Result ID: 'd3b5e1c4568a0f3869fe06099d7a5f92') in 0.011 seconds [static and dynamic dependencies]. Details - ImportResultOutputID=b0753a1b169007ffae0b6bf3bdef2407 DependenciesID=7384dd9213be657d3fc1bc581f118cd4 StaticDependenciesID=2a7be6862b70b9f032d948256e5aee54 
Number of updated asset objects reloaded before import = 0
Number of asset objects unloaded after import = 1
========================================================================
Received Import Request.
  Time of request: 2026-09-30T06:25:03.6333523Z
  Time since last request: 0.0005592 seconds.
  importAddress: GUID: b96767a8be3fa484bbabed40b8fbcfbe - Path: Assets/Twinsanity/Baked/Beach/Beach_Scenery_Mesh_125 2.asset - Importer: ScriptedImporter/UnityEditor.QuickSearchModule:UnityEditor.Search:ASIAI0B
Importing 'GUID: b96767a8be3fa484bbabed40b8fbcfbe - Path: Assets/Twinsanity/Baked/Beach/Beach_Scenery_Mesh_125 2.asset - Importer: ScriptedImporter/UnityEditor.QuickSearchModule:UnityEditor.Search:ASIAI0B' with importer (ScriptedImporter : UnityEditor.QuickSearchModule:UnityEditor.Search:ASIAI0B)
Imported 'GUID: b96767a8be3fa484bbabed40b8fbcfbe' -> (Import Result ID: 'f43243ae16f4daa4e9d3494ae072c728') in 0.009 seconds [static and dynamic dependencies]. Details - ImportResultOutputID=8adebd96ecfc2a3f151d89bbc1458e93 DependenciesID=2cc69b8db94d605586099d844872d312 StaticDependenciesID=95c25b9acde525f10aca0694a8c840b0 
Number of updated asset objects reloaded before import = 0
Number of asset objects unloaded after import = 1
========================================================================
Received Import Request.
  Time of request: 2026-09-30T06:25:03.6438915Z
  Time since last request: 0.0007102 seconds.
  importAddress: GUID: c923dfcd0ad082446b4fc8b62fa1f139 - Path: Assets/Twinsanity/Baked/Beach/Beach_Scenery_Mesh_131 2.asset - Importer: ScriptedImporter/UnityEditor.QuickSearchModule:UnityEditor.Search:ASIAI0B
Importing 'GUID: c923dfcd0ad082446b4fc8b62fa1f139 - Path: Assets/Twinsanity/Baked/Beach/Beach_Scenery_Mesh_131 2.asset - Importer: ScriptedImporter/UnityEditor.QuickSearchModule:UnityEditor.Search:ASIAI0B' with importer (ScriptedImporter : UnityEditor.QuickSearchModule:UnityEditor.Search:ASIAI0B)
Imported 'GUID: c923dfcd0ad082446b4fc8b62fa1f139' -> (Import Result ID: '415c5cef4308e061d69d716fed651c19') in 0.008 seconds [static and dynamic dependencies]. Details - ImportResultOutputID=9769c413ba04fe7bb421acfeb30b82b4 DependenciesID=1d5db1c5389b612ba23ae5cc1f50f100 StaticDependenciesID=3067b894e181bdd4de9515f09cd9d08c 
Number of updated asset objects reloaded before import = 0
Number of asset objects unloaded after import = 1
========================================================================
Received Import Request.
  Time of request: 2026-09-30T06:25:03.6534826Z
  Time since last request: 0.0013301 seconds.
  importAddress: GUID: c86828c8212294b4580b7f338185ce1f - Path: Assets/Twinsanity/Baked/Beach/Material_122 2.mat - Importer: ScriptedImporter/UnityEditor.QuickSearchModule:UnityEditor.Search:ASIAI0B
Importing 'GUID: c86828c8212294b4580b7f338185ce1f - Path: Assets/Twinsanity/Baked/Beach/Material_122 2.mat - Importer: ScriptedImporter/UnityEditor.QuickSearchModule:UnityEditor.Search:ASIAI0B' with importer (ScriptedImporter : UnityEditor.QuickSearchModule:UnityEditor.Search:ASIAI0B)
Imported 'GUID: c86828c8212294b4580b7f338185ce1f' -> (Import Result ID: 'c249e57aad5b22674f99a63c58864026') in 0.007 seconds [static and dynamic dependencies]. Details - ImportResultOutputID=76b42a9694c675f66acf3c5ea08a32b9 DependenciesID=f57e31f125951b72e091a8e33972d790 StaticDependenciesID=3147842182140c91147c40dbfcd135f2 
Number of updated asset objects reloaded before import = 0
Number of asset objects unloaded after import = 2
========================================================================
Received Import Request.
  Time of request: 2026-09-30T06:25:03.661787Z
  Time since last request: 0.0007867 seconds.
  importAddress: GUID: c07dbb16908c2cb49ac5041f79be0cd1 - Path: Assets/Twinsanity/Baked/Beach/Beach_Scenery_Mesh_129 2.asset - Importer: ScriptedImporter/UnityEditor.QuickSearchModule:UnityEditor.Search:ASIAI0B
Importing 'GUID: c07dbb16908c2cb49ac5041f79be0cd1 - Path: Assets/Twinsanity/Baked/Beach/Beach_Scenery_Mesh_129 2.asset - Importer: ScriptedImporter/UnityEditor.QuickSearchModule:UnityEditor.Search:ASIAI0B' with importer (ScriptedImporter : UnityEditor.QuickSearchModule:UnityEditor.Search:ASIAI0B)
Imported 'GUID: c07dbb16908c2cb49ac5041f79be0cd1' -> (Import Result ID: 'f61bbe7702b6c42597276e109b917dd0') in 0.007 seconds [static and dynamic dependencies]. Details - ImportResultOutputID=dbf283e910b0357b49fdff92bc176536 DependenciesID=a7955bb716320102ce37ae39f15dd3f5 StaticDependenciesID=d2c9f194a395cf83d0ed8ab6e7f0b6a6 
Number of updated asset objects reloaded before import = 0
Number of asset objects unloaded after import = 1
========================================================================
Received Import Request.
  Time of request: 2026-09-30T06:25:03.6702242Z
  Time since last request: 0.0009437 seconds.
  importAddress: GUID: c74929288fca4594cadd67146d08ef23 - Path: Assets/Twinsanity/Baked/Beach/Bossarea_Scenery_Mesh_170 2.asset - Importer: ScriptedImporter/UnityEditor.QuickSearchModule:UnityEditor.Search:ASIAI0B
Importing 'GUID: c74929288fca4594cadd67146d08ef23 - Path: Assets/Twinsanity/Baked/Beach/Bossarea_Scenery_Mesh_170 2.asset - Importer: ScriptedImporter/UnityEditor.QuickSearchModule:UnityEditor.Search:ASIAI0B' with importer (ScriptedImporter : UnityEditor.QuickSearchModule:UnityEditor.Search:ASIAI0B)
Imported 'GUID: c74929288fca4594cadd67146d08ef23' -> (Import Result ID: '76bf5007c87f78209b73dd2917f42a82') in 0.007 seconds [static and dynamic dependencies]. Details - ImportResultOutputID=07435d9a6ff5bfbad4fe28bf8991b4b4 DependenciesID=ec2a8dbc702666fb83fbf61d3886285d StaticDependenciesID=0ee311fa4887fdd6304ca8c6c9da2cf2 
Number of updated asset objects reloaded before import = 0
Number of asset objects unloaded after import = 1
========================================================================
Received Import Request.
  Time of request: 2026-09-30T06:25:03.6782842Z
  Time since last request: 0.0006015 seconds.
  importAddress: GUID: 10a8523b66e155f4bb6c5c5690420deb - Path: Assets/Twinsanity/Baked/Beach/Material_180 2.mat - Importer: ScriptedImporter/UnityEditor.QuickSearchModule:UnityEditor.Search:ASIAI0B
Importing 'GUID: 10a8523b66e155f4bb6c5c5690420deb - Path: Assets/Twinsanity/Baked/Beach/Material_180 2.mat - Importer: ScriptedImporter/UnityEditor.QuickSearchModule:UnityEditor.Search:ASIAI0B' with importer (ScriptedImporter : UnityEditor.QuickSearchModule:UnityEditor.Search:ASIAI0B)
Imported 'GUID: 10a8523b66e155f4bb6c5c5690420deb' -> (Import Result ID: '84d0ac995210e918b80b9968a00cb72f') in 0.010 seconds [static and dynamic dependencies]. Details - ImportResultOutputID=c614eb11e3ae76d7aa6b3d29f55044ce DependenciesID=cf275428cba80c630a8e172a5761557c StaticDependenciesID=a42ae215f8b8c5ac5b1c6c02f0ba4a13 
Number of updated asset objects reloaded before import = 0
Number of asset objects unloaded after import = 2
========================================================================
Received Import Request.
  Time of request: 2026-09-30T06:25:03.6895752Z
  Time since last request: 0.0007033 seconds.
  importAddress: GUID: 178f9441db53c904daa66600e0212e64 - Path: Assets/Twinsanity/Baked/Beach/Bossarea_Scenery_Mesh_148 2.asset - Importer: ScriptedImporter/UnityEditor.QuickSearchModule:UnityEditor.Search:ASIAI0B
Importing 'GUID: 178f9441db53c904daa66600e0212e64 - Path: Assets/Twinsanity/Baked/Beach/Bossarea_Scenery_Mesh_148 2.asset - Importer: ScriptedImporter/UnityEditor.QuickSearchModule:UnityEditor.Search:ASIAI0B' with importer (ScriptedImporter : UnityEditor.QuickSearchModule:UnityEditor.Search:ASIAI0B)
Imported 'GUID: 178f9441db53c904daa66600e0212e64' -> (Import Result ID: '564ec3c3330d8fb98d566dc495c9e363') in 0.009 seconds [static and dynamic dependencies]. Details - ImportResultOutputID=840622c633c366705ba54d0a94b51857 DependenciesID=02c946d32aa9de76da05348d27e37e3c StaticDependenciesID=f6743b7fb9eff5384dc2c4285248f9ec 
Number of updated asset objects reloaded before import = 0
Number of asset objects unloaded after import = 1
========================================================================
Received Import Request.
  Time of request: 2026-09-30T06:25:03.7002544Z
  Time since last request: 0.0004818 seconds.
  importAddress: GUID: 07be0316d2d70884f82062ec256c5d81 - Path: Assets/Twinsanity/Baked/Beach/Material_157 2.mat - Importer: ScriptedImporter/UnityEditor.QuickSearchModule:UnityEditor.Search:ASIAI0B
Importing 'GUID: 07be0316d2d70884f82062ec256c5d81 - Path: Assets/Twinsanity/Baked/Beach/Material_157 2.mat - Importer: ScriptedImporter/UnityEditor.QuickSearchModule:UnityEditor.Search:ASIAI0B' with importer (ScriptedImporter : UnityEditor.QuickSearchModule:UnityEditor.Search:ASIAI0B)
Imported 'GUID: 07be0316d2d70884f82062ec256c5d81' -> (Import Result ID: '3647ec140bb755c8159eebef423a85ac') in 0.008 seconds [static and dynamic dependencies]. Details - ImportResultOutputID=5108f8be84bf3f5d5c4253345ecb6da8 DependenciesID=5e7f5a4444983691d7d62d93565e0386 StaticDependenciesID=4d83ccbb1aeb7cc76f405bff05274a50 
Number of updated asset objects reloaded before import = 0
Number of asset objects unloaded after import = 2
========================================================================
Received Import Request.
  Time of request: 2026-09-30T06:25:03.7099256Z
  Time since last request: 0.0005922 seconds.
  importAddress: GUID: 858da61ab6b3a74428e370f02ea0c273 - Path: Assets/Twinsanity/Baked/Beach/Beach_Scenery_Mesh_139 2.asset - Importer: ScriptedImporter/UnityEditor.QuickSearchModule:UnityEditor.Search:ASIAI0B
Importing 'GUID: 858da61ab6b3a74428e370f02ea0c273 - Path: Assets/Twinsanity/Baked/Beach/Beach_Scenery_Mesh_139 2.asset - Importer: ScriptedImporter/UnityEditor.QuickSearchModule:UnityEditor.Search:ASIAI0B' with importer (ScriptedImporter : UnityEditor.QuickSearchModule:UnityEditor.Search:ASIAI0B)
Imported 'GUID: 858da61ab6b3a74428e370f02ea0c273' -> (Import Result ID: '886b525e13827a38d74814301d4b012a') in 0.012 seconds [static and dynamic dependencies]. Details - ImportResultOutputID=4a5433b02fbc463fdd2ca4ef16595c28 DependenciesID=bf5f5ae1d421b14a81b876fb96d51238 StaticDependenciesID=203512a550250213a65a3fe7d817811d 
Number of updated asset objects reloaded before import = 0
Number of asset objects unloaded after import = 1
========================================================================
Received Import Request.
  Time of request: 2026-09-30T06:25:03.7231989Z
  Time since last request: 0.0009757 seconds.
  importAddress: GUID: b66815adacccb5441ae360905fa2c20d - Path: Assets/Twinsanity/Baked/Beach/Bossarea_Scenery_Mesh_172 2.asset - Importer: ScriptedImporter/UnityEditor.QuickSearchModule:UnityEditor.Search:ASIAI0B
Importing 'GUID: b66815adacccb5441ae360905fa2c20d - Path: Assets/Twinsanity/Baked/Beach/Bossarea_Scenery_Mesh_172 2.asset - Importer: ScriptedImporter/UnityEditor.QuickSearchModule:UnityEditor.Search:ASIAI0B' with importer (ScriptedImporter : UnityEditor.QuickSearchModule:UnityEditor.Search:ASIAI0B)
Imported 'GUID: b66815adacccb5441ae360905fa2c20d' -> (Import Result ID: '3b2ffa83f8201024569b730c3b8ae259') in 0.008 seconds [static and dynamic dependencies]. Details - ImportResultOutputID=0510144541104042475319f8190a1125 DependenciesID=1c87c29028dc9dca0312c1cf8a356aad StaticDependenciesID=0db3765b0b7f7420c2ab229282190d8f 
Number of updated asset objects reloaded before import = 0
Number of asset objects unloaded after import = 1
========================================================================
Received Import Request.
  Time of request: 2026-09-30T06:25:03.7328703Z
  Time since last request: 0.0006713 seconds.
  importAddress: GUID: 70c3182d036e79047be15c52bec709aa - Path: Assets/Twinsanity/Baked/Beach/Material_174 2.mat - Importer: ScriptedImporter/UnityEditor.QuickSearchModule:UnityEditor.Search:ASIAI0B
Importing 'GUID: 70c3182d036e79047be15c52bec709aa - Path: Assets/Twinsanity/Baked/Beach/Material_174 2.mat - Importer: ScriptedImporter/UnityEditor.QuickSearchModule:UnityEditor.Search:ASIAI0B' with importer (ScriptedImporter : UnityEditor.QuickSearchModule:UnityEditor.Search:ASIAI0B)
Imported 'GUID: 70c3182d036e79047be15c52bec709aa' -> (Import Result ID: '40428fa3e9f8d6012390818192628969') in 0.008 seconds [static and dynamic dependencies]. Details - ImportResultOutputID=4b91ecad74b22350e5a75d3d589b318b DependenciesID=28a2f1e347dc82074f2b15d89019e524 StaticDependenciesID=f7009076ae8d605250524827fce13bc2 
Number of updated asset objects reloaded before import = 0
Number of asset objects unloaded after import = 2
========================================================================
Received Import Request.
  Time of request: 2026-09-30T06:25:03.7426466Z
  Time since last request: 0.0006489 seconds.
  importAddress: GUID: b415aae9e9f2289488ebad0975a4fe39 - Path: Assets/Twinsanity/Baked/Beach/Material_138 2.mat - Importer: ScriptedImporter/UnityEditor.QuickSearchModule:UnityEditor.Search:ASIAI0B
Importing 'GUID: b415aae9e9f2289488ebad0975a4fe39 - Path: Assets/Twinsanity/Baked/Beach/Material_138 2.mat - Importer: ScriptedImporter/UnityEditor.QuickSearchModule:UnityEditor.Search:ASIAI0B' with importer (ScriptedImporter : UnityEditor.QuickSearchModule:UnityEditor.Search:ASIAI0B)
Imported 'GUID: b415aae9e9f2289488ebad0975a4fe39' -> (Import Result ID: '3dbbc3ba956037dc8d557cc51a618b68') in 0.006 seconds [static and dynamic dependencies]. Details - ImportResultOutputID=29467b8d8b02ba61e16e63d44f744663 DependenciesID=9788c5b3b932f15ff023ac863dfe319d StaticDependenciesID=a9e4b1888bf6bc686fad6ab61fd0a291 
Number of updated asset objects reloaded before import = 0
Number of asset objects unloaded after import = 2
========================================================================
Received Import Request.
  Time of request: 2026-09-30T06:25:03.7502213Z
  Time since last request: 0.0005612 seconds.
  importAddress: GUID: ced85ebbfcc2e274d9e1c16f93cc343b - Path: Assets/Twinsanity/Baked/Beach/Material_164 2.mat - Importer: ScriptedImporter/UnityEditor.QuickSearchModule:UnityEditor.Search:ASIAI0B
Importing 'GUID: ced85ebbfcc2e274d9e1c16f93cc343b - Path: Assets/Twinsanity/Baked/Beach/Material_164 2.mat - Importer: ScriptedImporter/UnityEditor.QuickSearchModule:UnityEditor.Search:ASIAI0B' with importer (ScriptedImporter : UnityEditor.QuickSearchModule:UnityEditor.Search:ASIAI0B)
Imported 'GUID: ced85ebbfcc2e274d9e1c16f93cc343b' -> (Import Result ID: '9b3099693767e46641c09e3c98ddce69') in 0.009 seconds [static and dynamic dependencies]. Details - ImportResultOutputID=f78882c5db6631b5513022e164cc3a39 DependenciesID=449e2b2c2971e8ffc9f72aa3bbeefeac StaticDependenciesID=4e02383975d461707b4df68eca03fa80 
Number of updated asset objects reloaded before import = 0
Number of asset objects unloaded after import = 2
========================================================================
Received Import Request.
  Time of request: 2026-09-30T06:25:03.7610395Z
  Time since last request: 0.0006135 seconds.
  importAddress: GUID: 9b2c79fa581486547aa2974091b33702 - Path: Assets/Twinsanity/Baked/Beach/Bossarea_Scenery_Mesh_175 2.asset - Importer: ScriptedImporter/UnityEditor.QuickSearchModule:UnityEditor.Search:ASIAI0B
Importing 'GUID: 9b2c79fa581486547aa2974091b33702 - Path: Assets/Twinsanity/Baked/Beach/Bossarea_Scenery_Mesh_175 2.asset - Importer: ScriptedImporter/UnityEditor.QuickSearchModule:UnityEditor.Search:ASIAI0B' with importer (ScriptedImporter : UnityEditor.QuickSearchModule:UnityEditor.Search:ASIAI0B)
Imported 'GUID: 9b2c79fa581486547aa2974091b33702' -> (Import Result ID: 'cb111f57bb453dfb8cd639b7ff89f2a6') in 0.007 seconds [static and dynamic dependencies]. Details - ImportResultOutputID=ac35e1445edd4c9727f98e414bf61370 DependenciesID=1fcdd7c4dbd0169c6e1dfd5d37ccc5f9 StaticDependenciesID=dafcb016f3c771a21b45ce7987e743ef 
Number of updated asset objects reloaded before import = 0
Number of asset objects unloaded after import = 1
========================================================================
Received Import Request.
  Time of request: 2026-09-30T06:25:03.7689312Z
  Time since last request: 0.0004632 seconds.
  importAddress: GUID: 2e2706defb75a3d4fb6c188ea270a871 - Path: Assets/Twinsanity/Baked/Beach/Material_130 2.mat - Importer: ScriptedImporter/UnityEditor.QuickSearchModule:UnityEditor.Search:ASIAI0B
Importing 'GUID: 2e2706defb75a3d4fb6c188ea270a871 - Path: Assets/Twinsanity/Baked/Beach/Material_130 2.mat - Importer: ScriptedImporter/UnityEditor.QuickSearchModule:UnityEditor.Search:ASIAI0B' with importer (ScriptedImporter : UnityEditor.QuickSearchModule:UnityEditor.Search:ASIAI0B)
Imported 'GUID: 2e2706defb75a3d4fb6c188ea270a871' -> (Import Result ID: '95dd10ca98cf7e58ff5e67bacf14c305') in 0.008 seconds [static and dynamic dependencies]. Details - ImportResultOutputID=baa0326cd742a5324ddeeedcc3a4f2a4 DependenciesID=a5b13fd2436e694c39a01056b9fd0ad9 StaticDependenciesID=83e8923d4711a6c41728be1f520f9cef 
Number of updated asset objects reloaded before import = 0
Number of asset objects unloaded after import = 2
========================================================================
Received Import Request.
  Time of request: 2026-09-30T06:25:03.7778181Z
  Time since last request: 0.000464 seconds.
  importAddress: GUID: 4165d18b13fbe294891945e6e618438e - Path: Assets/Twinsanity/Baked/Beach/Bossarea_Scenery_Mesh_179 2.asset - Importer: ScriptedImporter/UnityEditor.QuickSearchModule:UnityEditor.Search:ASIAI0B
Importing 'GUID: 4165d18b13fbe294891945e6e618438e - Path: Assets/Twinsanity/Baked/Beach/Bossarea_Scenery_Mesh_179 2.asset - Importer: ScriptedImporter/UnityEditor.QuickSearchModule:UnityEditor.Search:ASIAI0B' with importer (ScriptedImporter : UnityEditor.QuickSearchModule:UnityEditor.Search:ASIAI0B)
Imported 'GUID: 4165d18b13fbe294891945e6e618438e' -> (Import Result ID: '6579a658a61bd9541e8b657a87dfeb52') in 0.011 seconds [static and dynamic dependencies]. Details - ImportResultOutputID=824d9971bf7e50128ecbb3fe2ca6cea3 DependenciesID=21deaaf8e4458870efb9360a2d44c7e9 StaticDependenciesID=3eefcea6fcab3546187fed538b07138c 
Number of updated asset objects reloaded before import = 0
Number of asset objects unloaded after import = 1
========================================================================
Received Import Request.
  Time of request: 2026-09-30T06:25:03.7897446Z
  Time since last request: 0.0007671 seconds.
  importAddress: GUID: 6088baf7d779ba6468094387fee2df7b - Path: Assets/Twinsanity/Baked/Beach/Material_136 2.mat - Importer: ScriptedImporter/UnityEditor.QuickSearchModule:UnityEditor.Search:ASIAI0B
Importing 'GUID: 6088baf7d779ba6468094387fee2df7b - Path: Assets/Twinsanity/Baked/Beach/Material_136 2.mat - Importer: ScriptedImporter/UnityEditor.QuickSearchModule:UnityEditor.Search:ASIAI0B' with importer (ScriptedImporter : UnityEditor.QuickSearchModule:UnityEditor.Search:ASIAI0B)
Imported 'GUID: 6088baf7d779ba6468094387fee2df7b' -> (Import Result ID: '36d26e49685b2bf9ea99b6f9bcf3c55e') in 0.016 seconds [static and dynamic dependencies]. Details - ImportResultOutputID=72151683b2fe9538220f9d808c50c787 DependenciesID=b425185e6fa13f5d88b7c4ba235cedf3 StaticDependenciesID=ae7f53595821c3bf416d603f9205dbe9 
Number of updated asset objects reloaded before import = 0
Number of asset objects unloaded after import = 2
========================================================================
Received Import Request.
  Time of request: 2026-09-30T06:25:03.8079291Z
  Time since last request: 0.0005862 seconds.
  importAddress: GUID: 28a54c2d39ebd8949903b7b4a6b05e2b - Path: Assets/Twinsanity/Baked/Beach/Material_147 2.mat - Importer: ScriptedImporter/UnityEditor.QuickSearchModule:UnityEditor.Search:ASIAI0B
Importing 'GUID: 28a54c2d39ebd8949903b7b4a6b05e2b - Path: Assets/Twinsanity/Baked/Beach/Material_147 2.mat - Importer: ScriptedImporter/UnityEditor.QuickSearchModule:UnityEditor.Search:ASIAI0B' with importer (ScriptedImporter : UnityEditor.QuickSearchModule:UnityEditor.Search:ASIAI0B)
Imported 'GUID: 28a54c2d39ebd8949903b7b4a6b05e2b' -> (Import Result ID: '52e5a1181c40fc4b540d0ad055bb7ae8') in 0.009 seconds [static and dynamic dependencies]. Details - ImportResultOutputID=33229269a8e77d4b5a0a19b2fc4acb33 DependenciesID=2a70b1cb930c24533677eaf3556127c8 StaticDependenciesID=163fe6a1f0411d48f9e170b532316d61 
Number of updated asset objects reloaded before import = 0
Number of asset objects unloaded after import = 2
========================================================================
Received Import Request.
  Time of request: 2026-09-30T06:25:03.8192427Z
  Time since last request: 0.0008601 seconds.
  importAddress: GUID: c52c9bd306206664caf8f8c66eff1abb - Path: Assets/Twinsanity/Baked/Beach/Material_171 2.mat - Importer: ScriptedImporter/UnityEditor.QuickSearchModule:UnityEditor.Search:ASIAI0B
Importing 'GUID: c52c9bd306206664caf8f8c66eff1abb - Path: Assets/Twinsanity/Baked/Beach/Material_171 2.mat - Importer: ScriptedImporter/UnityEditor.QuickSearchModule:UnityEditor.Search:ASIAI0B' with importer (ScriptedImporter : UnityEditor.QuickSearchModule:UnityEditor.Search:ASIAI0B)
Imported 'GUID: c52c9bd306206664caf8f8c66eff1abb' -> (Import Result ID: '50631da22ca2060286b192ad5bce9c5e') in 0.011 seconds [static and dynamic dependencies]. Details - ImportResultOutputID=fef33417be8d1792f772867b19f4874d DependenciesID=eb71664c66fcaadd38426fc75093fb46 StaticDependenciesID=d491d794edb266c14b4e25cdec9b9324 
Number of updated asset objects reloaded before import = 0
Number of asset objects unloaded after import = 2
========================================================================
Received Import Request.
  Time of request: 2026-09-30T06:25:03.8319926Z
  Time since last request: 0.0004105 seconds.
  importAddress: GUID: dd969de77484d654498fa0f4e145db30 - Path: Assets/Twinsanity/Baked/Beach/Bossarea_Scenery_Mesh_162 2.asset - Importer: ScriptedImporter/UnityEditor.QuickSearchModule:UnityEditor.Search:ASIAI0B
Importing 'GUID: dd969de77484d654498fa0f4e145db30 - Path: Assets/Twinsanity/Baked/Beach/Bossarea_Scenery_Mesh_162 2.asset - Importer: ScriptedImporter/UnityEditor.QuickSearchModule:UnityEditor.Search:ASIAI0B' with importer (ScriptedImporter : UnityEditor.QuickSearchModule:UnityEditor.Search:ASIAI0B)
Imported 'GUID: dd969de77484d654498fa0f4e145db30' -> (Import Result ID: '12e423eb2fbc7b5ecb1e499dc2b37f25') in 0.006 seconds [static and dynamic dependencies]. Details - ImportResultOutputID=6638dec2e27938b56fb92a21ab539a81 DependenciesID=ccfa242afb502f41f478e8d37bf55aee StaticDependenciesID=8e93188a972682173ba843195c67aef8 
Number of updated asset objects reloaded before import = 0
Number of asset objects unloaded after import = 1
========================================================================
Received Import Request.
  Time of request: 2026-09-30T06:25:03.8392412Z
  Time since last request: 0.0007366 seconds.
  importAddress: GUID: 3c2caf24429803349a5e64980f8e6ee5 - Path: Assets/Twinsanity/Baked/Beach/Beach_Scenery_Mesh_141 2.asset - Importer: ScriptedImporter/UnityEditor.QuickSearchModule:UnityEditor.Search:ASIAI0B
Importing 'GUID: 3c2caf24429803349a5e64980f8e6ee5 - Path: Assets/Twinsanity/Baked/Beach/Beach_Scenery_Mesh_141 2.asset - Importer: ScriptedImporter/UnityEditor.QuickSearchModule:UnityEditor.Search:ASIAI0B' with importer (ScriptedImporter : UnityEditor.QuickSearchModule:UnityEditor.Search:ASIAI0B)
Imported 'GUID: 3c2caf24429803349a5e64980f8e6ee5' -> (Import Result ID: 'ec82da6ae00266e6c102abefe1a19dc0') in 0.009 seconds [static and dynamic dependencies]. Details - ImportResultOutputID=0dfe41940fa3c6f1897d77186afefb34 DependenciesID=e86890d92bf648cde95bebc9968a96ca StaticDependenciesID=04085765f1f9bfb7da69408d36d39b26 
Number of updated asset objects reloaded before import = 0
Number of asset objects unloaded after import = 1
========================================================================
Received Import Request.
  Time of request: 2026-09-30T06:25:03.8503332Z
  Time since last request: 0.0007928 seconds.
  importAddress: GUID: 88e115109602e1b45a6b44b0c3660cca - Path: Assets/Twinsanity/Baked/Beach/Material_124 2.mat - Importer: ScriptedImporter/UnityEditor.QuickSearchModule:UnityEditor.Search:ASIAI0B
Importing 'GUID: 88e115109602e1b45a6b44b0c3660cca - Path: Assets/Twinsanity/Baked/Beach/Material_124 2.mat - Importer: ScriptedImporter/UnityEditor.QuickSearchModule:UnityEditor.Search:ASIAI0B' with importer (ScriptedImporter : UnityEditor.QuickSearchModule:UnityEditor.Search:ASIAI0B)
Imported 'GUID: 88e115109602e1b45a6b44b0c3660cca' -> (Import Result ID: 'bfc320631ebd1b3da763dea645857f74') in 0.012 seconds [static and dynamic dependencies]. Details - ImportResultOutputID=45f1dd9ce9f241e7ba8821a1b9c7463c DependenciesID=499e7b1a67359b193ac61a554fb56044 StaticDependenciesID=988d4a8924bb04fdfda1c3fae56fdeb3 
Number of updated asset objects reloaded before import = 0
Number of asset objects unloaded after import = 2
========================================================================
Received Import Request.
  Time of request: 2026-09-30T06:25:03.8633463Z
  Time since last request: 0.0006843 seconds.
  importAddress: GUID: c203867e3e310e84eada845b1572f61d - Path: Assets/Twinsanity/Baked/Beach/Beach_Scenery_Mesh_137 2.asset - Importer: ScriptedImporter/UnityEditor.QuickSearchModule:UnityEditor.Search:ASIAI0B
Importing 'GUID: c203867e3e310e84eada845b1572f61d - Path: Assets/Twinsanity/Baked/Beach/Beach_Scenery_Mesh_137 2.asset - Importer: ScriptedImporter/UnityEditor.QuickSearchModule:UnityEditor.Search:ASIAI0B' with importer (ScriptedImporter : UnityEditor.QuickSearchModule:UnityEditor.Search:ASIAI0B)
Imported 'GUID: c203867e3e310e84eada845b1572f61d' -> (Import Result ID: '73361480c91f99e313f13bb426c24fd9') in 0.007 seconds [static and dynamic dependencies]. Details - ImportResultOutputID=9668016f07d48be933d0ada9fdb6dda8 DependenciesID=f83c93aabdb1730e4711eed8179104ed StaticDependenciesID=3cda21fc52b90117f3b347b48b9ce86b 
Number of updated asset objects reloaded before import = 0
Number of asset objects unloaded after import = 1
========================================================================
Received Import Request.
  Time of request: 2026-09-30T06:25:03.871418Z
  Time since last request: 0.0006769 seconds.
  importAddress: GUID: 3dfec662de2a5684597e3def4c76dd1f - Path: Assets/Twinsanity/Baked/Beach/Bossarea_Scenery_Mesh_151 2.asset - Importer: ScriptedImporter/UnityEditor.QuickSearchModule:UnityEditor.Search:ASIAI0B
Importing 'GUID: 3dfec662de2a5684597e3def4c76dd1f - Path: Assets/Twinsanity/Baked/Beach/Bossarea_Scenery_Mesh_151 2.asset - Importer: ScriptedImporter/UnityEditor.QuickSearchModule:UnityEditor.Search:ASIAI0B' with importer (ScriptedImporter : UnityEditor.QuickSearchModule:UnityEditor.Search:ASIAI0B)
Imported 'GUID: 3dfec662de2a5684597e3def4c76dd1f' -> (Import Result ID: '028af31f44c6497b3ad7e84b4c44edb0') in 0.011 seconds [static and dynamic dependencies]. Details - ImportResultOutputID=b1fd7f45a195524b0d4c614c4df4fdce DependenciesID=3234eadb05c4cd9e14735f7e199ff568 StaticDependenciesID=e4d8103f196543205dcdf7eb43facc4b 
Number of updated asset objects reloaded before import = 0
Number of asset objects unloaded after import = 1
========================================================================
Received Import Request.
  Time of request: 2026-09-30T06:25:03.8842774Z
  Time since last request: 0.0006827 seconds.
  importAddress: GUID: dcd731df0faeda448aeb6ed09b19bc78 - Path: Assets/Twinsanity/Baked/Beach/Bossarea_Scenery_Mesh_173 2.asset - Importer: ScriptedImporter/UnityEditor.QuickSearchModule:UnityEditor.Search:ASIAI0B
Importing 'GUID: dcd731df0faeda448aeb6ed09b19bc78 - Path: Assets/Twinsanity/Baked/Beach/Bossarea_Scenery_Mesh_173 2.asset - Importer: ScriptedImporter/UnityEditor.QuickSearchModule:UnityEditor.Search:ASIAI0B' with importer (ScriptedImporter : UnityEditor.QuickSearchModule:UnityEditor.Search:ASIAI0B)
Imported 'GUID: dcd731df0faeda448aeb6ed09b19bc78' -> (Import Result ID: '0174d3769246226c90597baac7739701') in 0.009 seconds [static and dynamic dependencies]. Details - ImportResultOutputID=c8b77c1330eb2e6b37d23c072be9a28b DependenciesID=1f234597dd5299f8dc1b2e38e905b0dd StaticDependenciesID=16276012d25c85c24e75815ec6ebacde 
Number of updated asset objects reloaded before import = 0
Number of asset objects unloaded after import = 1
========================================================================
Received Import Request.
  Time of request: 2026-09-30T06:25:03.8952302Z
  Time since last request: 0.0009071 seconds.
  importAddress: GUID: afcaa786cad413c409a106c9175e735b - Path: Assets/Twinsanity/Baked/Beach/Material_169 2.mat - Importer: ScriptedImporter/UnityEditor.QuickSearchModule:UnityEditor.Search:ASIAI0B
Importing 'GUID: afcaa786cad413c409a106c9175e735b - Path: Assets/Twinsanity/Baked/Beach/Material_169 2.mat - Importer: ScriptedImporter/UnityEditor.QuickSearchModule:UnityEditor.Search:ASIAI0B' with importer (ScriptedImporter : UnityEditor.QuickSearchModule:UnityEditor.Search:ASIAI0B)
Imported 'GUID: afcaa786cad413c409a106c9175e735b' -> (Import Result ID: '0c01da7c3e6ad6a153ea616cce3fd30b') in 0.010 seconds [static and dynamic dependencies]. Details - ImportResultOutputID=138279bc084d99ce460c2376d0dc2b9b DependenciesID=ddf4c23f3cfc5cb6d08b9c0ac45a6025 StaticDependenciesID=b544b24a70a8455108aa1864534b17e7 
Number of updated asset objects reloaded before import = 0
Number of asset objects unloaded after import = 2
========================================================================
Received Import Request.
  Time of request: 2026-09-30T06:25:03.9061238Z
  Time since last request: 0.0005735 seconds.
  importAddress: GUID: 289390769c0492b4e98e36400a5cedcc - Path: Assets/Twinsanity/Baked/Beach/Bossarea_Scenery_Mesh_160 2.asset - Importer: ScriptedImporter/UnityEditor.QuickSearchModule:UnityEditor.Search:ASIAI0B
Importing 'GUID: 289390769c0492b4e98e36400a5cedcc - Path: Assets/Twinsanity/Baked/Beach/Bossarea_Scenery_Mesh_160 2.asset - Importer: ScriptedImporter/UnityEditor.QuickSearchModule:UnityEditor.Search:ASIAI0B' with importer (ScriptedImporter : UnityEditor.QuickSearchModule:UnityEditor.Search:ASIAI0B)
Imported 'GUID: 289390769c0492b4e98e36400a5cedcc' -> (Import Result ID: 'fb21b7074084521fb65f1bd7680453d2') in 0.010 seconds [static and dynamic dependencies]. Details - ImportResultOutputID=368db15d6194787564f9db1f2dc709be DependenciesID=7e86522471553dcd01745a224105cb86 StaticDependenciesID=0b766c7553c5fbc8a75e23a553e25016 
Number of updated asset objects reloaded before import = 0
Number of asset objects unloaded after import = 1
========================================================================
Received Import Request.
  Time of request: 2026-09-30T06:25:03.9177278Z
  Time since last request: 0.0006638 seconds.
  importAddress: GUID: d2d5e1f004ecf3c48969021c7923c0ec - Path: Assets/Twinsanity/Baked/Beach/Material_176 2.mat - Importer: ScriptedImporter/UnityEditor.QuickSearchModule:UnityEditor.Search:ASIAI0B
Importing 'GUID: d2d5e1f004ecf3c48969021c7923c0ec - Path: Assets/Twinsanity/Baked/Beach/Material_176 2.mat - Importer: ScriptedImporter/UnityEditor.QuickSearchModule:UnityEditor.Search:ASIAI0B' with importer (ScriptedImporter : UnityEditor.QuickSearchModule:UnityEditor.Search:ASIAI0B)
Imported 'GUID: d2d5e1f004ecf3c48969021c7923c0ec' -> (Import Result ID: 'c4de8d6afbc27e9a94db04aba5f16e21') in 0.014 seconds [static and dynamic dependencies]. Details - ImportResultOutputID=ba99766678935d547c2739c3ac323a9c DependenciesID=5faa73e0303fda0e8f64d9024d357849 StaticDependenciesID=3e9a9f96692a0abaabed8d80ac5c29a3 
Number of updated asset objects reloaded before import = 0
Number of asset objects unloaded after import = 2
========================================================================
Received Import Request.
  Time of request: 2026-09-30T06:25:03.9331324Z
  Time since last request: 0.0006995 seconds.
  importAddress: GUID: 9672a180ac6cab54cb9372318917d744 - Path: Assets/Twinsanity/Baked/Beach/Bossarea_Scenery_Mesh_181 2.asset - Importer: ScriptedImporter/UnityEditor.QuickSearchModule:UnityEditor.Search:ASIAI0B
Importing 'GUID: 9672a180ac6cab54cb9372318917d744 - Path: Assets/Twinsanity/Baked/Beach/Bossarea_Scenery_Mesh_181 2.asset - Importer: ScriptedImporter/UnityEditor.QuickSearchModule:UnityEditor.Search:ASIAI0B' with importer (ScriptedImporter : UnityEditor.QuickSearchModule:UnityEditor.Search:ASIAI0B)
Imported 'GUID: 9672a180ac6cab54cb9372318917d744' -> (Import Result ID: '915889216f4183bdd660f5e3993a3062') in 0.007 seconds [static and dynamic dependencies]. Details - ImportResultOutputID=322a660ccadcba060c8a806fc4dd4413 DependenciesID=cdbd23bad29758b3566ecffce6e1fe93 StaticDependenciesID=328a258cfa2a613ff229e76969b3224d 
Number of updated asset objects reloaded before import = 0
Number of asset objects unloaded after import = 1
========================================================================
Received Import Request.
  Time of request: 2026-09-30T06:25:03.9418108Z
  Time since last request: 0.0007883 seconds.
  importAddress: GUID: edf6287818aedb449b5936c6ad24ffaa - Path: Assets/Twinsanity/Baked/Beach/Bossarea_Scenery_Mesh_166 2.asset - Importer: ScriptedImporter/UnityEditor.QuickSearchModule:UnityEditor.Search:ASIAI0B
Importing 'GUID: edf6287818aedb449b5936c6ad24ffaa - Path: Assets/Twinsanity/Baked/Beach/Bossarea_Scenery_Mesh_166 2.asset - Importer: ScriptedImporter/UnityEditor.QuickSearchModule:UnityEditor.Search:ASIAI0B' with importer (ScriptedImporter : UnityEditor.QuickSearchModule:UnityEditor.Search:ASIAI0B)
Imported 'GUID: edf6287818aedb449b5936c6ad24ffaa' -> (Import Result ID: 'b22d3e67a0bd513d4a9645b049299ecc') in 0.009 seconds [static and dynamic dependencies]. Details - ImportResultOutputID=731b30b34c056f977122f06f78398eb6 DependenciesID=200d3a7eb7e11793dad76d2221d88e5d StaticDependenciesID=b22650c939f7de23a5d27b9b8f27af01 
Number of updated asset objects reloaded before import = 0
Number of asset objects unloaded after import = 1
========================================================================
Received Import Request.
  Time of request: 2026-09-30T06:25:03.9522153Z
  Time since last request: 0.000735 seconds.
  importAddress: GUID: 9649731ce924bcf44896181c127a972f - Path: Assets/Twinsanity/Baked/Beach/Material_134 2.mat - Importer: ScriptedImporter/UnityEditor.QuickSearchModule:UnityEditor.Search:ASIAI0B
Importing 'GUID: 9649731ce924bcf44896181c127a972f - Path: Assets/Twinsanity/Baked/Beach/Material_134 2.mat - Importer: ScriptedImporter/UnityEditor.QuickSearchModule:UnityEditor.Search:ASIAI0B' with importer (ScriptedImporter : UnityEditor.QuickSearchModule:UnityEditor.Search:ASIAI0B)
Imported 'GUID: 9649731ce924bcf44896181c127a972f' -> (Import Result ID: 'f2dc69c6b0a20bd305bb527bc7747489') in 0.007 seconds [static and dynamic dependencies]. Details - ImportResultOutputID=0a17b386e5e30f038c0ee207ae08c8d1 DependenciesID=13723de171c5d0089cdc55f12a10a76b StaticDependenciesID=2b7bac79eafc15d2dd5c63bac68801e3 
Number of updated asset objects reloaded before import = 0
Number of asset objects unloaded after import = 2
========================================================================
Received Import Request.
  Time of request: 2026-09-30T06:25:03.9606932Z
  Time since last request: 0.000789 seconds.
  importAddress: GUID: de6428b0ec8e16240ad2f19d9b36e1b9 - Path: Assets/Twinsanity/Baked/Beach/Material_126 2.mat - Importer: ScriptedImporter/UnityEditor.QuickSearchModule:UnityEditor.Search:ASIAI0B
Importing 'GUID: de6428b0ec8e16240ad2f19d9b36e1b9 - Path: Assets/Twinsanity/Baked/Beach/Material_126 2.mat - Importer: ScriptedImporter/UnityEditor.QuickSearchModule:UnityEditor.Search:ASIAI0B' with importer (ScriptedImporter : UnityEditor.QuickSearchModule:UnityEditor.Search:ASIAI0B)
Imported 'GUID: de6428b0ec8e16240ad2f19d9b36e1b9' -> (Import Result ID: '947979a6a2ed5f97daa1ac8a2ad54b3d') in 0.013 seconds [static and dynamic dependencies]. Details - ImportResultOutputID=de7bfa975e8b53340a98c58f320cf891 DependenciesID=f1f90f3c16e49a3b7d90ceaa4cfa7d93 StaticDependenciesID=a04d925c99a3c966300d2d9fb84cfb8b 
Number of updated asset objects reloaded before import = 0
Number of asset objects unloaded after import = 2
========================================================================
Received Import Request.
  Time of request: 2026-09-30T06:25:03.9752684Z
  Time since last request: 0.0006515 seconds.
  importAddress: GUID: a8320b5a4566a2e47938506d3da3556a - Path: Assets/Twinsanity/Baked/Beach/Beach_Scenery_Mesh_132 2.asset - Importer: ScriptedImporter/UnityEditor.QuickSearchModule:UnityEditor.Search:ASIAI0B
Importing 'GUID: a8320b5a4566a2e47938506d3da3556a - Path: Assets/Twinsanity/Baked/Beach/Beach_Scenery_Mesh_132 2.asset - Importer: ScriptedImporter/UnityEditor.QuickSearchModule:UnityEditor.Search:ASIAI0B' with importer (ScriptedImporter : UnityEditor.QuickSearchModule:UnityEditor.Search:ASIAI0B)
Imported 'GUID: a8320b5a4566a2e47938506d3da3556a' -> (Import Result ID: 'bc34170cf0b18ac33303ef2c34e3e3f4') in 0.006 seconds [static and dynamic dependencies]. Details - ImportResultOutputID=e1a3d1384c5ff222249ca003c34d92c9 DependenciesID=ef7fe064b05fa00cc184d026e50af2ac StaticDependenciesID=7ad399882a7e54e890cf7cd1d9e2b93e 
Number of updated asset objects reloaded before import = 0
Number of asset objects unloaded after import = 1
========================================================================
Received Import Request.
  Time of request: 2026-09-30T06:25:03.9829121Z
  Time since last request: 0.0010929 seconds.
  importAddress: GUID: a738cc1d105a9b54eb2d9e50fd66ac7d - Path: Assets/Twinsanity/Baked/Beach/Material_142 2.mat - Importer: ScriptedImporter/UnityEditor.QuickSearchModule:UnityEditor.Search:ASIAI0B
Importing 'GUID: a738cc1d105a9b54eb2d9e50fd66ac7d - Path: Assets/Twinsanity/Baked/Beach/Material_142 2.mat - Importer: ScriptedImporter/UnityEditor.QuickSearchModule:UnityEditor.Search:ASIAI0B' with importer (ScriptedImporter : UnityEditor.QuickSearchModule:UnityEditor.Search:ASIAI0B)
Imported 'GUID: a738cc1d105a9b54eb2d9e50fd66ac7d' -> (Import Result ID: 'f1153e02652ccd99c9c6c7c5eedc4b57') in 0.010 seconds [static and dynamic dependencies]. Details - ImportResultOutputID=67476a3e27634396d562be589d650ada DependenciesID=546b536acd8b50ed4f8a322b0a4548a2 StaticDependenciesID=d4be35cf451ab0da1c7501b68ab7724c 
Number of updated asset objects reloaded before import = 0
Number of asset objects unloaded after import = 2
========================================================================
Received Import Request.
  Time of request: 2026-09-30T06:25:04.0058974Z
  Time since last request: 0.0007179 seconds.
  importAddress: GUID: 5646665e867660e45874f3625c047406 - Path: Assets/Twinsanity/Baked/Beach/Material_144 2.mat - Importer: ScriptedImporter/UnityEditor.QuickSearchModule:UnityEditor.Search:ASIAI0B
Importing 'GUID: 5646665e867660e45874f3625c047406 - Path: Assets/Twinsanity/Baked/Beach/Material_144 2.mat - Importer: ScriptedImporter/UnityEditor.QuickSearchModule:UnityEditor.Search:ASIAI0B' with importer (ScriptedImporter : UnityEditor.QuickSearchModule:UnityEditor.Search:ASIAI0B)
Imported 'GUID: 5646665e867660e45874f3625c047406' -> (Import Result ID: 'a92f68bf4d872e8e27949463fa4d6ca6') in 0.010 seconds [static and dynamic dependencies]. Details - ImportResultOutputID=1b0da83933c987ddd6ddb403da9f1158 DependenciesID=c7d000bf6f6c3681bd9a7df2a586a7f7 StaticDependenciesID=ab6e4f5502695347813ffb30feb116cc 
Number of updated asset objects reloaded before import = 0
Number of asset objects unloaded after import = 2
========================================================================
Received Import Request.
  Time of request: 2026-09-30T06:25:04.0170711Z
  Time since last request: 0.0006963 seconds.
  importAddress: GUID: 3dd67681e4d02ec4281439758d1d3d51 - Path: Assets/Twinsanity/Baked/Beach/Beach_Scenery_Mesh_133 2.asset - Importer: ScriptedImporter/UnityEditor.QuickSearchModule:UnityEditor.Search:ASIAI0B
Importing 'GUID: 3dd67681e4d02ec4281439758d1d3d51 - Path: Assets/Twinsanity/Baked/Beach/Beach_Scenery_Mesh_133 2.asset - Importer: ScriptedImporter/UnityEditor.QuickSearchModule:UnityEditor.Search:ASIAI0B' with importer (ScriptedImporter : UnityEditor.QuickSearchModule:UnityEditor.Search:ASIAI0B)
Imported 'GUID: 3dd67681e4d02ec4281439758d1d3d51' -> (Import Result ID: '9fb1a3e429cd8121a9253de101a222e5') in 0.018 seconds [static and dynamic dependencies]. Details - ImportResultOutputID=824617401bf94de0dc246f63f92eedb3 DependenciesID=c05eec28ce5de903d2c327da0c265e03 StaticDependenciesID=39c4a61a6e06ad5b14e09e572e184f90 
Number of updated asset objects reloaded before import = 0
Number of asset objects unloaded after import = 1
========================================================================
Received Import Request.
  Time of request: 2026-09-30T06:25:04.0384914Z
  Time since last request: 0.0029787 seconds.
  importAddress: GUID: e2c7a0fdb3e09c140a73dcf1b682f522 - Path: Assets/Twinsanity/Baked/Beach/Bossarea_Scenery_Mesh_178 2.asset - Importer: ScriptedImporter/UnityEditor.QuickSearchModule:UnityEditor.Search:ASIAI0B
Importing 'GUID: e2c7a0fdb3e09c140a73dcf1b682f522 - Path: Assets/Twinsanity/Baked/Beach/Bossarea_Scenery_Mesh_178 2.asset - Importer: ScriptedImporter/UnityEditor.QuickSearchModule:UnityEditor.Search:ASIAI0B' with importer (ScriptedImporter : UnityEditor.QuickSearchModule:UnityEditor.Search:ASIAI0B)
Imported 'GUID: e2c7a0fdb3e09c140a73dcf1b682f522' -> (Import Result ID: '6b6a490fbc14cfb45255fc37b0228c6b') in 0.013 seconds [static and dynamic dependencies]. Details - ImportResultOutputID=6fe59cb3fee59c4befb55ee072689821 DependenciesID=ce6753fbc9e212c1709cfb51c862036b StaticDependenciesID=28bb601728e24de54d86b607c5c1259f 
Number of updated asset objects reloaded before import = 0
Number of asset objects unloaded after import = 1
========================================================================
Received Import Request.
  Time of request: 2026-09-30T06:25:04.0551374Z
  Time since last request: 0.0006493 seconds.
  importAddress: GUID: fef2f0b710212be469898624b1270d68 - Path: Assets/Twinsanity/Baked/Beach/Bossarea_Scenery_Mesh_155 2.asset - Importer: ScriptedImporter/UnityEditor.QuickSearchModule:UnityEditor.Search:ASIAI0B
Importing 'GUID: fef2f0b710212be469898624b1270d68 - Path: Assets/Twinsanity/Baked/Beach/Bossarea_Scenery_Mesh_155 2.asset - Importer: ScriptedImporter/UnityEditor.QuickSearchModule:UnityEditor.Search:ASIAI0B' with importer (ScriptedImporter : UnityEditor.QuickSearchModule:UnityEditor.Search:ASIAI0B)
Imported 'GUID: fef2f0b710212be469898624b1270d68' -> (Import Result ID: '13e3c34d8a8119a26257098ae6fe96d9') in 0.016 seconds [static and dynamic dependencies]. Details - ImportResultOutputID=daa1f720a26831d5516ecc3854412613 DependenciesID=5d39778620fed8c2c5006a863730d37d StaticDependenciesID=37d578a2bfa4b57652e355ea3a95f550 
Number of updated asset objects reloaded before import = 0
Number of asset objects unloaded after import = 1
========================================================================
Received Import Request.
  Time of request: 2026-09-30T06:25:04.072522Z
  Time since last request: 0.0007934 seconds.
  importAddress: GUID: 321e5bebf774642429c32fa81bb55b8e - Path: Assets/Twinsanity/Baked/Beach/Material_182 2.mat - Importer: ScriptedImporter/UnityEditor.QuickSearchModule:UnityEditor.Search:ASIAI0B
Importing 'GUID: 321e5bebf774642429c32fa81bb55b8e - Path: Assets/Twinsanity/Baked/Beach/Material_182 2.mat - Importer: ScriptedImporter/UnityEditor.QuickSearchModule:UnityEditor.Search:ASIAI0B' with importer (ScriptedImporter : UnityEditor.QuickSearchModule:UnityEditor.Search:ASIAI0B)
Imported 'GUID: 321e5bebf774642429c32fa81bb55b8e' -> (Import Result ID: '823180d37eb988e1e6d77549f2d7423b') in 0.013 seconds [static and dynamic dependencies]. Details - ImportResultOutputID=8a91ced43297600eacc5eca7639df800 DependenciesID=8447c57eab7c6aec11b68c313898eb26 StaticDependenciesID=4d51615a6c293fb085198e5aa380691e 
Number of updated asset objects reloaded before import = 0
Number of asset objects unloaded after import = 2
========================================================================
Received Import Request.
  Time of request: 2026-09-30T06:25:04.0870643Z
  Time since last request: 0.0010293 seconds.
  importAddress: GUID: 294d0810dc9a41a4da3860ccef7a09fb - Path: Assets/Twinsanity/Baked/Beach/Bossarea_Scenery_Mesh_163 2.asset - Importer: ScriptedImporter/UnityEditor.QuickSearchModule:UnityEditor.Search:ASIAI0B
Importing 'GUID: 294d0810dc9a41a4da3860ccef7a09fb - Path: Assets/Twinsanity/Baked/Beach/Bossarea_Scenery_Mesh_163 2.asset - Importer: ScriptedImporter/UnityEditor.QuickSearchModule:UnityEditor.Search:ASIAI0B' with importer (ScriptedImporter : UnityEditor.QuickSearchModule:UnityEditor.Search:ASIAI0B)
Imported 'GUID: 294d0810dc9a41a4da3860ccef7a09fb' -> (Import Result ID: '4e65aef8d1189762850fd04dfd65d7ba') in 0.015 seconds [static and dynamic dependencies]. Details - ImportResultOutputID=f0b6c4908cca05fb7dc077e566480376 DependenciesID=d1e1018f84f391242307541d222feb18 StaticDependenciesID=cbdd63366ded25e8fcd77a2291fb5283 
Number of updated asset objects reloaded before import = 0
Number of asset objects unloaded after import = 1
========================================================================
Received Import Request.
  Time of request: 2026-09-30T06:25:04.1035864Z
  Time since last request: 0.0006492 seconds.
  importAddress: GUID: 60bd01fedf13d2348b747126dbcc8ce2 - Path: Assets/Twinsanity/Baked/Beach/Bossarea_Scenery_Mesh_177 2.asset - Importer: ScriptedImporter/UnityEditor.QuickSearchModule:UnityEditor.Search:ASIAI0B
Importing 'GUID: 60bd01fedf13d2348b747126dbcc8ce2 - Path: Assets/Twinsanity/Baked/Beach/Bossarea_Scenery_Mesh_177 2.asset - Importer: ScriptedImporter/UnityEditor.QuickSearchModule:UnityEditor.Search:ASIAI0B' with importer (ScriptedImporter : UnityEditor.QuickSearchModule:UnityEditor.Search:ASIAI0B)
Imported 'GUID: 60bd01fedf13d2348b747126dbcc8ce2' -> (Import Result ID: '73b0ac6f4a72a8e247289f47db4fd5ac') in 0.009 seconds [static and dynamic dependencies]. Details - ImportResultOutputID=8f983a0307ff9373af310e79644a5b81 DependenciesID=8716237264b8250267f05c4709218952 StaticDependenciesID=0564bf3658e88f2883eb530c09806ac9 
Number of updated asset objects reloaded before import = 0
Number of asset objects unloaded after import = 1
========================================================================
Received Import Request.
  Time of request: 2026-09-30T06:25:04.1136731Z
  Time since last request: 0.0006456 seconds.
  importAddress: GUID: d12fdacccde46b841b446dac6888f80c - Path: Assets/Twinsanity/Baked/Beach/Bossarea_Scenery_Mesh_161 2.asset - Importer: ScriptedImporter/UnityEditor.QuickSearchModule:UnityEditor.Search:ASIAI0B
Importing 'GUID: d12fdacccde46b841b446dac6888f80c - Path: Assets/Twinsanity/Baked/Beach/Bossarea_Scenery_Mesh_161 2.asset - Importer: ScriptedImporter/UnityEditor.QuickSearchModule:UnityEditor.Search:ASIAI0B' with importer (ScriptedImporter : UnityEditor.QuickSearchModule:UnityEditor.Search:ASIAI0B)
Imported 'GUID: d12fdacccde46b841b446dac6888f80c' -> (Import Result ID: '0b617fb219d8fc0364fae4a4a9a2accb') in 0.012 seconds [static and dynamic dependencies]. Details - ImportResultOutputID=ca1ac1ecd22eaa66062051fb9c1004bc DependenciesID=34e427e7be42b7a14eae67ecd5f48eea StaticDependenciesID=ddf7d924d7be3e46103304f34df2efa6 
Number of updated asset objects reloaded before import = 0
Number of asset objects unloaded after import = 1
========================================================================
Received Import Request.
  Time of request: 2026-09-30T06:25:04.1267762Z
  Time since last request: 0.000684 seconds.
  importAddress: GUID: b2b6a4ce196538847a3e6b234d6d0236 - Path: Assets/Twinsanity/Baked/Beach/Material_140 2.mat - Importer: ScriptedImporter/UnityEditor.QuickSearchModule:UnityEditor.Search:ASIAI0B
Importing 'GUID: b2b6a4ce196538847a3e6b234d6d0236 - Path: Assets/Twinsanity/Baked/Beach/Material_140 2.mat - Importer: ScriptedImporter/UnityEditor.QuickSearchModule:UnityEditor.Search:ASIAI0B' with importer (ScriptedImporter : UnityEditor.QuickSearchModule:UnityEditor.Search:ASIAI0B)
Imported 'GUID: b2b6a4ce196538847a3e6b234d6d0236' -> (Import Result ID: '3577d006af478134d64f1b72ae0aff62') in 0.008 seconds [static and dynamic dependencies]. Details - ImportResultOutputID=df040d21f7b77f7921e0a4a6ae7ddc21 DependenciesID=acc2986c50e305b857acfaeebca45e9a StaticDependenciesID=6a061bf364d848b834dc92d2a0ae284a 
Number of updated asset objects reloaded before import = 0
Number of asset objects unloaded after import = 2
========================================================================
Received Import Request.
  Time of request: 2026-09-30T06:25:04.136183Z
  Time since last request: 0.0008732 seconds.
  importAddress: GUID: 382cc2508671457498d6af70deb1c5dc - Path: Assets/Twinsanity/Baked/Beach/Bossarea_Scenery_Mesh_159 2.asset - Importer: ScriptedImporter/UnityEditor.QuickSearchModule:UnityEditor.Search:ASIAI0B
Importing 'GUID: 382cc2508671457498d6af70deb1c5dc - Path: Assets/Twinsanity/Baked/Beach/Bossarea_Scenery_Mesh_159 2.asset - Importer: ScriptedImporter/UnityEditor.QuickSearchModule:UnityEditor.Search:ASIAI0B' with importer (ScriptedImporter : UnityEditor.QuickSearchModule:UnityEditor.Search:ASIAI0B)
Imported 'GUID: 382cc2508671457498d6af70deb1c5dc' -> (Import Result ID: 'c6baee12f09711e9e2122dd245388b1f') in 0.009 seconds [static and dynamic dependencies]. Details - ImportResultOutputID=8eb6f19300704a4af9f45319cd947034 DependenciesID=0182de2bea2dfdeb43ed64feac3359a7 StaticDependenciesID=50b6d1e423601a3192ee03176a052f18 
Number of updated asset objects reloaded before import = 0
Number of asset objects unloaded after import = 1
========================================================================
Received Import Request.
  Time of request: 2026-09-30T06:25:04.1464179Z
  Time since last request: 0.0003623 seconds.
  importAddress: GUID: 4af6d65cbbb372c4a92d3743c9e6c772 - Path: Assets/Twinsanity/Baked/Beach/Material_152 2.mat - Importer: ScriptedImporter/UnityEditor.QuickSearchModule:UnityEditor.Search:ASIAI0B
Importing 'GUID: 4af6d65cbbb372c4a92d3743c9e6c772 - Path: Assets/Twinsanity/Baked/Beach/Material_152 2.mat - Importer: ScriptedImporter/UnityEditor.QuickSearchModule:UnityEditor.Search:ASIAI0B' with importer (ScriptedImporter : UnityEditor.QuickSearchModule:UnityEditor.Search:ASIAI0B)
Imported 'GUID: 4af6d65cbbb372c4a92d3743c9e6c772' -> (Import Result ID: '0fc327876e6963c50841e2d77f073a23') in 0.012 seconds [static and dynamic dependencies]. Details - ImportResultOutputID=046879bb9c8830f11522e8de56861077 DependenciesID=8b876740e7ef4772a8f75c7e369ebbef StaticDependenciesID=3fe5dc41806d47e19d594d60756c15ce 
Number of updated asset objects reloaded before import = 0
Number of asset objects unloaded after import = 2
========================================================================
Received Import Request.
  Time of request: 2026-09-30T06:25:04.1612477Z
  Time since last request: 0.0006786 seconds.
  importAddress: GUID: 3ae2a5e018aece746ade9d47f11550e5 - Path: Assets/Twinsanity/Baked/Beach/Material_154 2.mat - Importer: ScriptedImporter/UnityEditor.QuickSearchModule:UnityEditor.Search:ASIAI0B
Importing 'GUID: 3ae2a5e018aece746ade9d47f11550e5 - Path: Assets/Twinsanity/Baked/Beach/Material_154 2.mat - Importer: ScriptedImporter/UnityEditor.QuickSearchModule:UnityEditor.Search:ASIAI0B' with importer (ScriptedImporter : UnityEditor.QuickSearchModule:UnityEditor.Search:ASIAI0B)
Imported 'GUID: 3ae2a5e018aece746ade9d47f11550e5' -> (Import Result ID: '4817e56c9568f81a541afa6724ccf5d6') in 0.014 seconds [static and dynamic dependencies]. Details - ImportResultOutputID=781e5b145426daeeee9191995e2f1615 DependenciesID=4a086c93fbfa9a7d2ae88c280656c456 StaticDependenciesID=a99f57403c7136c06080aeebba7b0a97 
Number of updated asset objects reloaded before import = 0
Number of asset objects unloaded after import = 2
========================================================================
Received Import Request.
  Time of request: 2026-09-30T06:25:04.1769608Z
  Time since last request: 0.0013216 seconds.
  importAddress: GUID: 64ccb09a915ccb745ab0adbe6e3f0db6 - Path: Assets/Twinsanity/Baked/Beach/Bossarea_Scenery_Mesh_153 2.asset - Importer: ScriptedImporter/UnityEditor.QuickSearchModule:UnityEditor.Search:ASIAI0B
Importing 'GUID: 64ccb09a915ccb745ab0adbe6e3f0db6 - Path: Assets/Twinsanity/Baked/Beach/Bossarea_Scenery_Mesh_153 2.asset - Importer: ScriptedImporter/UnityEditor.QuickSearchModule:UnityEditor.Search:ASIAI0B' with importer (ScriptedImporter : UnityEditor.QuickSearchModule:UnityEditor.Search:ASIAI0B)
Imported 'GUID: 64ccb09a915ccb745ab0adbe6e3f0db6' -> (Import Result ID: 'acfefe57e731a427f273b03fc37afe3e') in 0.007 seconds [static and dynamic dependencies]. Details - ImportResultOutputID=0a03b1a141750d9b0feea3da5188680c DependenciesID=155003c9b2152856450d5718426031be StaticDependenciesID=e4d73d6909281cfad67a8139c87628bb 
Number of updated asset objects reloaded before import = 0
Number of asset objects unloaded after import = 1
========================================================================
Received Import Request.
  Time of request: 2026-09-30T06:25:04.1849348Z
  Time since last request: 0.000686 seconds.
  importAddress: GUID: 8b47b36ff9f544c40af2165942bb029f - Path: Assets/Twinsanity/Baked/Beach/Bossarea_Scenery_Mesh_183 2.asset - Importer: ScriptedImporter/UnityEditor.QuickSearchModule:UnityEditor.Search:ASIAI0B
Importing 'GUID: 8b47b36ff9f544c40af2165942bb029f - Path: Assets/Twinsanity/Baked/Beach/Bossarea_Scenery_Mesh_183 2.asset - Importer: ScriptedImporter/UnityEditor.QuickSearchModule:UnityEditor.Search:ASIAI0B' with importer (ScriptedImporter : UnityEditor.QuickSearchModule:UnityEditor.Search:ASIAI0B)
Imported 'GUID: 8b47b36ff9f544c40af2165942bb029f' -> (Import Result ID: '652abea1e38388cb5cb5dd55d7679942') in 0.011 seconds [static and dynamic dependencies]. Details - ImportResultOutputID=9187b7bbf9ffe2f93cb81a0c8c6c71f1 DependenciesID=2b819ec5cab27b7c17c87e4b647fb67a StaticDependenciesID=709a062f78f3e0c904e3ad7714e18cd8 
Number of updated asset objects reloaded before import = 0
Number of asset objects unloaded after import = 1
========================================================================
Received Import Request.
  Time of request: 2026-09-30T06:25:04.1969703Z
  Time since last request: 0.0006606 seconds.
  importAddress: GUID: b666610f363ba7d4b8122186687580d2 - Path: Assets/Twinsanity/Baked/Beach/Material_167 2.mat - Importer: ScriptedImporter/UnityEditor.QuickSearchModule:UnityEditor.Search:ASIAI0B
Importing 'GUID: b666610f363ba7d4b8122186687580d2 - Path: Assets/Twinsanity/Baked/Beach/Material_167 2.mat - Importer: ScriptedImporter/UnityEditor.QuickSearchModule:UnityEditor.Search:ASIAI0B' with importer (ScriptedImporter : UnityEditor.QuickSearchModule:UnityEditor.Search:ASIAI0B)
Imported 'GUID: b666610f363ba7d4b8122186687580d2' -> (Import Result ID: 'd71a7d42f4a7a3c2729dd3ff26441fc8') in 0.009 seconds [static and dynamic dependencies]. Details - ImportResultOutputID=ef8d92578175f2b82a6598b255332529 DependenciesID=b88022d99b6c816b31d21fa64a772e21 StaticDependenciesID=8f9f11280783051530e3251e9c13f102 
Number of updated asset objects reloaded before import = 0
Number of asset objects unloaded after import = 2
========================================================================
Received Import Request.
  Time of request: 2026-09-30T06:25:04.2070759Z
  Time since last request: 0.0005059 seconds.
  importAddress: GUID: 048a6ab6498a31d46b8487066e9e914e - Path: Assets/Twinsanity/Baked/Beach/Beach_Scenery_Mesh_123 2.asset - Importer: ScriptedImporter/UnityEditor.QuickSearchModule:UnityEditor.Search:ASIAI0B
Importing 'GUID: 048a6ab6498a31d46b8487066e9e914e - Path: Assets/Twinsanity/Baked/Beach/Beach_Scenery_Mesh_123 2.asset - Importer: ScriptedImporter/UnityEditor.QuickSearchModule:UnityEditor.Search:ASIAI0B' with importer (ScriptedImporter : UnityEditor.QuickSearchModule:UnityEditor.Search:ASIAI0B)
Imported 'GUID: 048a6ab6498a31d46b8487066e9e914e' -> (Import Result ID: 'bbd17fd49744362c29fd36fd2d899c2c') in 0.006 seconds [static and dynamic dependencies]. Details - ImportResultOutputID=26be0e55e6a415e254742d4f16824a9b DependenciesID=bafd39750182709b35f00392e7569de7 StaticDependenciesID=c6f1e8e5c852ce4f64e77e960aa69b02 
Number of updated asset objects reloaded before import = 0
Number of asset objects unloaded after import = 1
========================================================================
Received Import Request.
  Time of request: 2026-09-30T06:25:04.2244287Z
  Time since last request: 0.0107631 seconds.
  importAddress: GUID: f37a801b0a515b340924bbe2be5b2140 - Path: Assets/Twinsanity/Baked/Beach/Alwayson_Scenery_Mesh_248 2.asset - Importer: ScriptedImporter/UnityEditor.QuickSearchModule:UnityEditor.Search:ASIAI0B
Importing 'GUID: f37a801b0a515b340924bbe2be5b2140 - Path: Assets/Twinsanity/Baked/Beach/Alwayson_Scenery_Mesh_248 2.asset - Importer: ScriptedImporter/UnityEditor.QuickSearchModule:UnityEditor.Search:ASIAI0B' with importer (ScriptedImporter : UnityEditor.QuickSearchModule:UnityEditor.Search:ASIAI0B)
Imported 'GUID: f37a801b0a515b340924bbe2be5b2140' -> (Import Result ID: '437ea444e65fddf0429d4a4a2724d74e') in 0.007 seconds [static and dynamic dependencies]. Details - ImportResultOutputID=42d033d631a572b9124d764ab3e06910 DependenciesID=1c8328b1bdb037304cc81db572916d02 StaticDependenciesID=826a373c4424fc13cafa282fefb93409 
Number of updated asset objects reloaded before import = 0
Number of asset objects unloaded after import = 1
========================================================================
Received Import Request.
  Time of request: 2026-09-30T06:25:04.2328518Z
  Time since last request: 0.0008121 seconds.
  importAddress: GUID: e2fa21fa916729d49a8986482d62c334 - Path: Assets/Twinsanity/Baked/Beach/Material_203 2.mat - Importer: ScriptedImporter/UnityEditor.QuickSearchModule:UnityEditor.Search:ASIAI0B
Importing 'GUID: e2fa21fa916729d49a8986482d62c334 - Path: Assets/Twinsanity/Baked/Beach/Material_203 2.mat - Importer: ScriptedImporter/UnityEditor.QuickSearchModule:UnityEditor.Search:ASIAI0B' with importer (ScriptedImporter : UnityEditor.QuickSearchModule:UnityEditor.Search:ASIAI0B)
Imported 'GUID: e2fa21fa916729d49a8986482d62c334' -> (Import Result ID: 'cec6b2f48082dd3499137bb176deb4ca') in 0.009 seconds [static and dynamic dependencies]. Details - ImportResultOutputID=324835869edbd69a26aa1b91e7771e36 DependenciesID=668b0813b2ab5e11802f525c3e2873e5 StaticDependenciesID=c56daa54570b25c814e4f522bd300c1c 
Number of updated asset objects reloaded before import = 0
Number of asset objects unloaded after import = 2
========================================================================
Received Import Request.
  Time of request: 2026-09-30T06:25:04.2431995Z
  Time since last request: 0.0006304 seconds.
  importAddress: GUID: 05ebe37f147db8647ad36e06cdffd383 - Path: Assets/Twinsanity/Baked/Beach/Alwayson_Scenery_Mesh_234 2.asset - Importer: ScriptedImporter/UnityEditor.QuickSearchModule:UnityEditor.Search:ASIAI0B
Importing 'GUID: 05ebe37f147db8647ad36e06cdffd383 - Path: Assets/Twinsanity/Baked/Beach/Alwayson_Scenery_Mesh_234 2.asset - Importer: ScriptedImporter/UnityEditor.QuickSearchModule:UnityEditor.Search:ASIAI0B' with importer (ScriptedImporter : UnityEditor.QuickSearchModule:UnityEditor.Search:ASIAI0B)
Imported 'GUID: 05ebe37f147db8647ad36e06cdffd383' -> (Import Result ID: '9ad516c16ab1918288bfb4942f49f846') in 0.006 seconds [static and dynamic dependencies]. Details - ImportResultOutputID=29f369fe8fd3885dbabc7da7de42ac47 DependenciesID=293930ba1435dd9f78520deccc1a56dd StaticDependenciesID=35366e811d5d7af52acb75db173a55c0 
Number of updated asset objects reloaded before import = 0
Number of asset objects unloaded after import = 1
========================================================================
Received Import Request.
  Time of request: 2026-09-30T06:25:04.2505432Z
  Time since last request: 0.0005783 seconds.
  importAddress: GUID: f3b02f6a7d3a6a04e9d23e45cbd1cd7c - Path: Assets/Twinsanity/Baked/Beach/Material_239 2.mat - Importer: ScriptedImporter/UnityEditor.QuickSearchModule:UnityEditor.Search:ASIAI0B
Importing 'GUID: f3b02f6a7d3a6a04e9d23e45cbd1cd7c - Path: Assets/Twinsanity/Baked/Beach/Material_239 2.mat - Importer: ScriptedImporter/UnityEditor.QuickSearchModule:UnityEditor.Search:ASIAI0B' with importer (ScriptedImporter : UnityEditor.QuickSearchModule:UnityEditor.Search:ASIAI0B)
Imported 'GUID: f3b02f6a7d3a6a04e9d23e45cbd1cd7c' -> (Import Result ID: '9d5dddaeaf81ae0b637af4495f669710') in 0.011 seconds [static and dynamic dependencies]. Details - ImportResultOutputID=11c497af5a02e499c69d53a19c82a313 DependenciesID=1cdebe87a5f3e824c2e98a495ba46c4e StaticDependenciesID=ba02d8435da0898b0dd26dc577c1cbbf 
Number of updated asset objects reloaded before import = 0
Number of asset objects unloaded after import = 2
========================================================================
Received Import Request.
  Time of request: 2026-09-30T06:25:04.2629089Z
  Time since last request: 0.0008075 seconds.
  importAddress: GUID: 248743b8cab0bb248a9d6c37d0104fed - Path: Assets/Twinsanity/Baked/Beach/Bossarea_Scenery_Mesh_204 2.asset - Importer: ScriptedImporter/UnityEditor.QuickSearchModule:UnityEditor.Search:ASIAI0B
Importing 'GUID: 248743b8cab0bb248a9d6c37d0104fed - Path: Assets/Twinsanity/Baked/Beach/Bossarea_Scenery_Mesh_204 2.asset - Importer: ScriptedImporter/UnityEditor.QuickSearchModule:UnityEditor.Search:ASIAI0B' with importer (ScriptedImporter : UnityEditor.QuickSearchModule:UnityEditor.Search:ASIAI0B)
Imported 'GUID: 248743b8cab0bb248a9d6c37d0104fed' -> (Import Result ID: 'c212111857b5934c410a2ff065c17438') in 0.008 seconds [static and dynamic dependencies]. Details - ImportResultOutputID=30ec6ee9bf2b56d6f6c19c952631cb58 DependenciesID=594d485f5fee136a51623409ffd27e3b StaticDependenciesID=8ed8a8c4cc2a10ee5a942a41bb4e8450 
Number of updated asset objects reloaded before import = 0
Number of asset objects unloaded after import = 1
========================================================================
Received Import Request.
  Time of request: 2026-09-30T06:25:04.2720266Z
  Time since last request: 0.0006485 seconds.
  importAddress: GUID: 6d860a81fc510bd4c8dce1eed278a34a - Path: Assets/Twinsanity/Baked/Beach/Bossarea_Scenery_Mesh_206 2.asset - Importer: ScriptedImporter/UnityEditor.QuickSearchModule:UnityEditor.Search:ASIAI0B
Importing 'GUID: 6d860a81fc510bd4c8dce1eed278a34a - Path: Assets/Twinsanity/Baked/Beach/Bossarea_Scenery_Mesh_206 2.asset - Importer: ScriptedImporter/UnityEditor.QuickSearchModule:UnityEditor.Search:ASIAI0B' with importer (ScriptedImporter : UnityEditor.QuickSearchModule:UnityEditor.Search:ASIAI0B)
Imported 'GUID: 6d860a81fc510bd4c8dce1eed278a34a' -> (Import Result ID: '6ba48721e421a7181512d77c0829d2af') in 0.007 seconds [static and dynamic dependencies]. Details - ImportResultOutputID=f182e494e46025a51731b141bb901e7a DependenciesID=6c588c7f5df86b1dc743d09e7e78cc6b StaticDependenciesID=2710fc1061e34eb887682ab8082890a5 
Number of updated asset objects reloaded before import = 0
Number of asset objects unloaded after import = 1
========================================================================
Received Import Request.
  Time of request: 2026-09-30T06:25:04.2800709Z
  Time since last request: 0.0005633 seconds.
  importAddress: GUID: 448c4c03cf0f69549b28e3bd23a9760c - Path: Assets/Twinsanity/Baked/Beach/Material_227 2.mat - Importer: ScriptedImporter/UnityEditor.QuickSearchModule:UnityEditor.Search:ASIAI0B
Importing 'GUID: 448c4c03cf0f69549b28e3bd23a9760c - Path: Assets/Twinsanity/Baked/Beach/Material_227 2.mat - Importer: ScriptedImporter/UnityEditor.QuickSearchModule:UnityEditor.Search:ASIAI0B' with importer (ScriptedImporter : UnityEditor.QuickSearchModule:UnityEditor.Search:ASIAI0B)
Imported 'GUID: 448c4c03cf0f69549b28e3bd23a9760c' -> (Import Result ID: '3b024390693e866ef43da4c39cf990a1') in 0.008 seconds [static and dynamic dependencies]. Details - ImportResultOutputID=72f88f1314f9442d26abb0d0406fc870 DependenciesID=d8d66d6723be104771fdded184a6978f StaticDependenciesID=0e6265fa84e827a8899e9663e2c9a24b 
Number of updated asset objects reloaded before import = 0
Number of asset objects unloaded after import = 2
========================================================================
Received Import Request.
  Time of request: 2026-09-30T06:25:04.2889153Z
  Time since last request: 0.0007504 seconds.
  importAddress: GUID: a9ae2a95a3c169d4ab0821f343bc07d6 - Path: Assets/Twinsanity/Baked/Beach/Alwayson_Scenery_Mesh_217 2.asset - Importer: ScriptedImporter/UnityEditor.QuickSearchModule:UnityEditor.Search:ASIAI0B
Importing 'GUID: a9ae2a95a3c169d4ab0821f343bc07d6 - Path: Assets/Twinsanity/Baked/Beach/Alwayson_Scenery_Mesh_217 2.asset - Importer: ScriptedImporter/UnityEditor.QuickSearchModule:UnityEditor.Search:ASIAI0B' with importer (ScriptedImporter : UnityEditor.QuickSearchModule:UnityEditor.Search:ASIAI0B)
Imported 'GUID: a9ae2a95a3c169d4ab0821f343bc07d6' -> (Import Result ID: 'b45018c48cfc0a39aaf01bf1675288a2') in 0.008 seconds [static and dynamic dependencies]. Details - ImportResultOutputID=02950d61ffb7b9e6a9ac95eeb53d8717 DependenciesID=c5d06af7f34d3993eb42667c0cd5f3c1 StaticDependenciesID=b294e1ae0b7c171a254df1046c040475 
Number of updated asset objects reloaded before import = 0
Number of asset objects unloaded after import = 1
========================================================================
Received Import Request.
  Time of request: 2026-09-30T06:25:04.2982993Z
  Time since last request: 0.0006643 seconds.
  importAddress: GUID: 942e29d2ae21cae4397cf24b502ca60a - Path: Assets/Twinsanity/Baked/Beach/Bossarea_Scenery_Mesh_199 2.asset - Importer: ScriptedImporter/UnityEditor.QuickSearchModule:UnityEditor.Search:ASIAI0B
Importing 'GUID: 942e29d2ae21cae4397cf24b502ca60a - Path: Assets/Twinsanity/Baked/Beach/Bossarea_Scenery_Mesh_199 2.asset - Importer: ScriptedImporter/UnityEditor.QuickSearchModule:UnityEditor.Search:ASIAI0B' with importer (ScriptedImporter : UnityEditor.QuickSearchModule:UnityEditor.Search:ASIAI0B)
Imported 'GUID: 942e29d2ae21cae4397cf24b502ca60a' -> (Import Result ID: 'b0f467912f4e73dbf42f7c7226deeb03') in 0.005 seconds [static and dynamic dependencies]. Details - ImportResultOutputID=ee0883defad2fb0f16dd66633f3c1a76 DependenciesID=7e2e959a1dac9b5710b4812ce329fdfa StaticDependenciesID=dbab6ae930cd93c81f0b1c3ddc652213 
Number of updated asset objects reloaded before import = 0
Number of asset objects unloaded after import = 1
========================================================================
Received Import Request.
  Time of request: 2026-09-30T06:25:04.3045821Z
  Time since last request: 0.0006407 seconds.
  importAddress: GUID: 46f1b688a01ffe1468ffe9be7c78e54f - Path: Assets/Twinsanity/Baked/Beach/Material_235 2.mat - Importer: ScriptedImporter/UnityEditor.QuickSearchModule:UnityEditor.Search:ASIAI0B
Importing 'GUID: 46f1b688a01ffe1468ffe9be7c78e54f - Path: Assets/Twinsanity/Baked/Beach/Material_235 2.mat - Importer: ScriptedImporter/UnityEditor.QuickSearchModule:UnityEditor.Search:ASIAI0B' with importer (ScriptedImporter : UnityEditor.QuickSearchModule:UnityEditor.Search:ASIAI0B)
Imported 'GUID: 46f1b688a01ffe1468ffe9be7c78e54f' -> (Import Result ID: '24c8d21be0b54d893383de62cd538614') in 0.009 seconds [static and dynamic dependencies]. Details - ImportResultOutputID=6ba799c4c8902cdc6d3d5532433e9493 DependenciesID=84f58c873dc8071a8cd9a3ef6d31f8e3 StaticDependenciesID=afd9f9e2a108f4d54daae9a0cfbb6de9 
Number of updated asset objects reloaded before import = 0
Number of asset objects unloaded after import = 2
========================================================================
Received Import Request.
  Time of request: 2026-09-30T06:25:04.3150008Z
  Time since last request: 0.0007447 seconds.
  importAddress: GUID: 6e302eaef7f4379429c8de92c7754136 - Path: Assets/Twinsanity/Baked/Beach/Material_207 2.mat - Importer: ScriptedImporter/UnityEditor.QuickSearchModule:UnityEditor.Search:ASIAI0B
Importing 'GUID: 6e302eaef7f4379429c8de92c7754136 - Path: Assets/Twinsanity/Baked/Beach/Material_207 2.mat - Importer: ScriptedImporter/UnityEditor.QuickSearchModule:UnityEditor.Search:ASIAI0B' with importer (ScriptedImporter : UnityEditor.QuickSearchModule:UnityEditor.Search:ASIAI0B)
Imported 'GUID: 6e302eaef7f4379429c8de92c7754136' -> (Import Result ID: '03ec94894d956cd3ca62edbeb9c64216') in 0.010 seconds [static and dynamic dependencies]. Details - ImportResultOutputID=4da1623ebb6b10c7b971a8088ffb6b1b DependenciesID=a6d0ea50feb62d98470e2e25932a2fb8 StaticDependenciesID=83d1b50bb1f44f1b54f1f8ae5f5d12df 
Number of updated asset objects reloaded before import = 0
Number of asset objects unloaded after import = 2
========================================================================
Received Import Request.
  Time of request: 2026-09-30T06:25:04.3261227Z
  Time since last request: 0.0005769 seconds.
  importAddress: GUID: 2da8a40d3eb402f4caabe563ea2c70b9 - Path: Assets/Twinsanity/Baked/Beach/Material_190 2.mat - Importer: ScriptedImporter/UnityEditor.QuickSearchModule:UnityEditor.Search:ASIAI0B
Importing 'GUID: 2da8a40d3eb402f4caabe563ea2c70b9 - Path: Assets/Twinsanity/Baked/Beach/Material_190 2.mat - Importer: ScriptedImporter/UnityEditor.QuickSearchModule:UnityEditor.Search:ASIAI0B' with importer (ScriptedImporter : UnityEditor.QuickSearchModule:UnityEditor.Search:ASIAI0B)
Imported 'GUID: 2da8a40d3eb402f4caabe563ea2c70b9' -> (Import Result ID: '812a61f617f148c531ee076b1885ea4d') in 0.008 seconds [static and dynamic dependencies]. Details - ImportResultOutputID=65555fc4f854450e832de06e765d2c2b DependenciesID=bb989011d8b43ca6691d34f449905522 StaticDependenciesID=130b950d1a6c7f8751850d2fa3e82e24 
Number of updated asset objects reloaded before import = 0
Number of asset objects unloaded after import = 2
========================================================================
Received Import Request.
  Time of request: 2026-09-30T06:25:04.337805Z
  Time since last request: 0.0030593 seconds.
  importAddress: GUID: 32f28bb625181b745a2cc6b34ce9eab7 - Path: Assets/Twinsanity/Baked/Beach/Material_247 2.mat - Importer: ScriptedImporter/UnityEditor.QuickSearchModule:UnityEditor.Search:ASIAI0B
Importing 'GUID: 32f28bb625181b745a2cc6b34ce9eab7 - Path: Assets/Twinsanity/Baked/Beach/Material_247 2.mat - Importer: ScriptedImporter/UnityEditor.QuickSearchModule:UnityEditor.Search:ASIAI0B' with importer (ScriptedImporter : UnityEditor.QuickSearchModule:UnityEditor.Search:ASIAI0B)
Imported 'GUID: 32f28bb625181b745a2cc6b34ce9eab7' -> (Import Result ID: '1ca9e7d7f5ab661b420d6259f23a11b9') in 0.008 seconds [static and dynamic dependencies]. Details - ImportResultOutputID=c3697814bd888426f82807d1fe866884 DependenciesID=3fe7431c0eec1db486985837a0cf0035 StaticDependenciesID=1879e5c1455121babdc5b1225220bf52 
Number of updated asset objects reloaded before import = 0
Number of asset objects unloaded after import = 2
========================================================================
Received Import Request.
  Time of request: 2026-09-30T06:25:04.3474761Z
  Time since last request: 0.0014803 seconds.
  importAddress: GUID: c5d37c65438dde447be606766bf92f81 - Path: Assets/Twinsanity/Baked/Beach/Bossarea_Scenery_Mesh_210 2.asset - Importer: ScriptedImporter/UnityEditor.QuickSearchModule:UnityEditor.Search:ASIAI0B
Importing 'GUID: c5d37c65438dde447be606766bf92f81 - Path: Assets/Twinsanity/Baked/Beach/Bossarea_Scenery_Mesh_210 2.asset - Importer: ScriptedImporter/UnityEditor.QuickSearchModule:UnityEditor.Search:ASIAI0B' with importer (ScriptedImporter : UnityEditor.QuickSearchModule:UnityEditor.Search:ASIAI0B)
Imported 'GUID: c5d37c65438dde447be606766bf92f81' -> (Import Result ID: 'b664c5c347c1cc67296db723e2adc123') in 0.009 seconds [static and dynamic dependencies]. Details - ImportResultOutputID=710faccafcef1334f688cb6d3772c112 DependenciesID=bd782ec810a7a07a3b68ddd373c05cd3 StaticDependenciesID=b3abd9ae1b6c09b1a624ebbc8594a8c3 
Number of updated asset objects reloaded before import = 0
Number of asset objects unloaded after import = 1
========================================================================
Received Import Request.
  Time of request: 2026-09-30T06:25:04.35727Z
  Time since last request: 0.0005225 seconds.
  importAddress: GUID: 437da35a10bb76c41965313ebc1ccd62 - Path: Assets/Twinsanity/Baked/Beach/Material_201 2.mat - Importer: ScriptedImporter/UnityEditor.QuickSearchModule:UnityEditor.Search:ASIAI0B
Importing 'GUID: 437da35a10bb76c41965313ebc1ccd62 - Path: Assets/Twinsanity/Baked/Beach/Material_201 2.mat - Importer: ScriptedImporter/UnityEditor.QuickSearchModule:UnityEditor.Search:ASIAI0B' with importer (ScriptedImporter : UnityEditor.QuickSearchModule:UnityEditor.Search:ASIAI0B)
Imported 'GUID: 437da35a10bb76c41965313ebc1ccd62' -> (Import Result ID: '8055f8f5a80686d0bd82b882218da8d4') in 0.008 seconds [static and dynamic dependencies]. Details - ImportResultOutputID=5b2118e02db51a81cb553d895c403335 DependenciesID=c3eb76205a965874075cd76a7edc9f19 StaticDependenciesID=3988d350cedc14b6ac4d5d42031c0864 
Number of updated asset objects reloaded before import = 0
Number of asset objects unloaded after import = 2
========================================================================
Received Import Request.
  Time of request: 2026-09-30T06:25:04.3665456Z
  Time since last request: 0.0008359 seconds.
  importAddress: GUID: 7d48f0ee89aa536419e664a4be5408cc - Path: Assets/Twinsanity/Baked/Beach/Material_216 2.mat - Importer: ScriptedImporter/UnityEditor.QuickSearchModule:UnityEditor.Search:ASIAI0B
Importing 'GUID: 7d48f0ee89aa536419e664a4be5408cc - Path: Assets/Twinsanity/Baked/Beach/Material_216 2.mat - Importer: ScriptedImporter/UnityEditor.QuickSearchModule:UnityEditor.Search:ASIAI0B' with importer (ScriptedImporter : UnityEditor.QuickSearchModule:UnityEditor.Search:ASIAI0B)
Imported 'GUID: 7d48f0ee89aa536419e664a4be5408cc' -> (Import Result ID: '0f8c9e34aa113f65b1f4f14dd0932d35') in 0.008 seconds [static and dynamic dependencies]. Details - ImportResultOutputID=9f581b7c9c588551aa8a9f59834f0ade DependenciesID=51cb2c32935d46a9d64ae0cb6e6c5ea7 StaticDependenciesID=1f63e11962e1b2f3fc4417b10946bfc6 
Number of updated asset objects reloaded before import = 0
Number of asset objects unloaded after import = 2
========================================================================
Received Import Request.
  Time of request: 2026-09-30T06:25:04.3761186Z
  Time since last request: 0.0005428 seconds.
  importAddress: GUID: b58134962081dbb49a882ec6de8b32fb - Path: Assets/Twinsanity/Baked/Beach/Material_233 2.mat - Importer: ScriptedImporter/UnityEditor.QuickSearchModule:UnityEditor.Search:ASIAI0B
Importing 'GUID: b58134962081dbb49a882ec6de8b32fb - Path: Assets/Twinsanity/Baked/Beach/Material_233 2.mat - Importer: ScriptedImporter/UnityEditor.QuickSearchModule:UnityEditor.Search:ASIAI0B' with importer (ScriptedImporter : UnityEditor.QuickSearchModule:UnityEditor.Search:ASIAI0B)
Imported 'GUID: b58134962081dbb49a882ec6de8b32fb' -> (Import Result ID: '55a0a7f6507ed5b7e096d75c92e3c15d') in 0.007 seconds [static and dynamic dependencies]. Details - ImportResultOutputID=56a7d267b46f9a1cafca8774beea0eaf DependenciesID=245ce98c874f438e09dbc53831fe4c30 StaticDependenciesID=55744033bb6dcc96d9e076f8b6507cb1 
Number of updated asset objects reloaded before import = 0
Number of asset objects unloaded after import = 2
========================================================================
Received Import Request.
  Time of request: 2026-09-30T06:25:04.3848569Z
  Time since last request: 0.0008548 seconds.
  importAddress: GUID: 9de3efb29571a4f48b0cdf8010c7fe4c - Path: Assets/Twinsanity/Baked/Beach/Alwayson_Scenery_Mesh_238 2.asset - Importer: ScriptedImporter/UnityEditor.QuickSearchModule:UnityEditor.Search:ASIAI0B
Importing 'GUID: 9de3efb29571a4f48b0cdf8010c7fe4c - Path: Assets/Twinsanity/Baked/Beach/Alwayson_Scenery_Mesh_238 2.asset - Importer: ScriptedImporter/UnityEditor.QuickSearchModule:UnityEditor.Search:ASIAI0B' with importer (ScriptedImporter : UnityEditor.QuickSearchModule:UnityEditor.Search:ASIAI0B)
Imported 'GUID: 9de3efb29571a4f48b0cdf8010c7fe4c' -> (Import Result ID: '5808ead2d6a5c007855fcf9411daf542') in 0.013 seconds [static and dynamic dependencies]. Details - ImportResultOutputID=35064b14739adfd62e31a6b4095c6c5a DependenciesID=702862ed384a8c2387226df8ada9bfe4 StaticDependenciesID=8b9950b0cfaa0dd74e4fd0bbc2dd8748 
Number of updated asset objects reloaded before import = 0
Number of asset objects unloaded after import = 1
========================================================================
Received Import Request.
  Time of request: 2026-09-30T06:25:04.3985494Z
  Time since last request: 0.0004945 seconds.
  importAddress: GUID: 90fd0e8b63b679a4b8ebf846873f868f - Path: Assets/Twinsanity/Baked/Beach/Alwayson_Scenery_Mesh_244 2.asset - Importer: ScriptedImporter/UnityEditor.QuickSearchModule:UnityEditor.Search:ASIAI0B
Importing 'GUID: 90fd0e8b63b679a4b8ebf846873f868f - Path: Assets/Twinsanity/Baked/Beach/Alwayson_Scenery_Mesh_244 2.asset - Importer: ScriptedImporter/UnityEditor.QuickSearchModule:UnityEditor.Search:ASIAI0B' with importer (ScriptedImporter : UnityEditor.QuickSearchModule:UnityEditor.Search:ASIAI0B)
Imported 'GUID: 90fd0e8b63b679a4b8ebf846873f868f' -> (Import Result ID: '63b49af7a67f819f35ab5cc2ee74f4d1') in 0.007 seconds [static and dynamic dependencies]. Details - ImportResultOutputID=be4e72329b64d445c567b254859c7e08 DependenciesID=72292105ad797b4cf21180955e35f9b4 StaticDependenciesID=be429fd58eb8e5cbc6448a65562715d3 
Number of updated asset objects reloaded before import = 0
Number of asset objects unloaded after import = 1
========================================================================
Received Import Request.
  Time of request: 2026-09-30T06:25:04.4065046Z
  Time since last request: 0.0006722 seconds.
  importAddress: GUID: 0cab7e71c1ef123449b3f95e784b49ad - Path: Assets/Twinsanity/Baked/Beach/Material_249 2.mat - Importer: ScriptedImporter/UnityEditor.QuickSearchModule:UnityEditor.Search:ASIAI0B
Importing 'GUID: 0cab7e71c1ef123449b3f95e784b49ad - Path: Assets/Twinsanity/Baked/Beach/Material_249 2.mat - Importer: ScriptedImporter/UnityEditor.QuickSearchModule:UnityEditor.Search:ASIAI0B' with importer (ScriptedImporter : UnityEditor.QuickSearchModule:UnityEditor.Search:ASIAI0B)
Imported 'GUID: 0cab7e71c1ef123449b3f95e784b49ad' -> (Import Result ID: '85a1b6e1a585982aa1bede614c93f087') in 0.008 seconds [static and dynamic dependencies]. Details - ImportResultOutputID=7fdddff8c11cbe96dfb4e3824a2df1c7 DependenciesID=4b00ac9ff300722318beb8b77c5cb334 StaticDependenciesID=9593fa08a51882891cc8190e2953673d 
Number of updated asset objects reloaded before import = 0
Number of asset objects unloaded after import = 2
========================================================================
Received Import Request.
  Time of request: 2026-09-30T06:25:04.4154102Z
  Time since last request: 0.0005875 seconds.
  importAddress: GUID: 06332f8b33715a54eae60bac031a26f3 - Path: Assets/Twinsanity/Baked/Beach/Bossarea_Scenery_Mesh_196 2.asset - Importer: ScriptedImporter/UnityEditor.QuickSearchModule:UnityEditor.Search:ASIAI0B
Importing 'GUID: 06332f8b33715a54eae60bac031a26f3 - Path: Assets/Twinsanity/Baked/Beach/Bossarea_Scenery_Mesh_196 2.asset - Importer: ScriptedImporter/UnityEditor.QuickSearchModule:UnityEditor.Search:ASIAI0B' with importer (ScriptedImporter : UnityEditor.QuickSearchModule:UnityEditor.Search:ASIAI0B)
Imported 'GUID: 06332f8b33715a54eae60bac031a26f3' -> (Import Result ID: 'e2e63ae841b46dff336a25a84cc5d576') in 0.006 seconds [static and dynamic dependencies]. Details - ImportResultOutputID=a29db4a106cc3b4a4a986089c7b99c96 DependenciesID=4cdf37c55932b4b3ffe9c755b34c0c78 StaticDependenciesID=a0b877501269f5f73236fd46f52cc3d7 
Number of updated asset objects reloaded before import = 0
Number of asset objects unloaded after import = 1
========================================================================
Received Import Request.
  Time of request: 2026-09-30T06:25:04.4221545Z
  Time since last request: 0.0005694 seconds.
  importAddress: GUID: bcaae00726c250f40b8f6681439f19c7 - Path: Assets/Twinsanity/Baked/Beach/Alwayson_Scenery_Mesh_215 2.asset - Importer: ScriptedImporter/UnityEditor.QuickSearchModule:UnityEditor.Search:ASIAI0B
Importing 'GUID: bcaae00726c250f40b8f6681439f19c7 - Path: Assets/Twinsanity/Baked/Beach/Alwayson_Scenery_Mesh_215 2.asset - Importer: ScriptedImporter/UnityEditor.QuickSearchModule:UnityEditor.Search:ASIAI0B' with importer (ScriptedImporter : UnityEditor.QuickSearchModule:UnityEditor.Search:ASIAI0B)
Imported 'GUID: bcaae00726c250f40b8f6681439f19c7' -> (Import Result ID: 'd1593a6480838e1121eb9078ce6c783c') in 0.007 seconds [static and dynamic dependencies]. Details - ImportResultOutputID=031cb833a8c3e26d3110389a249585ac DependenciesID=659fb0e26caf1fcb2e5b32a5a3dcd54f StaticDependenciesID=438bd401de4e5c275e0df5c6753760f3 
Number of updated asset objects reloaded before import = 0
Number of asset objects unloaded after import = 1
========================================================================
Received Import Request.
  Time of request: 2026-09-30T06:25:04.4308255Z
  Time since last request: 0.0008032 seconds.
  importAddress: GUID: d7adcd3a9fa23a54b8fe0986d7227c4f - Path: Assets/Twinsanity/Baked/Beach/Material_223 2.mat - Importer: ScriptedImporter/UnityEditor.QuickSearchModule:UnityEditor.Search:ASIAI0B
Importing 'GUID: d7adcd3a9fa23a54b8fe0986d7227c4f - Path: Assets/Twinsanity/Baked/Beach/Material_223 2.mat - Importer: ScriptedImporter/UnityEditor.QuickSearchModule:UnityEditor.Search:ASIAI0B' with importer (ScriptedImporter : UnityEditor.QuickSearchModule:UnityEditor.Search:ASIAI0B)
Imported 'GUID: d7adcd3a9fa23a54b8fe0986d7227c4f' -> (Import Result ID: 'de6e11959bb7166e9e42c4a44d45f6bb') in 0.007 seconds [static and dynamic dependencies]. Details - ImportResultOutputID=d49c9487b4e1c22e421e38b211a5d8f6 DependenciesID=3aa2be5e51c989b4ca5d865f03d26e09 StaticDependenciesID=61382c311315fad472ac51a7b8e2ad00 
Number of updated asset objects reloaded before import = 0
Number of asset objects unloaded after import = 2
========================================================================
Received Import Request.
  Time of request: 2026-09-30T06:25:04.4388284Z
  Time since last request: 0.0005551 seconds.
  importAddress: GUID: 4a938dba944d762409b959bc8d7a8090 - Path: Assets/Twinsanity/Baked/Beach/Alwayson_Scenery_Mesh_242 2.asset - Importer: ScriptedImporter/UnityEditor.QuickSearchModule:UnityEditor.Search:ASIAI0B
Importing 'GUID: 4a938dba944d762409b959bc8d7a8090 - Path: Assets/Twinsanity/Baked/Beach/Alwayson_Scenery_Mesh_242 2.asset - Importer: ScriptedImporter/UnityEditor.QuickSearchModule:UnityEditor.Search:ASIAI0B' with importer (ScriptedImporter : UnityEditor.QuickSearchModule:UnityEditor.Search:ASIAI0B)
Imported 'GUID: 4a938dba944d762409b959bc8d7a8090' -> (Import Result ID: 'e1f9e7432997031572ab5ade0a5a712b') in 0.007 seconds [static and dynamic dependencies]. Details - ImportResultOutputID=fa7e95591d2fb0da31760e83e6621f5b DependenciesID=96fa8845b2f879de33757930912ccb91 StaticDependenciesID=ecf1dfbbc7c53eeb9b038b40f8374994 
Number of updated asset objects reloaded before import = 0
Number of asset objects unloaded after import = 1
========================================================================
Received Import Request.
  Time of request: 2026-09-30T06:25:04.4465325Z
  Time since last request: 0.0006697 seconds.
  importAddress: GUID: d7d45d56647a67341b483cf8bc14c1cf - Path: Assets/Twinsanity/Baked/Beach/Bossarea_Scenery_Mesh_202 2.asset - Importer: ScriptedImporter/UnityEditor.QuickSearchModule:UnityEditor.Search:ASIAI0B
Importing 'GUID: d7d45d56647a67341b483cf8bc14c1cf - Path: Assets/Twinsanity/Baked/Beach/Bossarea_Scenery_Mesh_202 2.asset - Importer: ScriptedImporter/UnityEditor.QuickSearchModule:UnityEditor.Search:ASIAI0B' with importer (ScriptedImporter : UnityEditor.QuickSearchModule:UnityEditor.Search:ASIAI0B)
Imported 'GUID: d7d45d56647a67341b483cf8bc14c1cf' -> (Import Result ID: '144703f9eb0f8b3c86c90569219e50ab') in 0.009 seconds [static and dynamic dependencies]. Details - ImportResultOutputID=215f2ae3172e2d814c363f0e0357c7df DependenciesID=86850ec06e0c0e3e20a7c272b92a186f StaticDependenciesID=bfc5797af4e7f2b9e926302f78f6c8ea 
Number of updated asset objects reloaded before import = 0
Number of asset objects unloaded after import = 1
========================================================================
Received Import Request.
  Time of request: 2026-09-30T06:25:04.4570526Z
  Time since last request: 0.00063 seconds.
  importAddress: GUID: 2410b807e32f10543844099f7e597ba8 - Path: Assets/Twinsanity/Baked/Beach/Material_219 2.mat - Importer: ScriptedImporter/UnityEditor.QuickSearchModule:UnityEditor.Search:ASIAI0B
Importing 'GUID: 2410b807e32f10543844099f7e597ba8 - Path: Assets/Twinsanity/Baked/Beach/Material_219 2.mat - Importer: ScriptedImporter/UnityEditor.QuickSearchModule:UnityEditor.Search:ASIAI0B' with importer (ScriptedImporter : UnityEditor.QuickSearchModule:UnityEditor.Search:ASIAI0B)
Imported 'GUID: 2410b807e32f10543844099f7e597ba8' -> (Import Result ID: '934b9da75419267da9cc42a6cfe00322') in 0.011 seconds [static and dynamic dependencies]. Details - ImportResultOutputID=7067de154853085f0d1070d0c1fb2349 DependenciesID=70b646a19a6c73aa7f76b8ebff1c0256 StaticDependenciesID=b869e778cfd95fe44001fd7e56f62134 
Number of updated asset objects reloaded before import = 0
Number of asset objects unloaded after import = 2
========================================================================
Received Import Request.
  Time of request: 2026-09-30T06:25:04.4698837Z
  Time since last request: 0.0005596 seconds.
  importAddress: GUID: c991394406ded3a4fad03bbadbd2e95d - Path: Assets/Twinsanity/Baked/Beach/Bossarea_Scenery_Mesh_198 2.asset - Importer: ScriptedImporter/UnityEditor.QuickSearchModule:UnityEditor.Search:ASIAI0B
Importing 'GUID: c991394406ded3a4fad03bbadbd2e95d - Path: Assets/Twinsanity/Baked/Beach/Bossarea_Scenery_Mesh_198 2.asset - Importer: ScriptedImporter/UnityEditor.QuickSearchModule:UnityEditor.Search:ASIAI0B' with importer (ScriptedImporter : UnityEditor.QuickSearchModule:UnityEditor.Search:ASIAI0B)
Imported 'GUID: c991394406ded3a4fad03bbadbd2e95d' -> (Import Result ID: '8caa63ea29d79259202f5103fa46b047') in 0.007 seconds [static and dynamic dependencies]. Details - ImportResultOutputID=a63ba6c9700b55473e21aefe6861064f DependenciesID=f80a31195ba70fc0154b8a20aa1ac306 StaticDependenciesID=a5cce81cb80d5414df94a2ef6abb502d 
Number of updated asset objects reloaded before import = 0
Number of asset objects unloaded after import = 1
========================================================================
Received Import Request.
  Time of request: 2026-09-30T06:25:04.4785229Z
  Time since last request: 0.0004325 seconds.
  importAddress: GUID: 90f5226f733fa984280c433de28763dd - Path: Assets/Twinsanity/Baked/Beach/Material_212 2.mat - Importer: ScriptedImporter/UnityEditor.QuickSearchModule:UnityEditor.Search:ASIAI0B
Importing 'GUID: 90f5226f733fa984280c433de28763dd - Path: Assets/Twinsanity/Baked/Beach/Material_212 2.mat - Importer: ScriptedImporter/UnityEditor.QuickSearchModule:UnityEditor.Search:ASIAI0B' with importer (ScriptedImporter : UnityEditor.QuickSearchModule:UnityEditor.Search:ASIAI0B)
Imported 'GUID: 90f5226f733fa984280c433de28763dd' -> (Import Result ID: 'f2a3be68327e993f11c824f1da4f1b7d') in 0.007 seconds [static and dynamic dependencies]. Details - ImportResultOutputID=526f9a29756494dd2f5f3417837604fc DependenciesID=e3f3b41623001c704bdb210ccd246b09 StaticDependenciesID=2a0a3d5d92f1ba96bc71be236d62cb04 
Number of updated asset objects reloaded before import = 0
Number of asset objects unloaded after import = 2
========================================================================
Received Import Request.
  Time of request: 2026-09-30T06:25:04.4871609Z
  Time since last request: 0.0002164 seconds.
  importAddress: GUID: aeea3097d5121da46b0c169660678849 - Path: Assets/Twinsanity/Baked/Beach/Alwayson_Scenery_Mesh_246 2.asset - Importer: ScriptedImporter/UnityEditor.QuickSearchModule:UnityEditor.Search:ASIAI0B
Importing 'GUID: aeea3097d5121da46b0c169660678849 - Path: Assets/Twinsanity/Baked/Beach/Alwayson_Scenery_Mesh_246 2.asset - Importer: ScriptedImporter/UnityEditor.QuickSearchModule:UnityEditor.Search:ASIAI0B' with importer (ScriptedImporter : UnityEditor.QuickSearchModule:UnityEditor.Search:ASIAI0B)
Imported 'GUID: aeea3097d5121da46b0c169660678849' -> (Import Result ID: 'ac4e1b6461d2f606916536bcb16fbd95') in 0.009 seconds [static and dynamic dependencies]. Details - ImportResultOutputID=d2f4dab570e3a2178381437a574dd7c3 DependenciesID=cf1ad8182f2f81d58fba22e1faaa89f8 StaticDependenciesID=9a79def2640e0c2ebab874733fd714cb 
Number of updated asset objects reloaded before import = 0
Number of asset objects unloaded after import = 1
========================================================================
Received Import Request.
  Time of request: 2026-09-30T06:25:04.4985387Z
  Time since last request: 0.0008812 seconds.
  importAddress: GUID: a2a53c7c296156640af7639487013221 - Path: Assets/Twinsanity/Baked/Beach/Bossarea_Scenery_Mesh_195 2.asset - Importer: ScriptedImporter/UnityEditor.QuickSearchModule:UnityEditor.Search:ASIAI0B
Importing 'GUID: a2a53c7c296156640af7639487013221 - Path: Assets/Twinsanity/Baked/Beach/Bossarea_Scenery_Mesh_195 2.asset - Importer: ScriptedImporter/UnityEditor.QuickSearchModule:UnityEditor.Search:ASIAI0B' with importer (ScriptedImporter : UnityEditor.QuickSearchModule:UnityEditor.Search:ASIAI0B)
Imported 'GUID: a2a53c7c296156640af7639487013221' -> (Import Result ID: 'fe74c23c369c6cd8febc788ef33f0184') in 0.007 seconds [static and dynamic dependencies]. Details - ImportResultOutputID=cae0d3fe2ce5bcc6cb0466d7a4e16ccf DependenciesID=5e073225e371154a02b626b554fab31d StaticDependenciesID=199ff1bc10a3bcd75679273dd2b7d6b8 
Number of updated asset objects reloaded before import = 0
Number of asset objects unloaded after import = 1
========================================================================
Received Import Request.
  Time of request: 2026-09-30T06:25:04.5093222Z
  Time since last request: 0.003166 seconds.
  importAddress: GUID: e4c6c43e957247545ba5040c0ff6fbb5 - Path: Assets/Twinsanity/Baked/Beach/Material_221 2.mat - Importer: ScriptedImporter/UnityEditor.QuickSearchModule:UnityEditor.Search:ASIAI0B
Importing 'GUID: e4c6c43e957247545ba5040c0ff6fbb5 - Path: Assets/Twinsanity/Baked/Beach/Material_221 2.mat - Importer: ScriptedImporter/UnityEditor.QuickSearchModule:UnityEditor.Search:ASIAI0B' with importer (ScriptedImporter : UnityEditor.QuickSearchModule:UnityEditor.Search:ASIAI0B)
Imported 'GUID: e4c6c43e957247545ba5040c0ff6fbb5' -> (Import Result ID: 'b0e0db43749510d89bf0f257b67353d7') in 0.019 seconds [static and dynamic dependencies]. Details - ImportResultOutputID=fcc4a7aa32f4d9f021d824444e543585 DependenciesID=57a02f8b828490ce96b8aacf7471ae75 StaticDependenciesID=9fd8b86ce0c8e033e9e671a3ff03f4f2 
Number of updated asset objects reloaded before import = 0
Number of asset objects unloaded after import = 2
========================================================================
Received Import Request.
  Time of request: 2026-09-30T06:25:04.5348743Z
  Time since last request: 0.0000659 seconds.
  importAddress: GUID: 0bfc8c8765fc0cd48abdaa9b63e7e5bc - Path: Assets/Twinsanity/Baked/Beach/Material_241 2.mat - Importer: ScriptedImporter/UnityEditor.QuickSearchModule:UnityEditor.Search:ASIAI0B
Importing 'GUID: 0bfc8c8765fc0cd48abdaa9b63e7e5bc - Path: Assets/Twinsanity/Baked/Beach/Material_241 2.mat - Importer: ScriptedImporter/UnityEditor.QuickSearchModule:UnityEditor.Search:ASIAI0B' with importer (ScriptedImporter : UnityEditor.QuickSearchModule:UnityEditor.Search:ASIAI0B)
Imported 'GUID: 0bfc8c8765fc0cd48abdaa9b63e7e5bc' -> (Import Result ID: '430cc36e801826e79fbe27f5abe4a42d') in 0.030 seconds [static and dynamic dependencies]. Details - ImportResultOutputID=eda80ab1d4e267d0cb9ffe2289fc0a2e DependenciesID=e88b6e4d14b567db31220608b4605624 StaticDependenciesID=91abe3f6619c2f3093656840070bf4e5 
Number of updated asset objects reloaded before import = 0
Number of asset objects unloaded after import = 2
========================================================================
Received Import Request.
  Time of request: 2026-09-30T06:25:04.5708245Z
  Time since last request: 0.0054972 seconds.
  importAddress: GUID: 52c339a0722253944b0cc308d6d87f98 - Path: Assets/Twinsanity/Baked/Beach/Material_245 2.mat - Importer: ScriptedImporter/UnityEditor.QuickSearchModule:UnityEditor.Search:ASIAI0B
Importing 'GUID: 52c339a0722253944b0cc308d6d87f98 - Path: Assets/Twinsanity/Baked/Beach/Material_245 2.mat - Importer: ScriptedImporter/UnityEditor.QuickSearchModule:UnityEditor.Search:ASIAI0B' with importer (ScriptedImporter : UnityEditor.QuickSearchModule:UnityEditor.Search:ASIAI0B)
Imported 'GUID: 52c339a0722253944b0cc308d6d87f98' -> (Import Result ID: '94c1eb4f4e35967d0af2e735c74236ad') in 0.019 seconds [static and dynamic dependencies]. Details - ImportResultOutputID=4de93701a0ae043ed8aadc54037ac1bd DependenciesID=a236be906d6d89751188cb7ca5d11fd0 StaticDependenciesID=a494a622dca6d30ca725b5c1e3dbdf11 
Number of updated asset objects reloaded before import = 0
Number of asset objects unloaded after import = 2
========================================================================
Received Import Request.
  Time of request: 2026-09-30T06:25:04.5920446Z
  Time since last request: 0.0005861 seconds.
  importAddress: GUID: ecbce974cf10d6e4e86b1bd51f80a410 - Path: Assets/Twinsanity/Baked/Beach/Material_231 2.mat - Importer: ScriptedImporter/UnityEditor.QuickSearchModule:UnityEditor.Search:ASIAI0B
Importing 'GUID: ecbce974cf10d6e4e86b1bd51f80a410 - Path: Assets/Twinsanity/Baked/Beach/Material_231 2.mat - Importer: ScriptedImporter/UnityEditor.QuickSearchModule:UnityEditor.Search:ASIAI0B' with importer (ScriptedImporter : UnityEditor.QuickSearchModule:UnityEditor.Search:ASIAI0B)
Imported 'GUID: ecbce974cf10d6e4e86b1bd51f80a410' -> (Import Result ID: 'c83f313d7ef47cf3013d7ec4492d09ee') in 0.008 seconds [static and dynamic dependencies]. Details - ImportResultOutputID=1a7fafbc17ae63e6c5e49868856ef7a4 DependenciesID=e0a616b9e9296617a233afeebac1500b StaticDependenciesID=6208e88105556fe929d5494042c9845e 
Number of updated asset objects reloaded before import = 0
Number of asset objects unloaded after import = 2
========================================================================
Received Import Request.
  Time of request: 2026-09-30T06:25:04.6047182Z
  Time since last request: 0.0038789 seconds.
  importAddress: GUID: ceca215206b9b4644b9cf9f304439ef4 - Path: Assets/Twinsanity/Baked/Beach/Bossarea_Scenery_Mesh_191 2.asset - Importer: ScriptedImporter/UnityEditor.QuickSearchModule:UnityEditor.Search:ASIAI0B
Importing 'GUID: ceca215206b9b4644b9cf9f304439ef4 - Path: Assets/Twinsanity/Baked/Beach/Bossarea_Scenery_Mesh_191 2.asset - Importer: ScriptedImporter/UnityEditor.QuickSearchModule:UnityEditor.Search:ASIAI0B' with importer (ScriptedImporter : UnityEditor.QuickSearchModule:UnityEditor.Search:ASIAI0B)
Imported 'GUID: ceca215206b9b4644b9cf9f304439ef4' -> (Import Result ID: 'b1d37567bc94896a24e495e48b3e214e') in 0.007 seconds [static and dynamic dependencies]. Details - ImportResultOutputID=860da74cd947209462b879d26010b069 DependenciesID=fea7aed4205bbb811fa8939f51f65e33 StaticDependenciesID=870ac83694b85cb3cc6b83fbcb50e410 
Number of updated asset objects reloaded before import = 0
Number of asset objects unloaded after import = 1
========================================================================
Received Import Request.
  Time of request: 2026-09-30T06:25:04.6134899Z
  Time since last request: 0.0006582 seconds.
  importAddress: GUID: e46569da860ef42419bc71da8dde835e - Path: Assets/Twinsanity/Baked/Beach/Material_225 2.mat - Importer: ScriptedImporter/UnityEditor.QuickSearchModule:UnityEditor.Search:ASIAI0B
Importing 'GUID: e46569da860ef42419bc71da8dde835e - Path: Assets/Twinsanity/Baked/Beach/Material_225 2.mat - Importer: ScriptedImporter/UnityEditor.QuickSearchModule:UnityEditor.Search:ASIAI0B' with importer (ScriptedImporter : UnityEditor.QuickSearchModule:UnityEditor.Search:ASIAI0B)
Imported 'GUID: e46569da860ef42419bc71da8dde835e' -> (Import Result ID: '4c526d013ef6fcac2476282fb560b756') in 0.010 seconds [static and dynamic dependencies]. Details - ImportResultOutputID=7abccc4ef8af120a1698f42235ae6752 DependenciesID=399ba05676204655301acf47a5d9c644 StaticDependenciesID=dd33d12205a7b4bfa576c65a3965a1dd 
Number of updated asset objects reloaded before import = 0
Number of asset objects unloaded after import = 2
========================================================================
Received Import Request.
  Time of request: 2026-09-30T06:25:04.6267553Z
  Time since last request: 0.000376 seconds.
  importAddress: GUID: d7a26c86f12d0a245a073070844521c9 - Path: Assets/Twinsanity/Baked/Beach/Alwayson_Scenery_Mesh_236 2.asset - Importer: ScriptedImporter/UnityEditor.QuickSearchModule:UnityEditor.Search:ASIAI0B
Importing 'GUID: d7a26c86f12d0a245a073070844521c9 - Path: Assets/Twinsanity/Baked/Beach/Alwayson_Scenery_Mesh_236 2.asset - Importer: ScriptedImporter/UnityEditor.QuickSearchModule:UnityEditor.Search:ASIAI0B' with importer (ScriptedImporter : UnityEditor.QuickSearchModule:UnityEditor.Search:ASIAI0B)
Imported 'GUID: d7a26c86f12d0a245a073070844521c9' -> (Import Result ID: '87f97e5dc300711e2f30988c42d18ec8') in 0.018 seconds [static and dynamic dependencies]. Details - ImportResultOutputID=60439461382fda52b4862c1067d1fafb DependenciesID=eae4eeaf99c80e0de98286be274c1c2c StaticDependenciesID=f65f0018754dd38a745c3e1b19e59671 
Number of updated asset objects reloaded before import = 0
Number of asset objects unloaded after import = 1
========================================================================
Received Import Request.
  Time of request: 2026-09-30T06:25:04.6466602Z
  Time since last request: 0.0014606 seconds.
  importAddress: GUID: 0dda3b42e70027f498855ce5067b3423 - Path: Assets/Twinsanity/Baked/Beach/Bossarea_Scenery_Mesh_197 2.asset - Importer: ScriptedImporter/UnityEditor.QuickSearchModule:UnityEditor.Search:ASIAI0B
Importing 'GUID: 0dda3b42e70027f498855ce5067b3423 - Path: Assets/Twinsanity/Baked/Beach/Bossarea_Scenery_Mesh_197 2.asset - Importer: ScriptedImporter/UnityEditor.QuickSearchModule:UnityEditor.Search:ASIAI0B' with importer (ScriptedImporter : UnityEditor.QuickSearchModule:UnityEditor.Search:ASIAI0B)
Imported 'GUID: 0dda3b42e70027f498855ce5067b3423' -> (Import Result ID: '7fc2391ffca857ce37ded496ff57fdc0') in 0.009 seconds [static and dynamic dependencies]. Details - ImportResultOutputID=4724d48ca7e1c2bee2fd2b373fd7e426 DependenciesID=12cc62554942556bb16036c0b6c8e0bc StaticDependenciesID=50a606b4e24cf475faab1e7705f8b0d6 
Number of updated asset objects reloaded before import = 0
Number of asset objects unloaded after import = 1
========================================================================
Received Import Request.
  Time of request: 2026-09-30T06:25:04.6604089Z
  Time since last request: 0.0033747 seconds.
  importAddress: GUID: fdcb8eb06d877394ead7ad3f82981e87 - Path: Assets/Twinsanity/Baked/Beach/Material_214 2.mat - Importer: ScriptedImporter/UnityEditor.QuickSearchModule:UnityEditor.Search:ASIAI0B
Importing 'GUID: fdcb8eb06d877394ead7ad3f82981e87 - Path: Assets/Twinsanity/Baked/Beach/Material_214 2.mat - Importer: ScriptedImporter/UnityEditor.QuickSearchModule:UnityEditor.Search:ASIAI0B' with importer (ScriptedImporter : UnityEditor.QuickSearchModule:UnityEditor.Search:ASIAI0B)
Imported 'GUID: fdcb8eb06d877394ead7ad3f82981e87' -> (Import Result ID: '8d1edd780a0e3f0c287b792d06b53aad') in 0.009 seconds [static and dynamic dependencies]. Details - ImportResultOutputID=46d0b6800316bff269280451ccd64dab DependenciesID=330a7403bf13d07819ee0a95fd4bc2df StaticDependenciesID=d4e76007a3f1aca2ea196a428ed07662 
Number of updated asset objects reloaded before import = 0
Number of asset objects unloaded after import = 2
========================================================================
Received Import Request.
  Time of request: 2026-09-30T06:25:04.6713059Z
  Time since last request: 0.000422 seconds.
  importAddress: GUID: 756d408ae50c04a42b92e2a76de364f8 - Path: Assets/Twinsanity/Baked/Beach/Alwayson_Scenery_Mesh_232 2.asset - Importer: ScriptedImporter/UnityEditor.QuickSearchModule:UnityEditor.Search:ASIAI0B
Importing 'GUID: 756d408ae50c04a42b92e2a76de364f8 - Path: Assets/Twinsanity/Baked/Beach/Alwayson_Scenery_Mesh_232 2.asset - Importer: ScriptedImporter/UnityEditor.QuickSearchModule:UnityEditor.Search:ASIAI0B' with importer (ScriptedImporter : UnityEditor.QuickSearchModule:UnityEditor.Search:ASIAI0B)
Imported 'GUID: 756d408ae50c04a42b92e2a76de364f8' -> (Import Result ID: '53417ba21621b2ba190d6bb5c74bc616') in 0.011 seconds [static and dynamic dependencies]. Details - ImportResultOutputID=fc8a7719eebd8652ecd68a118378b2f4 DependenciesID=adcc7bcaee41c69124fcfb18031ce53c StaticDependenciesID=c5477b4aeb6d7bee9d23996a8414b7d6 
Number of updated asset objects reloaded before import = 0
Number of asset objects unloaded after import = 1
========================================================================
Received Import Request.
  Time of request: 2026-09-30T06:25:04.6834501Z
  Time since last request: 0.0008317 seconds.
  importAddress: GUID: 507c77952749f664abcedb3a38b34d2f - Path: Assets/Twinsanity/Baked/Beach/Alwayson_Scenery_Mesh_240 2.asset - Importer: ScriptedImporter/UnityEditor.QuickSearchModule:UnityEditor.Search:ASIAI0B
Importing 'GUID: 507c77952749f664abcedb3a38b34d2f - Path: Assets/Twinsanity/Baked/Beach/Alwayson_Scenery_Mesh_240 2.asset - Importer: ScriptedImporter/UnityEditor.QuickSearchModule:UnityEditor.Search:ASIAI0B' with importer (ScriptedImporter : UnityEditor.QuickSearchModule:UnityEditor.Search:ASIAI0B)
Imported 'GUID: 507c77952749f664abcedb3a38b34d2f' -> (Import Result ID: 'c6b97fd02fcec6415a282ccc5ba96f86') in 0.010 seconds [static and dynamic dependencies]. Details - ImportResultOutputID=279fb451c7b93a81c29220a3d41a0f20 DependenciesID=32c5959e890662299f9c7606146b5e52 StaticDependenciesID=cd42af2b12e89f1b6e8dd662e577455e 
Number of updated asset objects reloaded before import = 0
Number of asset objects unloaded after import = 1
========================================================================
Received Import Request.
  Time of request: 2026-09-30T06:25:04.6949562Z
  Time since last request: 0.0007649 seconds.
  importAddress: GUID: 46915e2de294a124681614ce6a214df8 - Path: Assets/Twinsanity/Baked/Beach/Bossarea_Scenery_Mesh_193 2.asset - Importer: ScriptedImporter/UnityEditor.QuickSearchModule:UnityEditor.Search:ASIAI0B
Importing 'GUID: 46915e2de294a124681614ce6a214df8 - Path: Assets/Twinsanity/Baked/Beach/Bossarea_Scenery_Mesh_193 2.asset - Importer: ScriptedImporter/UnityEditor.QuickSearchModule:UnityEditor.Search:ASIAI0B' with importer (ScriptedImporter : UnityEditor.QuickSearchModule:UnityEditor.Search:ASIAI0B)
Imported 'GUID: 46915e2de294a124681614ce6a214df8' -> (Import Result ID: 'e4b08b84b4a7a76b6c8cf494d8468382') in 0.007 seconds [static and dynamic dependencies]. Details - ImportResultOutputID=fc28acf5c15a787f53ceb7d9a424ce52 DependenciesID=8e811475e56c17d1b85bd8f97d6c236b StaticDependenciesID=8599ef1adbc737b440954d5f0cdf72c7 
Number of updated asset objects reloaded before import = 0
Number of asset objects unloaded after import = 1
========================================================================
Received Import Request.
  Time of request: 2026-09-30T06:25:04.7035292Z
  Time since last request: 0.000648 seconds.
  importAddress: GUID: 71b126a0bf4287745a84c193dcfa8b62 - Path: Assets/Twinsanity/Baked/Beach/Bossarea_Scenery_Mesh_187 2.asset - Importer: ScriptedImporter/UnityEditor.QuickSearchModule:UnityEditor.Search:ASIAI0B
Importing 'GUID: 71b126a0bf4287745a84c193dcfa8b62 - Path: Assets/Twinsanity/Baked/Beach/Bossarea_Scenery_Mesh_187 2.asset - Importer: ScriptedImporter/UnityEditor.QuickSearchModule:UnityEditor.Search:ASIAI0B' with importer (ScriptedImporter : UnityEditor.QuickSearchModule:UnityEditor.Search:ASIAI0B)
Imported 'GUID: 71b126a0bf4287745a84c193dcfa8b62' -> (Import Result ID: 'da7ebc114b6bf6d2562cccd48b799ae6') in 0.010 seconds [static and dynamic dependencies]. Details - ImportResultOutputID=e7168eb3af337dac4bd4f5618ee1ad38 DependenciesID=8ec086fe20c8931d980d0c28b78bccd7 StaticDependenciesID=f06d38d7e9e9e1f93acd78593db091c6 
Number of updated asset objects reloaded before import = 0
Number of asset objects unloaded after import = 1
========================================================================
Received Import Request.
  Time of request: 2026-09-30T06:25:04.714899Z
  Time since last request: 0.0007939 seconds.
  importAddress: GUID: 9e7548f087874ea419123d5c2e90f3ab - Path: Assets/Twinsanity/Baked/Beach/Material_188 2.mat - Importer: ScriptedImporter/UnityEditor.QuickSearchModule:UnityEditor.Search:ASIAI0B
Importing 'GUID: 9e7548f087874ea419123d5c2e90f3ab - Path: Assets/Twinsanity/Baked/Beach/Material_188 2.mat - Importer: ScriptedImporter/UnityEditor.QuickSearchModule:UnityEditor.Search:ASIAI0B' with importer (ScriptedImporter : UnityEditor.QuickSearchModule:UnityEditor.Search:ASIAI0B)
Imported 'GUID: 9e7548f087874ea419123d5c2e90f3ab' -> (Import Result ID: 'f217c5fbe0ff23f103104b4544d91236') in 0.011 seconds [static and dynamic dependencies]. Details - ImportResultOutputID=7683f16a54cb397bb99f04158e8b1314 DependenciesID=dc5f9b8e6a8df7a568f1c39e5aa9b7df StaticDependenciesID=c454259cc05ccb2de4bf57f7a64dabd1 
Number of updated asset objects reloaded before import = 0
Number of asset objects unloaded after import = 2
========================================================================
Received Import Request.
  Time of request: 2026-09-30T06:25:04.7279271Z
  Time since last request: 0.0014338 seconds.
  importAddress: GUID: ff381fe0ff7cbd0448ba62988d2464d7 - Path: Assets/Twinsanity/Baked/Beach/Material_209 2.mat - Importer: ScriptedImporter/UnityEditor.QuickSearchModule:UnityEditor.Search:ASIAI0B
Importing 'GUID: ff381fe0ff7cbd0448ba62988d2464d7 - Path: Assets/Twinsanity/Baked/Beach/Material_209 2.mat - Importer: ScriptedImporter/UnityEditor.QuickSearchModule:UnityEditor.Search:ASIAI0B' with importer (ScriptedImporter : UnityEditor.QuickSearchModule:UnityEditor.Search:ASIAI0B)
Imported 'GUID: ff381fe0ff7cbd0448ba62988d2464d7' -> (Import Result ID: 'bfaa312efa681705ab2324e331cf8378') in 0.011 seconds [static and dynamic dependencies]. Details - ImportResultOutputID=538ddca93d55adb1b7edbcb27aeab49d DependenciesID=797475290ebd46886c6742bcb2411680 StaticDependenciesID=1f76ddcfbff2a69ef859f28a0d8fb0ea 
Number of updated asset objects reloaded before import = 0
Number of asset objects unloaded after import = 2
========================================================================
Received Import Request.
  Time of request: 2026-09-30T06:25:04.7433444Z
  Time since last request: 0.0036745 seconds.
  importAddress: GUID: b5e1051dfaf9dd949b1f5cac70baad03 - Path: Assets/Twinsanity/Baked/Beach/Bossarea_Scenery_Mesh_186 2.asset - Importer: ScriptedImporter/UnityEditor.QuickSearchModule:UnityEditor.Search:ASIAI0B
Importing 'GUID: b5e1051dfaf9dd949b1f5cac70baad03 - Path: Assets/Twinsanity/Baked/Beach/Bossarea_Scenery_Mesh_186 2.asset - Importer: ScriptedImporter/UnityEditor.QuickSearchModule:UnityEditor.Search:ASIAI0B' with importer (ScriptedImporter : UnityEditor.QuickSearchModule:UnityEditor.Search:ASIAI0B)
Imported 'GUID: b5e1051dfaf9dd949b1f5cac70baad03' -> (Import Result ID: '7d2992a56129c290da3a03e1f5913e3f') in 0.009 seconds [static and dynamic dependencies]. Details - ImportResultOutputID=d9e4fbed090936c1aa4bafed3a5bd61a DependenciesID=49fdaae3ef965999c9ead6677c85e6c6 StaticDependenciesID=701c17530ce9e2cce45b5d897868bb6b 
Number of updated asset objects reloaded before import = 0
Number of asset objects unloaded after import = 1
========================================================================
Received Import Request.
  Time of request: 2026-09-30T06:25:04.7541812Z
  Time since last request: 0.0007355 seconds.
  importAddress: GUID: 3093c1deaac45a640ae8948d5d9fecf2 - Path: Assets/Twinsanity/Baked/Beach/Material_237 2.mat - Importer: ScriptedImporter/UnityEditor.QuickSearchModule:UnityEditor.Search:ASIAI0B
Importing 'GUID: 3093c1deaac45a640ae8948d5d9fecf2 - Path: Assets/Twinsanity/Baked/Beach/Material_237 2.mat - Importer: ScriptedImporter/UnityEditor.QuickSearchModule:UnityEditor.Search:ASIAI0B' with importer (ScriptedImporter : UnityEditor.QuickSearchModule:UnityEditor.Search:ASIAI0B)
Imported 'GUID: 3093c1deaac45a640ae8948d5d9fecf2' -> (Import Result ID: '07dd82336b68b494f4f953ad5352dd2c') in 0.011 seconds [static and dynamic dependencies]. Details - ImportResultOutputID=748cce4b0cceb0879ce0ef42178964dd DependenciesID=def113048a3fd5d290c8bf2f7ac9a7a6 StaticDependenciesID=d86df8f32f797c543827bbe1a8caf7b3 
Number of updated asset objects reloaded before import = 0
Number of asset objects unloaded after import = 2
========================================================================
Received Import Request.
  Time of request: 2026-09-30T06:25:04.7663971Z
  Time since last request: 0.0004747 seconds.
  importAddress: GUID: bde27cfc85ecf7a4aab1fa1f2ab84942 - Path: Assets/Twinsanity/Baked/Beach/Alwayson_Scenery_Mesh_218 2.asset - Importer: ScriptedImporter/UnityEditor.QuickSearchModule:UnityEditor.Search:ASIAI0B
Importing 'GUID: bde27cfc85ecf7a4aab1fa1f2ab84942 - Path: Assets/Twinsanity/Baked/Beach/Alwayson_Scenery_Mesh_218 2.asset - Importer: ScriptedImporter/UnityEditor.QuickSearchModule:UnityEditor.Search:ASIAI0B' with importer (ScriptedImporter : UnityEditor.QuickSearchModule:UnityEditor.Search:ASIAI0B)
Imported 'GUID: bde27cfc85ecf7a4aab1fa1f2ab84942' -> (Import Result ID: '8160c77b9d78659313f1e12b9e15128e') in 0.012 seconds [static and dynamic dependencies]. Details - ImportResultOutputID=2a08f7f8c1a94d84f1bab62259ab5c5b DependenciesID=7f8ff7539d903c4110609dde8ad061a6 StaticDependenciesID=5d78028d133ceec5e701d8c3347cca41 
Number of updated asset objects reloaded before import = 0
Number of asset objects unloaded after import = 1
========================================================================
Received Import Request.
  Time of request: 2026-09-30T06:25:04.7796787Z
  Time since last request: 0.0008115 seconds.
  importAddress: GUID: ffc97f3031d1e834b8029f5483198879 - Path: Assets/Twinsanity/Baked/Beach/Bossarea_Scenery_Mesh_200 2.asset - Importer: ScriptedImporter/UnityEditor.QuickSearchModule:UnityEditor.Search:ASIAI0B
Importing 'GUID: ffc97f3031d1e834b8029f5483198879 - Path: Assets/Twinsanity/Baked/Beach/Bossarea_Scenery_Mesh_200 2.asset - Importer: ScriptedImporter/UnityEditor.QuickSearchModule:UnityEditor.Search:ASIAI0B' with importer (ScriptedImporter : UnityEditor.QuickSearchModule:UnityEditor.Search:ASIAI0B)
Imported 'GUID: ffc97f3031d1e834b8029f5483198879' -> (Import Result ID: 'e67abd786d40baa19248a8408ed7f645') in 0.009 seconds [static and dynamic dependencies]. Details - ImportResultOutputID=f17db8ba1b59bc234cb44afbc776d270 DependenciesID=76a6005ebc00090d8c99bb92e906852b StaticDependenciesID=d37cf581569f0ffac18abc3b94305ed6 
Number of updated asset objects reloaded before import = 0
Number of asset objects unloaded after import = 1
========================================================================
Received Import Request.
  Time of request: 2026-09-30T06:25:04.7897199Z
  Time since last request: 0.0006854 seconds.
  importAddress: GUID: b211f87aaf3036444ba63e22b6c434d8 - Path: Assets/Twinsanity/Baked/Beach/Alwayson_Scenery_Mesh_228 2.asset - Importer: ScriptedImporter/UnityEditor.QuickSearchModule:UnityEditor.Search:ASIAI0B
Importing 'GUID: b211f87aaf3036444ba63e22b6c434d8 - Path: Assets/Twinsanity/Baked/Beach/Alwayson_Scenery_Mesh_228 2.asset - Importer: ScriptedImporter/UnityEditor.QuickSearchModule:UnityEditor.Search:ASIAI0B' with importer (ScriptedImporter : UnityEditor.QuickSearchModule:UnityEditor.Search:ASIAI0B)
Imported 'GUID: b211f87aaf3036444ba63e22b6c434d8' -> (Import Result ID: 'cfb01bcecac3b63291278c8382f24a6d') in 0.008 seconds [static and dynamic dependencies]. Details - ImportResultOutputID=7ef872d54a44a135ae5e7794787ccdca DependenciesID=2049215373fd92c39ab886c941c66185 StaticDependenciesID=36abdb0a64018d0ccabb15c35eef9b90 
Number of updated asset objects reloaded before import = 0
Number of asset objects unloaded after import = 1
========================================================================
Received Import Request.
  Time of request: 2026-09-30T06:25:04.7987487Z
  Time since last request: 0.0006835 seconds.
  importAddress: GUID: 73fff6522e4bf63419580169cb87f449 - Path: Assets/Twinsanity/Baked/Beach/Alwayson_Scenery_Mesh_213 2.asset - Importer: ScriptedImporter/UnityEditor.QuickSearchModule:UnityEditor.Search:ASIAI0B
Importing 'GUID: 73fff6522e4bf63419580169cb87f449 - Path: Assets/Twinsanity/Baked/Beach/Alwayson_Scenery_Mesh_213 2.asset - Importer: ScriptedImporter/UnityEditor.QuickSearchModule:UnityEditor.Search:ASIAI0B' with importer (ScriptedImporter : UnityEditor.QuickSearchModule:UnityEditor.Search:ASIAI0B)
Imported 'GUID: 73fff6522e4bf63419580169cb87f449' -> (Import Result ID: 'a088f0a71dc38d57209bd1fc5471df51') in 0.007 seconds [static and dynamic dependencies]. Details - ImportResultOutputID=b8236b22837a437c860051e675be2ded DependenciesID=d65b20a57ee367055fad27337ed68978 StaticDependenciesID=7720ab0b97f9d5201a8a63a74cd38fac 
Number of updated asset objects reloaded before import = 0
Number of asset objects unloaded after import = 1
========================================================================
Received Import Request.
  Time of request: 2026-09-30T06:25:04.8074758Z
  Time since last request: 0.0009013 seconds.
  importAddress: GUID: d52005ef168685d4f938d0321cd2a505 - Path: Assets/Twinsanity/Baked/Beach/Material_194 2.mat - Importer: ScriptedImporter/UnityEditor.QuickSearchModule:UnityEditor.Search:ASIAI0B
Importing 'GUID: d52005ef168685d4f938d0321cd2a505 - Path: Assets/Twinsanity/Baked/Beach/Material_194 2.mat - Importer: ScriptedImporter/UnityEditor.QuickSearchModule:UnityEditor.Search:ASIAI0B' with importer (ScriptedImporter : UnityEditor.QuickSearchModule:UnityEditor.Search:ASIAI0B)
Imported 'GUID: d52005ef168685d4f938d0321cd2a505' -> (Import Result ID: '7ef961f2c9c84ac794ce49465b8869a9') in 0.007 seconds [static and dynamic dependencies]. Details - ImportResultOutputID=6eaa6f497a1069fb43e1765ba18415e8 DependenciesID=39ac22b73658fb38b3c9c831b25e0da7 StaticDependenciesID=07210773911e0f675ca63db78245ee17 
Number of updated asset objects reloaded before import = 0
Number of asset objects unloaded after import = 2
========================================================================
Received Import Request.
  Time of request: 2026-09-30T06:25:04.8155381Z
  Time since last request: 0.000491 seconds.
  importAddress: GUID: ccb336ad8d1db33489a8e0ab6d7280ce - Path: Assets/Twinsanity/Baked/Beach/Material_229 2.mat - Importer: ScriptedImporter/UnityEditor.QuickSearchModule:UnityEditor.Search:ASIAI0B
Importing 'GUID: ccb336ad8d1db33489a8e0ab6d7280ce - Path: Assets/Twinsanity/Baked/Beach/Material_229 2.mat - Importer: ScriptedImporter/UnityEditor.QuickSearchModule:UnityEditor.Search:ASIAI0B' with importer (ScriptedImporter : UnityEditor.QuickSearchModule:UnityEditor.Search:ASIAI0B)
Imported 'GUID: ccb336ad8d1db33489a8e0ab6d7280ce' -> (Import Result ID: '342e32f6c9941c71f61cef7708013d48') in 0.010 seconds [static and dynamic dependencies]. Details - ImportResultOutputID=b47aaa77f059205be07883f1d758264e DependenciesID=13702c007ea76a34123ea0005cb78909 StaticDependenciesID=b7f10f6476ea199b5ae89447a1229b61 
Number of updated asset objects reloaded before import = 0
Number of asset objects unloaded after import = 2
========================================================================
Received Import Request.
  Time of request: 2026-09-30T06:25:04.8264834Z
  Time since last request: 0.0005603 seconds.
  importAddress: GUID: 69f6172898d540e4f9375b6c51d3883e - Path: Assets/Twinsanity/Baked/Beach/Bossarea_Scenery_Mesh_208 2.asset - Importer: ScriptedImporter/UnityEditor.QuickSearchModule:UnityEditor.Search:ASIAI0B
Importing 'GUID: 69f6172898d540e4f9375b6c51d3883e - Path: Assets/Twinsanity/Baked/Beach/Bossarea_Scenery_Mesh_208 2.asset - Importer: ScriptedImporter/UnityEditor.QuickSearchModule:UnityEditor.Search:ASIAI0B' with importer (ScriptedImporter : UnityEditor.QuickSearchModule:UnityEditor.Search:ASIAI0B)
Imported 'GUID: 69f6172898d540e4f9375b6c51d3883e' -> (Import Result ID: '89566e28d4f65d34309834fb311dc704') in 0.008 seconds [static and dynamic dependencies]. Details - ImportResultOutputID=49b3866a9444a39d9c0c9d7d9b9c5891 DependenciesID=f7dfc02695985cbb1a978c85e8e18b22 StaticDependenciesID=1511eb23ecd71119f6f70e8ac97395c2 
Number of updated asset objects reloaded before import = 0
Number of asset objects unloaded after import = 1
========================================================================
Received Import Request.
  Time of request: 2026-09-30T06:25:04.8359499Z
  Time since last request: 0.0005467 seconds.
  importAddress: GUID: 2da4930a5ac58264a9d92c423833c1a8 - Path: Assets/Twinsanity/Baked/Beach/Material_192 2.mat - Importer: ScriptedImporter/UnityEditor.QuickSearchModule:UnityEditor.Search:ASIAI0B
Importing 'GUID: 2da4930a5ac58264a9d92c423833c1a8 - Path: Assets/Twinsanity/Baked/Beach/Material_192 2.mat - Importer: ScriptedImporter/UnityEditor.QuickSearchModule:UnityEditor.Search:ASIAI0B' with importer (ScriptedImporter : UnityEditor.QuickSearchModule:UnityEditor.Search:ASIAI0B)
Imported 'GUID: 2da4930a5ac58264a9d92c423833c1a8' -> (Import Result ID: '8dde78b71dc3cd46db776318943401cc') in 0.009 seconds [static and dynamic dependencies]. Details - ImportResultOutputID=419e87ece5894b72e3061e87c23f6af9 DependenciesID=e1fe8d986d611b94cd7672ccaff6087f StaticDependenciesID=713eb66c51f9b24896b1852716f2e27c 
Number of updated asset objects reloaded before import = 0
Number of asset objects unloaded after import = 2
========================================================================
Received Import Request.
  Time of request: 2026-09-30T06:25:04.8456351Z
  Time since last request: 0.0006286 seconds.
  importAddress: GUID: 751f60f439bd39a44a3e26fb1b284dfe - Path: Assets/Twinsanity/Baked/Beach/Alwayson_Scenery_Mesh_211 2.asset - Importer: ScriptedImporter/UnityEditor.QuickSearchModule:UnityEditor.Search:ASIAI0B
Importing 'GUID: 751f60f439bd39a44a3e26fb1b284dfe - Path: Assets/Twinsanity/Baked/Beach/Alwayson_Scenery_Mesh_211 2.asset - Importer: ScriptedImporter/UnityEditor.QuickSearchModule:UnityEditor.Search:ASIAI0B' with importer (ScriptedImporter : UnityEditor.QuickSearchModule:UnityEditor.Search:ASIAI0B)
Imported 'GUID: 751f60f439bd39a44a3e26fb1b284dfe' -> (Import Result ID: '856518a65018daf303d7d30d97e3e117') in 0.007 seconds [static and dynamic dependencies]. Details - ImportResultOutputID=4169d19182ed1b16b3dea5b73b526c1b DependenciesID=64f4a488aeec97e30e421babfdca4361 StaticDependenciesID=9d1acaf6b2d489142542074b2630477f 
Number of updated asset objects reloaded before import = 0
Number of asset objects unloaded after import = 1
========================================================================
Received Import Request.
  Time of request: 2026-09-30T06:25:04.853546Z
  Time since last request: 0.0006679 seconds.
  importAddress: GUID: 96d92f24db626ab4497b907aed71002f - Path: Assets/Twinsanity/Baked/Beach/Alwayson_Scenery_Mesh_220 2.asset - Importer: ScriptedImporter/UnityEditor.QuickSearchModule:UnityEditor.Search:ASIAI0B
Importing 'GUID: 96d92f24db626ab4497b907aed71002f - Path: Assets/Twinsanity/Baked/Beach/Alwayson_Scenery_Mesh_220 2.asset - Importer: ScriptedImporter/UnityEditor.QuickSearchModule:UnityEditor.Search:ASIAI0B' with importer (ScriptedImporter : UnityEditor.QuickSearchModule:UnityEditor.Search:ASIAI0B)
Imported 'GUID: 96d92f24db626ab4497b907aed71002f' -> (Import Result ID: 'ea9454ec6d1b4d1fd994f61c2fa341d0') in 0.005 seconds [static and dynamic dependencies]. Details - ImportResultOutputID=24a023f2e69ca5e13d865a9f8a2da8c7 DependenciesID=c0f58eaf3bee0e908e9a1e0fd7e30053 StaticDependenciesID=e220de07aabdb860d02be19b6fe297c0 
Number of updated asset objects reloaded before import = 0
Number of asset objects unloaded after import = 1
========================================================================
Received Import Request.
  Time of request: 2026-09-30T06:25:04.8592803Z
  Time since last request: 0.0005585 seconds.
  importAddress: GUID: f324b5b2a62073f4395e4b470720ccbb - Path: Assets/Twinsanity/Baked/Beach/Alwayson_Scenery_Mesh_224 2.asset - Importer: ScriptedImporter/UnityEditor.QuickSearchModule:UnityEditor.Search:ASIAI0B
Importing 'GUID: f324b5b2a62073f4395e4b470720ccbb - Path: Assets/Twinsanity/Baked/Beach/Alwayson_Scenery_Mesh_224 2.asset - Importer: ScriptedImporter/UnityEditor.QuickSearchModule:UnityEditor.Search:ASIAI0B' with importer (ScriptedImporter : UnityEditor.QuickSearchModule:UnityEditor.Search:ASIAI0B)
Imported 'GUID: f324b5b2a62073f4395e4b470720ccbb' -> (Import Result ID: 'c68f227d382d45b007c916fe6f7dc06d') in 0.010 seconds [static and dynamic dependencies]. Details - ImportResultOutputID=315fbc63c5536633b2dae8113fd52632 DependenciesID=34fc34daedb86bd9df6c26ad3c35537d StaticDependenciesID=ea96f8cacc5673cb01a397e1f05da226 
Number of updated asset objects reloaded before import = 0
Number of asset objects unloaded after import = 1
========================================================================
Received Import Request.
  Time of request: 2026-09-30T06:25:04.8705873Z
  Time since last request: 0.0004992 seconds.
  importAddress: GUID: 2495215807b958948884f253ac7d6e5d - Path: Assets/Twinsanity/Baked/Beach/Bossarea_Scenery_Mesh_189 2.asset - Importer: ScriptedImporter/UnityEditor.QuickSearchModule:UnityEditor.Search:ASIAI0B
Importing 'GUID: 2495215807b958948884f253ac7d6e5d - Path: Assets/Twinsanity/Baked/Beach/Bossarea_Scenery_Mesh_189 2.asset - Importer: ScriptedImporter/UnityEditor.QuickSearchModule:UnityEditor.Search:ASIAI0B' with importer (ScriptedImporter : UnityEditor.QuickSearchModule:UnityEditor.Search:ASIAI0B)
Imported 'GUID: 2495215807b958948884f253ac7d6e5d' -> (Import Result ID: 'f54ace40b4145b132eb4849e7f3bec8e') in 0.006 seconds [static and dynamic dependencies]. Details - ImportResultOutputID=9091dbe5b8739bb2acb06b480577f941 DependenciesID=8a503f5aa226e089d1f14794aa0cd8c8 StaticDependenciesID=826b1f97e27ababc38cb0266b2681cf5 
Number of updated asset objects reloaded before import = 0
Number of asset objects unloaded after import = 1
========================================================================
Received Import Request.
  Time of request: 2026-09-30T06:25:04.8774191Z
  Time since last request: 0.0004156 seconds.
  importAddress: GUID: 7c0d952d781568243b02dafcfdbd3bcf - Path: Assets/Twinsanity/Baked/Beach/Material_243 2.mat - Importer: ScriptedImporter/UnityEditor.QuickSearchModule:UnityEditor.Search:ASIAI0B
Importing 'GUID: 7c0d952d781568243b02dafcfdbd3bcf - Path: Assets/Twinsanity/Baked/Beach/Material_243 2.mat - Importer: ScriptedImporter/UnityEditor.QuickSearchModule:UnityEditor.Search:ASIAI0B' with importer (ScriptedImporter : UnityEditor.QuickSearchModule:UnityEditor.Search:ASIAI0B)
Imported 'GUID: 7c0d952d781568243b02dafcfdbd3bcf' -> (Import Result ID: 'a221955c9630fab689f16e79cfed8aec') in 0.007 seconds [static and dynamic dependencies]. Details - ImportResultOutputID=1ad6ce638da5a8ee36b18d2bb09de091 DependenciesID=6fcd95fbffd954314f068f26dfe0c80c StaticDependenciesID=8af661857e82f7b135e541624dd27e69 
Number of updated asset objects reloaded before import = 0
Number of asset objects unloaded after import = 2
========================================================================
Received Import Request.
  Time of request: 2026-09-30T06:25:04.8861675Z
  Time since last request: 0.0007025 seconds.
  importAddress: GUID: d4c1a921dca1bf9418ea93d9a410f408 - Path: Assets/Twinsanity/Baked/Beach/Alwayson_Scenery_Mesh_230 2.asset - Importer: ScriptedImporter/UnityEditor.QuickSearchModule:UnityEditor.Search:ASIAI0B
Importing 'GUID: d4c1a921dca1bf9418ea93d9a410f408 - Path: Assets/Twinsanity/Baked/Beach/Alwayson_Scenery_Mesh_230 2.asset - Importer: ScriptedImporter/UnityEditor.QuickSearchModule:UnityEditor.Search:ASIAI0B' with importer (ScriptedImporter : UnityEditor.QuickSearchModule:UnityEditor.Search:ASIAI0B)
Imported 'GUID: d4c1a921dca1bf9418ea93d9a410f408' -> (Import Result ID: '625bdd4db4c1a7fe0c191f92ad3a51a2') in 0.010 seconds [static and dynamic dependencies]. Details - ImportResultOutputID=bb7ff9d2eda016c63c837e5bbae1e9e7 DependenciesID=652cfeb0cf6906b66dff959e60af8fe8 StaticDependenciesID=cae484973d1b4879cda2d26ba845ad97 
Number of updated asset objects reloaded before import = 0
Number of asset objects unloaded after import = 1
========================================================================
Received Import Request.
  Time of request: 2026-09-30T06:25:04.8970038Z
  Time since last request: 0.0008157 seconds.
  importAddress: GUID: 26cf4db9de015c540bd54869f8460fff - Path: Assets/Twinsanity/Baked/Beach/Alwayson_Scenery_Mesh_226 2.asset - Importer: ScriptedImporter/UnityEditor.QuickSearchModule:UnityEditor.Search:ASIAI0B
Importing 'GUID: 26cf4db9de015c540bd54869f8460fff - Path: Assets/Twinsanity/Baked/Beach/Alwayson_Scenery_Mesh_226 2.asset - Importer: ScriptedImporter/UnityEditor.QuickSearchModule:UnityEditor.Search:ASIAI0B' with importer (ScriptedImporter : UnityEditor.QuickSearchModule:UnityEditor.Search:ASIAI0B)
Imported 'GUID: 26cf4db9de015c540bd54869f8460fff' -> (Import Result ID: '1a844aa705ca8b2c0210e161fc4037a6') in 0.007 seconds [static and dynamic dependencies]. Details - ImportResultOutputID=25739f4b84b1046d942199ce98d8dd78 DependenciesID=4f41b7d67941bc74eb4b4719ea83e5f9 StaticDependenciesID=28d71a96a78aba2e2ad8ea76fe8c25e0 
Number of updated asset objects reloaded before import = 0
Number of asset objects unloaded after import = 1
========================================================================
Received Import Request.
  Time of request: 2026-09-30T06:25:04.9047602Z
  Time since last request: 0.0006888 seconds.
  importAddress: GUID: 5d4a6ce6dc9a7204d8c5473963c74583 - Path: Assets/Twinsanity/Baked/Beach/Material_205 2.mat - Importer: ScriptedImporter/UnityEditor.QuickSearchModule:UnityEditor.Search:ASIAI0B
Importing 'GUID: 5d4a6ce6dc9a7204d8c5473963c74583 - Path: Assets/Twinsanity/Baked/Beach/Material_205 2.mat - Importer: ScriptedImporter/UnityEditor.QuickSearchModule:UnityEditor.Search:ASIAI0B' with importer (ScriptedImporter : UnityEditor.QuickSearchModule:UnityEditor.Search:ASIAI0B)
Imported 'GUID: 5d4a6ce6dc9a7204d8c5473963c74583' -> (Import Result ID: 'ebc4df841eea0df00319808c128bdcad') in 0.007 seconds [static and dynamic dependencies]. Details - ImportResultOutputID=e52128ac47825c9008699f347ca722db DependenciesID=8272dde5ebd5e099e52afc7decda809f StaticDependenciesID=4a071facd96b5fd7714cb7f87c0af370 
Number of updated asset objects reloaded before import = 0
Number of asset objects unloaded after import = 2
========================================================================
Received Import Request.
  Time of request: 2026-09-30T06:25:04.913575Z
  Time since last request: 0.0005948 seconds.
  importAddress: GUID: b9781113f6240e0458c907fd9ce2d312 - Path: Assets/Twinsanity/Baked/Beach/Alwayson_Scenery_Mesh_222 2.asset - Importer: ScriptedImporter/UnityEditor.QuickSearchModule:UnityEditor.Search:ASIAI0B
Importing 'GUID: b9781113f6240e0458c907fd9ce2d312 - Path: Assets/Twinsanity/Baked/Beach/Alwayson_Scenery_Mesh_222 2.asset - Importer: ScriptedImporter/UnityEditor.QuickSearchModule:UnityEditor.Search:ASIAI0B' with importer (ScriptedImporter : UnityEditor.QuickSearchModule:UnityEditor.Search:ASIAI0B)
Imported 'GUID: b9781113f6240e0458c907fd9ce2d312' -> (Import Result ID: '9e4f937e6e5447951469923272170d76') in 0.011 seconds [static and dynamic dependencies]. Details - ImportResultOutputID=e9328745f69388e71b5f31c96cab203e DependenciesID=754edfc1b047845e9f62f2c859a55d67 StaticDependenciesID=c3d0397c641022d23787884737a907d8 
Number of updated asset objects reloaded before import = 0
Number of asset objects unloaded after import = 1
========================================================================
Received Import Request.
  Time of request: 2026-09-30T06:25:04.9507054Z
  Time since last request: 0.0253081 seconds.
  importAddress: GUID: dc61a038c9c0af44aa69c778dc9124e8 - Path: Assets/Twinsanity/Baked/Beach/Material_299 2.mat - Importer: ScriptedImporter/UnityEditor.QuickSearchModule:UnityEditor.Search:ASIAI0B
Importing 'GUID: dc61a038c9c0af44aa69c778dc9124e8 - Path: Assets/Twinsanity/Baked/Beach/Material_299 2.mat - Importer: ScriptedImporter/UnityEditor.QuickSearchModule:UnityEditor.Search:ASIAI0B' with importer (ScriptedImporter : UnityEditor.QuickSearchModule:UnityEditor.Search:ASIAI0B)
Imported 'GUID: dc61a038c9c0af44aa69c778dc9124e8' -> (Import Result ID: '9b48c49530bbeb86fea62d2052e15d9e') in 0.008 seconds [static and dynamic dependencies]. Details - ImportResultOutputID=f55b59299045c84292db3e7cfcf4f586 DependenciesID=f48b1f299a07941bb8aa9b553fefbe58 StaticDependenciesID=ca426d6725c9c28dbea9de55b57da2ab 
Number of updated asset objects reloaded before import = 0
Number of asset objects unloaded after import = 2
========================================================================
Received Import Request.
  Time of request: 2026-09-30T06:25:04.9598391Z
  Time since last request: 0.0009026 seconds.
  importAddress: GUID: e83139b40855b8147a6195149674f61e - Path: Assets/Twinsanity/Baked/Beach/Huba_Scenery_Mesh_272 2.asset - Importer: ScriptedImporter/UnityEditor.QuickSearchModule:UnityEditor.Search:ASIAI0B
Importing 'GUID: e83139b40855b8147a6195149674f61e - Path: Assets/Twinsanity/Baked/Beach/Huba_Scenery_Mesh_272 2.asset - Importer: ScriptedImporter/UnityEditor.QuickSearchModule:UnityEditor.Search:ASIAI0B' with importer (ScriptedImporter : UnityEditor.QuickSearchModule:UnityEditor.Search:ASIAI0B)
Imported 'GUID: e83139b40855b8147a6195149674f61e' -> (Import Result ID: '800023ea8d42c3e57a44e21b4a3c7e16') in 0.011 seconds [static and dynamic dependencies]. Details - ImportResultOutputID=04a9d2fec6c7ac881ad558ace8b91395 DependenciesID=40abb2d348368fcfdaccf548ff81445d StaticDependenciesID=1aa79cd7c7e469a52664c6193184f5b3 
Number of updated asset objects reloaded before import = 0
Number of asset objects unloaded after import = 1
========================================================================
Received Import Request.
  Time of request: 2026-09-30T06:25:04.9742524Z
  Time since last request: 0.002553 seconds.
  importAddress: GUID: d8b58ef5dff5efb488426901da178e31 - Path: Assets/Twinsanity/Baked/Beach/Alwayson_Scenery_Mesh_257 2.asset - Importer: ScriptedImporter/UnityEditor.QuickSearchModule:UnityEditor.Search:ASIAI0B
Importing 'GUID: d8b58ef5dff5efb488426901da178e31 - Path: Assets/Twinsanity/Baked/Beach/Alwayson_Scenery_Mesh_257 2.asset - Importer: ScriptedImporter/UnityEditor.QuickSearchModule:UnityEditor.Search:ASIAI0B' with importer (ScriptedImporter : UnityEditor.QuickSearchModule:UnityEditor.Search:ASIAI0B)
Imported 'GUID: d8b58ef5dff5efb488426901da178e31' -> (Import Result ID: '349f80c0e8f28528d36280cc29a0b638') in 0.009 seconds [static and dynamic dependencies]. Details - ImportResultOutputID=78fcbfc30a9c6f889e8086de4884c434 DependenciesID=24d200848ddc764befe0c460981e431e StaticDependenciesID=8bad100f309df487f76c6130bee10317 
Number of updated asset objects reloaded before import = 0
Number of asset objects unloaded after import = 1
========================================================================
Received Import Request.
  Time of request: 2026-09-30T06:25:04.9856801Z
  Time since last request: 0.0013645 seconds.
  importAddress: GUID: aa0211f313f9202459a82d9bcd3db22f - Path: Assets/Twinsanity/Baked/Beach/Material_311 2.mat - Importer: ScriptedImporter/UnityEditor.QuickSearchModule:UnityEditor.Search:ASIAI0B
Importing 'GUID: aa0211f313f9202459a82d9bcd3db22f - Path: Assets/Twinsanity/Baked/Beach/Material_311 2.mat - Importer: ScriptedImporter/UnityEditor.QuickSearchModule:UnityEditor.Search:ASIAI0B' with importer (ScriptedImporter : UnityEditor.QuickSearchModule:UnityEditor.Search:ASIAI0B)
Imported 'GUID: aa0211f313f9202459a82d9bcd3db22f' -> (Import Result ID: '6aefa7aa228f3309830d1b863ee62b4b') in 0.014 seconds [static and dynamic dependencies]. Details - ImportResultOutputID=4a9b3ff993c8e618b294216216c6641f DependenciesID=011e4267b5b81c10c59af9ed88a73852 StaticDependenciesID=2dfd1cd1bdb472dfaefab7dcd593187a 
Number of updated asset objects reloaded before import = 0
Number of asset objects unloaded after import = 2
========================================================================
Received Import Request.
  Time of request: 2026-09-30T06:25:05.0013556Z
  Time since last request: 0.0006409 seconds.
  importAddress: GUID: 5c62d0a34900c34489b9126e3ec130a6 - Path: Assets/Twinsanity/Baked/Beach/Alwayson_Scenery_Mesh_269 2.asset - Importer: ScriptedImporter/UnityEditor.QuickSearchModule:UnityEditor.Search:ASIAI0B
Importing 'GUID: 5c62d0a34900c34489b9126e3ec130a6 - Path: Assets/Twinsanity/Baked/Beach/Alwayson_Scenery_Mesh_269 2.asset - Importer: ScriptedImporter/UnityEditor.QuickSearchModule:UnityEditor.Search:ASIAI0B' with importer (ScriptedImporter : UnityEditor.QuickSearchModule:UnityEditor.Search:ASIAI0B)
Imported 'GUID: 5c62d0a34900c34489b9126e3ec130a6' -> (Import Result ID: 'fdbc5f25f52c0d905bee8bd762f1513d') in 0.011 seconds [static and dynamic dependencies]. Details - ImportResultOutputID=256a897b92077083394f0ea7dd5d7681 DependenciesID=bfd39f6a28cad79f30b59f365f07592d StaticDependenciesID=ef6df1f38e53f50a28d7f5043631611b 
Number of updated asset objects reloaded before import = 0
Number of asset objects unloaded after import = 1
========================================================================
Received Import Request.
  Time of request: 2026-09-30T06:25:05.0141483Z
  Time since last request: 0.0007812 seconds.
  importAddress: GUID: 260eec522f3f1564f839609144758df0 - Path: Assets/Twinsanity/Baked/Beach/Alwayson_Scenery_Mesh_268 2.asset - Importer: ScriptedImporter/UnityEditor.QuickSearchModule:UnityEditor.Search:ASIAI0B
Importing 'GUID: 260eec522f3f1564f839609144758df0 - Path: Assets/Twinsanity/Baked/Beach/Alwayson_Scenery_Mesh_268 2.asset - Importer: ScriptedImporter/UnityEditor.QuickSearchModule:UnityEditor.Search:ASIAI0B' with importer (ScriptedImporter : UnityEditor.QuickSearchModule:UnityEditor.Search:ASIAI0B)
Imported 'GUID: 260eec522f3f1564f839609144758df0' -> (Import Result ID: '52aac2524405f66340c9c75c91b1401d') in 0.013 seconds [static and dynamic dependencies]. Details - ImportResultOutputID=483370addf1cee7b4935046819b23eb9 DependenciesID=bea50853df99d5a8787a542792b26a27 StaticDependenciesID=99f620ff2a1d6ce38b792a0eaaaee361 
Number of updated asset objects reloaded before import = 0
Number of asset objects unloaded after import = 1
========================================================================
Received Import Request.
  Time of request: 2026-09-30T06:25:05.0286619Z
  Time since last request: 0.0008006 seconds.
  importAddress: GUID: 6ae3a4cef0045204f8e4cbecf5fac909 - Path: Assets/Twinsanity/Baked/Beach/Material_254 2.mat - Importer: ScriptedImporter/UnityEditor.QuickSearchModule:UnityEditor.Search:ASIAI0B
Importing 'GUID: 6ae3a4cef0045204f8e4cbecf5fac909 - Path: Assets/Twinsanity/Baked/Beach/Material_254 2.mat - Importer: ScriptedImporter/UnityEditor.QuickSearchModule:UnityEditor.Search:ASIAI0B' with importer (ScriptedImporter : UnityEditor.QuickSearchModule:UnityEditor.Search:ASIAI0B)
Imported 'GUID: 6ae3a4cef0045204f8e4cbecf5fac909' -> (Import Result ID: '320770cd91f77b9ea12e7442ba211d12') in 0.009 seconds [static and dynamic dependencies]. Details - ImportResultOutputID=3ae7e9c0b38282be923bf60ff4517166 DependenciesID=cab3f7598ebd07eb2a6d5a5137d35f9f StaticDependenciesID=7502a33a2022b1a6b48f3f0f59cd06ef 
Number of updated asset objects reloaded before import = 0
Number of asset objects unloaded after import = 2
========================================================================
Received Import Request.
  Time of request: 2026-09-30T06:25:05.0388887Z
  Time since last request: 0.0004955 seconds.
  importAddress: GUID: 10b623be85cfeb444b8d63d11c894ed9 - Path: Assets/Twinsanity/Baked/Beach/Material_297 2.mat - Importer: ScriptedImporter/UnityEditor.QuickSearchModule:UnityEditor.Search:ASIAI0B
Importing 'GUID: 10b623be85cfeb444b8d63d11c894ed9 - Path: Assets/Twinsanity/Baked/Beach/Material_297 2.mat - Importer: ScriptedImporter/UnityEditor.QuickSearchModule:UnityEditor.Search:ASIAI0B' with importer (ScriptedImporter : UnityEditor.QuickSearchModule:UnityEditor.Search:ASIAI0B)
Imported 'GUID: 10b623be85cfeb444b8d63d11c894ed9' -> (Import Result ID: '77c5e9171362fe0f22fc752e88e23a62') in 0.008 seconds [static and dynamic dependencies]. Details - ImportResultOutputID=ce079869d21af67ddcd09c49d57d4f6c DependenciesID=781dce1e5e52d6d83ece60d4867c99fd StaticDependenciesID=61f267ff750425b0dd912f14a4c58d86 
Number of updated asset objects reloaded before import = 0
Number of asset objects unloaded after import = 2
========================================================================
Received Import Request.
  Time of request: 2026-09-30T06:25:05.0479901Z
  Time since last request: 0.0005456 seconds.
  importAddress: GUID: 48473493d79871c4cbf8e71337a5ac31 - Path: Assets/Twinsanity/Baked/Beach/Huba_Scenery_Mesh_293 2.asset - Importer: ScriptedImporter/UnityEditor.QuickSearchModule:UnityEditor.Search:ASIAI0B
Importing 'GUID: 48473493d79871c4cbf8e71337a5ac31 - Path: Assets/Twinsanity/Baked/Beach/Huba_Scenery_Mesh_293 2.asset - Importer: ScriptedImporter/UnityEditor.QuickSearchModule:UnityEditor.Search:ASIAI0B' with importer (ScriptedImporter : UnityEditor.QuickSearchModule:UnityEditor.Search:ASIAI0B)
Imported 'GUID: 48473493d79871c4cbf8e71337a5ac31' -> (Import Result ID: 'f9bc1d7bd4a3b029fd41255bd354bda3') in 0.010 seconds [static and dynamic dependencies]. Details - ImportResultOutputID=6b5aa5c4d31f1aa55de2480d0d7345c9 DependenciesID=b5d8daf15ae0f95955189195ba4ec04d StaticDependenciesID=5dbb2913958bac00d837e32029e36315 
Number of updated asset objects reloaded before import = 0
Number of asset objects unloaded after import = 1
========================================================================
Received Import Request.
  Time of request: 2026-09-30T06:25:05.0593207Z
  Time since last request: 0.00109 seconds.
  importAddress: GUID: d0ab5ed7cb12b7645acf2f26cc805465 - Path: Assets/Twinsanity/Baked/Beach/Material_258 2.mat - Importer: ScriptedImporter/UnityEditor.QuickSearchModule:UnityEditor.Search:ASIAI0B
Importing 'GUID: d0ab5ed7cb12b7645acf2f26cc805465 - Path: Assets/Twinsanity/Baked/Beach/Material_258 2.mat - Importer: ScriptedImporter/UnityEditor.QuickSearchModule:UnityEditor.Search:ASIAI0B' with importer (ScriptedImporter : UnityEditor.QuickSearchModule:UnityEditor.Search:ASIAI0B)
Imported 'GUID: d0ab5ed7cb12b7645acf2f26cc805465' -> (Import Result ID: 'cfa9fd15b53450c12758bb295acbd8ea') in 0.010 seconds [static and dynamic dependencies]. Details - ImportResultOutputID=27fbd0ed7f05d87710e6ed394318962b DependenciesID=19cc83eb555f455a546ee2601d0a7a94 StaticDependenciesID=e3837c9e390107c7535b00329f5ee72f 
Number of updated asset objects reloaded before import = 0
Number of asset objects unloaded after import = 2
========================================================================
Received Import Request.
  Time of request: 2026-09-30T06:25:05.0707317Z
  Time since last request: 0.0006032 seconds.
  importAddress: GUID: 612d4aa6c5df84a4b82d45fdd2df92a0 - Path: Assets/Twinsanity/Baked/Beach/Huba_Scenery_Mesh_277 2.asset - Importer: ScriptedImporter/UnityEditor.QuickSearchModule:UnityEditor.Search:ASIAI0B
Importing 'GUID: 612d4aa6c5df84a4b82d45fdd2df92a0 - Path: Assets/Twinsanity/Baked/Beach/Huba_Scenery_Mesh_277 2.asset - Importer: ScriptedImporter/UnityEditor.QuickSearchModule:UnityEditor.Search:ASIAI0B' with importer (ScriptedImporter : UnityEditor.QuickSearchModule:UnityEditor.Search:ASIAI0B)
Imported 'GUID: 612d4aa6c5df84a4b82d45fdd2df92a0' -> (Import Result ID: 'c80ee1f22bcae96e2f7ffbf30f5ee060') in 0.008 seconds [static and dynamic dependencies]. Details - ImportResultOutputID=f2208aa6f8a282ccc633d768bc7403d4 DependenciesID=8aef1ccbd7f6c1f63521580778317bd0 StaticDependenciesID=ad76ac476315951d953c1ac6874ee49a 
Number of updated asset objects reloaded before import = 0
Number of asset objects unloaded after import = 1
========================================================================
Received Import Request.
  Time of request: 2026-09-30T06:25:05.0796464Z
  Time since last request: 0.0007372 seconds.
  importAddress: GUID: 406eb5f39e5248e4aa11463dfa1571e4 - Path: Assets/Twinsanity/Baked/Beach/Huba_Scenery_Mesh_312 2.asset - Importer: ScriptedImporter/UnityEditor.QuickSearchModule:UnityEditor.Search:ASIAI0B
Importing 'GUID: 406eb5f39e5248e4aa11463dfa1571e4 - Path: Assets/Twinsanity/Baked/Beach/Huba_Scenery_Mesh_312 2.asset - Importer: ScriptedImporter/UnityEditor.QuickSearchModule:UnityEditor.Search:ASIAI0B' with importer (ScriptedImporter : UnityEditor.QuickSearchModule:UnityEditor.Search:ASIAI0B)
Imported 'GUID: 406eb5f39e5248e4aa11463dfa1571e4' -> (Import Result ID: '3f22e0b5a12e67cb3b0e7e1b4a70180f') in 0.008 seconds [static and dynamic dependencies]. Details - ImportResultOutputID=86c40c21578162c3523bb37e1493f963 DependenciesID=1e5bf3cd76f63c35fe6938624e00014b StaticDependenciesID=3284d32516caf8d7be2609b71c8eb325 
Number of updated asset objects reloaded before import = 0
Number of asset objects unloaded after import = 1
========================================================================
Received Import Request.
  Time of request: 2026-09-30T06:25:05.0886382Z
  Time since last request: 0.0007818 seconds.
  importAddress: GUID: b94801b715b5dd940bed237d50a6f55c - Path: Assets/Twinsanity/Baked/Beach/Alwayson_Scenery_Mesh_265 2.asset - Importer: ScriptedImporter/UnityEditor.QuickSearchModule:UnityEditor.Search:ASIAI0B
Importing 'GUID: b94801b715b5dd940bed237d50a6f55c - Path: Assets/Twinsanity/Baked/Beach/Alwayson_Scenery_Mesh_265 2.asset - Importer: ScriptedImporter/UnityEditor.QuickSearchModule:UnityEditor.Search:ASIAI0B' with importer (ScriptedImporter : UnityEditor.QuickSearchModule:UnityEditor.Search:ASIAI0B)
Imported 'GUID: b94801b715b5dd940bed237d50a6f55c' -> (Import Result ID: '96fb8e61958f2f2c212aa7f2d73d7c3f') in 0.007 seconds [static and dynamic dependencies]. Details - ImportResultOutputID=61e2f4cf6e99a4b77a3c8a9414be7854 DependenciesID=1d22056f932b0730bc5d6e86ff21ec36 StaticDependenciesID=b75052d7f2f2216993e89cfa451f668d 
Number of updated asset objects reloaded before import = 0
Number of asset objects unloaded after import = 1
========================================================================
Received Import Request.
  Time of request: 2026-09-30T06:25:05.0964338Z
  Time since last request: 0.0006348 seconds.
  importAddress: GUID: c852afaa1ce0f99488efc770346a9283 - Path: Assets/Twinsanity/Baked/Beach/Alwayson_Scenery_Mesh_262 2.asset - Importer: ScriptedImporter/UnityEditor.QuickSearchModule:UnityEditor.Search:ASIAI0B
Importing 'GUID: c852afaa1ce0f99488efc770346a9283 - Path: Assets/Twinsanity/Baked/Beach/Alwayson_Scenery_Mesh_262 2.asset - Importer: ScriptedImporter/UnityEditor.QuickSearchModule:UnityEditor.Search:ASIAI0B' with importer (ScriptedImporter : UnityEditor.QuickSearchModule:UnityEditor.Search:ASIAI0B)
Imported 'GUID: c852afaa1ce0f99488efc770346a9283' -> (Import Result ID: 'b91cc16b38eee383901452c9cb717b3e') in 0.010 seconds [static and dynamic dependencies]. Details - ImportResultOutputID=258446a93e7e699422a6fad4a51add86 DependenciesID=0b0667721a321c96dbf9ecc8b8aa1a37 StaticDependenciesID=7f1ad88fbb42a20a886354c5b4a6bb74 
Number of updated asset objects reloaded before import = 0
Number of asset objects unloaded after import = 1
========================================================================
Received Import Request.
  Time of request: 2026-09-30T06:25:05.1073945Z
  Time since last request: 0.000678 seconds.
  importAddress: GUID: a230f7457989b734d82c58ce479c45f5 - Path: Assets/Twinsanity/Baked/Beach/Alwayson_Scenery_Mesh_263 2.asset - Importer: ScriptedImporter/UnityEditor.QuickSearchModule:UnityEditor.Search:ASIAI0B
Importing 'GUID: a230f7457989b734d82c58ce479c45f5 - Path: Assets/Twinsanity/Baked/Beach/Alwayson_Scenery_Mesh_263 2.asset - Importer: ScriptedImporter/UnityEditor.QuickSearchModule:UnityEditor.Search:ASIAI0B' with importer (ScriptedImporter : UnityEditor.QuickSearchModule:UnityEditor.Search:ASIAI0B)
Imported 'GUID: a230f7457989b734d82c58ce479c45f5' -> (Import Result ID: 'a1708f61192e1f77fb7b208677c17db3') in 0.012 seconds [static and dynamic dependencies]. Details - ImportResultOutputID=58809722a6c11a4f01735a4b451d1579 DependenciesID=c7068607f3b727d1439304370842dc8e StaticDependenciesID=14e1114d3c62c91a61bbb928e94217e6 
Number of updated asset objects reloaded before import = 0
Number of asset objects unloaded after import = 1
========================================================================
Received Import Request.
  Time of request: 2026-09-30T06:25:05.120265Z
  Time since last request: 0.0007356 seconds.
  importAddress: GUID: 83e70d341f7086a4dab931f0fc9ef7b3 - Path: Assets/Twinsanity/Baked/Beach/Material_294 2.mat - Importer: ScriptedImporter/UnityEditor.QuickSearchModule:UnityEditor.Search:ASIAI0B
Importing 'GUID: 83e70d341f7086a4dab931f0fc9ef7b3 - Path: Assets/Twinsanity/Baked/Beach/Material_294 2.mat - Importer: ScriptedImporter/UnityEditor.QuickSearchModule:UnityEditor.Search:ASIAI0B' with importer (ScriptedImporter : UnityEditor.QuickSearchModule:UnityEditor.Search:ASIAI0B)
Imported 'GUID: 83e70d341f7086a4dab931f0fc9ef7b3' -> (Import Result ID: '0fdb054f7facd16ad8bb82984a12f256') in 0.012 seconds [static and dynamic dependencies]. Details - ImportResultOutputID=c887be89e34d05dc9040f7472157dcc9 DependenciesID=52394015d77ce416eda1c784f974593b StaticDependenciesID=bc7f17db040ed18b63d4b1e96797562f 
Number of updated asset objects reloaded before import = 0
Number of asset objects unloaded after import = 2
========================================================================
Received Import Request.
  Time of request: 2026-09-30T06:25:05.1333056Z
  Time since last request: 0.0006176 seconds.
  importAddress: GUID: 77165918d84b3af4c95f8ef2b219bd98 - Path: Assets/Twinsanity/Baked/Beach/Material_256 2.mat - Importer: ScriptedImporter/UnityEditor.QuickSearchModule:UnityEditor.Search:ASIAI0B
Importing 'GUID: 77165918d84b3af4c95f8ef2b219bd98 - Path: Assets/Twinsanity/Baked/Beach/Material_256 2.mat - Importer: ScriptedImporter/UnityEditor.QuickSearchModule:UnityEditor.Search:ASIAI0B' with importer (ScriptedImporter : UnityEditor.QuickSearchModule:UnityEditor.Search:ASIAI0B)
Imported 'GUID: 77165918d84b3af4c95f8ef2b219bd98' -> (Import Result ID: 'd10b838d8aa444edb8b44a74338a280f') in 0.008 seconds [static and dynamic dependencies]. Details - ImportResultOutputID=147f5a531185170a52859743bd174856 DependenciesID=ae6c9f514ec9173b7ded78cee87c862c StaticDependenciesID=2b7b0fcbd488880bd979430041fc7b77 
Number of updated asset objects reloaded before import = 0
Number of asset objects unloaded after import = 2
========================================================================
Received Import Request.
  Time of request: 2026-09-30T06:25:05.1434436Z
  Time since last request: 0.0011685 seconds.
  importAddress: GUID: e9eeb7902080dae418b4de0335947371 - Path: Assets/Twinsanity/Baked/Beach/Huba_Scenery_Mesh_278 2.asset - Importer: ScriptedImporter/UnityEditor.QuickSearchModule:UnityEditor.Search:ASIAI0B
Importing 'GUID: e9eeb7902080dae418b4de0335947371 - Path: Assets/Twinsanity/Baked/Beach/Huba_Scenery_Mesh_278 2.asset - Importer: ScriptedImporter/UnityEditor.QuickSearchModule:UnityEditor.Search:ASIAI0B' with importer (ScriptedImporter : UnityEditor.QuickSearchModule:UnityEditor.Search:ASIAI0B)
Imported 'GUID: e9eeb7902080dae418b4de0335947371' -> (Import Result ID: '8aa3f88673918c4851b2f20aef4ab67b') in 0.016 seconds [static and dynamic dependencies]. Details - ImportResultOutputID=557f60a0060fae18f08953d6b3eb975b DependenciesID=06e31d6e196e9753b7e1aa0dcac7a65f StaticDependenciesID=4669749777f4d80574ddd49a2581b5c6 
Number of updated asset objects reloaded before import = 0
Number of asset objects unloaded after import = 1
========================================================================
Received Import Request.
  Time of request: 2026-09-30T06:25:05.1610535Z
  Time since last request: 0.0007296 seconds.
  importAddress: GUID: dc7f9aee17e4fb948bb64943e97a43cd - Path: Assets/Twinsanity/Baked/Beach/Huba_Scenery_Mesh_292 2.asset - Importer: ScriptedImporter/UnityEditor.QuickSearchModule:UnityEditor.Search:ASIAI0B
Importing 'GUID: dc7f9aee17e4fb948bb64943e97a43cd - Path: Assets/Twinsanity/Baked/Beach/Huba_Scenery_Mesh_292 2.asset - Importer: ScriptedImporter/UnityEditor.QuickSearchModule:UnityEditor.Search:ASIAI0B' with importer (ScriptedImporter : UnityEditor.QuickSearchModule:UnityEditor.Search:ASIAI0B)
Imported 'GUID: dc7f9aee17e4fb948bb64943e97a43cd' -> (Import Result ID: 'fbdbdffe4097e8c650630c18c4224d64') in 0.010 seconds [static and dynamic dependencies]. Details - ImportResultOutputID=a7bd978deadeabc1385dbda6d9265fa4 DependenciesID=f81a6e38b95e2320b2c53867d8665b8a StaticDependenciesID=3da0bbfe5106c0a7b7d6fcdcc62ca03c 
Number of updated asset objects reloaded before import = 0
Number of asset objects unloaded after import = 1
========================================================================
Received Import Request.
  Time of request: 2026-09-30T06:25:05.1720477Z
  Time since last request: 0.0006147 seconds.
  importAddress: GUID: 7ad9b8ac831ff6a41b1090d502111dd0 - Path: Assets/Twinsanity/Baked/Beach/Huba_Scenery_Mesh_290 2.asset - Importer: ScriptedImporter/UnityEditor.QuickSearchModule:UnityEditor.Search:ASIAI0B
Importing 'GUID: 7ad9b8ac831ff6a41b1090d502111dd0 - Path: Assets/Twinsanity/Baked/Beach/Huba_Scenery_Mesh_290 2.asset - Importer: ScriptedImporter/UnityEditor.QuickSearchModule:UnityEditor.Search:ASIAI0B' with importer (ScriptedImporter : UnityEditor.QuickSearchModule:UnityEditor.Search:ASIAI0B)
Imported 'GUID: 7ad9b8ac831ff6a41b1090d502111dd0' -> (Import Result ID: '176e892e213ae7b9a1f7c6cf09d1f202') in 0.014 seconds [static and dynamic dependencies]. Details - ImportResultOutputID=9c9a8c942f78fee8c7f41a777cda572c DependenciesID=d6cef51fbea2686b4b246b3f62f11ce3 StaticDependenciesID=d7208847aa3a1a3c430020e87f33cb14 
Number of updated asset objects reloaded before import = 0
Number of asset objects unloaded after import = 1
========================================================================
Received Import Request.
  Time of request: 2026-09-30T06:25:05.1868782Z
  Time since last request: 0.0007986 seconds.
  importAddress: GUID: 8ba92716190235349aecda5f3d2535f4 - Path: Assets/Twinsanity/Baked/Beach/Alwayson_Scenery_Mesh_255 2.asset - Importer: ScriptedImporter/UnityEditor.QuickSearchModule:UnityEditor.Search:ASIAI0B
Importing 'GUID: 8ba92716190235349aecda5f3d2535f4 - Path: Assets/Twinsanity/Baked/Beach/Alwayson_Scenery_Mesh_255 2.asset - Importer: ScriptedImporter/UnityEditor.QuickSearchModule:UnityEditor.Search:ASIAI0B' with importer (ScriptedImporter : UnityEditor.QuickSearchModule:UnityEditor.Search:ASIAI0B)
Imported 'GUID: 8ba92716190235349aecda5f3d2535f4' -> (Import Result ID: '7a8e15defb66813cf9604b9dbebfc493') in 0.011 seconds [static and dynamic dependencies]. Details - ImportResultOutputID=d3c583389da5aff885bacc4377bef983 DependenciesID=67bb7eae966536b486a3276a81d3c22c StaticDependenciesID=b7582780aa48cef10989ba233a4c927b 
Number of updated asset objects reloaded before import = 0
Number of asset objects unloaded after import = 1
========================================================================
Received Import Request.
  Time of request: 2026-09-30T06:25:05.1992257Z
  Time since last request: 0.000643 seconds.
  importAddress: GUID: e85b95dd42384f0428ebb65fc52ac5e2 - Path: Assets/Twinsanity/Baked/Beach/Huba_Scenery_Mesh_275 2.asset - Importer: ScriptedImporter/UnityEditor.QuickSearchModule:UnityEditor.Search:ASIAI0B
Importing 'GUID: e85b95dd42384f0428ebb65fc52ac5e2 - Path: Assets/Twinsanity/Baked/Beach/Huba_Scenery_Mesh_275 2.asset - Importer: ScriptedImporter/UnityEditor.QuickSearchModule:UnityEditor.Search:ASIAI0B' with importer (ScriptedImporter : UnityEditor.QuickSearchModule:UnityEditor.Search:ASIAI0B)
Imported 'GUID: e85b95dd42384f0428ebb65fc52ac5e2' -> (Import Result ID: 'c568b7f792a4f5844f40a9b3b953fc51') in 0.010 seconds [static and dynamic dependencies]. Details - ImportResultOutputID=3f3fd567496068b83aca495c6f383c17 DependenciesID=62034c9357742bdd606df3fb3be9d487 StaticDependenciesID=ce557ae1cea2435a88e4dbd7bcdeecc1 
Number of updated asset objects reloaded before import = 0
Number of asset objects unloaded after import = 1
========================================================================
Received Import Request.
  Time of request: 2026-09-30T06:25:05.2107295Z
  Time since last request: 0.000737 seconds.
  importAddress: GUID: bcc3ffbc0bae2ba4e8aa4ddbca7ec3d0 - Path: Assets/Twinsanity/Baked/Beach/Huba_Scenery_Mesh_308 2.asset - Importer: ScriptedImporter/UnityEditor.QuickSearchModule:UnityEditor.Search:ASIAI0B
Importing 'GUID: bcc3ffbc0bae2ba4e8aa4ddbca7ec3d0 - Path: Assets/Twinsanity/Baked/Beach/Huba_Scenery_Mesh_308 2.asset - Importer: ScriptedImporter/UnityEditor.QuickSearchModule:UnityEditor.Search:ASIAI0B' with importer (ScriptedImporter : UnityEditor.QuickSearchModule:UnityEditor.Search:ASIAI0B)
Imported 'GUID: bcc3ffbc0bae2ba4e8aa4ddbca7ec3d0' -> (Import Result ID: '28b270d630bd6464bc8954845a2d5847') in 0.007 seconds [static and dynamic dependencies]. Details - ImportResultOutputID=9ac1bb614af97dd579dfd7ccedaed2e9 DependenciesID=0caaf9fa5871b58d7d5862dd89a2f3c8 StaticDependenciesID=20635e69a7122023b66147f9f70f5335 
Number of updated asset objects reloaded before import = 0
Number of asset objects unloaded after import = 1
========================================================================
Received Import Request.
  Time of request: 2026-09-30T06:25:05.218452Z
  Time since last request: 0.0006509 seconds.
  importAddress: GUID: 48cd8cf0489163a4d95f2295329428cb - Path: Assets/Twinsanity/Baked/Beach/Huba_Scenery_Mesh_298 2.asset - Importer: ScriptedImporter/UnityEditor.QuickSearchModule:UnityEditor.Search:ASIAI0B
Importing 'GUID: 48cd8cf0489163a4d95f2295329428cb - Path: Assets/Twinsanity/Baked/Beach/Huba_Scenery_Mesh_298 2.asset - Importer: ScriptedImporter/UnityEditor.QuickSearchModule:UnityEditor.Search:ASIAI0B' with importer (ScriptedImporter : UnityEditor.QuickSearchModule:UnityEditor.Search:ASIAI0B)
Imported 'GUID: 48cd8cf0489163a4d95f2295329428cb' -> (Import Result ID: '7914cf72e29ea41757c418212f8348f5') in 0.012 seconds [static and dynamic dependencies]. Details - ImportResultOutputID=d5b9fdaf766185d9815580c0acb71d4e DependenciesID=9b8fc925e50a6024b3a0bdae0e422a06 StaticDependenciesID=bb0256c847792f8314da69aea2464b0d 
Number of updated asset objects reloaded before import = 0
Number of asset objects unloaded after import = 1
========================================================================
Received Import Request.
  Time of request: 2026-09-30T06:25:05.2315785Z
  Time since last request: 0.0006589 seconds.
  importAddress: GUID: b84205951440c754895b26f9d9ec25c8 - Path: Assets/Twinsanity/Baked/Beach/Alwayson_Scenery_Mesh_260 2.asset - Importer: ScriptedImporter/UnityEditor.QuickSearchModule:UnityEditor.Search:ASIAI0B
Importing 'GUID: b84205951440c754895b26f9d9ec25c8 - Path: Assets/Twinsanity/Baked/Beach/Alwayson_Scenery_Mesh_260 2.asset - Importer: ScriptedImporter/UnityEditor.QuickSearchModule:UnityEditor.Search:ASIAI0B' with importer (ScriptedImporter : UnityEditor.QuickSearchModule:UnityEditor.Search:ASIAI0B)
Imported 'GUID: b84205951440c754895b26f9d9ec25c8' -> (Import Result ID: '1f971d541532842e0e18ff2d04292548') in 0.007 seconds [static and dynamic dependencies]. Details - ImportResultOutputID=06ea065742fe96f7e382892f131cb6de DependenciesID=6f8136eac93309b5ee9430a94811a879 StaticDependenciesID=b004687f79b9b003d57dcf7a78ebae15 
Number of updated asset objects reloaded before import = 0
Number of asset objects unloaded after import = 1
========================================================================
Received Import Request.
  Time of request: 2026-09-30T06:25:05.2395386Z
  Time since last request: 0.0005029 seconds.
  importAddress: GUID: fe42aba0fe63cde41b8624347082cd67 - Path: Assets/Twinsanity/Baked/Beach/Huba_Scenery_Mesh_300 2.asset - Importer: ScriptedImporter/UnityEditor.QuickSearchModule:UnityEditor.Search:ASIAI0B
Importing 'GUID: fe42aba0fe63cde41b8624347082cd67 - Path: Assets/Twinsanity/Baked/Beach/Huba_Scenery_Mesh_300 2.asset - Importer: ScriptedImporter/UnityEditor.QuickSearchModule:UnityEditor.Search:ASIAI0B' with importer (ScriptedImporter : UnityEditor.QuickSearchModule:UnityEditor.Search:ASIAI0B)
Imported 'GUID: fe42aba0fe63cde41b8624347082cd67' -> (Import Result ID: '5e10dd319961e518a5a0447358a7d44d') in 0.008 seconds [static and dynamic dependencies]. Details - ImportResultOutputID=6d528d68f4f01c27712584402519e6b0 DependenciesID=e197c13ed1ec87e70cf4d6ded69b7938 StaticDependenciesID=047acbb419f542fba0b80c420a24c144 
Number of updated asset objects reloaded before import = 0
Number of asset objects unloaded after import = 1
========================================================================
Received Import Request.
  Time of request: 2026-09-30T06:25:05.2482159Z
  Time since last request: 0.0006401 seconds.
  importAddress: GUID: c2b5f6fef51406e419ef9207f9b6ab7e - Path: Assets/Twinsanity/Baked/Beach/Alwayson_Scenery_Mesh_253 2.asset - Importer: ScriptedImporter/UnityEditor.QuickSearchModule:UnityEditor.Search:ASIAI0B
Importing 'GUID: c2b5f6fef51406e419ef9207f9b6ab7e - Path: Assets/Twinsanity/Baked/Beach/Alwayson_Scenery_Mesh_253 2.asset - Importer: ScriptedImporter/UnityEditor.QuickSearchModule:UnityEditor.Search:ASIAI0B' with importer (ScriptedImporter : UnityEditor.QuickSearchModule:UnityEditor.Search:ASIAI0B)
Imported 'GUID: c2b5f6fef51406e419ef9207f9b6ab7e' -> (Import Result ID: 'a33303cc84bdd9276c966fd5d0949a01') in 0.006 seconds [static and dynamic dependencies]. Details - ImportResultOutputID=d21a1e1cd0b36aa3133a2ab9f1894707 DependenciesID=7fd852f86c32ab98c16ec8ab8c0c64ae StaticDependenciesID=703943d71f74e20e1504da7203f88a73 
Number of updated asset objects reloaded before import = 0
Number of asset objects unloaded after import = 1
========================================================================
Received Import Request.
  Time of request: 2026-09-30T06:25:05.2547933Z
  Time since last request: 0.0005822 seconds.
  importAddress: GUID: 2822c8ae45231204b88770b979ad099e - Path: Assets/Twinsanity/Baked/Beach/Material_264 2.mat - Importer: ScriptedImporter/UnityEditor.QuickSearchModule:UnityEditor.Search:ASIAI0B
Importing 'GUID: 2822c8ae45231204b88770b979ad099e - Path: Assets/Twinsanity/Baked/Beach/Material_264 2.mat - Importer: ScriptedImporter/UnityEditor.QuickSearchModule:UnityEditor.Search:ASIAI0B' with importer (ScriptedImporter : UnityEditor.QuickSearchModule:UnityEditor.Search:ASIAI0B)
Imported 'GUID: 2822c8ae45231204b88770b979ad099e' -> (Import Result ID: 'd6669080804ae830f56999c1fd61bc48') in 0.009 seconds [static and dynamic dependencies]. Details - ImportResultOutputID=bfa59bc5f659b55db27811246c0120de DependenciesID=ef14b76fa44121a6fc2780c8567e4e58 StaticDependenciesID=2245af8d9bffe81a9e58523da7050b75 
Number of updated asset objects reloaded before import = 0
Number of asset objects unloaded after import = 2
========================================================================
Received Import Request.
  Time of request: 2026-09-30T06:25:05.264507Z
  Time since last request: 0.0006186 seconds.
  importAddress: GUID: 045ee64ddcc1c814787e0f57d31ae1a9 - Path: Assets/Twinsanity/Baked/Beach/Huba_Scenery_Mesh_302 2.asset - Importer: ScriptedImporter/UnityEditor.QuickSearchModule:UnityEditor.Search:ASIAI0B
Importing 'GUID: 045ee64ddcc1c814787e0f57d31ae1a9 - Path: Assets/Twinsanity/Baked/Beach/Huba_Scenery_Mesh_302 2.asset - Importer: ScriptedImporter/UnityEditor.QuickSearchModule:UnityEditor.Search:ASIAI0B' with importer (ScriptedImporter : UnityEditor.QuickSearchModule:UnityEditor.Search:ASIAI0B)
Imported 'GUID: 045ee64ddcc1c814787e0f57d31ae1a9' -> (Import Result ID: '1a35d1d2a0d98ecd0b699ba8507c69ad') in 0.006 seconds [static and dynamic dependencies]. Details - ImportResultOutputID=4ad80497d221ccc7c1e68aa446aeec32 DependenciesID=550caa3171650ab77feb126149b6b39e StaticDependenciesID=bd7749d41fe2b90ce429a5c8adfb294c 
Number of updated asset objects reloaded before import = 0
Number of asset objects unloaded after import = 1
========================================================================
Received Import Request.
  Time of request: 2026-09-30T06:25:05.2714035Z
  Time since last request: 0.0005225 seconds.
  importAddress: GUID: c3b1d9a3c3246964ab1518cdaac6810a - Path: Assets/Twinsanity/Baked/Beach/Huba_Scenery_Mesh_279 2.asset - Importer: ScriptedImporter/UnityEditor.QuickSearchModule:UnityEditor.Search:ASIAI0B
Importing 'GUID: c3b1d9a3c3246964ab1518cdaac6810a - Path: Assets/Twinsanity/Baked/Beach/Huba_Scenery_Mesh_279 2.asset - Importer: ScriptedImporter/UnityEditor.QuickSearchModule:UnityEditor.Search:ASIAI0B' with importer (ScriptedImporter : UnityEditor.QuickSearchModule:UnityEditor.Search:ASIAI0B)
Imported 'GUID: c3b1d9a3c3246964ab1518cdaac6810a' -> (Import Result ID: '1629a6f605dd82863138e8f8039e96ce') in 0.006 seconds [static and dynamic dependencies]. Details - ImportResultOutputID=89b88d8e19a379b8a6dfc652efe00c11 DependenciesID=4cd7af3de7f66a8c5ab2c684bbcc531b StaticDependenciesID=4b75b1f9c9660326c899575922c38147 
Number of updated asset objects reloaded before import = 0
Number of asset objects unloaded after import = 1
========================================================================
Received Import Request.
  Time of request: 2026-09-30T06:25:05.2789017Z
  Time since last request: 0.0007132 seconds.
  importAddress: GUID: af032b466e3d7cd4f88309cdb76439ab - Path: Assets/Twinsanity/Baked/Beach/Material_284 2.mat - Importer: ScriptedImporter/UnityEditor.QuickSearchModule:UnityEditor.Search:ASIAI0B
Importing 'GUID: af032b466e3d7cd4f88309cdb76439ab - Path: Assets/Twinsanity/Baked/Beach/Material_284 2.mat - Importer: ScriptedImporter/UnityEditor.QuickSearchModule:UnityEditor.Search:ASIAI0B' with importer (ScriptedImporter : UnityEditor.QuickSearchModule:UnityEditor.Search:ASIAI0B)
Imported 'GUID: af032b466e3d7cd4f88309cdb76439ab' -> (Import Result ID: '587129574224a676ae246295c4941032') in 0.007 seconds [static and dynamic dependencies]. Details - ImportResultOutputID=7000ed44e81693de8c435e71432e7cd8 DependenciesID=94aa807fe58dc64e5b5239589ac3e617 StaticDependenciesID=672c9856ceaacbf7367115560b583d67 
Number of updated asset objects reloaded before import = 0
Number of asset objects unloaded after import = 2
========================================================================
Received Import Request.
  Time of request: 2026-09-30T06:25:05.2868436Z
  Time since last request: 0.0005272 seconds.
  importAddress: GUID: 6521c7983201bab4a86161ec086ddff1 - Path: Assets/Twinsanity/Baked/Beach/Material_307 2.mat - Importer: ScriptedImporter/UnityEditor.QuickSearchModule:UnityEditor.Search:ASIAI0B
Importing 'GUID: 6521c7983201bab4a86161ec086ddff1 - Path: Assets/Twinsanity/Baked/Beach/Material_307 2.mat - Importer: ScriptedImporter/UnityEditor.QuickSearchModule:UnityEditor.Search:ASIAI0B' with importer (ScriptedImporter : UnityEditor.QuickSearchModule:UnityEditor.Search:ASIAI0B)
Imported 'GUID: 6521c7983201bab4a86161ec086ddff1' -> (Import Result ID: '0e3af7591771952137b06b7438460bcf') in 0.008 seconds [static and dynamic dependencies]. Details - ImportResultOutputID=613fd8e750428935a882c9fa38bbfdf3 DependenciesID=a2eb8148e604861bc981305554c1b140 StaticDependenciesID=b44b959b3da1e31588bda0b98f1f1ad6 
Number of updated asset objects reloaded before import = 0
Number of asset objects unloaded after import = 2
========================================================================
Received Import Request.
  Time of request: 2026-09-30T06:25:05.2959682Z
  Time since last request: 0.0005032 seconds.
  importAddress: GUID: 63749281d5dce9e47b8d48041d212637 - Path: Assets/Twinsanity/Baked/Beach/Huba_Scenery_Mesh_283 2.asset - Importer: ScriptedImporter/UnityEditor.QuickSearchModule:UnityEditor.Search:ASIAI0B
Importing 'GUID: 63749281d5dce9e47b8d48041d212637 - Path: Assets/Twinsanity/Baked/Beach/Huba_Scenery_Mesh_283 2.asset - Importer: ScriptedImporter/UnityEditor.QuickSearchModule:UnityEditor.Search:ASIAI0B' with importer (ScriptedImporter : UnityEditor.QuickSearchModule:UnityEditor.Search:ASIAI0B)
Imported 'GUID: 63749281d5dce9e47b8d48041d212637' -> (Import Result ID: '9624666a2c5a60b571dcbc943957e309') in 0.006 seconds [static and dynamic dependencies]. Details - ImportResultOutputID=533b9c8840ea028389694274a65f9178 DependenciesID=fd5ee9c1f0ebf9335d75adba6e6586f0 StaticDependenciesID=b99e6fb5527014a42c7075a65444b0a3 
Number of updated asset objects reloaded before import = 0
Number of asset objects unloaded after import = 1
========================================================================
Received Import Request.
  Time of request: 2026-09-30T06:25:05.302739Z
  Time since last request: 0.0005778 seconds.
  importAddress: GUID: 5ac49785edfcfc4428a5d04792a0341b - Path: Assets/Twinsanity/Baked/Beach/Material_261 2.mat - Importer: ScriptedImporter/UnityEditor.QuickSearchModule:UnityEditor.Search:ASIAI0B
Importing 'GUID: 5ac49785edfcfc4428a5d04792a0341b - Path: Assets/Twinsanity/Baked/Beach/Material_261 2.mat - Importer: ScriptedImporter/UnityEditor.QuickSearchModule:UnityEditor.Search:ASIAI0B' with importer (ScriptedImporter : UnityEditor.QuickSearchModule:UnityEditor.Search:ASIAI0B)
Imported 'GUID: 5ac49785edfcfc4428a5d04792a0341b' -> (Import Result ID: 'cc71b4b58267905f7a41932f9ae0c9e6') in 0.009 seconds [static and dynamic dependencies]. Details - ImportResultOutputID=089d977ae36d80a90535a102b319a09f DependenciesID=bc836353cfe4a2bc34a640f9086f3789 StaticDependenciesID=6fd6a01dadd16fcbde8e8a797399f591 
Number of updated asset objects reloaded before import = 0
Number of asset objects unloaded after import = 2
========================================================================
Received Import Request.
  Time of request: 2026-09-30T06:25:05.3133202Z
  Time since last request: 0.0004904 seconds.
  importAddress: GUID: 33ff0221a2069aa45bc55c2bdc8b507c - Path: Assets/Twinsanity/Baked/Beach/Huba_Scenery_Mesh_295 2.asset - Importer: ScriptedImporter/UnityEditor.QuickSearchModule:UnityEditor.Search:ASIAI0B
Importing 'GUID: 33ff0221a2069aa45bc55c2bdc8b507c - Path: Assets/Twinsanity/Baked/Beach/Huba_Scenery_Mesh_295 2.asset - Importer: ScriptedImporter/UnityEditor.QuickSearchModule:UnityEditor.Search:ASIAI0B' with importer (ScriptedImporter : UnityEditor.QuickSearchModule:UnityEditor.Search:ASIAI0B)
Imported 'GUID: 33ff0221a2069aa45bc55c2bdc8b507c' -> (Import Result ID: '98fe9fe57ee5b588ed4e6079b1aec227') in 0.007 seconds [static and dynamic dependencies]. Details - ImportResultOutputID=28b013b53ee1a886a039e428cbe41b26 DependenciesID=709ba867070c0f7351f483176453e34b StaticDependenciesID=224b75e532fd6e47900e59d07b8c5d11 
Number of updated asset objects reloaded before import = 0
Number of asset objects unloaded after import = 1
========================================================================
Received Import Request.
  Time of request: 2026-09-30T06:25:05.3208457Z
  Time since last request: 0.0005559 seconds.
  importAddress: GUID: 1d741d5a2e73d0f438d0d42f97f48396 - Path: Assets/Twinsanity/Baked/Beach/Huba_Scenery_Mesh_306 2.asset - Importer: ScriptedImporter/UnityEditor.QuickSearchModule:UnityEditor.Search:ASIAI0B
Importing 'GUID: 1d741d5a2e73d0f438d0d42f97f48396 - Path: Assets/Twinsanity/Baked/Beach/Huba_Scenery_Mesh_306 2.asset - Importer: ScriptedImporter/UnityEditor.QuickSearchModule:UnityEditor.Search:ASIAI0B' with importer (ScriptedImporter : UnityEditor.QuickSearchModule:UnityEditor.Search:ASIAI0B)
Imported 'GUID: 1d741d5a2e73d0f438d0d42f97f48396' -> (Import Result ID: 'f51f3c0a25bb3c48cf3ebf4e1065ee5a') in 0.006 seconds [static and dynamic dependencies]. Details - ImportResultOutputID=91c23496c08ca4b21c43342b09c9e523 DependenciesID=7743f49176488c9d72f7fc46fd8d8a3d StaticDependenciesID=3ceeb3e3524e86be28835a665fde0f1c 
Number of updated asset objects reloaded before import = 0
Number of asset objects unloaded after import = 1
========================================================================
Received Import Request.
  Time of request: 2026-09-30T06:25:05.3277389Z
  Time since last request: 0.0005927 seconds.
  importAddress: GUID: 7bdee152cc5f8d9478305949fb93bd0f - Path: Assets/Twinsanity/Baked/Beach/Huba_Scenery_Mesh_303 2.asset - Importer: ScriptedImporter/UnityEditor.QuickSearchModule:UnityEditor.Search:ASIAI0B
Importing 'GUID: 7bdee152cc5f8d9478305949fb93bd0f - Path: Assets/Twinsanity/Baked/Beach/Huba_Scenery_Mesh_303 2.asset - Importer: ScriptedImporter/UnityEditor.QuickSearchModule:UnityEditor.Search:ASIAI0B' with importer (ScriptedImporter : UnityEditor.QuickSearchModule:UnityEditor.Search:ASIAI0B)
Imported 'GUID: 7bdee152cc5f8d9478305949fb93bd0f' -> (Import Result ID: '20af9141b2361081dd6cc06fe97e2aa3') in 0.005 seconds [static and dynamic dependencies]. Details - ImportResultOutputID=dd08dbbda4adfa0ac7186789e4b92695 DependenciesID=20bf15a9fa4462d8eac97e24ec6a5469 StaticDependenciesID=6934a1afe16cac536baed219ad9aa9b7 
Number of updated asset objects reloaded before import = 0
Number of asset objects unloaded after import = 1
========================================================================
Received Import Request.
  Time of request: 2026-09-30T06:25:05.3341444Z
  Time since last request: 0.0005031 seconds.
  importAddress: GUID: b1473ce8b325ea345816264d4d47ab19 - Path: Assets/Twinsanity/Baked/Beach/Alwayson_Scenery_Mesh_266 2.asset - Importer: ScriptedImporter/UnityEditor.QuickSearchModule:UnityEditor.Search:ASIAI0B
Importing 'GUID: b1473ce8b325ea345816264d4d47ab19 - Path: Assets/Twinsanity/Baked/Beach/Alwayson_Scenery_Mesh_266 2.asset - Importer: ScriptedImporter/UnityEditor.QuickSearchModule:UnityEditor.Search:ASIAI0B' with importer (ScriptedImporter : UnityEditor.QuickSearchModule:UnityEditor.Search:ASIAI0B)
Imported 'GUID: b1473ce8b325ea345816264d4d47ab19' -> (Import Result ID: 'a4e119ec6b04dc6396fa503932d8e036') in 0.010 seconds [static and dynamic dependencies]. Details - ImportResultOutputID=d6f8acadbe1bdbd41acca12b5312b9c0 DependenciesID=5d303e77c5cc9d48bef0df5d0accafaa StaticDependenciesID=2c9298d0e80c853c77c358d50b754dc4 
Number of updated asset objects reloaded before import = 0
Number of asset objects unloaded after import = 1
========================================================================
Received Import Request.
  Time of request: 2026-09-30T06:25:05.3467447Z
  Time since last request: 0.0012169 seconds.
  importAddress: GUID: 4656f98e3ca6cf243ac5b488dd9f9ca0 - Path: Assets/Twinsanity/Baked/Beach/Alwayson_Scenery_Mesh_250 2.asset - Importer: ScriptedImporter/UnityEditor.QuickSearchModule:UnityEditor.Search:ASIAI0B
Importing 'GUID: 4656f98e3ca6cf243ac5b488dd9f9ca0 - Path: Assets/Twinsanity/Baked/Beach/Alwayson_Scenery_Mesh_250 2.asset - Importer: ScriptedImporter/UnityEditor.QuickSearchModule:UnityEditor.Search:ASIAI0B' with importer (ScriptedImporter : UnityEditor.QuickSearchModule:UnityEditor.Search:ASIAI0B)
Imported 'GUID: 4656f98e3ca6cf243ac5b488dd9f9ca0' -> (Import Result ID: '76844f56e88c60b50d0027ed99f3f3f4') in 0.006 seconds [static and dynamic dependencies]. Details - ImportResultOutputID=68a1121b1dba9be48ba805a54d3eef89 DependenciesID=ad26117558a308656b637f913ea2e8a0 StaticDependenciesID=b718b707aabbdd07ccdcb319c24d8619 
Number of updated asset objects reloaded before import = 0
Number of asset objects unloaded after import = 1
========================================================================
Received Import Request.
  Time of request: 2026-09-30T06:25:05.3579162Z
  Time since last request: 0.004542 seconds.
  importAddress: GUID: 949678df00c3cf64bb3670dfbdebcb31 - Path: Assets/Twinsanity/Baked/Beach/Material_288 2.mat - Importer: ScriptedImporter/UnityEditor.QuickSearchModule:UnityEditor.Search:ASIAI0B
Importing 'GUID: 949678df00c3cf64bb3670dfbdebcb31 - Path: Assets/Twinsanity/Baked/Beach/Material_288 2.mat - Importer: ScriptedImporter/UnityEditor.QuickSearchModule:UnityEditor.Search:ASIAI0B' with importer (ScriptedImporter : UnityEditor.QuickSearchModule:UnityEditor.Search:ASIAI0B)
Imported 'GUID: 949678df00c3cf64bb3670dfbdebcb31' -> (Import Result ID: 'f26bafe183d80345f07f135a783aed7b') in 0.011 seconds [static and dynamic dependencies]. Details - ImportResultOutputID=fd7bd7fc432144a23bd017fa344f49dd DependenciesID=f883b39589bc14cc1c5814be13473f40 StaticDependenciesID=3fbf6896194eb5ff3e7a52cee5f6a3cc 
Number of updated asset objects reloaded before import = 0
Number of asset objects unloaded after import = 2
========================================================================
Received Import Request.
  Time of request: 2026-09-30T06:25:05.3712368Z
  Time since last request: 0.0010325 seconds.
  importAddress: GUID: 0046c9a30e477c24d989aee9eb2682ad - Path: Assets/Twinsanity/Baked/Beach/Material_282 2.mat - Importer: ScriptedImporter/UnityEditor.QuickSearchModule:UnityEditor.Search:ASIAI0B
Importing 'GUID: 0046c9a30e477c24d989aee9eb2682ad - Path: Assets/Twinsanity/Baked/Beach/Material_282 2.mat - Importer: ScriptedImporter/UnityEditor.QuickSearchModule:UnityEditor.Search:ASIAI0B' with importer (ScriptedImporter : UnityEditor.QuickSearchModule:UnityEditor.Search:ASIAI0B)
Imported 'GUID: 0046c9a30e477c24d989aee9eb2682ad' -> (Import Result ID: 'ba0cc9d76cdbdba8c14922987e7be549') in 0.008 seconds [static and dynamic dependencies]. Details - ImportResultOutputID=cabe9848149b4eeab02bd463c3af1e71 DependenciesID=169973f3589740d69807ad8c38211112 StaticDependenciesID=1f7fca099613c673c167956af1d11df4 
Number of updated asset objects reloaded before import = 0
Number of asset objects unloaded after import = 2
========================================================================
Received Import Request.
  Time of request: 2026-09-30T06:25:05.3814611Z
  Time since last request: 0.0005641 seconds.
  importAddress: GUID: 4eff4892a6ece97429bca9f31800fecd - Path: Assets/Twinsanity/Baked/Beach/Huba_Scenery_Mesh_287 2.asset - Importer: ScriptedImporter/UnityEditor.QuickSearchModule:UnityEditor.Search:ASIAI0B
Importing 'GUID: 4eff4892a6ece97429bca9f31800fecd - Path: Assets/Twinsanity/Baked/Beach/Huba_Scenery_Mesh_287 2.asset - Importer: ScriptedImporter/UnityEditor.QuickSearchModule:UnityEditor.Search:ASIAI0B' with importer (ScriptedImporter : UnityEditor.QuickSearchModule:UnityEditor.Search:ASIAI0B)
Imported 'GUID: 4eff4892a6ece97429bca9f31800fecd' -> (Import Result ID: '938eeb447d10fd223188d45a8585c530') in 0.007 seconds [static and dynamic dependencies]. Details - ImportResultOutputID=e3c194737f10bfe7673fdf96773754c8 DependenciesID=9013bed4850ca6b9143842be31010c65 StaticDependenciesID=ec5cead340a181f8e54fdb4d4e2ae888 
Number of updated asset objects reloaded before import = 0
Number of asset objects unloaded after import = 1
========================================================================
Received Import Request.
  Time of request: 2026-09-30T06:25:05.3897286Z
  Time since last request: 0.0005655 seconds.
  importAddress: GUID: b5136af6522ab3148bf8858a514b8495 - Path: Assets/Twinsanity/Baked/Beach/Material_271 2.mat - Importer: ScriptedImporter/UnityEditor.QuickSearchModule:UnityEditor.Search:ASIAI0B
Importing 'GUID: b5136af6522ab3148bf8858a514b8495 - Path: Assets/Twinsanity/Baked/Beach/Material_271 2.mat - Importer: ScriptedImporter/UnityEditor.QuickSearchModule:UnityEditor.Search:ASIAI0B' with importer (ScriptedImporter : UnityEditor.QuickSearchModule:UnityEditor.Search:ASIAI0B)
Imported 'GUID: b5136af6522ab3148bf8858a514b8495' -> (Import Result ID: 'c242a2c32c813252cd02d74ae98d6bdd') in 0.007 seconds [static and dynamic dependencies]. Details - ImportResultOutputID=7dda1689d79732a24385ad8780cc78f5 DependenciesID=43000b3968c8e932739e84dab64c9283 StaticDependenciesID=fd0a26b6d677060630d5f398fca4b48f 
Number of updated asset objects reloaded before import = 0
Number of asset objects unloaded after import = 2
========================================================================
Received Import Request.
  Time of request: 2026-09-30T06:25:05.3977002Z
  Time since last request: 0.0005861 seconds.
  importAddress: GUID: e3add91951ed16045a0c2e3669ce29e3 - Path: Assets/Twinsanity/Baked/Beach/Material_273 2.mat - Importer: ScriptedImporter/UnityEditor.QuickSearchModule:UnityEditor.Search:ASIAI0B
Importing 'GUID: e3add91951ed16045a0c2e3669ce29e3 - Path: Assets/Twinsanity/Baked/Beach/Material_273 2.mat - Importer: ScriptedImporter/UnityEditor.QuickSearchModule:UnityEditor.Search:ASIAI0B' with importer (ScriptedImporter : UnityEditor.QuickSearchModule:UnityEditor.Search:ASIAI0B)
Imported 'GUID: e3add91951ed16045a0c2e3669ce29e3' -> (Import Result ID: 'e4701e3b41a55bfd7294962fdf267a64') in 0.008 seconds [static and dynamic dependencies]. Details - ImportResultOutputID=5adf864ab139556edda30b4e6bd051d1 DependenciesID=607dd64fc405781c816fc1d3ea41d8f9 StaticDependenciesID=851c947da8b74ea804f33b97c59cef90 
Number of updated asset objects reloaded before import = 0
Number of asset objects unloaded after import = 2
========================================================================
Received Import Request.
  Time of request: 2026-09-30T06:25:05.4066902Z
  Time since last request: 0.0005519 seconds.
  importAddress: GUID: 24bfcff8a290daf4c9c4f0ad4ad05f07 - Path: Assets/Twinsanity/Baked/Beach/Huba_Scenery_Mesh_310 2.asset - Importer: ScriptedImporter/UnityEditor.QuickSearchModule:UnityEditor.Search:ASIAI0B
Importing 'GUID: 24bfcff8a290daf4c9c4f0ad4ad05f07 - Path: Assets/Twinsanity/Baked/Beach/Huba_Scenery_Mesh_310 2.asset - Importer: ScriptedImporter/UnityEditor.QuickSearchModule:UnityEditor.Search:ASIAI0B' with importer (ScriptedImporter : UnityEditor.QuickSearchModule:UnityEditor.Search:ASIAI0B)
Imported 'GUID: 24bfcff8a290daf4c9c4f0ad4ad05f07' -> (Import Result ID: 'fecc4ad8118ece88fc3550cba0c971ee') in 0.007 seconds [static and dynamic dependencies]. Details - ImportResultOutputID=728f6b0f74fc3b1af7250f479ef8ecc1 DependenciesID=7179aedfdf43e4d3fe57cb7e3a100519 StaticDependenciesID=ee77462ce6f24168e70a1344e07057c7 
Number of updated asset objects reloaded before import = 0
Number of asset objects unloaded after import = 1
========================================================================
Received Import Request.
  Time of request: 2026-09-30T06:25:05.4145071Z
  Time since last request: 0.000675 seconds.
  importAddress: GUID: 40b041eb6319cdb45ab6f48eaedd6575 - Path: Assets/Twinsanity/Baked/Beach/Material_276 2.mat - Importer: ScriptedImporter/UnityEditor.QuickSearchModule:UnityEditor.Search:ASIAI0B
Importing 'GUID: 40b041eb6319cdb45ab6f48eaedd6575 - Path: Assets/Twinsanity/Baked/Beach/Material_276 2.mat - Importer: ScriptedImporter/UnityEditor.QuickSearchModule:UnityEditor.Search:ASIAI0B' with importer (ScriptedImporter : UnityEditor.QuickSearchModule:UnityEditor.Search:ASIAI0B)
Imported 'GUID: 40b041eb6319cdb45ab6f48eaedd6575' -> (Import Result ID: '2335d40383c33f67b428c62c4e88d16c') in 0.009 seconds [static and dynamic dependencies]. Details - ImportResultOutputID=6dcb78617d9cbf2d94fb5efac620a26c DependenciesID=977af0c7486c59acf6d3b259e1c96134 StaticDependenciesID=633c959f276546fa9e50b61fc4580810 
Number of updated asset objects reloaded before import = 0
Number of asset objects unloaded after import = 2
========================================================================
Received Import Request.
  Time of request: 2026-09-30T06:25:05.424985Z
  Time since last request: 0.0006022 seconds.
  importAddress: GUID: c5069cf53ec45fb45ab26db33d92073b - Path: Assets/Twinsanity/Baked/Beach/Material_305 2.mat - Importer: ScriptedImporter/UnityEditor.QuickSearchModule:UnityEditor.Search:ASIAI0B
Importing 'GUID: c5069cf53ec45fb45ab26db33d92073b - Path: Assets/Twinsanity/Baked/Beach/Material_305 2.mat - Importer: ScriptedImporter/UnityEditor.QuickSearchModule:UnityEditor.Search:ASIAI0B' with importer (ScriptedImporter : UnityEditor.QuickSearchModule:UnityEditor.Search:ASIAI0B)
Imported 'GUID: c5069cf53ec45fb45ab26db33d92073b' -> (Import Result ID: '8d68a0252866beb4e986d83592785712') in 0.009 seconds [static and dynamic dependencies]. Details - ImportResultOutputID=4abc685e712c9f2aa1f4b585628e041e DependenciesID=6b664f4d96c62ad409a21f1c71be89c8 StaticDependenciesID=98ef5dbc7fdd4c6db0cbc27982f040e1 
Number of updated asset objects reloaded before import = 0
Number of asset objects unloaded after import = 2
========================================================================
Received Import Request.
  Time of request: 2026-09-30T06:25:05.4358951Z
  Time since last request: 0.0014018 seconds.
  importAddress: GUID: dddbdf2b8c75697428cc528cac26975b - Path: Assets/Twinsanity/Baked/Beach/Alwayson_Scenery_Mesh_251 2.asset - Importer: ScriptedImporter/UnityEditor.QuickSearchModule:UnityEditor.Search:ASIAI0B
Importing 'GUID: dddbdf2b8c75697428cc528cac26975b - Path: Assets/Twinsanity/Baked/Beach/Alwayson_Scenery_Mesh_251 2.asset - Importer: ScriptedImporter/UnityEditor.QuickSearchModule:UnityEditor.Search:ASIAI0B' with importer (ScriptedImporter : UnityEditor.QuickSearchModule:UnityEditor.Search:ASIAI0B)
Imported 'GUID: dddbdf2b8c75697428cc528cac26975b' -> (Import Result ID: '78029f8a6481fe39461959b61d2af335') in 0.009 seconds [static and dynamic dependencies]. Details - ImportResultOutputID=2edf5ce05821fc265b59178a8a4fdec2 DependenciesID=db8c7443fd884e8de75d21d8cfa8fa2b StaticDependenciesID=2c529f03df162b217453682c760df3d5 
Number of updated asset objects reloaded before import = 0
Number of asset objects unloaded after import = 1
========================================================================
Received Import Request.
  Time of request: 2026-09-30T06:25:05.4460218Z
  Time since last request: 0.0006215 seconds.
  importAddress: GUID: 723c1ade2be069149bca9ec5b2c0c831 - Path: Assets/Twinsanity/Baked/Beach/Material_252 2.mat - Importer: ScriptedImporter/UnityEditor.QuickSearchModule:UnityEditor.Search:ASIAI0B
Importing 'GUID: 723c1ade2be069149bca9ec5b2c0c831 - Path: Assets/Twinsanity/Baked/Beach/Material_252 2.mat - Importer: ScriptedImporter/UnityEditor.QuickSearchModule:UnityEditor.Search:ASIAI0B' with importer (ScriptedImporter : UnityEditor.QuickSearchModule:UnityEditor.Search:ASIAI0B)
Imported 'GUID: 723c1ade2be069149bca9ec5b2c0c831' -> (Import Result ID: '010d245f44f646db2c9fd7d0eb661374') in 0.010 seconds [static and dynamic dependencies]. Details - ImportResultOutputID=f46b6f2b2773e520e575bb0f7f15af30 DependenciesID=0eb210c70a196434fd3b6947d6758516 StaticDependenciesID=f0529adeb794fe38123fe01da534902a 
Number of updated asset objects reloaded before import = 0
Number of asset objects unloaded after import = 2
========================================================================
Received Import Request.
  Time of request: 2026-09-30T06:25:05.456989Z
  Time since last request: 0.0006656 seconds.
  importAddress: GUID: b45faa231ac0f1346a4a27aecde2e267 - Path: Assets/Twinsanity/Baked/Beach/Material_267 2.mat - Importer: ScriptedImporter/UnityEditor.QuickSearchModule:UnityEditor.Search:ASIAI0B
Importing 'GUID: b45faa231ac0f1346a4a27aecde2e267 - Path: Assets/Twinsanity/Baked/Beach/Material_267 2.mat - Importer: ScriptedImporter/UnityEditor.QuickSearchModule:UnityEditor.Search:ASIAI0B' with importer (ScriptedImporter : UnityEditor.QuickSearchModule:UnityEditor.Search:ASIAI0B)
Imported 'GUID: b45faa231ac0f1346a4a27aecde2e267' -> (Import Result ID: '0ed5a13a91995166cd7c8903cd15058e') in 0.009 seconds [static and dynamic dependencies]. Details - ImportResultOutputID=da578bb4925da054b51f7be09c646df9 DependenciesID=48906f5c858f768d59bc13946dbd347e StaticDependenciesID=3e4254e416271e68e10436e3c24b738b 
Number of updated asset objects reloaded before import = 0
Number of asset objects unloaded after import = 2
========================================================================
Received Import Request.
  Time of request: 2026-09-30T06:25:05.4673041Z
  Time since last request: 0.0006876 seconds.
  importAddress: GUID: 962649ac43802894abe1adbe4da004a2 - Path: Assets/Twinsanity/Baked/Beach/Huba_Scenery_Mesh_296 2.asset - Importer: ScriptedImporter/UnityEditor.QuickSearchModule:UnityEditor.Search:ASIAI0B
Importing 'GUID: 962649ac43802894abe1adbe4da004a2 - Path: Assets/Twinsanity/Baked/Beach/Huba_Scenery_Mesh_296 2.asset - Importer: ScriptedImporter/UnityEditor.QuickSearchModule:UnityEditor.Search:ASIAI0B' with importer (ScriptedImporter : UnityEditor.QuickSearchModule:UnityEditor.Search:ASIAI0B)
Imported 'GUID: 962649ac43802894abe1adbe4da004a2' -> (Import Result ID: '6f459d12d6d8976bd9638964b97f29bd') in 0.009 seconds [static and dynamic dependencies]. Details - ImportResultOutputID=3c13bbd6b627c4a407834e5023a457c1 DependenciesID=015c4742b851e7f5e56781e336273793 StaticDependenciesID=09d8ee40202b255e9950384dacc50519 
Number of updated asset objects reloaded before import = 0
Number of asset objects unloaded after import = 1
========================================================================
Received Import Request.
  Time of request: 2026-09-30T06:25:05.4773656Z
  Time since last request: 0.0005511 seconds.
  importAddress: GUID: 8eae6d6ab02492640b6cb9d5e7da476b - Path: Assets/Twinsanity/Baked/Beach/Huba_Scenery_Mesh_280 2.asset - Importer: ScriptedImporter/UnityEditor.QuickSearchModule:UnityEditor.Search:ASIAI0B
Importing 'GUID: 8eae6d6ab02492640b6cb9d5e7da476b - Path: Assets/Twinsanity/Baked/Beach/Huba_Scenery_Mesh_280 2.asset - Importer: ScriptedImporter/UnityEditor.QuickSearchModule:UnityEditor.Search:ASIAI0B' with importer (ScriptedImporter : UnityEditor.QuickSearchModule:UnityEditor.Search:ASIAI0B)
Imported 'GUID: 8eae6d6ab02492640b6cb9d5e7da476b' -> (Import Result ID: '0a35b06287b55b3d49a9487c9fb09ea6') in 0.006 seconds [static and dynamic dependencies]. Details - ImportResultOutputID=2e21ac1176e21a12332fd990b15e3299 DependenciesID=2cb0b8c472f7e4d5e0a84f270f6c576e StaticDependenciesID=0d20d122a41f557d47d7fed8a9cec32b 
Number of updated asset objects reloaded before import = 0
Number of asset objects unloaded after import = 1
========================================================================
Received Import Request.
  Time of request: 2026-09-30T06:25:05.4847589Z
  Time since last request: 0.0006663 seconds.
  importAddress: GUID: 7ea17a489d25d5442b50ad72693aa04d - Path: Assets/Twinsanity/Baked/Beach/Huba_Scenery_Mesh_285 2.asset - Importer: ScriptedImporter/UnityEditor.QuickSearchModule:UnityEditor.Search:ASIAI0B
Importing 'GUID: 7ea17a489d25d5442b50ad72693aa04d - Path: Assets/Twinsanity/Baked/Beach/Huba_Scenery_Mesh_285 2.asset - Importer: ScriptedImporter/UnityEditor.QuickSearchModule:UnityEditor.Search:ASIAI0B' with importer (ScriptedImporter : UnityEditor.QuickSearchModule:UnityEditor.Search:ASIAI0B)
Imported 'GUID: 7ea17a489d25d5442b50ad72693aa04d' -> (Import Result ID: '59fc4ffb69f8e7e66d0e536d92db143c') in 0.005 seconds [static and dynamic dependencies]. Details - ImportResultOutputID=073ccbb0c2a2b54d65ea7af00583e070 DependenciesID=b5587d4dcb831e6242cf722e33d3d823 StaticDependenciesID=479f43bd4a21304ca5d50fef9df9ac33 
Number of updated asset objects reloaded before import = 0
Number of asset objects unloaded after import = 1
========================================================================
Received Import Request.
  Time of request: 2026-09-30T06:25:05.4909952Z
  Time since last request: 0.00066 seconds.
  importAddress: GUID: 7514ebbdc073c0748a6edea40912f91c - Path: Assets/Twinsanity/Baked/Beach/Material_301 2.mat - Importer: ScriptedImporter/UnityEditor.QuickSearchModule:UnityEditor.Search:ASIAI0B
Importing 'GUID: 7514ebbdc073c0748a6edea40912f91c - Path: Assets/Twinsanity/Baked/Beach/Material_301 2.mat - Importer: ScriptedImporter/UnityEditor.QuickSearchModule:UnityEditor.Search:ASIAI0B' with importer (ScriptedImporter : UnityEditor.QuickSearchModule:UnityEditor.Search:ASIAI0B)
Imported 'GUID: 7514ebbdc073c0748a6edea40912f91c' -> (Import Result ID: 'cb12e8f26c208eefa2e9a52e4eef0c16') in 0.006 seconds [static and dynamic dependencies]. Details - ImportResultOutputID=c7d0f7693c2b5efdc69cb82ecafb01a8 DependenciesID=a2ee6382645a7a811801b4a3d615146a StaticDependenciesID=d341a313e45a90cab3a825f4261c09c8 
Number of updated asset objects reloaded before import = 0
Number of asset objects unloaded after import = 2
========================================================================
Received Import Request.
  Time of request: 2026-09-30T06:25:05.4984009Z
  Time since last request: 0.0004644 seconds.
  importAddress: GUID: d927643e652df9742a7b3dd18d98eaba - Path: Assets/Twinsanity/Baked/Beach/Huba_Scenery_Mesh_281 2.asset - Importer: ScriptedImporter/UnityEditor.QuickSearchModule:UnityEditor.Search:ASIAI0B
Importing 'GUID: d927643e652df9742a7b3dd18d98eaba - Path: Assets/Twinsanity/Baked/Beach/Huba_Scenery_Mesh_281 2.asset - Importer: ScriptedImporter/UnityEditor.QuickSearchModule:UnityEditor.Search:ASIAI0B' with importer (ScriptedImporter : UnityEditor.QuickSearchModule:UnityEditor.Search:ASIAI0B)
Imported 'GUID: d927643e652df9742a7b3dd18d98eaba' -> (Import Result ID: '3aad7eea349964ad26def71d20bbad55') in 0.008 seconds [static and dynamic dependencies]. Details - ImportResultOutputID=2872a2d08c0b829d11503fcdf14c09aa DependenciesID=4b01e7056a0e3927de41e69a02e9c174 StaticDependenciesID=ae0302ee293539e7642a3d95f0806e8b 
Number of updated asset objects reloaded before import = 0
Number of asset objects unloaded after import = 1
========================================================================
Received Import Request.
  Time of request: 2026-09-30T06:25:05.5072071Z
  Time since last request: 0.0006282 seconds.
  importAddress: GUID: 76a5c77aa9a0ce04db3517e1524ff730 - Path: Assets/Twinsanity/Baked/Beach/Material_286 2.mat - Importer: ScriptedImporter/UnityEditor.QuickSearchModule:UnityEditor.Search:ASIAI0B
Importing 'GUID: 76a5c77aa9a0ce04db3517e1524ff730 - Path: Assets/Twinsanity/Baked/Beach/Material_286 2.mat - Importer: ScriptedImporter/UnityEditor.QuickSearchModule:UnityEditor.Search:ASIAI0B' with importer (ScriptedImporter : UnityEditor.QuickSearchModule:UnityEditor.Search:ASIAI0B)
Imported 'GUID: 76a5c77aa9a0ce04db3517e1524ff730' -> (Import Result ID: '12827e9d0148c7c0971adf26a13bc8ea') in 0.006 seconds [static and dynamic dependencies]. Details - ImportResultOutputID=5c8b8a9aef3f5b3069fdae64c1ea31a0 DependenciesID=1d254190ca691e5d39f63f9ff2088790 StaticDependenciesID=1f63ba81dc156edae6c73f3bdfc05510 
Number of updated asset objects reloaded before import = 0
Number of asset objects unloaded after import = 2
========================================================================
Received Import Request.
  Time of request: 2026-09-30T06:25:05.5151559Z
  Time since last request: 0.000973 seconds.
  importAddress: GUID: 6d351cb340315e44e87db6de9376ebd3 - Path: Assets/Twinsanity/Baked/Beach/Material_313 2.mat - Importer: ScriptedImporter/UnityEditor.QuickSearchModule:UnityEditor.Search:ASIAI0B
Importing 'GUID: 6d351cb340315e44e87db6de9376ebd3 - Path: Assets/Twinsanity/Baked/Beach/Material_313 2.mat - Importer: ScriptedImporter/UnityEditor.QuickSearchModule:UnityEditor.Search:ASIAI0B' with importer (ScriptedImporter : UnityEditor.QuickSearchModule:UnityEditor.Search:ASIAI0B)
Imported 'GUID: 6d351cb340315e44e87db6de9376ebd3' -> (Import Result ID: 'f6ebe8e31eb1d264a9635e4fdb7f1a73') in 0.011 seconds [static and dynamic dependencies]. Details - ImportResultOutputID=150d7e1a9422ede8ab8c19fd1cf9a9ba DependenciesID=98378b82b95fbe45278a4d1123c776a0 StaticDependenciesID=bc60f9a903c2e44ad25cb8003ed27df5 
Number of updated asset objects reloaded before import = 0
Number of asset objects unloaded after import = 2
========================================================================
Received Import Request.
  Time of request: 2026-09-30T06:25:05.5276193Z
  Time since last request: 0.0002707 seconds.
  importAddress: GUID: b20b90d268d9144489a231e65a9fba35 - Path: Assets/Twinsanity/Baked/Beach/Alwayson_Scenery_Mesh_259 2.asset - Importer: ScriptedImporter/UnityEditor.QuickSearchModule:UnityEditor.Search:ASIAI0B
Importing 'GUID: b20b90d268d9144489a231e65a9fba35 - Path: Assets/Twinsanity/Baked/Beach/Alwayson_Scenery_Mesh_259 2.asset - Importer: ScriptedImporter/UnityEditor.QuickSearchModule:UnityEditor.Search:ASIAI0B' with importer (ScriptedImporter : UnityEditor.QuickSearchModule:UnityEditor.Search:ASIAI0B)
Imported 'GUID: b20b90d268d9144489a231e65a9fba35' -> (Import Result ID: '77df21f981ec56df8dd59e281fa6f828') in 0.008 seconds [static and dynamic dependencies]. Details - ImportResultOutputID=5f47ae1db91a19d7f3b42939bb5256cd DependenciesID=1e2b7efe6f617b02c21127c873ab3c30 StaticDependenciesID=0832452dcacd80510dfb295203dc5407 
Number of updated asset objects reloaded before import = 0
Number of asset objects unloaded after import = 1
========================================================================
Received Import Request.
  Time of request: 2026-09-30T06:25:05.5369515Z
  Time since last request: 0.0005553 seconds.
  importAddress: GUID: 41307e3e212888343b122cd077e9a214 - Path: Assets/Twinsanity/Baked/Beach/Material_309 2.mat - Importer: ScriptedImporter/UnityEditor.QuickSearchModule:UnityEditor.Search:ASIAI0B
Importing 'GUID: 41307e3e212888343b122cd077e9a214 - Path: Assets/Twinsanity/Baked/Beach/Material_309 2.mat - Importer: ScriptedImporter/UnityEditor.QuickSearchModule:UnityEditor.Search:ASIAI0B' with importer (ScriptedImporter : UnityEditor.QuickSearchModule:UnityEditor.Search:ASIAI0B)
Imported 'GUID: 41307e3e212888343b122cd077e9a214' -> (Import Result ID: '15012037e4e7fe6e8ec0aa8ef9026cf9') in 0.006 seconds [static and dynamic dependencies]. Details - ImportResultOutputID=acaf629e69ca24ebc33c1200b474561f DependenciesID=3a5cccc18855c6a1a0ba9925c88c1975 StaticDependenciesID=46deac91dc41a831d79f0149b526158b 
Number of updated asset objects reloaded before import = 0
Number of asset objects unloaded after import = 2
========================================================================
Received Import Request.
  Time of request: 2026-09-30T06:25:05.5443463Z
  Time since last request: 0.0005632 seconds.
  importAddress: GUID: 42fcc0ccf948e57418048d9801156d1a - Path: Assets/Twinsanity/Baked/Beach/Huba_Scenery_Mesh_304 2.asset - Importer: ScriptedImporter/UnityEditor.QuickSearchModule:UnityEditor.Search:ASIAI0B
Importing 'GUID: 42fcc0ccf948e57418048d9801156d1a - Path: Assets/Twinsanity/Baked/Beach/Huba_Scenery_Mesh_304 2.asset - Importer: ScriptedImporter/UnityEditor.QuickSearchModule:UnityEditor.Search:ASIAI0B' with importer (ScriptedImporter : UnityEditor.QuickSearchModule:UnityEditor.Search:ASIAI0B)
Imported 'GUID: 42fcc0ccf948e57418048d9801156d1a' -> (Import Result ID: '09fc2f1ef5d55351508171ded674b391') in 0.008 seconds [static and dynamic dependencies]. Details - ImportResultOutputID=362377a46a7165e6d601be3c47e30576 DependenciesID=cf0cd50315d1a0aa8f90b33e24a21b9f StaticDependenciesID=232409e91e8fd77da0918192ad55a60e 
Number of updated asset objects reloaded before import = 0
Number of asset objects unloaded after import = 1
========================================================================
Received Import Request.
  Time of request: 2026-09-30T06:25:05.5531845Z
  Time since last request: 0.0005933 seconds.
  importAddress: GUID: 96fa4bfe361cdf048a1273815e14e471 - Path: Assets/Twinsanity/Baked/Beach/Huba_Scenery_Mesh_289 2.asset - Importer: ScriptedImporter/UnityEditor.QuickSearchModule:UnityEditor.Search:ASIAI0B
Importing 'GUID: 96fa4bfe361cdf048a1273815e14e471 - Path: Assets/Twinsanity/Baked/Beach/Huba_Scenery_Mesh_289 2.asset - Importer: ScriptedImporter/UnityEditor.QuickSearchModule:UnityEditor.Search:ASIAI0B' with importer (ScriptedImporter : UnityEditor.QuickSearchModule:UnityEditor.Search:ASIAI0B)
Imported 'GUID: 96fa4bfe361cdf048a1273815e14e471' -> (Import Result ID: '3884b987b03cec2091103504e854f0f2') in 0.008 seconds [static and dynamic dependencies]. Details - ImportResultOutputID=660025b2413cdcb1ce8bb3731278e639 DependenciesID=e602247530c048b7e2f6fccd1532dda3 StaticDependenciesID=97b184efa055b2401706e5db472c6ec0 
Number of updated asset objects reloaded before import = 0
Number of asset objects unloaded after import = 1
========================================================================
Received Import Request.
  Time of request: 2026-09-30T06:25:05.5624932Z
  Time since last request: 0.0004885 seconds.
  importAddress: GUID: 04f410a8225bcd141bddbfa3f0787999 - Path: Assets/Twinsanity/Baked/Beach/Huba_Scenery_Mesh_274 2.asset - Importer: ScriptedImporter/UnityEditor.QuickSearchModule:UnityEditor.Search:ASIAI0B
Importing 'GUID: 04f410a8225bcd141bddbfa3f0787999 - Path: Assets/Twinsanity/Baked/Beach/Huba_Scenery_Mesh_274 2.asset - Importer: ScriptedImporter/UnityEditor.QuickSearchModule:UnityEditor.Search:ASIAI0B' with importer (ScriptedImporter : UnityEditor.QuickSearchModule:UnityEditor.Search:ASIAI0B)
Imported 'GUID: 04f410a8225bcd141bddbfa3f0787999' -> (Import Result ID: 'd29d7fdede8af3055b956a87b9d745e5') in 0.009 seconds [static and dynamic dependencies]. Details - ImportResultOutputID=84964f14b2f24be9fb3a648dae0deb19 DependenciesID=9ae78968dbe66099675ea69254325097 StaticDependenciesID=3b24564e1719f588bde9b6d80bd03a27 
Number of updated asset objects reloaded before import = 0
Number of asset objects unloaded after import = 1
========================================================================
Received Import Request.
  Time of request: 2026-09-30T06:25:05.5725454Z
  Time since last request: 0.0006226 seconds.
  importAddress: GUID: 703da5c444726ba45bcb7a6dfa9652a1 - Path: Assets/Twinsanity/Baked/Beach/Huba_Scenery_Mesh_291 2.asset - Importer: ScriptedImporter/UnityEditor.QuickSearchModule:UnityEditor.Search:ASIAI0B
Importing 'GUID: 703da5c444726ba45bcb7a6dfa9652a1 - Path: Assets/Twinsanity/Baked/Beach/Huba_Scenery_Mesh_291 2.asset - Importer: ScriptedImporter/UnityEditor.QuickSearchModule:UnityEditor.Search:ASIAI0B' with importer (ScriptedImporter : UnityEditor.QuickSearchModule:UnityEditor.Search:ASIAI0B)
Imported 'GUID: 703da5c444726ba45bcb7a6dfa9652a1' -> (Import Result ID: 'b9f716f19c14b091123b9f4eac0aca32') in 0.009 seconds [static and dynamic dependencies]. Details - ImportResultOutputID=7ae9846e97f47d5f2f133ad9e65674ec DependenciesID=56a1207ee6f54162541985f081b2824a StaticDependenciesID=5bfdad7728adbbb6805304de71d128e5 
Number of updated asset objects reloaded before import = 0
Number of asset objects unloaded after import = 1
========================================================================
Received Import Request.
  Time of request: 2026-09-30T06:25:05.582687Z
  Time since last request: 0.0006699 seconds.
  importAddress: GUID: 836fa3c7d0552c24382e2eaf1f8254da - Path: Assets/Twinsanity/Baked/Beach/Huba_Scenery_Mesh_270 2.asset - Importer: ScriptedImporter/UnityEditor.QuickSearchModule:UnityEditor.Search:ASIAI0B
Importing 'GUID: 836fa3c7d0552c24382e2eaf1f8254da - Path: Assets/Twinsanity/Baked/Beach/Huba_Scenery_Mesh_270 2.asset - Importer: ScriptedImporter/UnityEditor.QuickSearchModule:UnityEditor.Search:ASIAI0B' with importer (ScriptedImporter : UnityEditor.QuickSearchModule:UnityEditor.Search:ASIAI0B)
Imported 'GUID: 836fa3c7d0552c24382e2eaf1f8254da' -> (Import Result ID: '1a056665d55e4f5d4b44bc88b127b199') in 0.011 seconds [static and dynamic dependencies]. Details - ImportResultOutputID=c17bd4e2b92533f308dea2adf4a718c4 DependenciesID=203f561440bf4149e8eadee27df1d201 StaticDependenciesID=3c682c253a7cc4e22f49b5ca3d51cdac 
Number of updated asset objects reloaded before import = 0
Number of asset objects unloaded after import = 1
========================================================================
Received Import Request.
  Time of request: 2026-09-30T06:25:05.6089178Z
  Time since last request: 0.0146978 seconds.
  importAddress: GUID: e9c77ea933234434bb4db20fc286933e - Path: Assets/Twinsanity/Baked/Beach/Huba_Scenery_Mesh_360 2.asset - Importer: ScriptedImporter/UnityEditor.QuickSearchModule:UnityEditor.Search:ASIAI0B
Importing 'GUID: e9c77ea933234434bb4db20fc286933e - Path: Assets/Twinsanity/Baked/Beach/Huba_Scenery_Mesh_360 2.asset - Importer: ScriptedImporter/UnityEditor.QuickSearchModule:UnityEditor.Search:ASIAI0B' with importer (ScriptedImporter : UnityEditor.QuickSearchModule:UnityEditor.Search:ASIAI0B)
Imported 'GUID: e9c77ea933234434bb4db20fc286933e' -> (Import Result ID: '03fe075faa470627a0466db8c35f86c9') in 0.015 seconds [static and dynamic dependencies]. Details - ImportResultOutputID=39e555d04588aab86479815f81099408 DependenciesID=992d40277d46b4a15b71f5b37546761a StaticDependenciesID=4a90d0400d141e34865f2f1c22f78176 
Number of updated asset objects reloaded before import = 0
Number of asset objects unloaded after import = 1
========================================================================
Received Import Request.
  Time of request: 2026-09-30T06:25:05.6255182Z
  Time since last request: 0.0008843 seconds.
  importAddress: GUID: b503a8e58ca3f7d4b9e8bc18b90c65f2 - Path: Assets/Twinsanity/Baked/Beach/Huba_Scenery_Mesh_341 2.asset - Importer: ScriptedImporter/UnityEditor.QuickSearchModule:UnityEditor.Search:ASIAI0B
Importing 'GUID: b503a8e58ca3f7d4b9e8bc18b90c65f2 - Path: Assets/Twinsanity/Baked/Beach/Huba_Scenery_Mesh_341 2.asset - Importer: ScriptedImporter/UnityEditor.QuickSearchModule:UnityEditor.Search:ASIAI0B' with importer (ScriptedImporter : UnityEditor.QuickSearchModule:UnityEditor.Search:ASIAI0B)
Imported 'GUID: b503a8e58ca3f7d4b9e8bc18b90c65f2' -> (Import Result ID: '1c6510a02e9948909b19d6031407dbc1') in 0.006 seconds [static and dynamic dependencies]. Details - ImportResultOutputID=3b5c1413adcf026f2d7602ff23c528c4 DependenciesID=4f03429110a4277091d30d6180923922 StaticDependenciesID=49fe3b88b626943e778698ac6477fec5 
Number of updated asset objects reloaded before import = 0
Number of asset objects unloaded after import = 1
========================================================================
Received Import Request.
  Time of request: 2026-09-30T06:25:05.6324075Z
  Time since last request: 0.000511 seconds.
  importAddress: GUID: 69f04b50c9d19b04ead298ef855b5586 - Path: Assets/Twinsanity/Baked/Beach/Huba_Scenery_Mesh_364 2.asset - Importer: ScriptedImporter/UnityEditor.QuickSearchModule:UnityEditor.Search:ASIAI0B
Importing 'GUID: 69f04b50c9d19b04ead298ef855b5586 - Path: Assets/Twinsanity/Baked/Beach/Huba_Scenery_Mesh_364 2.asset - Importer: ScriptedImporter/UnityEditor.QuickSearchModule:UnityEditor.Search:ASIAI0B' with importer (ScriptedImporter : UnityEditor.QuickSearchModule:UnityEditor.Search:ASIAI0B)
Imported 'GUID: 69f04b50c9d19b04ead298ef855b5586' -> (Import Result ID: '22cecd240e1ae3b90e34d3fa1698b3ce') in 0.008 seconds [static and dynamic dependencies]. Details - ImportResultOutputID=e8102cdd718368db555d19b1cdcd7a77 DependenciesID=24c90a2d8075bd2493b33c6cd7476758 StaticDependenciesID=b9aaa4dbe5f840f20c9a3e37bb1b7f7a 
Number of updated asset objects reloaded before import = 0
Number of asset objects unloaded after import = 1
========================================================================
Received Import Request.
  Time of request: 2026-09-30T06:25:05.6417735Z
  Time since last request: 0.0007388 seconds.
  importAddress: GUID: 8f3774cfacad70549a6e9224f0bf0468 - Path: Assets/Twinsanity/Baked/Beach/Huba_Scenery_Mesh_358 2.asset - Importer: ScriptedImporter/UnityEditor.QuickSearchModule:UnityEditor.Search:ASIAI0B
Importing 'GUID: 8f3774cfacad70549a6e9224f0bf0468 - Path: Assets/Twinsanity/Baked/Beach/Huba_Scenery_Mesh_358 2.asset - Importer: ScriptedImporter/UnityEditor.QuickSearchModule:UnityEditor.Search:ASIAI0B' with importer (ScriptedImporter : UnityEditor.QuickSearchModule:UnityEditor.Search:ASIAI0B)
Imported 'GUID: 8f3774cfacad70549a6e9224f0bf0468' -> (Import Result ID: '9c0877efa011232484891a0824857da2') in 0.008 seconds [static and dynamic dependencies]. Details - ImportResultOutputID=232b34c807e696ad0c3f253b2cc3d6fd DependenciesID=b7dd1ea3775fe62a84777624f75c72b3 StaticDependenciesID=6eb344b43f3abbced0fe877ec650c1de 
Number of updated asset objects reloaded before import = 0
Number of asset objects unloaded after import = 1
========================================================================
Received Import Request.
  Time of request: 2026-09-30T06:25:05.6520453Z
  Time since last request: 0.0010223 seconds.
  importAddress: GUID: 75fda455e5dd7114095ada1500d4cca3 - Path: Assets/Twinsanity/Baked/Beach/Material_348 2.mat - Importer: ScriptedImporter/UnityEditor.QuickSearchModule:UnityEditor.Search:ASIAI0B
Importing 'GUID: 75fda455e5dd7114095ada1500d4cca3 - Path: Assets/Twinsanity/Baked/Beach/Material_348 2.mat - Importer: ScriptedImporter/UnityEditor.QuickSearchModule:UnityEditor.Search:ASIAI0B' with importer (ScriptedImporter : UnityEditor.QuickSearchModule:UnityEditor.Search:ASIAI0B)
Imported 'GUID: 75fda455e5dd7114095ada1500d4cca3' -> (Import Result ID: '3dae98d6888e3d018d5ad32b7786e156') in 0.008 seconds [static and dynamic dependencies]. Details - ImportResultOutputID=b0e8d11af81ce7e93813cc6c9ee19bf2 DependenciesID=bbcf4b4863a7736d306705eaae5b99c0 StaticDependenciesID=77733e4749d3dfde112214d5cf8d9634 
Number of updated asset objects reloaded before import = 0
Number of asset objects unloaded after import = 2
========================================================================
Received Import Request.
  Time of request: 2026-09-30T06:25:05.6610643Z
  Time since last request: 0.0004245 seconds.
  importAddress: GUID: fe159d7513ba2f242aff30f4bf9f6f21 - Path: Assets/Twinsanity/Baked/Beach/Material_342 2.mat - Importer: ScriptedImporter/UnityEditor.QuickSearchModule:UnityEditor.Search:ASIAI0B
Importing 'GUID: fe159d7513ba2f242aff30f4bf9f6f21 - Path: Assets/Twinsanity/Baked/Beach/Material_342 2.mat - Importer: ScriptedImporter/UnityEditor.QuickSearchModule:UnityEditor.Search:ASIAI0B' with importer (ScriptedImporter : UnityEditor.QuickSearchModule:UnityEditor.Search:ASIAI0B)
Imported 'GUID: fe159d7513ba2f242aff30f4bf9f6f21' -> (Import Result ID: 'c4c80449a928135aa40c65f7f3ff25b9') in 0.008 seconds [static and dynamic dependencies]. Details - ImportResultOutputID=e3924e4ffc06d19ada6e92d5d0fb6d2a DependenciesID=a2a7cd18836a4c0a33bcba7e469d1474 StaticDependenciesID=cb06f1dc522f999979ff0fb6dc79ecee 
Number of updated asset objects reloaded before import = 0
Number of asset objects unloaded after import = 2
========================================================================
Received Import Request.
  Time of request: 2026-09-30T06:25:05.6698482Z
  Time since last request: 0.0007768 seconds.
  importAddress: GUID: 5f766803cded36744bdee12d17c3eb96 - Path: Assets/Twinsanity/Baked/Beach/Material_326 2.mat - Importer: ScriptedImporter/UnityEditor.QuickSearchModule:UnityEditor.Search:ASIAI0B
Importing 'GUID: 5f766803cded36744bdee12d17c3eb96 - Path: Assets/Twinsanity/Baked/Beach/Material_326 2.mat - Importer: ScriptedImporter/UnityEditor.QuickSearchModule:UnityEditor.Search:ASIAI0B' with importer (ScriptedImporter : UnityEditor.QuickSearchModule:UnityEditor.Search:ASIAI0B)
Imported 'GUID: 5f766803cded36744bdee12d17c3eb96' -> (Import Result ID: '8af7dcc5ff994f57d24ffe985dbb5f6f') in 0.006 seconds [static and dynamic dependencies]. Details - ImportResultOutputID=12d35da8e3e5dd4fe9845632a84f6ea1 DependenciesID=02febe75a96f919f9198489f6c663ce5 StaticDependenciesID=1d4e39e49c85d1a96003d19c4f98fb5f 
Number of updated asset objects reloaded before import = 0
Number of asset objects unloaded after import = 2
========================================================================
Received Import Request.
  Time of request: 2026-09-30T06:25:05.6774018Z
  Time since last request: 0.0006449 seconds.
  importAddress: GUID: 3c84b2e2ae4e858498f507707fb573a7 - Path: Assets/Twinsanity/Baked/Beach/Huba_Scenery_Mesh_373 2.asset - Importer: ScriptedImporter/UnityEditor.QuickSearchModule:UnityEditor.Search:ASIAI0B
Importing 'GUID: 3c84b2e2ae4e858498f507707fb573a7 - Path: Assets/Twinsanity/Baked/Beach/Huba_Scenery_Mesh_373 2.asset - Importer: ScriptedImporter/UnityEditor.QuickSearchModule:UnityEditor.Search:ASIAI0B' with importer (ScriptedImporter : UnityEditor.QuickSearchModule:UnityEditor.Search:ASIAI0B)
Imported 'GUID: 3c84b2e2ae4e858498f507707fb573a7' -> (Import Result ID: '4f5d97ff27217991a5b0ba795c1d3f60') in 0.005 seconds [static and dynamic dependencies]. Details - ImportResultOutputID=b1c5f1d3229009f817350db6e3d9e79d DependenciesID=291c70370a34482eb65e027fbfb3780a StaticDependenciesID=006753ad68a6164cb6fcbf898499b97e 
Number of updated asset objects reloaded before import = 0
Number of asset objects unloaded after import = 1
========================================================================
Received Import Request.
  Time of request: 2026-09-30T06:25:05.682886Z
  Time since last request: 0.0005155 seconds.
  importAddress: GUID: 57107bc6b299f5a459aec7e3f09c4963 - Path: Assets/Twinsanity/Baked/Beach/Huba_Scenery_Mesh_350 2.asset - Importer: ScriptedImporter/UnityEditor.QuickSearchModule:UnityEditor.Search:ASIAI0B
Importing 'GUID: 57107bc6b299f5a459aec7e3f09c4963 - Path: Assets/Twinsanity/Baked/Beach/Huba_Scenery_Mesh_350 2.asset - Importer: ScriptedImporter/UnityEditor.QuickSearchModule:UnityEditor.Search:ASIAI0B' with importer (ScriptedImporter : UnityEditor.QuickSearchModule:UnityEditor.Search:ASIAI0B)
Imported 'GUID: 57107bc6b299f5a459aec7e3f09c4963' -> (Import Result ID: '03d3125dca47e339d3c8a890fcfaf8ea') in 0.007 seconds [static and dynamic dependencies]. Details - ImportResultOutputID=a67370ba908c10ebcd68416b67e23693 DependenciesID=d0674e5ad567708f8b8a28a68e213977 StaticDependenciesID=dee4daa8d6d3d39e8c78cf5b57757341 
Number of updated asset objects reloaded before import = 0
Number of asset objects unloaded after import = 1
========================================================================
Received Import Request.
  Time of request: 2026-09-30T06:25:05.6908192Z
  Time since last request: 0.0006392 seconds.
  importAddress: GUID: b424c270f4ec91640bc5c97c58369c53 - Path: Assets/Twinsanity/Baked/Beach/Material_363 2.mat - Importer: ScriptedImporter/UnityEditor.QuickSearchModule:UnityEditor.Search:ASIAI0B
Importing 'GUID: b424c270f4ec91640bc5c97c58369c53 - Path: Assets/Twinsanity/Baked/Beach/Material_363 2.mat - Importer: ScriptedImporter/UnityEditor.QuickSearchModule:UnityEditor.Search:ASIAI0B' with importer (ScriptedImporter : UnityEditor.QuickSearchModule:UnityEditor.Search:ASIAI0B)
Imported 'GUID: b424c270f4ec91640bc5c97c58369c53' -> (Import Result ID: '38d4f7d159875f399b2f2af2ee4b46d7') in 0.008 seconds [static and dynamic dependencies]. Details - ImportResultOutputID=a4d7e5858f03874b6201236756c377ea DependenciesID=70982270ba4ee9648c725123d96f89f2 StaticDependenciesID=54f83cdda81a6c1921e32be96c1a2076 
Number of updated asset objects reloaded before import = 0
Number of asset objects unloaded after import = 2
========================================================================
Received Import Request.
  Time of request: 2026-09-30T06:25:05.7000716Z
  Time since last request: 0.0006968 seconds.
  importAddress: GUID: f70854d0b2c871740994ae924b3d8a97 - Path: Assets/Twinsanity/Baked/Beach/Huba_Scenery_Mesh_349 2.asset - Importer: ScriptedImporter/UnityEditor.QuickSearchModule:UnityEditor.Search:ASIAI0B
Importing 'GUID: f70854d0b2c871740994ae924b3d8a97 - Path: Assets/Twinsanity/Baked/Beach/Huba_Scenery_Mesh_349 2.asset - Importer: ScriptedImporter/UnityEditor.QuickSearchModule:UnityEditor.Search:ASIAI0B' with importer (ScriptedImporter : UnityEditor.QuickSearchModule:UnityEditor.Search:ASIAI0B)
Imported 'GUID: f70854d0b2c871740994ae924b3d8a97' -> (Import Result ID: '26270e1bf63b34ec2c7aaf18c616592f') in 0.009 seconds [static and dynamic dependencies]. Details - ImportResultOutputID=a6adca7c0f5b0a3788b72fa8ef4ca46c DependenciesID=895bd40c4d23df0fdbd5069c0211cff1 StaticDependenciesID=ff3faf5f6219e429d52f4db0e599d250 
Number of updated asset objects reloaded before import = 0
Number of asset objects unloaded after import = 1
========================================================================
Received Import Request.
  Time of request: 2026-09-30T06:25:05.7098979Z
  Time since last request: 0.0004656 seconds.
  importAddress: GUID: fecbd3bfa1f349746870463f8ce55135 - Path: Assets/Twinsanity/Baked/Beach/Huba_Scenery_Mesh_371 2.asset - Importer: ScriptedImporter/UnityEditor.QuickSearchModule:UnityEditor.Search:ASIAI0B
Importing 'GUID: fecbd3bfa1f349746870463f8ce55135 - Path: Assets/Twinsanity/Baked/Beach/Huba_Scenery_Mesh_371 2.asset - Importer: ScriptedImporter/UnityEditor.QuickSearchModule:UnityEditor.Search:ASIAI0B' with importer (ScriptedImporter : UnityEditor.QuickSearchModule:UnityEditor.Search:ASIAI0B)
Imported 'GUID: fecbd3bfa1f349746870463f8ce55135' -> (Import Result ID: '7a7963ef7ccc6f6a7185d66035596245') in 0.006 seconds [static and dynamic dependencies]. Details - ImportResultOutputID=0902b094e73f7d980158447465b1fb90 DependenciesID=f0c6d00828c80e5565808719b6812f74 StaticDependenciesID=3ee16910110f715bbe8e50e9ebbe0770 
Number of updated asset objects reloaded before import = 0
Number of asset objects unloaded after import = 1
========================================================================
Received Import Request.
  Time of request: 2026-09-30T06:25:05.7172323Z
  Time since last request: 0.0006732 seconds.
  importAddress: GUID: 68809d999d8036d45b50fdf3cb2d08e0 - Path: Assets/Twinsanity/Baked/Beach/Huba_Scenery_Mesh_338 2.asset - Importer: ScriptedImporter/UnityEditor.QuickSearchModule:UnityEditor.Search:ASIAI0B
Importing 'GUID: 68809d999d8036d45b50fdf3cb2d08e0 - Path: Assets/Twinsanity/Baked/Beach/Huba_Scenery_Mesh_338 2.asset - Importer: ScriptedImporter/UnityEditor.QuickSearchModule:UnityEditor.Search:ASIAI0B' with importer (ScriptedImporter : UnityEditor.QuickSearchModule:UnityEditor.Search:ASIAI0B)
Imported 'GUID: 68809d999d8036d45b50fdf3cb2d08e0' -> (Import Result ID: '3f718541f44cbd8c30067424f11bf32b') in 0.006 seconds [static and dynamic dependencies]. Details - ImportResultOutputID=a4c2e0da9da3d9311f166e64b057e8aa DependenciesID=f68810af4b8ee1cf9a6da34bbd46b160 StaticDependenciesID=49c97b8207f796aefb399a8f98641b70 
Number of updated asset objects reloaded before import = 0
Number of asset objects unloaded after import = 1
========================================================================
Received Import Request.
  Time of request: 2026-09-30T06:25:05.7256058Z
  Time since last request: 0.0018494 seconds.
  importAddress: GUID: df7e39cbe006fcf488b7893da8435171 - Path: Assets/Twinsanity/Baked/Beach/Huba_Scenery_Mesh_370 2.asset - Importer: ScriptedImporter/UnityEditor.QuickSearchModule:UnityEditor.Search:ASIAI0B
Importing 'GUID: df7e39cbe006fcf488b7893da8435171 - Path: Assets/Twinsanity/Baked/Beach/Huba_Scenery_Mesh_370 2.asset - Importer: ScriptedImporter/UnityEditor.QuickSearchModule:UnityEditor.Search:ASIAI0B' with importer (ScriptedImporter : UnityEditor.QuickSearchModule:UnityEditor.Search:ASIAI0B)
Imported 'GUID: df7e39cbe006fcf488b7893da8435171' -> (Import Result ID: '538a6b74ada1873caca42b84c40ba99c') in 0.007 seconds [static and dynamic dependencies]. Details - ImportResultOutputID=854b09481fe7332f3788ba27e3bd9a6a DependenciesID=e1784b1cda4ad924f8f63a75f0933a93 StaticDependenciesID=eb00036dbb06aa1b88ec2056859b4d57 
Number of updated asset objects reloaded before import = 0
Number of asset objects unloaded after import = 1
========================================================================
Received Import Request.
  Time of request: 2026-09-30T06:25:05.7334102Z
  Time since last request: 0.0005275 seconds.
  importAddress: GUID: 21f2a025089b3864f90ff9ba5ecadc16 - Path: Assets/Twinsanity/Baked/Beach/Huba_Scenery_Mesh_319 2.asset - Importer: ScriptedImporter/UnityEditor.QuickSearchModule:UnityEditor.Search:ASIAI0B
Importing 'GUID: 21f2a025089b3864f90ff9ba5ecadc16 - Path: Assets/Twinsanity/Baked/Beach/Huba_Scenery_Mesh_319 2.asset - Importer: ScriptedImporter/UnityEditor.QuickSearchModule:UnityEditor.Search:ASIAI0B' with importer (ScriptedImporter : UnityEditor.QuickSearchModule:UnityEditor.Search:ASIAI0B)
Imported 'GUID: 21f2a025089b3864f90ff9ba5ecadc16' -> (Import Result ID: '6253da398fe46d32cce8b4dc283839f7') in 0.006 seconds [static and dynamic dependencies]. Details - ImportResultOutputID=bb263ff70dd5403229a274e9e04afb7a DependenciesID=aef5943b5d29994ef3713b0124cd0d67 StaticDependenciesID=1ab7833af2ae00ecf5c20a3abc85ec93 
Number of updated asset objects reloaded before import = 0
Number of asset objects unloaded after import = 1
========================================================================
Received Import Request.
  Time of request: 2026-09-30T06:25:05.7405164Z
  Time since last request: 0.0005238 seconds.
  importAddress: GUID: eec70e736355f6c408f733782007a904 - Path: Assets/Twinsanity/Baked/Beach/Huba_Scenery_Mesh_365 2.asset - Importer: ScriptedImporter/UnityEditor.QuickSearchModule:UnityEditor.Search:ASIAI0B
Importing 'GUID: eec70e736355f6c408f733782007a904 - Path: Assets/Twinsanity/Baked/Beach/Huba_Scenery_Mesh_365 2.asset - Importer: ScriptedImporter/UnityEditor.QuickSearchModule:UnityEditor.Search:ASIAI0B' with importer (ScriptedImporter : UnityEditor.QuickSearchModule:UnityEditor.Search:ASIAI0B)
Imported 'GUID: eec70e736355f6c408f733782007a904' -> (Import Result ID: 'eb1a82c04acee388d6109f44c3b8c392') in 0.004 seconds [static and dynamic dependencies]. Details - ImportResultOutputID=2df717b90b11fc1bace0cc50cca549a8 DependenciesID=c90b70f0f584a8d739dc62984fb4bdcc StaticDependenciesID=b24ea4da7931df03a904d4b65d9039e5 
Number of updated asset objects reloaded before import = 0
Number of asset objects unloaded after import = 1
========================================================================
Received Import Request.
  Time of request: 2026-09-30T06:25:05.7456133Z
  Time since last request: 0.0007665 seconds.
  importAddress: GUID: 9d0c53501e6a70646a21867f98d3dff6 - Path: Assets/Twinsanity/Baked/Beach/Huba_Scenery_Mesh_334 2.asset - Importer: ScriptedImporter/UnityEditor.QuickSearchModule:UnityEditor.Search:ASIAI0B
Importing 'GUID: 9d0c53501e6a70646a21867f98d3dff6 - Path: Assets/Twinsanity/Baked/Beach/Huba_Scenery_Mesh_334 2.asset - Importer: ScriptedImporter/UnityEditor.QuickSearchModule:UnityEditor.Search:ASIAI0B' with importer (ScriptedImporter : UnityEditor.QuickSearchModule:UnityEditor.Search:ASIAI0B)
Imported 'GUID: 9d0c53501e6a70646a21867f98d3dff6' -> (Import Result ID: '804bc7ba39e5cfa633fc8f8801e34e85') in 0.005 seconds [static and dynamic dependencies]. Details - ImportResultOutputID=4c3fcf01e34e24afbd5dd894aa4d1cdb DependenciesID=4a6d6a4e02d92b26cff2601bb5f696a7 StaticDependenciesID=4dc8062a9108374dac525db6e425a049 
Number of updated asset objects reloaded before import = 0
Number of asset objects unloaded after import = 1
========================================================================
Received Import Request.
  Time of request: 2026-09-30T06:25:05.7528361Z
  Time since last request: 0.0012065 seconds.
  importAddress: GUID: 985906ccb2797774bb60ef77ca036da7 - Path: Assets/Twinsanity/Baked/Beach/Huba_Scenery_Mesh_376 2.asset - Importer: ScriptedImporter/UnityEditor.QuickSearchModule:UnityEditor.Search:ASIAI0B
Importing 'GUID: 985906ccb2797774bb60ef77ca036da7 - Path: Assets/Twinsanity/Baked/Beach/Huba_Scenery_Mesh_376 2.asset - Importer: ScriptedImporter/UnityEditor.QuickSearchModule:UnityEditor.Search:ASIAI0B' with importer (ScriptedImporter : UnityEditor.QuickSearchModule:UnityEditor.Search:ASIAI0B)
Imported 'GUID: 985906ccb2797774bb60ef77ca036da7' -> (Import Result ID: '409fe2ef3bdf2fab3f310b7095caec18') in 0.006 seconds [static and dynamic dependencies]. Details - ImportResultOutputID=bd4f5301ba89ec32a9855e89d73f1de1 DependenciesID=1934fd94cdc80e39d92cb3bcee4a643b StaticDependenciesID=bae8211a8e9417953d35809f5c4bf608 
Number of updated asset objects reloaded before import = 0
Number of asset objects unloaded after import = 1
========================================================================
Received Import Request.
  Time of request: 2026-09-30T06:25:05.760055Z
  Time since last request: 0.0003393 seconds.
  importAddress: GUID: 2d2e45637031bbe42a13bff19fc21268 - Path: Assets/Twinsanity/Baked/Beach/Huba_Scenery_Mesh_328 2.asset - Importer: ScriptedImporter/UnityEditor.QuickSearchModule:UnityEditor.Search:ASIAI0B
Importing 'GUID: 2d2e45637031bbe42a13bff19fc21268 - Path: Assets/Twinsanity/Baked/Beach/Huba_Scenery_Mesh_328 2.asset - Importer: ScriptedImporter/UnityEditor.QuickSearchModule:UnityEditor.Search:ASIAI0B' with importer (ScriptedImporter : UnityEditor.QuickSearchModule:UnityEditor.Search:ASIAI0B)
Imported 'GUID: 2d2e45637031bbe42a13bff19fc21268' -> (Import Result ID: 'd0bf652ae7086653b5dfcce817e5ab6b') in 0.008 seconds [static and dynamic dependencies]. Details - ImportResultOutputID=d4e3d2ff175590b49dcaab99bfee4b98 DependenciesID=2042b58ec8e0a3a7c7e06a0d1a8dabd1 StaticDependenciesID=ab9fc4e61bcbe90047e3d9be7b3c057a 
Number of updated asset objects reloaded before import = 0
Number of asset objects unloaded after import = 1
========================================================================
Received Import Request.
  Time of request: 2026-09-30T06:25:05.7703054Z
  Time since last request: 0.0015008 seconds.
  importAddress: GUID: 57682724f0577564db89fbd6cca2488c - Path: Assets/Twinsanity/Baked/Beach/Huba_Scenery_Mesh_325 2.asset - Importer: ScriptedImporter/UnityEditor.QuickSearchModule:UnityEditor.Search:ASIAI0B
Importing 'GUID: 57682724f0577564db89fbd6cca2488c - Path: Assets/Twinsanity/Baked/Beach/Huba_Scenery_Mesh_325 2.asset - Importer: ScriptedImporter/UnityEditor.QuickSearchModule:UnityEditor.Search:ASIAI0B' with importer (ScriptedImporter : UnityEditor.QuickSearchModule:UnityEditor.Search:ASIAI0B)
Imported 'GUID: 57682724f0577564db89fbd6cca2488c' -> (Import Result ID: '901c1e06d48b0e8831f17c99bf0d1c23') in 0.013 seconds [static and dynamic dependencies]. Details - ImportResultOutputID=fe0c2fdcf9a4759003beb29da981f04f DependenciesID=034020f6120304e1cb7d67e4aa19d855 StaticDependenciesID=6012fa2a1cbbfe70fce1306e98d5198b 
Number of updated asset objects reloaded before import = 0
Number of asset objects unloaded after import = 1
========================================================================
Received Import Request.
  Time of request: 2026-09-30T06:25:05.7842997Z
  Time since last request: 0.0006526 seconds.
  importAddress: GUID: ee7f35f24d046b347bfa58b7b36d06e3 - Path: Assets/Twinsanity/Baked/Beach/Huba_Scenery_Mesh_336 2.asset - Importer: ScriptedImporter/UnityEditor.QuickSearchModule:UnityEditor.Search:ASIAI0B
Importing 'GUID: ee7f35f24d046b347bfa58b7b36d06e3 - Path: Assets/Twinsanity/Baked/Beach/Huba_Scenery_Mesh_336 2.asset - Importer: ScriptedImporter/UnityEditor.QuickSearchModule:UnityEditor.Search:ASIAI0B' with importer (ScriptedImporter : UnityEditor.QuickSearchModule:UnityEditor.Search:ASIAI0B)
Imported 'GUID: ee7f35f24d046b347bfa58b7b36d06e3' -> (Import Result ID: '492143252b9240ff3e172d6344516c83') in 0.005 seconds [static and dynamic dependencies]. Details - ImportResultOutputID=a222cdff6522529bcd03fe153fb4d629 DependenciesID=d9f1a62d2a28caab34d9a12105a4804b StaticDependenciesID=69e0e409c34c97781632e982d605936d 
Number of updated asset objects reloaded before import = 0
Number of asset objects unloaded after import = 1
========================================================================
Received Import Request.
  Time of request: 2026-09-30T06:25:05.7904905Z
  Time since last request: 0.0005015 seconds.
  importAddress: GUID: 71b8a2ca17c8d3444aaa403273a1a10c - Path: Assets/Twinsanity/Baked/Beach/Huba_Scenery_Mesh_347 2.asset - Importer: ScriptedImporter/UnityEditor.QuickSearchModule:UnityEditor.Search:ASIAI0B
Importing 'GUID: 71b8a2ca17c8d3444aaa403273a1a10c - Path: Assets/Twinsanity/Baked/Beach/Huba_Scenery_Mesh_347 2.asset - Importer: ScriptedImporter/UnityEditor.QuickSearchModule:UnityEditor.Search:ASIAI0B' with importer (ScriptedImporter : UnityEditor.QuickSearchModule:UnityEditor.Search:ASIAI0B)
Imported 'GUID: 71b8a2ca17c8d3444aaa403273a1a10c' -> (Import Result ID: 'e5a1c10f8773eeab69c3adebcdd0b1ca') in 0.005 seconds [static and dynamic dependencies]. Details - ImportResultOutputID=157b63efa9bb9d1edd8dd33212ec9bbc DependenciesID=acfaad070e3e36cc1f642aa71674c1ab StaticDependenciesID=196b9ac243cb6e88fb6c5bbbf1d632e4 
Number of updated asset objects reloaded before import = 0
Number of asset objects unloaded after import = 1
========================================================================
Received Import Request.
  Time of request: 2026-09-30T06:25:05.796497Z
  Time since last request: 0.0005489 seconds.
  importAddress: GUID: 578a20116e355a843b32692e46496099 - Path: Assets/Twinsanity/Baked/Beach/Material_320 2.mat - Importer: ScriptedImporter/UnityEditor.QuickSearchModule:UnityEditor.Search:ASIAI0B
Importing 'GUID: 578a20116e355a843b32692e46496099 - Path: Assets/Twinsanity/Baked/Beach/Material_320 2.mat - Importer: ScriptedImporter/UnityEditor.QuickSearchModule:UnityEditor.Search:ASIAI0B' with importer (ScriptedImporter : UnityEditor.QuickSearchModule:UnityEditor.Search:ASIAI0B)
Imported 'GUID: 578a20116e355a843b32692e46496099' -> (Import Result ID: '8c8f394a362938876b78daa86648297a') in 0.006 seconds [static and dynamic dependencies]. Details - ImportResultOutputID=c1f768fb77fb5f858a35e8784f499c40 DependenciesID=d82224d80a7cd6f678991cbb5847b341 StaticDependenciesID=ba852eeb7e4e4e5f12bc147d608847cc 
Number of updated asset objects reloaded before import = 0
Number of asset objects unloaded after import = 2
========================================================================
Received Import Request.
  Time of request: 2026-09-30T06:25:05.8031885Z
  Time since last request: 0.0003957 seconds.
  importAddress: GUID: 1a4343a14f487194591d7d829ec0feca - Path: Assets/Twinsanity/Baked/Beach/Material_366 2.mat - Importer: ScriptedImporter/UnityEditor.QuickSearchModule:UnityEditor.Search:ASIAI0B
Importing 'GUID: 1a4343a14f487194591d7d829ec0feca - Path: Assets/Twinsanity/Baked/Beach/Material_366 2.mat - Importer: ScriptedImporter/UnityEditor.QuickSearchModule:UnityEditor.Search:ASIAI0B' with importer (ScriptedImporter : UnityEditor.QuickSearchModule:UnityEditor.Search:ASIAI0B)
Imported 'GUID: 1a4343a14f487194591d7d829ec0feca' -> (Import Result ID: 'a3ef1ccda519b0322b6c00a264cfe9ae') in 0.007 seconds [static and dynamic dependencies]. Details - ImportResultOutputID=e30a1dfd251d210fb7efc1baa62aa0db DependenciesID=d72a4dab3201eceb2ad6bc95a08828a8 StaticDependenciesID=bebd4755e3778468eb94158ea4be2396 
Number of updated asset objects reloaded before import = 0
Number of asset objects unloaded after import = 2
========================================================================
Received Import Request.
  Time of request: 2026-09-30T06:25:05.8107181Z
  Time since last request: 0.0004934 seconds.
  importAddress: GUID: 2d33ff8448b6d294e993a3d6d5334a7f - Path: Assets/Twinsanity/Baked/Beach/Material_357 2.mat - Importer: ScriptedImporter/UnityEditor.QuickSearchModule:UnityEditor.Search:ASIAI0B
Importing 'GUID: 2d33ff8448b6d294e993a3d6d5334a7f - Path: Assets/Twinsanity/Baked/Beach/Material_357 2.mat - Importer: ScriptedImporter/UnityEditor.QuickSearchModule:UnityEditor.Search:ASIAI0B' with importer (ScriptedImporter : UnityEditor.QuickSearchModule:UnityEditor.Search:ASIAI0B)
Imported 'GUID: 2d33ff8448b6d294e993a3d6d5334a7f' -> (Import Result ID: '555b18e56dd2519e9196dab25006ea24') in 0.006 seconds [static and dynamic dependencies]. Details - ImportResultOutputID=1a6b6333c7f43ffe21427e3def29408e DependenciesID=f39609a365cffd71eca9d2cd7744dabe StaticDependenciesID=d8f3341222fcbfc2c694002db75cbf44 
Number of updated asset objects reloaded before import = 0
Number of asset objects unloaded after import = 2
========================================================================
Received Import Request.
  Time of request: 2026-09-30T06:25:05.818991Z
  Time since last request: 0.0005115 seconds.
  importAddress: GUID: d528460afd9c0d24392ac7e56d075629 - Path: Assets/Twinsanity/Baked/Beach/Material_322 2.mat - Importer: ScriptedImporter/UnityEditor.QuickSearchModule:UnityEditor.Search:ASIAI0B
Importing 'GUID: d528460afd9c0d24392ac7e56d075629 - Path: Assets/Twinsanity/Baked/Beach/Material_322 2.mat - Importer: ScriptedImporter/UnityEditor.QuickSearchModule:UnityEditor.Search:ASIAI0B' with importer (ScriptedImporter : UnityEditor.QuickSearchModule:UnityEditor.Search:ASIAI0B)
Imported 'GUID: d528460afd9c0d24392ac7e56d075629' -> (Import Result ID: '2480c8611b2f229b98c16ea6f1dfc68f') in 0.006 seconds [static and dynamic dependencies]. Details - ImportResultOutputID=aa6ca3ccc45623fff35cae0647c35e75 DependenciesID=887fe0001f96704d9bb90e71757f4182 StaticDependenciesID=7a8592bc4214163d8d515c24eb1a66f1 
Number of updated asset objects reloaded before import = 0
Number of asset objects unloaded after import = 2
========================================================================
Received Import Request.
  Time of request: 2026-09-30T06:25:05.8260163Z
  Time since last request: 0.0005242 seconds.
  importAddress: GUID: f9c85937be9631d45b6e1c98a45c06cc - Path: Assets/Twinsanity/Baked/Beach/Huba_Scenery_Mesh_343 2.asset - Importer: ScriptedImporter/UnityEditor.QuickSearchModule:UnityEditor.Search:ASIAI0B
Importing 'GUID: f9c85937be9631d45b6e1c98a45c06cc - Path: Assets/Twinsanity/Baked/Beach/Huba_Scenery_Mesh_343 2.asset - Importer: ScriptedImporter/UnityEditor.QuickSearchModule:UnityEditor.Search:ASIAI0B' with importer (ScriptedImporter : UnityEditor.QuickSearchModule:UnityEditor.Search:ASIAI0B)
Imported 'GUID: f9c85937be9631d45b6e1c98a45c06cc' -> (Import Result ID: '05a8dd9342e1602d0a60a5f7d7d253c4') in 0.007 seconds [static and dynamic dependencies]. Details - ImportResultOutputID=79aac83d7505ccfd50d2deae5ea5b9fb DependenciesID=7ba5f3c556aa09e9b9fc5a2902099a37 StaticDependenciesID=0f67cfd70a340449c2eb74aead0dacf7 
Number of updated asset objects reloaded before import = 0
Number of asset objects unloaded after import = 1
========================================================================
Received Import Request.
  Time of request: 2026-09-30T06:25:05.8338136Z
  Time since last request: 0.0006809 seconds.
  importAddress: GUID: 556c7e4bb0d25ac49a3700b6a56876da - Path: Assets/Twinsanity/Baked/Beach/Huba_Scenery_Mesh_356 2.asset - Importer: ScriptedImporter/UnityEditor.QuickSearchModule:UnityEditor.Search:ASIAI0B
Importing 'GUID: 556c7e4bb0d25ac49a3700b6a56876da - Path: Assets/Twinsanity/Baked/Beach/Huba_Scenery_Mesh_356 2.asset - Importer: ScriptedImporter/UnityEditor.QuickSearchModule:UnityEditor.Search:ASIAI0B' with importer (ScriptedImporter : UnityEditor.QuickSearchModule:UnityEditor.Search:ASIAI0B)
Imported 'GUID: 556c7e4bb0d25ac49a3700b6a56876da' -> (Import Result ID: '9a1ea7b7bb4555d82ff18d7a5a9945ed') in 0.007 seconds [static and dynamic dependencies]. Details - ImportResultOutputID=a4028aba29a7e0ca844b8e8633202923 DependenciesID=2ba9356c1997d21936ee7179920237ed StaticDependenciesID=87169a70ff968cce913f33f9cfc84fdd 
Number of updated asset objects reloaded before import = 0
Number of asset objects unloaded after import = 1
========================================================================
Received Import Request.
  Time of request: 2026-09-30T06:25:05.8419297Z
  Time since last request: 0.0007248 seconds.
  importAddress: GUID: 218e29aec115c924c9379bed39c912ce - Path: Assets/Twinsanity/Baked/Beach/Huba_Scenery_Mesh_368 2.asset - Importer: ScriptedImporter/UnityEditor.QuickSearchModule:UnityEditor.Search:ASIAI0B
Importing 'GUID: 218e29aec115c924c9379bed39c912ce - Path: Assets/Twinsanity/Baked/Beach/Huba_Scenery_Mesh_368 2.asset - Importer: ScriptedImporter/UnityEditor.QuickSearchModule:UnityEditor.Search:ASIAI0B' with importer (ScriptedImporter : UnityEditor.QuickSearchModule:UnityEditor.Search:ASIAI0B)
Imported 'GUID: 218e29aec115c924c9379bed39c912ce' -> (Import Result ID: '1edea9b95afa32dd2fbb1b9b67bee671') in 0.009 seconds [static and dynamic dependencies]. Details - ImportResultOutputID=89fd3aefe66d4ca053250ed1ef8455a4 DependenciesID=be0262bce2fa40e5e71ba2f95742c667 StaticDependenciesID=535add7240b42dd56f1edadbeb7c1554 
Number of updated asset objects reloaded before import = 0
Number of asset objects unloaded after import = 1
========================================================================
Received Import Request.
  Time of request: 2026-09-30T06:25:05.8521906Z
  Time since last request: 0.0004916 seconds.
  importAddress: GUID: 9bb5bdd14de05f24d916fe6b04fa5471 - Path: Assets/Twinsanity/Baked/Beach/Material_361 2.mat - Importer: ScriptedImporter/UnityEditor.QuickSearchModule:UnityEditor.Search:ASIAI0B
Importing 'GUID: 9bb5bdd14de05f24d916fe6b04fa5471 - Path: Assets/Twinsanity/Baked/Beach/Material_361 2.mat - Importer: ScriptedImporter/UnityEditor.QuickSearchModule:UnityEditor.Search:ASIAI0B' with importer (ScriptedImporter : UnityEditor.QuickSearchModule:UnityEditor.Search:ASIAI0B)
Imported 'GUID: 9bb5bdd14de05f24d916fe6b04fa5471' -> (Import Result ID: '49fe3557c04c9b7e2229f13184d83272') in 0.006 seconds [static and dynamic dependencies]. Details - ImportResultOutputID=f5e13c0ed6109ba837936948569740c4 DependenciesID=f279a2cc3f62b2accfbd99e673994a91 StaticDependenciesID=940609b62820b406d7068a40a809c900 
Number of updated asset objects reloaded before import = 0
Number of asset objects unloaded after import = 2
========================================================================
Received Import Request.
  Time of request: 2026-09-30T06:25:05.8589565Z
  Time since last request: 0.0004818 seconds.
  importAddress: GUID: 2d0b40d6602d76147b6ae403a981ffe8 - Path: Assets/Twinsanity/Baked/Beach/Huba_Scenery_Mesh_359 2.asset - Importer: ScriptedImporter/UnityEditor.QuickSearchModule:UnityEditor.Search:ASIAI0B
Importing 'GUID: 2d0b40d6602d76147b6ae403a981ffe8 - Path: Assets/Twinsanity/Baked/Beach/Huba_Scenery_Mesh_359 2.asset - Importer: ScriptedImporter/UnityEditor.QuickSearchModule:UnityEditor.Search:ASIAI0B' with importer (ScriptedImporter : UnityEditor.QuickSearchModule:UnityEditor.Search:ASIAI0B)
Imported 'GUID: 2d0b40d6602d76147b6ae403a981ffe8' -> (Import Result ID: '86ecb6d9ccd43c440baef2369f683a96') in 0.006 seconds [static and dynamic dependencies]. Details - ImportResultOutputID=3c35c85cf506218cfa356e46d4cec4b7 DependenciesID=8a43718d0a2647c7eedfabd1d12b819d StaticDependenciesID=c415a88425ce09a3310ca70746f68cb6 
Number of updated asset objects reloaded before import = 0
Number of asset objects unloaded after import = 1
========================================================================
Received Import Request.
  Time of request: 2026-09-30T06:25:05.8657679Z
  Time since last request: 0.000655 seconds.
  importAddress: GUID: 55a34dfb991acc846b9e6a6de60668e8 - Path: Assets/Twinsanity/Baked/Beach/Huba_Scenery_Mesh_352 2.asset - Importer: ScriptedImporter/UnityEditor.QuickSearchModule:UnityEditor.Search:ASIAI0B
Importing 'GUID: 55a34dfb991acc846b9e6a6de60668e8 - Path: Assets/Twinsanity/Baked/Beach/Huba_Scenery_Mesh_352 2.asset - Importer: ScriptedImporter/UnityEditor.QuickSearchModule:UnityEditor.Search:ASIAI0B' with importer (ScriptedImporter : UnityEditor.QuickSearchModule:UnityEditor.Search:ASIAI0B)
Imported 'GUID: 55a34dfb991acc846b9e6a6de60668e8' -> (Import Result ID: '9182a731d39b0b37b340ef5e14a765f2') in 0.012 seconds [static and dynamic dependencies]. Details - ImportResultOutputID=12dfe1acae8c643b2b80b5f786a09b6e DependenciesID=43a5d12a7d217055f5ce8b2c400bacc0 StaticDependenciesID=1b55ca9dcffd798ee51b32c0bcd14ffe 
Number of updated asset objects reloaded before import = 0
Number of asset objects unloaded after import = 1
========================================================================
Received Import Request.
  Time of request: 2026-09-30T06:25:05.8804218Z
  Time since last request: 0.0016743 seconds.
  importAddress: GUID: 756b3d6da2528ee4b9881088a8197348 - Path: Assets/Twinsanity/Baked/Beach/Material_329 2.mat - Importer: ScriptedImporter/UnityEditor.QuickSearchModule:UnityEditor.Search:ASIAI0B
Importing 'GUID: 756b3d6da2528ee4b9881088a8197348 - Path: Assets/Twinsanity/Baked/Beach/Material_329 2.mat - Importer: ScriptedImporter/UnityEditor.QuickSearchModule:UnityEditor.Search:ASIAI0B' with importer (ScriptedImporter : UnityEditor.QuickSearchModule:UnityEditor.Search:ASIAI0B)
Imported 'GUID: 756b3d6da2528ee4b9881088a8197348' -> (Import Result ID: '58e6f8e375c67e2fa17e2de907c41f46') in 0.010 seconds [static and dynamic dependencies]. Details - ImportResultOutputID=7d49b5d8f7748e766b264591b07ca536 DependenciesID=8d0398dc30aeabfbb7fbfe44ea29191c StaticDependenciesID=7feff0e50a2ae659e71b47668e4a7829 
Number of updated asset objects reloaded before import = 0
Number of asset objects unloaded after import = 2
========================================================================
Received Import Request.
  Time of request: 2026-09-30T06:25:05.9081057Z
  Time since last request: 0.0166991 seconds.
  importAddress: GUID: 87bf0f106caeb3e45929db50c40da5e5 - Path: Assets/Twinsanity/Baked/Beach/Huba_Scenery_Mesh_375 2.asset - Importer: ScriptedImporter/UnityEditor.QuickSearchModule:UnityEditor.Search:ASIAI0B
Importing 'GUID: 87bf0f106caeb3e45929db50c40da5e5 - Path: Assets/Twinsanity/Baked/Beach/Huba_Scenery_Mesh_375 2.asset - Importer: ScriptedImporter/UnityEditor.QuickSearchModule:UnityEditor.Search:ASIAI0B' with importer (ScriptedImporter : UnityEditor.QuickSearchModule:UnityEditor.Search:ASIAI0B)
Imported 'GUID: 87bf0f106caeb3e45929db50c40da5e5' -> (Import Result ID: 'fe2a1fbcddc28bed6eefbfd49d3d78fe') in 0.007 seconds [static and dynamic dependencies]. Details - ImportResultOutputID=a7fe948e40dc5e970db28c9f5660fd5c DependenciesID=d167428d3a301da05871a154d33d7389 StaticDependenciesID=dc12b60576a5f7351dd7be2986d20179 
Number of updated asset objects reloaded before import = 0
Number of asset objects unloaded after import = 1
========================================================================
Received Import Request.
  Time of request: 2026-09-30T06:25:05.916563Z
  Time since last request: 0.0006519 seconds.
  importAddress: GUID: ae0488f4861562b4ab88c6f30a50a69e - Path: Assets/Twinsanity/Baked/Beach/Huba_Scenery_Mesh_354 2.asset - Importer: ScriptedImporter/UnityEditor.QuickSearchModule:UnityEditor.Search:ASIAI0B
Importing 'GUID: ae0488f4861562b4ab88c6f30a50a69e - Path: Assets/Twinsanity/Baked/Beach/Huba_Scenery_Mesh_354 2.asset - Importer: ScriptedImporter/UnityEditor.QuickSearchModule:UnityEditor.Search:ASIAI0B' with importer (ScriptedImporter : UnityEditor.QuickSearchModule:UnityEditor.Search:ASIAI0B)
Imported 'GUID: ae0488f4861562b4ab88c6f30a50a69e' -> (Import Result ID: '96323497afa7240a661bfd7bf6e153b9') in 0.007 seconds [static and dynamic dependencies]. Details - ImportResultOutputID=3b340d7ec435c132c22a3e325d95c07d DependenciesID=635c3900dba528b763cae04d5481c489 StaticDependenciesID=5474e2ebc34252b9111884ec11660f1f 
Number of updated asset objects reloaded before import = 0
Number of asset objects unloaded after import = 1
========================================================================
Received Import Request.
  Time of request: 2026-09-30T06:25:05.9275175Z
  Time since last request: 0.0029326 seconds.
  importAddress: GUID: 9df1492e4cb719b4c8d8ce1be58cff9d - Path: Assets/Twinsanity/Baked/Beach/Material_351 2.mat - Importer: ScriptedImporter/UnityEditor.QuickSearchModule:UnityEditor.Search:ASIAI0B
Importing 'GUID: 9df1492e4cb719b4c8d8ce1be58cff9d - Path: Assets/Twinsanity/Baked/Beach/Material_351 2.mat - Importer: ScriptedImporter/UnityEditor.QuickSearchModule:UnityEditor.Search:ASIAI0B' with importer (ScriptedImporter : UnityEditor.QuickSearchModule:UnityEditor.Search:ASIAI0B)
Imported 'GUID: 9df1492e4cb719b4c8d8ce1be58cff9d' -> (Import Result ID: '56e5538775fdc0b7cc0aab1d13cf02bd') in 0.010 seconds [static and dynamic dependencies]. Details - ImportResultOutputID=8197a211a8e21956dfb347643c91fa8a DependenciesID=deace43dfc441f9a745e2dd56b809227 StaticDependenciesID=e489bb7bdfea81abb10077b92ff98ade 
Number of updated asset objects reloaded before import = 0
Number of asset objects unloaded after import = 2
========================================================================
Received Import Request.
  Time of request: 2026-09-30T06:25:05.9395074Z
  Time since last request: 0.0005961 seconds.
  importAddress: GUID: c08f135cb2106d740930953a61948f97 - Path: Assets/Twinsanity/Baked/Beach/Huba_Scenery_Mesh_314 2.asset - Importer: ScriptedImporter/UnityEditor.QuickSearchModule:UnityEditor.Search:ASIAI0B
Importing 'GUID: c08f135cb2106d740930953a61948f97 - Path: Assets/Twinsanity/Baked/Beach/Huba_Scenery_Mesh_314 2.asset - Importer: ScriptedImporter/UnityEditor.QuickSearchModule:UnityEditor.Search:ASIAI0B' with importer (ScriptedImporter : UnityEditor.QuickSearchModule:UnityEditor.Search:ASIAI0B)
Imported 'GUID: c08f135cb2106d740930953a61948f97' -> (Import Result ID: '3be74965ebc00280fd6cf781a48ccd6d') in 0.012 seconds [static and dynamic dependencies]. Details - ImportResultOutputID=42f4b5cb06372353056920176ba4ffe7 DependenciesID=8ac71c3946870a9f4c7269b2e9c9a2e3 StaticDependenciesID=cc3fc5affdae240374f30d420fa2cca1 
Number of updated asset objects reloaded before import = 0
Number of asset objects unloaded after import = 1
========================================================================
Received Import Request.
  Time of request: 2026-09-30T06:25:05.9527873Z
  Time since last request: 0.0007523 seconds.
  importAddress: GUID: 71c362ae5bb921b41a29a8808e430c11 - Path: Assets/Twinsanity/Baked/Beach/Huba_Scenery_Mesh_372 2.asset - Importer: ScriptedImporter/UnityEditor.QuickSearchModule:UnityEditor.Search:ASIAI0B
Importing 'GUID: 71c362ae5bb921b41a29a8808e430c11 - Path: Assets/Twinsanity/Baked/Beach/Huba_Scenery_Mesh_372 2.asset - Importer: ScriptedImporter/UnityEditor.QuickSearchModule:UnityEditor.Search:ASIAI0B' with importer (ScriptedImporter : UnityEditor.QuickSearchModule:UnityEditor.Search:ASIAI0B)
Imported 'GUID: 71c362ae5bb921b41a29a8808e430c11' -> (Import Result ID: '4da786f5fd45ef3d93b114d9ee8a68c5') in 0.008 seconds [static and dynamic dependencies]. Details - ImportResultOutputID=0308083351eb2face61a00bfda5355c9 DependenciesID=be6d4a3926c10a785a6ac7518d9079eb StaticDependenciesID=f96733d568d7a2391c1cee5f1b4a9de6 
Number of updated asset objects reloaded before import = 0
Number of asset objects unloaded after import = 1
========================================================================
Received Import Request.
  Time of request: 2026-09-30T06:25:05.9623358Z
  Time since last request: 0.0006546 seconds.
  importAddress: GUID: c7dbca15dcbf35f45925909048af8894 - Path: Assets/Twinsanity/Baked/Beach/Huba_Scenery_Mesh_337 2.asset - Importer: ScriptedImporter/UnityEditor.QuickSearchModule:UnityEditor.Search:ASIAI0B
Importing 'GUID: c7dbca15dcbf35f45925909048af8894 - Path: Assets/Twinsanity/Baked/Beach/Huba_Scenery_Mesh_337 2.asset - Importer: ScriptedImporter/UnityEditor.QuickSearchModule:UnityEditor.Search:ASIAI0B' with importer (ScriptedImporter : UnityEditor.QuickSearchModule:UnityEditor.Search:ASIAI0B)
Imported 'GUID: c7dbca15dcbf35f45925909048af8894' -> (Import Result ID: '2d65843cd02452444da67e8220a2eb33') in 0.005 seconds [static and dynamic dependencies]. Details - ImportResultOutputID=7a22293240404e9a0b6f8470c5c3160a DependenciesID=2bbc4f702255b0e730688b3119798381 StaticDependenciesID=1b7aca6983ba489b65845f7b3e9f4bac 
Number of updated asset objects reloaded before import = 0
Number of asset objects unloaded after import = 1
========================================================================
Received Import Request.
  Time of request: 2026-09-30T06:25:05.9689139Z
  Time since last request: 0.00067 seconds.
  importAddress: GUID: 3f0a50debbeb38f429e4695695459c21 - Path: Assets/Twinsanity/Baked/Beach/Huba_Scenery_Mesh_345 2.asset - Importer: ScriptedImporter/UnityEditor.QuickSearchModule:UnityEditor.Search:ASIAI0B
Importing 'GUID: 3f0a50debbeb38f429e4695695459c21 - Path: Assets/Twinsanity/Baked/Beach/Huba_Scenery_Mesh_345 2.asset - Importer: ScriptedImporter/UnityEditor.QuickSearchModule:UnityEditor.Search:ASIAI0B' with importer (ScriptedImporter : UnityEditor.QuickSearchModule:UnityEditor.Search:ASIAI0B)
Imported 'GUID: 3f0a50debbeb38f429e4695695459c21' -> (Import Result ID: 'd84c167d62ea0d6757693252ec737c17') in 0.012 seconds [static and dynamic dependencies]. Details - ImportResultOutputID=92b59402ff960e070bed96c8a6d08cd4 DependenciesID=396119deb1822dfe3ec649e876c8f3dd StaticDependenciesID=73e3136da2bf0f06d3fa2edbf0e09828 
Number of updated asset objects reloaded before import = 0
Number of asset objects unloaded after import = 1
========================================================================
Received Import Request.
  Time of request: 2026-09-30T06:25:05.9824909Z
  Time since last request: 0.0006984 seconds.
  importAddress: GUID: 304ecf18b59399d49a23db22002904b4 - Path: Assets/Twinsanity/Baked/Beach/Material_324 2.mat - Importer: ScriptedImporter/UnityEditor.QuickSearchModule:UnityEditor.Search:ASIAI0B
Importing 'GUID: 304ecf18b59399d49a23db22002904b4 - Path: Assets/Twinsanity/Baked/Beach/Material_324 2.mat - Importer: ScriptedImporter/UnityEditor.QuickSearchModule:UnityEditor.Search:ASIAI0B' with importer (ScriptedImporter : UnityEditor.QuickSearchModule:UnityEditor.Search:ASIAI0B)
Imported 'GUID: 304ecf18b59399d49a23db22002904b4' -> (Import Result ID: 'df9dc640b13cfcd33aba1219f67de64f') in 0.008 seconds [static and dynamic dependencies]. Details - ImportResultOutputID=ce43be027c130c56cbe3791c0d2d08d0 DependenciesID=75c7a3c61c237cf32f0755e173898b9b StaticDependenciesID=57be1cd7dc020e18b7ed499920215c8f 
Number of updated asset objects reloaded before import = 0
Number of asset objects unloaded after import = 2
========================================================================
Received Import Request.
  Time of request: 2026-09-30T06:25:05.9911631Z
  Time since last request: 0.0005689 seconds.
  importAddress: GUID: 63fb651465d22244dad4671423a24426 - Path: Assets/Twinsanity/Baked/Beach/Huba_Scenery_Mesh_327 2.asset - Importer: ScriptedImporter/UnityEditor.QuickSearchModule:UnityEditor.Search:ASIAI0B
Importing 'GUID: 63fb651465d22244dad4671423a24426 - Path: Assets/Twinsanity/Baked/Beach/Huba_Scenery_Mesh_327 2.asset - Importer: ScriptedImporter/UnityEditor.QuickSearchModule:UnityEditor.Search:ASIAI0B' with importer (ScriptedImporter : UnityEditor.QuickSearchModule:UnityEditor.Search:ASIAI0B)
Imported 'GUID: 63fb651465d22244dad4671423a24426' -> (Import Result ID: '3eac836148c7f8db7fcfbd4c4b10bf39') in 0.006 seconds [static and dynamic dependencies]. Details - ImportResultOutputID=c367e640fc514ac3a8e0f65dbf207b31 DependenciesID=ca482fba95ab5b6570f6076e72addb73 StaticDependenciesID=7ec9fd8bd14ef771db5d970321ca11f1 
Number of updated asset objects reloaded before import = 0
Number of asset objects unloaded after import = 1
========================================================================
Received Import Request.
  Time of request: 2026-09-30T06:25:05.9976734Z
  Time since last request: 0.0005372 seconds.
  importAddress: GUID: 4ec72878186dbe54799a6bf67a0288be - Path: Assets/Twinsanity/Baked/Beach/Material_344 2.mat - Importer: ScriptedImporter/UnityEditor.QuickSearchModule:UnityEditor.Search:ASIAI0B
Importing 'GUID: 4ec72878186dbe54799a6bf67a0288be - Path: Assets/Twinsanity/Baked/Beach/Material_344 2.mat - Importer: ScriptedImporter/UnityEditor.QuickSearchModule:UnityEditor.Search:ASIAI0B' with importer (ScriptedImporter : UnityEditor.QuickSearchModule:UnityEditor.Search:ASIAI0B)
Imported 'GUID: 4ec72878186dbe54799a6bf67a0288be' -> (Import Result ID: 'fc427e57529c71e5cc798742bbe2a438') in 0.008 seconds [static and dynamic dependencies]. Details - ImportResultOutputID=73e3cb25e3eb09060fb6edc67586f384 DependenciesID=128efdf22a7838832529da431fbfa8bf StaticDependenciesID=a1ba2d1d6c85d7c40ec11302ca6eeeed 
Number of updated asset objects reloaded before import = 0
Number of asset objects unloaded after import = 2
========================================================================
Received Import Request.
  Time of request: 2026-09-30T06:25:06.0066715Z
  Time since last request: 0.0004913 seconds.
  importAddress: GUID: 3b09d39abb2cf114da56077c3ef62350 - Path: Assets/Twinsanity/Baked/Beach/Huba_Scenery_Mesh_330 2.asset - Importer: ScriptedImporter/UnityEditor.QuickSearchModule:UnityEditor.Search:ASIAI0B
Importing 'GUID: 3b09d39abb2cf114da56077c3ef62350 - Path: Assets/Twinsanity/Baked/Beach/Huba_Scenery_Mesh_330 2.asset - Importer: ScriptedImporter/UnityEditor.QuickSearchModule:UnityEditor.Search:ASIAI0B' with importer (ScriptedImporter : UnityEditor.QuickSearchModule:UnityEditor.Search:ASIAI0B)
Imported 'GUID: 3b09d39abb2cf114da56077c3ef62350' -> (Import Result ID: 'abdf744419f1bf3d7fa4fc74be210da8') in 0.006 seconds [static and dynamic dependencies]. Details - ImportResultOutputID=6e91f84e7ff37d2b4cbf7fb5662ecc04 DependenciesID=ca4837b0c5c27f1e4a519555c1ea1948 StaticDependenciesID=b2ebbb9d4fd3f183bb97c81129261018 
Number of updated asset objects reloaded before import = 0
Number of asset objects unloaded after import = 1
========================================================================
Received Import Request.
  Time of request: 2026-09-30T06:25:06.0135796Z
  Time since last request: 0.0004987 seconds.
  importAddress: GUID: 8dfe4132a4c32d34fa1ddf2f4937d005 - Path: Assets/Twinsanity/Baked/Beach/Huba_Scenery_Mesh_332 2.asset - Importer: ScriptedImporter/UnityEditor.QuickSearchModule:UnityEditor.Search:ASIAI0B
Importing 'GUID: 8dfe4132a4c32d34fa1ddf2f4937d005 - Path: Assets/Twinsanity/Baked/Beach/Huba_Scenery_Mesh_332 2.asset - Importer: ScriptedImporter/UnityEditor.QuickSearchModule:UnityEditor.Search:ASIAI0B' with importer (ScriptedImporter : UnityEditor.QuickSearchModule:UnityEditor.Search:ASIAI0B)
Imported 'GUID: 8dfe4132a4c32d34fa1ddf2f4937d005' -> (Import Result ID: 'e23ceda91bb0b3bda489077c454e3b6f') in 0.006 seconds [static and dynamic dependencies]. Details - ImportResultOutputID=9cd923a4b731fb2f5c5f21137ef5218f DependenciesID=f49c48feb397d1aac8240b09b67a904e StaticDependenciesID=4e8f9a9f79c7fac274dab5f086fd5567 
Number of updated asset objects reloaded before import = 0
Number of asset objects unloaded after import = 1
========================================================================
Received Import Request.
  Time of request: 2026-09-30T06:25:06.0211231Z
  Time since last request: 0.0013877 seconds.
  importAddress: GUID: 6cd07ef8a1815944893021031b04747b - Path: Assets/Twinsanity/Baked/Beach/Material_317 2.mat - Importer: ScriptedImporter/UnityEditor.QuickSearchModule:UnityEditor.Search:ASIAI0B
Importing 'GUID: 6cd07ef8a1815944893021031b04747b - Path: Assets/Twinsanity/Baked/Beach/Material_317 2.mat - Importer: ScriptedImporter/UnityEditor.QuickSearchModule:UnityEditor.Search:ASIAI0B' with importer (ScriptedImporter : UnityEditor.QuickSearchModule:UnityEditor.Search:ASIAI0B)
Imported 'GUID: 6cd07ef8a1815944893021031b04747b' -> (Import Result ID: 'ec5b43d16d69b9a786253c432224f907') in 0.006 seconds [static and dynamic dependencies]. Details - ImportResultOutputID=316cb4c000bf86b2c873c819d673b2a0 DependenciesID=5fa21b7482949141d4796a1cbfbf2501 StaticDependenciesID=7e2bd6b35a50ec24a7336fa82b4e7333 
Number of updated asset objects reloaded before import = 0
Number of asset objects unloaded after import = 2
========================================================================
Received Import Request.
  Time of request: 2026-09-30T06:25:06.0284328Z
  Time since last request: 0.0005191 seconds.
  importAddress: GUID: 6fb88874c95a30f4ab21e1efb6be7a39 - Path: Assets/Twinsanity/Baked/Beach/Material_333 2.mat - Importer: ScriptedImporter/UnityEditor.QuickSearchModule:UnityEditor.Search:ASIAI0B
Importing 'GUID: 6fb88874c95a30f4ab21e1efb6be7a39 - Path: Assets/Twinsanity/Baked/Beach/Material_333 2.mat - Importer: ScriptedImporter/UnityEditor.QuickSearchModule:UnityEditor.Search:ASIAI0B' with importer (ScriptedImporter : UnityEditor.QuickSearchModule:UnityEditor.Search:ASIAI0B)
Imported 'GUID: 6fb88874c95a30f4ab21e1efb6be7a39' -> (Import Result ID: '13f0e65098ffe45521436751de043d61') in 0.011 seconds [static and dynamic dependencies]. Details - ImportResultOutputID=7374b794f3b6d4b05a6f7ce861374041 DependenciesID=05393c2c5f8a334ea36403200ad6d5fa StaticDependenciesID=696bc29daed67504edddf3cec4092627 
Number of updated asset objects reloaded before import = 0
Number of asset objects unloaded after import = 2
========================================================================
Received Import Request.
  Time of request: 2026-09-30T06:25:06.041629Z
  Time since last request: 0.0001451 seconds.
  importAddress: GUID: 754e6dde5193d4646baf5ee7c4aa8aab - Path: Assets/Twinsanity/Baked/Beach/Material_353 2.mat - Importer: ScriptedImporter/UnityEditor.QuickSearchModule:UnityEditor.Search:ASIAI0B
Importing 'GUID: 754e6dde5193d4646baf5ee7c4aa8aab - Path: Assets/Twinsanity/Baked/Beach/Material_353 2.mat - Importer: ScriptedImporter/UnityEditor.QuickSearchModule:UnityEditor.Search:ASIAI0B' with importer (ScriptedImporter : UnityEditor.QuickSearchModule:UnityEditor.Search:ASIAI0B)
Imported 'GUID: 754e6dde5193d4646baf5ee7c4aa8aab' -> (Import Result ID: '401c34138e791e9f7502da0ce165cfcf') in 0.007 seconds [static and dynamic dependencies]. Details - ImportResultOutputID=8a260492169b1b1e0f42232519aa53e9 DependenciesID=22db44f4e07551a1f695655b6f1a52ab StaticDependenciesID=7024298a0dba52437d0270e8f051d6c9 
Number of updated asset objects reloaded before import = 0
Number of asset objects unloaded after import = 2
========================================================================
Received Import Request.
  Time of request: 2026-09-30T06:25:06.0499934Z
  Time since last request: 0.0009644 seconds.
  importAddress: GUID: 2f680ae1bb732804bb123cc11fecdf5b - Path: Assets/Twinsanity/Baked/Beach/Huba_Scenery_Mesh_362 2.asset - Importer: ScriptedImporter/UnityEditor.QuickSearchModule:UnityEditor.Search:ASIAI0B
Importing 'GUID: 2f680ae1bb732804bb123cc11fecdf5b - Path: Assets/Twinsanity/Baked/Beach/Huba_Scenery_Mesh_362 2.asset - Importer: ScriptedImporter/UnityEditor.QuickSearchModule:UnityEditor.Search:ASIAI0B' with importer (ScriptedImporter : UnityEditor.QuickSearchModule:UnityEditor.Search:ASIAI0B)
Imported 'GUID: 2f680ae1bb732804bb123cc11fecdf5b' -> (Import Result ID: 'e5947ba4d37b1551f048e902d554e315') in 0.008 seconds [static and dynamic dependencies]. Details - ImportResultOutputID=c8eec47519fc12acbd6aa169171d5dc8 DependenciesID=81dd59eb8b5f2b5d76991823761153fb StaticDependenciesID=e7e933026dcb7bd4dea70267bc0d0c18 
Number of updated asset objects reloaded before import = 0
Number of asset objects unloaded after import = 1
========================================================================
Received Import Request.
  Time of request: 2026-09-30T06:25:06.0612853Z
  Time since last request: 0.0022372 seconds.
  importAddress: GUID: fa2cf656dd5c922428b152c997531e8c - Path: Assets/Twinsanity/Baked/Beach/Huba_Scenery_Mesh_374 2.asset - Importer: ScriptedImporter/UnityEditor.QuickSearchModule:UnityEditor.Search:ASIAI0B
Importing 'GUID: fa2cf656dd5c922428b152c997531e8c - Path: Assets/Twinsanity/Baked/Beach/Huba_Scenery_Mesh_374 2.asset - Importer: ScriptedImporter/UnityEditor.QuickSearchModule:UnityEditor.Search:ASIAI0B' with importer (ScriptedImporter : UnityEditor.QuickSearchModule:UnityEditor.Search:ASIAI0B)
Imported 'GUID: fa2cf656dd5c922428b152c997531e8c' -> (Import Result ID: 'dd756594d83430bb8a0affcaeebf061e') in 0.007 seconds [static and dynamic dependencies]. Details - ImportResultOutputID=d01b61d63782be325a20fc6342f324c7 DependenciesID=d83158d58dd17bb689b6d65ac9ea98ce StaticDependenciesID=a8b4115994e4170fc2fb00a43ab170df 
Number of updated asset objects reloaded before import = 0
Number of asset objects unloaded after import = 1
========================================================================
Received Import Request.
  Time of request: 2026-09-30T06:25:06.070736Z
  Time since last request: 0.0000714 seconds.
  importAddress: GUID: 865197a1430e43349a745cc6c13e51e8 - Path: Assets/Twinsanity/Baked/Beach/Huba_Scenery_Mesh_377 2.asset - Importer: ScriptedImporter/UnityEditor.QuickSearchModule:UnityEditor.Search:ASIAI0B
Importing 'GUID: 865197a1430e43349a745cc6c13e51e8 - Path: Assets/Twinsanity/Baked/Beach/Huba_Scenery_Mesh_377 2.asset - Importer: ScriptedImporter/UnityEditor.QuickSearchModule:UnityEditor.Search:ASIAI0B' with importer (ScriptedImporter : UnityEditor.QuickSearchModule:UnityEditor.Search:ASIAI0B)
Imported 'GUID: 865197a1430e43349a745cc6c13e51e8' -> (Import Result ID: '9b4d7ac49b3c025b8e4e530745c014f3') in 0.006 seconds [static and dynamic dependencies]. Details - ImportResultOutputID=678a4fb1ef0862714a61c061ed579325 DependenciesID=086397158d6e8d5e00c8a1c6be4c169d StaticDependenciesID=3630814a9059515c2099619be0051605 
Number of updated asset objects reloaded before import = 0
Number of asset objects unloaded after import = 1
========================================================================
Received Import Request.
  Time of request: 2026-09-30T06:25:06.07781Z
  Time since last request: 0.0005104 seconds.
  importAddress: GUID: 62ab476b8c73e4041b4bc8785132cd96 - Path: Assets/Twinsanity/Baked/Beach/Material_340 2.mat - Importer: ScriptedImporter/UnityEditor.QuickSearchModule:UnityEditor.Search:ASIAI0B
Importing 'GUID: 62ab476b8c73e4041b4bc8785132cd96 - Path: Assets/Twinsanity/Baked/Beach/Material_340 2.mat - Importer: ScriptedImporter/UnityEditor.QuickSearchModule:UnityEditor.Search:ASIAI0B' with importer (ScriptedImporter : UnityEditor.QuickSearchModule:UnityEditor.Search:ASIAI0B)
Imported 'GUID: 62ab476b8c73e4041b4bc8785132cd96' -> (Import Result ID: 'a27ec9157687ddfc85649672f8885aa6') in 0.007 seconds [static and dynamic dependencies]. Details - ImportResultOutputID=bd0d14d396e795f1d7837754e741d0ed DependenciesID=8638d603a1eb697ec248c4921155d68a StaticDependenciesID=60134e8c558e4c6ca5c8ecc77c4752f5 
Number of updated asset objects reloaded before import = 0
Number of asset objects unloaded after import = 2
========================================================================
Received Import Request.
  Time of request: 2026-09-30T06:25:06.0858975Z
  Time since last request: 0.0006513 seconds.
  importAddress: GUID: 699ef692be0dc764f8696ee9b92128ca - Path: Assets/Twinsanity/Baked/Beach/Huba_Scenery_Mesh_318 2.asset - Importer: ScriptedImporter/UnityEditor.QuickSearchModule:UnityEditor.Search:ASIAI0B
Importing 'GUID: 699ef692be0dc764f8696ee9b92128ca - Path: Assets/Twinsanity/Baked/Beach/Huba_Scenery_Mesh_318 2.asset - Importer: ScriptedImporter/UnityEditor.QuickSearchModule:UnityEditor.Search:ASIAI0B' with importer (ScriptedImporter : UnityEditor.QuickSearchModule:UnityEditor.Search:ASIAI0B)
Imported 'GUID: 699ef692be0dc764f8696ee9b92128ca' -> (Import Result ID: '5582db0aa9c09a76ce99997444f30b71') in 0.007 seconds [static and dynamic dependencies]. Details - ImportResultOutputID=1d555fbf0d4f6e66c586775ed6b010e8 DependenciesID=db1f30850df7ce7064bf949a3e50eca5 StaticDependenciesID=8f5562d7f6a68671c4957a36eef16091 
Number of updated asset objects reloaded before import = 0
Number of asset objects unloaded after import = 1
========================================================================
Received Import Request.
  Time of request: 2026-09-30T06:25:06.0942529Z
  Time since last request: 0.0006024 seconds.
  importAddress: GUID: 5a70d02f305053a40a608a9ee57b064d - Path: Assets/Twinsanity/Baked/Beach/Huba_Scenery_Mesh_316 2.asset - Importer: ScriptedImporter/UnityEditor.QuickSearchModule:UnityEditor.Search:ASIAI0B
Importing 'GUID: 5a70d02f305053a40a608a9ee57b064d - Path: Assets/Twinsanity/Baked/Beach/Huba_Scenery_Mesh_316 2.asset - Importer: ScriptedImporter/UnityEditor.QuickSearchModule:UnityEditor.Search:ASIAI0B' with importer (ScriptedImporter : UnityEditor.QuickSearchModule:UnityEditor.Search:ASIAI0B)
Imported 'GUID: 5a70d02f305053a40a608a9ee57b064d' -> (Import Result ID: 'a020017f3a43e1d6eff80d89ee06212b') in 0.008 seconds [static and dynamic dependencies]. Details - ImportResultOutputID=04a54056999f65fcca7de5ea4e652d3d DependenciesID=62559e8c723c9a54c7ae5799299cb6b5 StaticDependenciesID=671ee59a0c885ea7451d54ff7701a340 
Number of updated asset objects reloaded before import = 0
Number of asset objects unloaded after import = 1
========================================================================
Received Import Request.
  Time of request: 2026-09-30T06:25:06.1031519Z
  Time since last request: 0.000541 seconds.
  importAddress: GUID: 23f37530fb4b740429ea2f9b9e10acc0 - Path: Assets/Twinsanity/Baked/Beach/Material_346 2.mat - Importer: ScriptedImporter/UnityEditor.QuickSearchModule:UnityEditor.Search:ASIAI0B
Importing 'GUID: 23f37530fb4b740429ea2f9b9e10acc0 - Path: Assets/Twinsanity/Baked/Beach/Material_346 2.mat - Importer: ScriptedImporter/UnityEditor.QuickSearchModule:UnityEditor.Search:ASIAI0B' with importer (ScriptedImporter : UnityEditor.QuickSearchModule:UnityEditor.Search:ASIAI0B)
Imported 'GUID: 23f37530fb4b740429ea2f9b9e10acc0' -> (Import Result ID: 'f22a1e96c28137ada5086a4ea61ae77f') in 0.009 seconds [static and dynamic dependencies]. Details - ImportResultOutputID=6ee9b15dfdedf50c2d82ed0cf6b965ab DependenciesID=89dbf4b9692b6720824909f380f75dcf StaticDependenciesID=4871941361d8e80ba2be5aceb9d7d115 
Number of updated asset objects reloaded before import = 0
Number of asset objects unloaded after import = 2
========================================================================
Received Import Request.
  Time of request: 2026-09-30T06:25:06.1130996Z
  Time since last request: 0.0005163 seconds.
  importAddress: GUID: e2751d20d61c3bf4d886ecd8bc7da2c3 - Path: Assets/Twinsanity/Baked/Beach/Huba_Scenery_Mesh_339 2.asset - Importer: ScriptedImporter/UnityEditor.QuickSearchModule:UnityEditor.Search:ASIAI0B
Importing 'GUID: e2751d20d61c3bf4d886ecd8bc7da2c3 - Path: Assets/Twinsanity/Baked/Beach/Huba_Scenery_Mesh_339 2.asset - Importer: ScriptedImporter/UnityEditor.QuickSearchModule:UnityEditor.Search:ASIAI0B' with importer (ScriptedImporter : UnityEditor.QuickSearchModule:UnityEditor.Search:ASIAI0B)
Imported 'GUID: e2751d20d61c3bf4d886ecd8bc7da2c3' -> (Import Result ID: '9f67100db063df38fd1b611505b5e5b3') in 0.006 seconds [static and dynamic dependencies]. Details - ImportResultOutputID=87f40f8d5dafc88de9a1411df9a8e170 DependenciesID=d09b40143bb01738038b8546ab99daa6 StaticDependenciesID=4b396dc0970dd061a3003ae474c4f9d3 
Number of updated asset objects reloaded before import = 0
Number of asset objects unloaded after import = 1
========================================================================
Received Import Request.
  Time of request: 2026-09-30T06:25:06.1204632Z
  Time since last request: 0.0006098 seconds.
  importAddress: GUID: fba13b2edfdb2204987083688c758010 - Path: Assets/Twinsanity/Baked/Beach/Material_335 2.mat - Importer: ScriptedImporter/UnityEditor.QuickSearchModule:UnityEditor.Search:ASIAI0B
Importing 'GUID: fba13b2edfdb2204987083688c758010 - Path: Assets/Twinsanity/Baked/Beach/Material_335 2.mat - Importer: ScriptedImporter/UnityEditor.QuickSearchModule:UnityEditor.Search:ASIAI0B' with importer (ScriptedImporter : UnityEditor.QuickSearchModule:UnityEditor.Search:ASIAI0B)
Imported 'GUID: fba13b2edfdb2204987083688c758010' -> (Import Result ID: '17b68e91e2e4cec604c3618abae3f56c') in 0.009 seconds [static and dynamic dependencies]. Details - ImportResultOutputID=73c37c739792218709c3ebf8a10205a5 DependenciesID=de34476339ba93fa6b65dac746ecaf31 StaticDependenciesID=1e67cbd70512f89b9b44a566759d7b6c 
Number of updated asset objects reloaded before import = 0
Number of asset objects unloaded after import = 2
========================================================================
Received Import Request.
  Time of request: 2026-09-30T06:25:06.1302641Z
  Time since last request: 0.0005688 seconds.
  importAddress: GUID: 023eef02d3d50dc49811f5c3a0d2db4c - Path: Assets/Twinsanity/Baked/Beach/Huba_Scenery_Mesh_315 2.asset - Importer: ScriptedImporter/UnityEditor.QuickSearchModule:UnityEditor.Search:ASIAI0B
Importing 'GUID: 023eef02d3d50dc49811f5c3a0d2db4c - Path: Assets/Twinsanity/Baked/Beach/Huba_Scenery_Mesh_315 2.asset - Importer: ScriptedImporter/UnityEditor.QuickSearchModule:UnityEditor.Search:ASIAI0B' with importer (ScriptedImporter : UnityEditor.QuickSearchModule:UnityEditor.Search:ASIAI0B)
Imported 'GUID: 023eef02d3d50dc49811f5c3a0d2db4c' -> (Import Result ID: '2138aaf3290e1043fa7b3881fdcfcd58') in 0.007 seconds [static and dynamic dependencies]. Details - ImportResultOutputID=52f02b9c7cdd190ba31d38b8ab946653 DependenciesID=26df41a6c602f02f4a50c3deb4b9d4e2 StaticDependenciesID=ee85819980ba31f13f9f0a257669fe5f 
Number of updated asset objects reloaded before import = 0
Number of asset objects unloaded after import = 1
========================================================================
Received Import Request.
  Time of request: 2026-09-30T06:25:06.1384572Z
  Time since last request: 0.0006534 seconds.
  importAddress: GUID: aba58501bb31e4c4fb3d89ff73a9880b - Path: Assets/Twinsanity/Baked/Beach/Material_369 2.mat - Importer: ScriptedImporter/UnityEditor.QuickSearchModule:UnityEditor.Search:ASIAI0B
Importing 'GUID: aba58501bb31e4c4fb3d89ff73a9880b - Path: Assets/Twinsanity/Baked/Beach/Material_369 2.mat - Importer: ScriptedImporter/UnityEditor.QuickSearchModule:UnityEditor.Search:ASIAI0B' with importer (ScriptedImporter : UnityEditor.QuickSearchModule:UnityEditor.Search:ASIAI0B)
Imported 'GUID: aba58501bb31e4c4fb3d89ff73a9880b' -> (Import Result ID: '4e2d9979913a56ec5ccc6f645a59cff5') in 0.009 seconds [static and dynamic dependencies]. Details - ImportResultOutputID=2ab01cff526cfc132cb8a2afca825669 DependenciesID=e51c9b2363e86b9fe81739e215a887fe StaticDependenciesID=c73c57d28083f23612cb39ded9d2ff02 
Number of updated asset objects reloaded before import = 0
Number of asset objects unloaded after import = 2
========================================================================
Received Import Request.
  Time of request: 2026-09-30T06:25:06.1483465Z
  Time since last request: 0.0008472 seconds.
  importAddress: GUID: 98d47f99d20884744b80ff40fe88317c - Path: Assets/Twinsanity/Baked/Beach/Material_355 2.mat - Importer: ScriptedImporter/UnityEditor.QuickSearchModule:UnityEditor.Search:ASIAI0B
Importing 'GUID: 98d47f99d20884744b80ff40fe88317c - Path: Assets/Twinsanity/Baked/Beach/Material_355 2.mat - Importer: ScriptedImporter/UnityEditor.QuickSearchModule:UnityEditor.Search:ASIAI0B' with importer (ScriptedImporter : UnityEditor.QuickSearchModule:UnityEditor.Search:ASIAI0B)
Imported 'GUID: 98d47f99d20884744b80ff40fe88317c' -> (Import Result ID: '243b1c5bd03ad24775897b872582ec33') in 0.008 seconds [static and dynamic dependencies]. Details - ImportResultOutputID=4d7c1ce2dc46ffec99bab32d20aaf8dc DependenciesID=8a05d1a9dd90d053fbd58793606cd93c StaticDependenciesID=660e2b85f62e22289e5ca1eb347dfb5e 
Number of updated asset objects reloaded before import = 0
Number of asset objects unloaded after import = 2
========================================================================
Received Import Request.
  Time of request: 2026-09-30T06:25:06.1574194Z
  Time since last request: 0.0006015 seconds.
  importAddress: GUID: 256635f3bad3d6a4685c20e0cfa9222b - Path: Assets/Twinsanity/Baked/Beach/Huba_Scenery_Mesh_323 2.asset - Importer: ScriptedImporter/UnityEditor.QuickSearchModule:UnityEditor.Search:ASIAI0B
Importing 'GUID: 256635f3bad3d6a4685c20e0cfa9222b - Path: Assets/Twinsanity/Baked/Beach/Huba_Scenery_Mesh_323 2.asset - Importer: ScriptedImporter/UnityEditor.QuickSearchModule:UnityEditor.Search:ASIAI0B' with importer (ScriptedImporter : UnityEditor.QuickSearchModule:UnityEditor.Search:ASIAI0B)
Imported 'GUID: 256635f3bad3d6a4685c20e0cfa9222b' -> (Import Result ID: '5403ae5dc2dd07e45f5107ac17768ef9') in 0.006 seconds [static and dynamic dependencies]. Details - ImportResultOutputID=43649f446f6f3f9e9ce3e2ba75b09e3b DependenciesID=8ae769f3e9834b51726923c9da3b3f7c StaticDependenciesID=566ce559908951adfec90df0ec1381d2 
Number of updated asset objects reloaded before import = 0
Number of asset objects unloaded after import = 1
========================================================================
Received Import Request.
  Time of request: 2026-09-30T06:25:06.1646282Z
  Time since last request: 0.0006331 seconds.
  importAddress: GUID: 06c51987d1430344aaa9766e920ca72f - Path: Assets/Twinsanity/Baked/Beach/Material_331 2.mat - Importer: ScriptedImporter/UnityEditor.QuickSearchModule:UnityEditor.Search:ASIAI0B
Importing 'GUID: 06c51987d1430344aaa9766e920ca72f - Path: Assets/Twinsanity/Baked/Beach/Material_331 2.mat - Importer: ScriptedImporter/UnityEditor.QuickSearchModule:UnityEditor.Search:ASIAI0B' with importer (ScriptedImporter : UnityEditor.QuickSearchModule:UnityEditor.Search:ASIAI0B)
Imported 'GUID: 06c51987d1430344aaa9766e920ca72f' -> (Import Result ID: 'cee63f28f789ddf680c0b4fe0dba34bc') in 0.007 seconds [static and dynamic dependencies]. Details - ImportResultOutputID=9e06493c8d02adcec05f8c262ee23ed4 DependenciesID=0ca17a186e6c7d7af7c6ca9833303ac2 StaticDependenciesID=4dd5a310c57f65cc8024cdfd1edf3227 
Number of updated asset objects reloaded before import = 0
Number of asset objects unloaded after import = 2
========================================================================
Received Import Request.
  Time of request: 2026-09-30T06:25:06.1731807Z
  Time since last request: 0.0003079 seconds.
  importAddress: GUID: 48a72f64dff375e4ca0cd2cd8671e05a - Path: Assets/Twinsanity/Baked/Beach/Huba_Scenery_Mesh_367 2.asset - Importer: ScriptedImporter/UnityEditor.QuickSearchModule:UnityEditor.Search:ASIAI0B
Importing 'GUID: 48a72f64dff375e4ca0cd2cd8671e05a - Path: Assets/Twinsanity/Baked/Beach/Huba_Scenery_Mesh_367 2.asset - Importer: ScriptedImporter/UnityEditor.QuickSearchModule:UnityEditor.Search:ASIAI0B' with importer (ScriptedImporter : UnityEditor.QuickSearchModule:UnityEditor.Search:ASIAI0B)
Imported 'GUID: 48a72f64dff375e4ca0cd2cd8671e05a' -> (Import Result ID: 'c6b46685d78ed9c0c3a654660ac2dce1') in 0.010 seconds [static and dynamic dependencies]. Details - ImportResultOutputID=8a3d7d410514106c555d905a2801146d DependenciesID=25ec43cb7827ed3e60120806d9f49043 StaticDependenciesID=06824addd8758540f4353df49dac46ad 
Number of updated asset objects reloaded before import = 0
Number of asset objects unloaded after import = 1
========================================================================
Received Import Request.
  Time of request: 2026-09-30T06:25:06.1846558Z
  Time since last request: 0.0006418 seconds.
  importAddress: GUID: 6d38fc9c95d15134090fe92558c45341 - Path: Assets/Twinsanity/Baked/Beach/Huba_Scenery_Mesh_321 2.asset - Importer: ScriptedImporter/UnityEditor.QuickSearchModule:UnityEditor.Search:ASIAI0B
Importing 'GUID: 6d38fc9c95d15134090fe92558c45341 - Path: Assets/Twinsanity/Baked/Beach/Huba_Scenery_Mesh_321 2.asset - Importer: ScriptedImporter/UnityEditor.QuickSearchModule:UnityEditor.Search:ASIAI0B' with importer (ScriptedImporter : UnityEditor.QuickSearchModule:UnityEditor.Search:ASIAI0B)
Imported 'GUID: 6d38fc9c95d15134090fe92558c45341' -> (Import Result ID: 'f13ee9c9d275ef689b71341bbf87d27c') in 0.006 seconds [static and dynamic dependencies]. Details - ImportResultOutputID=dc3ede063d68456f5fac79ee5b055253 DependenciesID=db7fe539295dc0c427856b24bc8e8b67 StaticDependenciesID=8e026073ce13d6b1b9ca6b0808608b7d 
Number of updated asset objects reloaded before import = 0
Number of asset objects unloaded after import = 1
========================================================================
Received Import Request.
  Time of request: 2026-09-30T06:25:06.2089888Z
  Time since last request: 0.0180455 seconds.
  importAddress: GUID: 83d5bd1db1d5d444e8fcd5f09f94840d - Path: Assets/Twinsanity/Baked/Beach/Huba_Scenery_Mesh_381 2.asset - Importer: ScriptedImporter/UnityEditor.QuickSearchModule:UnityEditor.Search:ASIAI0B
Importing 'GUID: 83d5bd1db1d5d444e8fcd5f09f94840d - Path: Assets/Twinsanity/Baked/Beach/Huba_Scenery_Mesh_381 2.asset - Importer: ScriptedImporter/UnityEditor.QuickSearchModule:UnityEditor.Search:ASIAI0B' with importer (ScriptedImporter : UnityEditor.QuickSearchModule:UnityEditor.Search:ASIAI0B)
Imported 'GUID: 83d5bd1db1d5d444e8fcd5f09f94840d' -> (Import Result ID: '6a3e10af1e04ae868dc5f93597f44b24') in 0.005 seconds [static and dynamic dependencies]. Details - ImportResultOutputID=c23962214ce3e34017d7086f3e226b3c DependenciesID=e296fe0cc3b620cdf060ee6ea47a0ce9 StaticDependenciesID=b732e75c5f8e3b13ad81d2a2a60c0a44 
Number of updated asset objects reloaded before import = 0
Number of asset objects unloaded after import = 1
========================================================================
Received Import Request.
  Time of request: 2026-09-30T06:25:06.2151877Z
  Time since last request: 0.0007694 seconds.
  importAddress: GUID: b59182b1be1c98e42a0243f72ca717de - Path: Assets/Twinsanity/Baked/Beach/Material_393 2.mat - Importer: ScriptedImporter/UnityEditor.QuickSearchModule:UnityEditor.Search:ASIAI0B
Importing 'GUID: b59182b1be1c98e42a0243f72ca717de - Path: Assets/Twinsanity/Baked/Beach/Material_393 2.mat - Importer: ScriptedImporter/UnityEditor.QuickSearchModule:UnityEditor.Search:ASIAI0B' with importer (ScriptedImporter : UnityEditor.QuickSearchModule:UnityEditor.Search:ASIAI0B)
Imported 'GUID: b59182b1be1c98e42a0243f72ca717de' -> (Import Result ID: '1912a91b907f2dc409827f98953a03b3') in 0.006 seconds [static and dynamic dependencies]. Details - ImportResultOutputID=cb654e6325fae8b2cf93b7be4506beab DependenciesID=8e4d6e0eafc38f10dca13f4da8c597c9 StaticDependenciesID=e317a3819e80ff0df146903591505e83 
Number of updated asset objects reloaded before import = 0
Number of asset objects unloaded after import = 2
========================================================================
Received Import Request.
  Time of request: 2026-09-30T06:25:06.222596Z
  Time since last request: 0.0003331 seconds.
  importAddress: GUID: eca4d5a870cb02b448e3d39b489160a6 - Path: Assets/Twinsanity/Baked/Beach/Huba_Scenery_Mesh_407 2.asset - Importer: ScriptedImporter/UnityEditor.QuickSearchModule:UnityEditor.Search:ASIAI0B
Importing 'GUID: eca4d5a870cb02b448e3d39b489160a6 - Path: Assets/Twinsanity/Baked/Beach/Huba_Scenery_Mesh_407 2.asset - Importer: ScriptedImporter/UnityEditor.QuickSearchModule:UnityEditor.Search:ASIAI0B' with importer (ScriptedImporter : UnityEditor.QuickSearchModule:UnityEditor.Search:ASIAI0B)
Imported 'GUID: eca4d5a870cb02b448e3d39b489160a6' -> (Import Result ID: '68294e993550a1260a424883fabadb1d') in 0.005 seconds [static and dynamic dependencies]. Details - ImportResultOutputID=594bb33774ca044166fdb282f08f9c22 DependenciesID=f1e7351c09d5abf37d351e6fb0c466d1 StaticDependenciesID=5c3b6cb0a96ee561cb7af8bdb8a168ec 
Number of updated asset objects reloaded before import = 0
Number of asset objects unloaded after import = 1
========================================================================
Received Import Request.
  Time of request: 2026-09-30T06:25:06.2291684Z
  Time since last request: 0.000601 seconds.
  importAddress: GUID: 7777483aee1ec4e4698756139e102147 - Path: Assets/Twinsanity/Baked/Beach/Huba_Scenery_Mesh_396 2.asset - Importer: ScriptedImporter/UnityEditor.QuickSearchModule:UnityEditor.Search:ASIAI0B
Importing 'GUID: 7777483aee1ec4e4698756139e102147 - Path: Assets/Twinsanity/Baked/Beach/Huba_Scenery_Mesh_396 2.asset - Importer: ScriptedImporter/UnityEditor.QuickSearchModule:UnityEditor.Search:ASIAI0B' with importer (ScriptedImporter : UnityEditor.QuickSearchModule:UnityEditor.Search:ASIAI0B)
Imported 'GUID: 7777483aee1ec4e4698756139e102147' -> (Import Result ID: 'e802dad86a6b865320704be1c0d40a73') in 0.005 seconds [static and dynamic dependencies]. Details - ImportResultOutputID=1c03d6445da6e4951881a1513591453d DependenciesID=353e00b72731bd6f47b9157f5f359af6 StaticDependenciesID=e24dd571916f25f6b3912c7802fe89f2 
Number of updated asset objects reloaded before import = 0
Number of asset objects unloaded after import = 1
========================================================================
Received Import Request.
  Time of request: 2026-09-30T06:25:06.2356844Z
  Time since last request: 0.0008061 seconds.
  importAddress: GUID: 9d8cadcc6d017fa489a99d75461e2843 - Path: Assets/Twinsanity/Baked/Beach/Huba_Scenery_Mesh_435 2.asset - Importer: ScriptedImporter/UnityEditor.QuickSearchModule:UnityEditor.Search:ASIAI0B
Importing 'GUID: 9d8cadcc6d017fa489a99d75461e2843 - Path: Assets/Twinsanity/Baked/Beach/Huba_Scenery_Mesh_435 2.asset - Importer: ScriptedImporter/UnityEditor.QuickSearchModule:UnityEditor.Search:ASIAI0B' with importer (ScriptedImporter : UnityEditor.QuickSearchModule:UnityEditor.Search:ASIAI0B)
Imported 'GUID: 9d8cadcc6d017fa489a99d75461e2843' -> (Import Result ID: '3e4e31c4ee81a341b4752967f7eb8aad') in 0.007 seconds [static and dynamic dependencies]. Details - ImportResultOutputID=56003a2b3c9ea9eeab747e26bf904ae3 DependenciesID=680c17c9e4c6abeff77bc808128ecf04 StaticDependenciesID=10dfb217d760705ae2fe037da059d0e2 
Number of updated asset objects reloaded before import = 0
Number of asset objects unloaded after import = 1
========================================================================
Received Import Request.
  Time of request: 2026-09-30T06:25:06.2436247Z
  Time since last request: 0.0006297 seconds.
  importAddress: GUID: 8bae8581e7d01904caaf38735e6001aa - Path: Assets/Twinsanity/Baked/Beach/Huba_Scenery_Mesh_411 2.asset - Importer: ScriptedImporter/UnityEditor.QuickSearchModule:UnityEditor.Search:ASIAI0B
Importing 'GUID: 8bae8581e7d01904caaf38735e6001aa - Path: Assets/Twinsanity/Baked/Beach/Huba_Scenery_Mesh_411 2.asset - Importer: ScriptedImporter/UnityEditor.QuickSearchModule:UnityEditor.Search:ASIAI0B' with importer (ScriptedImporter : UnityEditor.QuickSearchModule:UnityEditor.Search:ASIAI0B)
Imported 'GUID: 8bae8581e7d01904caaf38735e6001aa' -> (Import Result ID: '6b6d85742c595642f56bbd07599fc085') in 0.006 seconds [static and dynamic dependencies]. Details - ImportResultOutputID=2aec2c8ea3d7f7c9cfdd98868c63e9db DependenciesID=e9aa79c75abf9ce02bfe1878527a0937 StaticDependenciesID=51e046f098b1e7b813a3d728fd6ada26 
Number of updated asset objects reloaded before import = 0
Number of asset objects unloaded after import = 1
========================================================================
Received Import Request.
  Time of request: 2026-09-30T06:25:06.2502323Z
  Time since last request: 0.0006569 seconds.
  importAddress: GUID: cf7531d0612284141affca0affea27ed - Path: Assets/Twinsanity/Baked/Beach/Material_434 2.mat - Importer: ScriptedImporter/UnityEditor.QuickSearchModule:UnityEditor.Search:ASIAI0B
Importing 'GUID: cf7531d0612284141affca0affea27ed - Path: Assets/Twinsanity/Baked/Beach/Material_434 2.mat - Importer: ScriptedImporter/UnityEditor.QuickSearchModule:UnityEditor.Search:ASIAI0B' with importer (ScriptedImporter : UnityEditor.QuickSearchModule:UnityEditor.Search:ASIAI0B)
Imported 'GUID: cf7531d0612284141affca0affea27ed' -> (Import Result ID: '38854146f04179da542820721fcda11c') in 0.007 seconds [static and dynamic dependencies]. Details - ImportResultOutputID=c8d036d6011a554898cb58f1f42e88e2 DependenciesID=fad4146418dd9910dfe4d2daef237174 StaticDependenciesID=d39df62a8bda1f73e0530f31c0280cab 
Number of updated asset objects reloaded before import = 0
Number of asset objects unloaded after import = 2
========================================================================
Received Import Request.
  Time of request: 2026-09-30T06:25:06.258145Z
  Time since last request: 0.0006376 seconds.
  importAddress: GUID: 8080cc4868201cc4f97663bfddf0747f - Path: Assets/Twinsanity/Baked/Beach/Huba_Scenery_Mesh_412 2.asset - Importer: ScriptedImporter/UnityEditor.QuickSearchModule:UnityEditor.Search:ASIAI0B
Importing 'GUID: 8080cc4868201cc4f97663bfddf0747f - Path: Assets/Twinsanity/Baked/Beach/Huba_Scenery_Mesh_412 2.asset - Importer: ScriptedImporter/UnityEditor.QuickSearchModule:UnityEditor.Search:ASIAI0B' with importer (ScriptedImporter : UnityEditor.QuickSearchModule:UnityEditor.Search:ASIAI0B)
Imported 'GUID: 8080cc4868201cc4f97663bfddf0747f' -> (Import Result ID: 'f491e10140dba737fcbbee7f6de04aca') in 0.006 seconds [static and dynamic dependencies]. Details - ImportResultOutputID=1c3bbde2df5279e6050e8ab78cad22f3 DependenciesID=41cd138fdf4dcdf3065f4e394496cbe7 StaticDependenciesID=83059d7dffad81df720e5aef8d4eb60a 
Number of updated asset objects reloaded before import = 0
Number of asset objects unloaded after import = 1
========================================================================
Received Import Request.
  Time of request: 2026-09-30T06:25:06.2672187Z
  Time since last request: 0.0021248 seconds.
  importAddress: GUID: 4c80fff6ff94e0648bfadb759ff1d41b - Path: Assets/Twinsanity/Baked/Beach/Huba_Scenery_Mesh_422 2.asset - Importer: ScriptedImporter/UnityEditor.QuickSearchModule:UnityEditor.Search:ASIAI0B
Importing 'GUID: 4c80fff6ff94e0648bfadb759ff1d41b - Path: Assets/Twinsanity/Baked/Beach/Huba_Scenery_Mesh_422 2.asset - Importer: ScriptedImporter/UnityEditor.QuickSearchModule:UnityEditor.Search:ASIAI0B' with importer (ScriptedImporter : UnityEditor.QuickSearchModule:UnityEditor.Search:ASIAI0B)
Imported 'GUID: 4c80fff6ff94e0648bfadb759ff1d41b' -> (Import Result ID: '806eeb8ebb1e3fc7cec106276f3127fa') in 0.007 seconds [static and dynamic dependencies]. Details - ImportResultOutputID=42745de3cdf4c0e4f679baeaf5e54246 DependenciesID=aa5d9038ced7d1014a75102e157ab462 StaticDependenciesID=a3da83371b77ecbe96a5f95a1995c46a 
Number of updated asset objects reloaded before import = 0
Number of asset objects unloaded after import = 1
========================================================================
Received Import Request.
  Time of request: 2026-09-30T06:25:06.2769254Z
  Time since last request: 0.0005395 seconds.
  importAddress: GUID: fce617cf116bf46428cbb510ddcf76ca - Path: Assets/Twinsanity/Baked/Beach/Huba_Scenery_Mesh_431 2.asset - Importer: ScriptedImporter/UnityEditor.QuickSearchModule:UnityEditor.Search:ASIAI0B
Importing 'GUID: fce617cf116bf46428cbb510ddcf76ca - Path: Assets/Twinsanity/Baked/Beach/Huba_Scenery_Mesh_431 2.asset - Importer: ScriptedImporter/UnityEditor.QuickSearchModule:UnityEditor.Search:ASIAI0B' with importer (ScriptedImporter : UnityEditor.QuickSearchModule:UnityEditor.Search:ASIAI0B)
Imported 'GUID: fce617cf116bf46428cbb510ddcf76ca' -> (Import Result ID: 'addb8224d15ab54daedb89555711ef4e') in 0.006 seconds [static and dynamic dependencies]. Details - ImportResultOutputID=8d2db9101d8b44470b4f60155a4dd15b DependenciesID=c020f2662d77c58e0a35df5afc58261c StaticDependenciesID=bc62dc81cf93a256393d383b0d23d300 
Number of updated asset objects reloaded before import = 0
Number of asset objects unloaded after import = 1
========================================================================
Received Import Request.
  Time of request: 2026-09-30T06:25:06.2839153Z
  Time since last request: 0.0005942 seconds.
  importAddress: GUID: f7d2e4afea0318d45964f974392a4072 - Path: Assets/Twinsanity/Baked/Beach/Huba_Scenery_Mesh_398 2.asset - Importer: ScriptedImporter/UnityEditor.QuickSearchModule:UnityEditor.Search:ASIAI0B
Importing 'GUID: f7d2e4afea0318d45964f974392a4072 - Path: Assets/Twinsanity/Baked/Beach/Huba_Scenery_Mesh_398 2.asset - Importer: ScriptedImporter/UnityEditor.QuickSearchModule:UnityEditor.Search:ASIAI0B' with importer (ScriptedImporter : UnityEditor.QuickSearchModule:UnityEditor.Search:ASIAI0B)
Imported 'GUID: f7d2e4afea0318d45964f974392a4072' -> (Import Result ID: '3bbcc8ff6236518de9fe138146b75ce6') in 0.008 seconds [static and dynamic dependencies]. Details - ImportResultOutputID=5f192c6f6abb20f76997700725893596 DependenciesID=d0e2e0b76e8432d52ce0fd540155d77c StaticDependenciesID=33d511134521009d1ee66aceaebef29f 
Number of updated asset objects reloaded before import = 0
Number of asset objects unloaded after import = 1
========================================================================
Received Import Request.
  Time of request: 2026-09-30T06:25:06.2933068Z
  Time since last request: 0.0007326 seconds.
  importAddress: GUID: 8231d2b81f077894eb5f0025039969d5 - Path: Assets/Twinsanity/Baked/Beach/Material_432 2.mat - Importer: ScriptedImporter/UnityEditor.QuickSearchModule:UnityEditor.Search:ASIAI0B
Importing 'GUID: 8231d2b81f077894eb5f0025039969d5 - Path: Assets/Twinsanity/Baked/Beach/Material_432 2.mat - Importer: ScriptedImporter/UnityEditor.QuickSearchModule:UnityEditor.Search:ASIAI0B' with importer (ScriptedImporter : UnityEditor.QuickSearchModule:UnityEditor.Search:ASIAI0B)
Imported 'GUID: 8231d2b81f077894eb5f0025039969d5' -> (Import Result ID: 'cc183d587a2fccec74795b4d7f347ccf') in 0.008 seconds [static and dynamic dependencies]. Details - ImportResultOutputID=7fc39db977248c3f1f2cbc32628fefbc DependenciesID=cd33a0ce1253af5d74b7e7f4200443eb StaticDependenciesID=8bf288fce36e9b64d8b68cd97cf20ebc 
Number of updated asset objects reloaded before import = 0
Number of asset objects unloaded after import = 2
========================================================================
Received Import Request.
  Time of request: 2026-09-30T06:25:06.302697Z
  Time since last request: 0.0005639 seconds.
  importAddress: GUID: 2d55bbd8f0f0e814dad0a4b6dc5668c8 - Path: Assets/Twinsanity/Baked/Beach/Material_384 2.mat - Importer: ScriptedImporter/UnityEditor.QuickSearchModule:UnityEditor.Search:ASIAI0B
Importing 'GUID: 2d55bbd8f0f0e814dad0a4b6dc5668c8 - Path: Assets/Twinsanity/Baked/Beach/Material_384 2.mat - Importer: ScriptedImporter/UnityEditor.QuickSearchModule:UnityEditor.Search:ASIAI0B' with importer (ScriptedImporter : UnityEditor.QuickSearchModule:UnityEditor.Search:ASIAI0B)
Imported 'GUID: 2d55bbd8f0f0e814dad0a4b6dc5668c8' -> (Import Result ID: '33331de1c26f85ca75ea9f8fbbe9d25c') in 0.009 seconds [static and dynamic dependencies]. Details - ImportResultOutputID=0b20a45f7f0f57a63b477f858fe5b0d3 DependenciesID=afdc896f114d9c6603da9158fc2c7b90 StaticDependenciesID=7783c77c9e1bc42707c459b7fcc62214 
Number of updated asset objects reloaded before import = 0
Number of asset objects unloaded after import = 2
========================================================================
Received Import Request.
  Time of request: 2026-09-30T06:25:06.3127814Z
  Time since last request: 0.0005409 seconds.
  importAddress: GUID: 2b208a37aa934f141bc686688f87a214 - Path: Assets/Twinsanity/Baked/Beach/Material_391 2.mat - Importer: ScriptedImporter/UnityEditor.QuickSearchModule:UnityEditor.Search:ASIAI0B
Importing 'GUID: 2b208a37aa934f141bc686688f87a214 - Path: Assets/Twinsanity/Baked/Beach/Material_391 2.mat - Importer: ScriptedImporter/UnityEditor.QuickSearchModule:UnityEditor.Search:ASIAI0B' with importer (ScriptedImporter : UnityEditor.QuickSearchModule:UnityEditor.Search:ASIAI0B)
Imported 'GUID: 2b208a37aa934f141bc686688f87a214' -> (Import Result ID: 'ef08ee927371a3ff3bd6b6d06e2c7ba0') in 0.006 seconds [static and dynamic dependencies]. Details - ImportResultOutputID=ee6fd7a582388df43e9087aba8626e73 DependenciesID=b5fde2e1fc9262915fb4530d9cdcf66c StaticDependenciesID=d498ebb0f2c672e3ea1540a562343bd9 
Number of updated asset objects reloaded before import = 0
Number of asset objects unloaded after import = 2
========================================================================
Received Import Request.
  Time of request: 2026-09-30T06:25:06.3202833Z
  Time since last request: 0.000606 seconds.
  importAddress: GUID: bd89106c6b7797f4b9d96bd596d93e0a - Path: Assets/Twinsanity/Baked/Beach/Material_404 2.mat - Importer: ScriptedImporter/UnityEditor.QuickSearchModule:UnityEditor.Search:ASIAI0B
Importing 'GUID: bd89106c6b7797f4b9d96bd596d93e0a - Path: Assets/Twinsanity/Baked/Beach/Material_404 2.mat - Importer: ScriptedImporter/UnityEditor.QuickSearchModule:UnityEditor.Search:ASIAI0B' with importer (ScriptedImporter : UnityEditor.QuickSearchModule:UnityEditor.Search:ASIAI0B)
Imported 'GUID: bd89106c6b7797f4b9d96bd596d93e0a' -> (Import Result ID: 'c57058741feceaca2f731ce632830307') in 0.007 seconds [static and dynamic dependencies]. Details - ImportResultOutputID=104a43ff2da5dd82badd82593a3a7b17 DependenciesID=6558620bf18090062a610c1cb33503ca StaticDependenciesID=4b60a6f7bd9b1cee85dbaa1d9c62b9cd 
Number of updated asset objects reloaded before import = 0
Number of asset objects unloaded after import = 2
========================================================================
Received Import Request.
  Time of request: 2026-09-30T06:25:06.3287624Z
  Time since last request: 0.0006742 seconds.
  importAddress: GUID: 6709db13b8384324a82d6874d9d9198f - Path: Assets/Twinsanity/Baked/Beach/Huba_Scenery_Mesh_437 2.asset - Importer: ScriptedImporter/UnityEditor.QuickSearchModule:UnityEditor.Search:ASIAI0B
Importing 'GUID: 6709db13b8384324a82d6874d9d9198f - Path: Assets/Twinsanity/Baked/Beach/Huba_Scenery_Mesh_437 2.asset - Importer: ScriptedImporter/UnityEditor.QuickSearchModule:UnityEditor.Search:ASIAI0B' with importer (ScriptedImporter : UnityEditor.QuickSearchModule:UnityEditor.Search:ASIAI0B)
Imported 'GUID: 6709db13b8384324a82d6874d9d9198f' -> (Import Result ID: 'cf3728ffbeee0afcd90ac11c38b3dea1') in 0.008 seconds [static and dynamic dependencies]. Details - ImportResultOutputID=02196edaa5081dd31e3811b2805393a8 DependenciesID=574101b04efa174b92d3b0efd398dfcc StaticDependenciesID=fb94262a759c3ee2c135ec5544102a04 
Number of updated asset objects reloaded before import = 0
Number of asset objects unloaded after import = 1
========================================================================
Received Import Request.
  Time of request: 2026-09-30T06:25:06.3379264Z
  Time since last request: 0.0006501 seconds.
  importAddress: GUID: 79b2fbd772324eb45ae3fea51e6507d4 - Path: Assets/Twinsanity/Baked/Beach/Huba_Scenery_Mesh_415 2.asset - Importer: ScriptedImporter/UnityEditor.QuickSearchModule:UnityEditor.Search:ASIAI0B
Importing 'GUID: 79b2fbd772324eb45ae3fea51e6507d4 - Path: Assets/Twinsanity/Baked/Beach/Huba_Scenery_Mesh_415 2.asset - Importer: ScriptedImporter/UnityEditor.QuickSearchModule:UnityEditor.Search:ASIAI0B' with importer (ScriptedImporter : UnityEditor.QuickSearchModule:UnityEditor.Search:ASIAI0B)
Imported 'GUID: 79b2fbd772324eb45ae3fea51e6507d4' -> (Import Result ID: 'c3d49a3cf56e82d8cc4acfb943e41b94') in 0.008 seconds [static and dynamic dependencies]. Details - ImportResultOutputID=b5ffa4d2245716a49e2338d2c491c178 DependenciesID=048f19a74a357baecb747c8181664ee7 StaticDependenciesID=040703c56cfb0b95d447c764062e80a4 
Number of updated asset objects reloaded before import = 0
Number of asset objects unloaded after import = 1
========================================================================
Received Import Request.
  Time of request: 2026-09-30T06:25:06.3468244Z
  Time since last request: 0.0007067 seconds.
  importAddress: GUID: f838b148c9994e544ba308a1f0b5d1a9 - Path: Assets/Twinsanity/Baked/Beach/Huba_Scenery_Mesh_387 2.asset - Importer: ScriptedImporter/UnityEditor.QuickSearchModule:UnityEditor.Search:ASIAI0B
Importing 'GUID: f838b148c9994e544ba308a1f0b5d1a9 - Path: Assets/Twinsanity/Baked/Beach/Huba_Scenery_Mesh_387 2.asset - Importer: ScriptedImporter/UnityEditor.QuickSearchModule:UnityEditor.Search:ASIAI0B' with importer (ScriptedImporter : UnityEditor.QuickSearchModule:UnityEditor.Search:ASIAI0B)
Imported 'GUID: f838b148c9994e544ba308a1f0b5d1a9' -> (Import Result ID: '11b8e7ff46cdffefa62bb70f666dae77') in 0.009 seconds [static and dynamic dependencies]. Details - ImportResultOutputID=e74ddfabaf13aa8c830cc38749cfc023 DependenciesID=7c4083949763d16986142aa298a7dd51 StaticDependenciesID=6e77670383eec7b0e72cc0858521332b 
Number of updated asset objects reloaded before import = 0
Number of asset objects unloaded after import = 1
========================================================================
Received Import Request.
  Time of request: 2026-09-30T06:25:06.3579604Z
  Time since last request: 0.0006074 seconds.
  importAddress: GUID: dfb4e6f4d53aefc44abc76e665a3ec35 - Path: Assets/Twinsanity/Baked/Beach/Huba_Scenery_Mesh_419 2.asset - Importer: ScriptedImporter/UnityEditor.QuickSearchModule:UnityEditor.Search:ASIAI0B
Importing 'GUID: dfb4e6f4d53aefc44abc76e665a3ec35 - Path: Assets/Twinsanity/Baked/Beach/Huba_Scenery_Mesh_419 2.asset - Importer: ScriptedImporter/UnityEditor.QuickSearchModule:UnityEditor.Search:ASIAI0B' with importer (ScriptedImporter : UnityEditor.QuickSearchModule:UnityEditor.Search:ASIAI0B)
Imported 'GUID: dfb4e6f4d53aefc44abc76e665a3ec35' -> (Import Result ID: '3a2ba477bd6c8c621cafbe1e3699f3c4') in 0.011 seconds [static and dynamic dependencies]. Details - ImportResultOutputID=e66967380e56e3103b00b3f913a623e6 DependenciesID=190f6a709fb1e56ed6a74bcdab15101e StaticDependenciesID=eac8829136930f9253d2207a6fbc2e0d 
Number of updated asset objects reloaded before import = 0
Number of asset objects unloaded after import = 1
========================================================================
Received Import Request.
  Time of request: 2026-09-30T06:25:06.3696671Z
  Time since last request: 0.0006269 seconds.
  importAddress: GUID: dbba2fb18c537f340bf72ed73c48331d - Path: Assets/Twinsanity/Baked/Beach/Huba_Scenery_Mesh_424 2.asset - Importer: ScriptedImporter/UnityEditor.QuickSearchModule:UnityEditor.Search:ASIAI0B
Importing 'GUID: dbba2fb18c537f340bf72ed73c48331d - Path: Assets/Twinsanity/Baked/Beach/Huba_Scenery_Mesh_424 2.asset - Importer: ScriptedImporter/UnityEditor.QuickSearchModule:UnityEditor.Search:ASIAI0B' with importer (ScriptedImporter : UnityEditor.QuickSearchModule:UnityEditor.Search:ASIAI0B)
Imported 'GUID: dbba2fb18c537f340bf72ed73c48331d' -> (Import Result ID: 'cfa9f511beed6479c8ba48208894ff92') in 0.020 seconds [static and dynamic dependencies]. Details - ImportResultOutputID=1bd236b2072dd68a620c2f2ddb3795db DependenciesID=016a92e97597acfd7290a065cb084208 StaticDependenciesID=a17c14d2da68ec08996bfd29ef74524f 
Number of updated asset objects reloaded before import = 0
Number of asset objects unloaded after import = 1
========================================================================
Received Import Request.
  Time of request: 2026-09-30T06:25:06.390952Z
  Time since last request: 0.0007402 seconds.
  importAddress: GUID: e8d10b9c61741bb4fb549afea15352cf - Path: Assets/Twinsanity/Baked/Beach/Huba_Scenery_Mesh_403 2.asset - Importer: ScriptedImporter/UnityEditor.QuickSearchModule:UnityEditor.Search:ASIAI0B
Importing 'GUID: e8d10b9c61741bb4fb549afea15352cf - Path: Assets/Twinsanity/Baked/Beach/Huba_Scenery_Mesh_403 2.asset - Importer: ScriptedImporter/UnityEditor.QuickSearchModule:UnityEditor.Search:ASIAI0B' with importer (ScriptedImporter : UnityEditor.QuickSearchModule:UnityEditor.Search:ASIAI0B)
Imported 'GUID: e8d10b9c61741bb4fb549afea15352cf' -> (Import Result ID: 'dfb39e74940f121d1ef6892ad8761d8b') in 0.013 seconds [static and dynamic dependencies]. Details - ImportResultOutputID=757ec3a5f3c43bf6f12a6f6d89e3e841 DependenciesID=2b1f22559b035d00a4b14bf65d69bbd9 StaticDependenciesID=caff1a3638bb26e2144e1e7c0f7176cc 
Number of updated asset objects reloaded before import = 0
Number of asset objects unloaded after import = 1
========================================================================
Received Import Request.
  Time of request: 2026-09-30T06:25:06.4061521Z
  Time since last request: 0.0008298 seconds.
  importAddress: GUID: ec255c95b05707d46b06f667b821710c - Path: Assets/Twinsanity/Baked/Beach/Huba_Scenery_Mesh_426 2.asset - Importer: ScriptedImporter/UnityEditor.QuickSearchModule:UnityEditor.Search:ASIAI0B
Importing 'GUID: ec255c95b05707d46b06f667b821710c - Path: Assets/Twinsanity/Baked/Beach/Huba_Scenery_Mesh_426 2.asset - Importer: ScriptedImporter/UnityEditor.QuickSearchModule:UnityEditor.Search:ASIAI0B' with importer (ScriptedImporter : UnityEditor.QuickSearchModule:UnityEditor.Search:ASIAI0B)
Imported 'GUID: ec255c95b05707d46b06f667b821710c' -> (Import Result ID: '5e56fe436b99f5f16335eeb715aa031b') in 0.010 seconds [static and dynamic dependencies]. Details - ImportResultOutputID=85d8508b24e8c75aeac5a1750d38d87e DependenciesID=db460d785bf2508ef537aa1631a389d0 StaticDependenciesID=9c6a01577d9fc4bd8d9aa5e9cb8a6cb9 
Number of updated asset objects reloaded before import = 0
Number of asset objects unloaded after import = 1
========================================================================
Received Import Request.
  Time of request: 2026-09-30T06:25:06.4170997Z
  Time since last request: 0.0007078 seconds.
  importAddress: GUID: 393d72a769fec8e41bf84bd71dfd6e99 - Path: Assets/Twinsanity/Baked/Beach/Material_389 2.mat - Importer: ScriptedImporter/UnityEditor.QuickSearchModule:UnityEditor.Search:ASIAI0B
Importing 'GUID: 393d72a769fec8e41bf84bd71dfd6e99 - Path: Assets/Twinsanity/Baked/Beach/Material_389 2.mat - Importer: ScriptedImporter/UnityEditor.QuickSearchModule:UnityEditor.Search:ASIAI0B' with importer (ScriptedImporter : UnityEditor.QuickSearchModule:UnityEditor.Search:ASIAI0B)
Imported 'GUID: 393d72a769fec8e41bf84bd71dfd6e99' -> (Import Result ID: 'b7c1c307fab51696e9487b3b6cde7613') in 0.010 seconds [static and dynamic dependencies]. Details - ImportResultOutputID=8d0ac85d13c224f5054b9c3444b425a2 DependenciesID=f66fbeedac3b1deb772bd20e4d85ea76 StaticDependenciesID=df3d82b1c10da5e8436e97bed9d1d8a3 
Number of updated asset objects reloaded before import = 0
Number of asset objects unloaded after import = 2
========================================================================
Received Import Request.
  Time of request: 2026-09-30T06:25:06.4445876Z
  Time since last request: 0.0170857 seconds.
  importAddress: GUID: deb3294b4b3acdc4a9f2e1e463a279a2 - Path: Assets/Twinsanity/Baked/Beach/Huba_Scenery_Mesh_378 2.asset - Importer: ScriptedImporter/UnityEditor.QuickSearchModule:UnityEditor.Search:ASIAI0B
Importing 'GUID: deb3294b4b3acdc4a9f2e1e463a279a2 - Path: Assets/Twinsanity/Baked/Beach/Huba_Scenery_Mesh_378 2.asset - Importer: ScriptedImporter/UnityEditor.QuickSearchModule:UnityEditor.Search:ASIAI0B' with importer (ScriptedImporter : UnityEditor.QuickSearchModule:UnityEditor.Search:ASIAI0B)
Imported 'GUID: deb3294b4b3acdc4a9f2e1e463a279a2' -> (Import Result ID: '8e03e93ba8f1c48d8eb3583bb8b7f21d') in 0.008 seconds [static and dynamic dependencies]. Details - ImportResultOutputID=a1b2c8519c4f24f12cd6dbe96e6c28b8 DependenciesID=15667a6d02e0dfaa8328d05577446f2d StaticDependenciesID=99bd431bb6c5bba3d51817586d1ad8e2 
Number of updated asset objects reloaded before import = 0
Number of asset objects unloaded after import = 1
========================================================================
Received Import Request.
  Time of request: 2026-09-30T06:25:06.4542585Z
  Time since last request: 0.0006839 seconds.
  importAddress: GUID: 292451689fef37449921a9909e6239a3 - Path: Assets/Twinsanity/Baked/Beach/Material_382 2.mat - Importer: ScriptedImporter/UnityEditor.QuickSearchModule:UnityEditor.Search:ASIAI0B
Importing 'GUID: 292451689fef37449921a9909e6239a3 - Path: Assets/Twinsanity/Baked/Beach/Material_382 2.mat - Importer: ScriptedImporter/UnityEditor.QuickSearchModule:UnityEditor.Search:ASIAI0B' with importer (ScriptedImporter : UnityEditor.QuickSearchModule:UnityEditor.Search:ASIAI0B)
Imported 'GUID: 292451689fef37449921a9909e6239a3' -> (Import Result ID: '22686b5d96cf4a0574527bd175fadee1') in 0.006 seconds [static and dynamic dependencies]. Details - ImportResultOutputID=93bdbdc830b3e8d202eac1090e961b3e DependenciesID=2d9c3ee209345a718f2a810327d1cf1c StaticDependenciesID=0fa06f928784974ce5de9b9196cd2291 
Number of updated asset objects reloaded before import = 0
Number of asset objects unloaded after import = 2
========================================================================
Received Import Request.
  Time of request: 2026-09-30T06:25:06.4611978Z
  Time since last request: 0.0005072 seconds.
  importAddress: GUID: 4c6b9c676fc13634db335e0a34abca4c - Path: Assets/Twinsanity/Baked/Beach/Huba_Scenery_Mesh_414 2.asset - Importer: ScriptedImporter/UnityEditor.QuickSearchModule:UnityEditor.Search:ASIAI0B
Importing 'GUID: 4c6b9c676fc13634db335e0a34abca4c - Path: Assets/Twinsanity/Baked/Beach/Huba_Scenery_Mesh_414 2.asset - Importer: ScriptedImporter/UnityEditor.QuickSearchModule:UnityEditor.Search:ASIAI0B' with importer (ScriptedImporter : UnityEditor.QuickSearchModule:UnityEditor.Search:ASIAI0B)
Imported 'GUID: 4c6b9c676fc13634db335e0a34abca4c' -> (Import Result ID: '67b0619a57b164fdb236b2d094d03d38') in 0.007 seconds [static and dynamic dependencies]. Details - ImportResultOutputID=021b91681b055368d9da7ca829b90de8 DependenciesID=f5e38390c05d26736fee885c75739ea5 StaticDependenciesID=f1f1a65c5528279732083446ce9ef200 
Number of updated asset objects reloaded before import = 0
Number of asset objects unloaded after import = 1
========================================================================
Received Import Request.
  Time of request: 2026-09-30T06:25:06.4694926Z
  Time since last request: 0.000604 seconds.
  importAddress: GUID: 53d92ec17661c944891658b99be392d9 - Path: Assets/Twinsanity/Baked/Beach/Huba_Scenery_Mesh_388 2.asset - Importer: ScriptedImporter/UnityEditor.QuickSearchModule:UnityEditor.Search:ASIAI0B
Importing 'GUID: 53d92ec17661c944891658b99be392d9 - Path: Assets/Twinsanity/Baked/Beach/Huba_Scenery_Mesh_388 2.asset - Importer: ScriptedImporter/UnityEditor.QuickSearchModule:UnityEditor.Search:ASIAI0B' with importer (ScriptedImporter : UnityEditor.QuickSearchModule:UnityEditor.Search:ASIAI0B)
Imported 'GUID: 53d92ec17661c944891658b99be392d9' -> (Import Result ID: '3c9d247ced53071c8e753bf1a4b82389') in 0.007 seconds [static and dynamic dependencies]. Details - ImportResultOutputID=b829e918013f7abef8df2b70f5cd1850 DependenciesID=57d22d92265c5a0231d5d9e2e91aac1f StaticDependenciesID=2b87ac6680c7c6ad27b349efd6da34cd 
Number of updated asset objects reloaded before import = 0
Number of asset objects unloaded after import = 1
========================================================================
Received Import Request.
  Time of request: 2026-09-30T06:25:06.4775704Z
  Time since last request: 0.0007638 seconds.
  importAddress: GUID: 31a82a549b328254690b320b90f5537a - Path: Assets/Twinsanity/Baked/Beach/Material_400 2.mat - Importer: ScriptedImporter/UnityEditor.QuickSearchModule:UnityEditor.Search:ASIAI0B
Importing 'GUID: 31a82a549b328254690b320b90f5537a - Path: Assets/Twinsanity/Baked/Beach/Material_400 2.mat - Importer: ScriptedImporter/UnityEditor.QuickSearchModule:UnityEditor.Search:ASIAI0B' with importer (ScriptedImporter : UnityEditor.QuickSearchModule:UnityEditor.Search:ASIAI0B)
Imported 'GUID: 31a82a549b328254690b320b90f5537a' -> (Import Result ID: '748ae69b8bdbc17cd8c8302bcb7529b6') in 0.007 seconds [static and dynamic dependencies]. Details - ImportResultOutputID=b720bf42e13ca750eb690d9fffdc5037 DependenciesID=090ef0b2bb3797177eb36d8d986203bc StaticDependenciesID=29c30656b185a7fbb20e97b365ce08b3 
Number of updated asset objects reloaded before import = 0
Number of asset objects unloaded after import = 2
========================================================================
Received Import Request.
  Time of request: 2026-09-30T06:25:06.486436Z
  Time since last request: 0.0010462 seconds.
  importAddress: GUID: 975d79c0d067edc4a9c5e85cc4da89c8 - Path: Assets/Twinsanity/Baked/Beach/Material_406 2.mat - Importer: ScriptedImporter/UnityEditor.QuickSearchModule:UnityEditor.Search:ASIAI0B
Importing 'GUID: 975d79c0d067edc4a9c5e85cc4da89c8 - Path: Assets/Twinsanity/Baked/Beach/Material_406 2.mat - Importer: ScriptedImporter/UnityEditor.QuickSearchModule:UnityEditor.Search:ASIAI0B' with importer (ScriptedImporter : UnityEditor.QuickSearchModule:UnityEditor.Search:ASIAI0B)
Imported 'GUID: 975d79c0d067edc4a9c5e85cc4da89c8' -> (Import Result ID: 'c894fc1ab002ef03c01a1a45a4321c9c') in 0.011 seconds [static and dynamic dependencies]. Details - ImportResultOutputID=3bdca9d04497d1873f687b344d3a0c0d DependenciesID=636710f49499700d30ff55f7447a701d StaticDependenciesID=031a9fc708b6f75e5bee8d681aa97cfc 
Number of updated asset objects reloaded before import = 0
Number of asset objects unloaded after import = 2
========================================================================
Received Import Request.
  Time of request: 2026-09-30T06:25:06.498508Z
  Time since last request: 0.0004969 seconds.
  importAddress: GUID: a64693f8dd9f95d45ac19d731b8e1773 - Path: Assets/Twinsanity/Baked/Beach/Huba_Scenery_Mesh_417 2.asset - Importer: ScriptedImporter/UnityEditor.QuickSearchModule:UnityEditor.Search:ASIAI0B
Importing 'GUID: a64693f8dd9f95d45ac19d731b8e1773 - Path: Assets/Twinsanity/Baked/Beach/Huba_Scenery_Mesh_417 2.asset - Importer: ScriptedImporter/UnityEditor.QuickSearchModule:UnityEditor.Search:ASIAI0B' with importer (ScriptedImporter : UnityEditor.QuickSearchModule:UnityEditor.Search:ASIAI0B)
Imported 'GUID: a64693f8dd9f95d45ac19d731b8e1773' -> (Import Result ID: 'd454124519774667fda0226a6c928122') in 0.007 seconds [static and dynamic dependencies]. Details - ImportResultOutputID=a9e425eb060743077da14e4672e4e9a4 DependenciesID=3900c4931c12d22ef65af9280636f3dd StaticDependenciesID=26b45ff72831918fd6259c532aa65e3b 
Number of updated asset objects reloaded before import = 0
Number of asset objects unloaded after import = 1
========================================================================
Received Import Request.
  Time of request: 2026-09-30T06:25:06.5080192Z
  Time since last request: 0.0018838 seconds.
  importAddress: GUID: 0c7ec7daab7000c4fb0a7d35ad88884b - Path: Assets/Twinsanity/Baked/Beach/Material_436 2.mat - Importer: ScriptedImporter/UnityEditor.QuickSearchModule:UnityEditor.Search:ASIAI0B
Importing 'GUID: 0c7ec7daab7000c4fb0a7d35ad88884b - Path: Assets/Twinsanity/Baked/Beach/Material_436 2.mat - Importer: ScriptedImporter/UnityEditor.QuickSearchModule:UnityEditor.Search:ASIAI0B' with importer (ScriptedImporter : UnityEditor.QuickSearchModule:UnityEditor.Search:ASIAI0B)
Imported 'GUID: 0c7ec7daab7000c4fb0a7d35ad88884b' -> (Import Result ID: 'c9862e93b8eab428366cd7f583015514') in 0.008 seconds [static and dynamic dependencies]. Details - ImportResultOutputID=683369147656b911debbacc9c2f482d2 DependenciesID=a7f4770a9ba58c0616e418f98dc0db17 StaticDependenciesID=dd49a26ba23c3464c4011b0195df6979 
Number of updated asset objects reloaded before import = 0
Number of asset objects unloaded after import = 2
========================================================================
Received Import Request.
  Time of request: 2026-09-30T06:25:06.5175165Z
  Time since last request: 0.0005228 seconds.
  importAddress: GUID: 9042a976b0ae27343afc4b2a9691c933 - Path: Assets/Twinsanity/Baked/Beach/Huba_Scenery_Mesh_408 2.asset - Importer: ScriptedImporter/UnityEditor.QuickSearchModule:UnityEditor.Search:ASIAI0B
Importing 'GUID: 9042a976b0ae27343afc4b2a9691c933 - Path: Assets/Twinsanity/Baked/Beach/Huba_Scenery_Mesh_408 2.asset - Importer: ScriptedImporter/UnityEditor.QuickSearchModule:UnityEditor.Search:ASIAI0B' with importer (ScriptedImporter : UnityEditor.QuickSearchModule:UnityEditor.Search:ASIAI0B)
Imported 'GUID: 9042a976b0ae27343afc4b2a9691c933' -> (Import Result ID: '7cbfa7c3f96296dd2cb25a6ad6162e83') in 0.007 seconds [static and dynamic dependencies]. Details - ImportResultOutputID=642016eba7c94f2d63d557ba583c38e2 DependenciesID=eaecffdeb0bf528fa09f088a01cb595d StaticDependenciesID=c0d2f4e3333abce1a88cecd2009285ca 
Number of updated asset objects reloaded before import = 0
Number of asset objects unloaded after import = 1
========================================================================
Received Import Request.
  Time of request: 2026-09-30T06:25:06.525414Z
  Time since last request: 0.0006791 seconds.
  importAddress: GUID: 8543fb27335d41745ab3d55f8244d515 - Path: Assets/Twinsanity/Baked/Beach/Material_416 2.mat - Importer: ScriptedImporter/UnityEditor.QuickSearchModule:UnityEditor.Search:ASIAI0B
Importing 'GUID: 8543fb27335d41745ab3d55f8244d515 - Path: Assets/Twinsanity/Baked/Beach/Material_416 2.mat - Importer: ScriptedImporter/UnityEditor.QuickSearchModule:UnityEditor.Search:ASIAI0B' with importer (ScriptedImporter : UnityEditor.QuickSearchModule:UnityEditor.Search:ASIAI0B)
Imported 'GUID: 8543fb27335d41745ab3d55f8244d515' -> (Import Result ID: 'd19ea2822f4137d549214060aa7c32b8') in 0.008 seconds [static and dynamic dependencies]. Details - ImportResultOutputID=5411ba94bcd221a0aea5a99705523456 DependenciesID=31180bd89d1edb865da36810c15921c2 StaticDependenciesID=8136d62ef4c59845ebad939cd1717d71 
Number of updated asset objects reloaded before import = 0
Number of asset objects unloaded after import = 2
========================================================================
Received Import Request.
  Time of request: 2026-09-30T06:25:06.5360633Z
  Time since last request: 0.0015717 seconds.
  importAddress: GUID: 4a9f733b2ba51be4ca4880182a0a59fa - Path: Assets/Twinsanity/Baked/Beach/Huba_Scenery_Mesh_385 2.asset - Importer: ScriptedImporter/UnityEditor.QuickSearchModule:UnityEditor.Search:ASIAI0B
Importing 'GUID: 4a9f733b2ba51be4ca4880182a0a59fa - Path: Assets/Twinsanity/Baked/Beach/Huba_Scenery_Mesh_385 2.asset - Importer: ScriptedImporter/UnityEditor.QuickSearchModule:UnityEditor.Search:ASIAI0B' with importer (ScriptedImporter : UnityEditor.QuickSearchModule:UnityEditor.Search:ASIAI0B)
Imported 'GUID: 4a9f733b2ba51be4ca4880182a0a59fa' -> (Import Result ID: '9cdeb0c42f6ea0e75c2f0f3d8cbd5290') in 0.006 seconds [static and dynamic dependencies]. Details - ImportResultOutputID=907e59b5705023e36c36c689d27f249a DependenciesID=52cc28ca8bc0cab9c2f8a2211face962 StaticDependenciesID=771ab40309e3a1e25280aa9fe06831e3 
Number of updated asset objects reloaded before import = 0
Number of asset objects unloaded after import = 1
========================================================================
Received Import Request.
  Time of request: 2026-09-30T06:25:06.5434001Z
  Time since last request: 0.0007286 seconds.
  importAddress: GUID: 47f9cc3ef23cecc449a639025cbc8eff - Path: Assets/Twinsanity/Baked/Beach/Huba_Scenery_Mesh_390 2.asset - Importer: ScriptedImporter/UnityEditor.QuickSearchModule:UnityEditor.Search:ASIAI0B
Importing 'GUID: 47f9cc3ef23cecc449a639025cbc8eff - Path: Assets/Twinsanity/Baked/Beach/Huba_Scenery_Mesh_390 2.asset - Importer: ScriptedImporter/UnityEditor.QuickSearchModule:UnityEditor.Search:ASIAI0B' with importer (ScriptedImporter : UnityEditor.QuickSearchModule:UnityEditor.Search:ASIAI0B)
Imported 'GUID: 47f9cc3ef23cecc449a639025cbc8eff' -> (Import Result ID: '4a5f7062420a2bed75e356404eae7bf9') in 0.008 seconds [static and dynamic dependencies]. Details - ImportResultOutputID=ecc5107996e624e1621695e719ec71d9 DependenciesID=d46dad80d8e8a081bf5ef49c381d0c7b StaticDependenciesID=f0882816f01a454ca80a531271b7c244 
Number of updated asset objects reloaded before import = 0
Number of asset objects unloaded after import = 1
========================================================================
Received Import Request.
  Time of request: 2026-09-30T06:25:06.5527024Z
  Time since last request: 0.0006296 seconds.
  importAddress: GUID: f3e0bcf4eff5a59499f2da3e7022442b - Path: Assets/Twinsanity/Baked/Beach/Material_427 2.mat - Importer: ScriptedImporter/UnityEditor.QuickSearchModule:UnityEditor.Search:ASIAI0B
Importing 'GUID: f3e0bcf4eff5a59499f2da3e7022442b - Path: Assets/Twinsanity/Baked/Beach/Material_427 2.mat - Importer: ScriptedImporter/UnityEditor.QuickSearchModule:UnityEditor.Search:ASIAI0B' with importer (ScriptedImporter : UnityEditor.QuickSearchModule:UnityEditor.Search:ASIAI0B)
Imported 'GUID: f3e0bcf4eff5a59499f2da3e7022442b' -> (Import Result ID: '2416ee1a5ee72a33828ed549a76fbfc8') in 0.010 seconds [static and dynamic dependencies]. Details - ImportResultOutputID=c69b5f0e2978500c6177a4f15fc7c756 DependenciesID=324f8f6f0a89fc87be1f72c0320d59af StaticDependenciesID=ca9126e0f82807c7b9679b91b195b886 
Number of updated asset objects reloaded before import = 0
Number of asset objects unloaded after import = 2
========================================================================
Received Import Request.
  Time of request: 2026-09-30T06:25:06.5633711Z
  Time since last request: 0.0005533 seconds.
  importAddress: GUID: 1e2d4681132d39f4185ea4b8f3c1d685 - Path: Assets/Twinsanity/Baked/Beach/Huba_Scenery_Mesh_439 2.asset - Importer: ScriptedImporter/UnityEditor.QuickSearchModule:UnityEditor.Search:ASIAI0B
Importing 'GUID: 1e2d4681132d39f4185ea4b8f3c1d685 - Path: Assets/Twinsanity/Baked/Beach/Huba_Scenery_Mesh_439 2.asset - Importer: ScriptedImporter/UnityEditor.QuickSearchModule:UnityEditor.Search:ASIAI0B' with importer (ScriptedImporter : UnityEditor.QuickSearchModule:UnityEditor.Search:ASIAI0B)
Imported 'GUID: 1e2d4681132d39f4185ea4b8f3c1d685' -> (Import Result ID: 'e899b0679f9aef0fc5a9800a3f4b5a6d') in 0.007 seconds [static and dynamic dependencies]. Details - ImportResultOutputID=746447d3c02a7a696e564509ed3c191e DependenciesID=e8e8d6fbbc302891c08b8e24be3a365a StaticDependenciesID=07809309ab6a5d0a5e7fef332ce48d83 
Number of updated asset objects reloaded before import = 0
Number of asset objects unloaded after import = 1
========================================================================
Received Import Request.
  Time of request: 2026-09-30T06:25:06.571316Z
  Time since last request: 0.0006095 seconds.
  importAddress: GUID: cfe1ed3fe3eb1f441955c4e97c77f0f5 - Path: Assets/Twinsanity/Baked/Beach/Huba_Scenery_Mesh_433 2.asset - Importer: ScriptedImporter/UnityEditor.QuickSearchModule:UnityEditor.Search:ASIAI0B
Importing 'GUID: cfe1ed3fe3eb1f441955c4e97c77f0f5 - Path: Assets/Twinsanity/Baked/Beach/Huba_Scenery_Mesh_433 2.asset - Importer: ScriptedImporter/UnityEditor.QuickSearchModule:UnityEditor.Search:ASIAI0B' with importer (ScriptedImporter : UnityEditor.QuickSearchModule:UnityEditor.Search:ASIAI0B)
Imported 'GUID: cfe1ed3fe3eb1f441955c4e97c77f0f5' -> (Import Result ID: 'e34952358ff1c856d762b3283d154a6f') in 0.006 seconds [static and dynamic dependencies]. Details - ImportResultOutputID=e28c1fd6bfb2aa33989cc26f695e4753 DependenciesID=6fb63e6b68297eaa3b07a611c45a7b28 StaticDependenciesID=64c7c0e886be59b205a65cb657ec40be 
Number of updated asset objects reloaded before import = 0
Number of asset objects unloaded after import = 1
========================================================================
Received Import Request.
  Time of request: 2026-09-30T06:25:06.5787939Z
  Time since last request: 0.0011073 seconds.
  importAddress: GUID: 83eac972ed3a22c4585bf6575ca1d8ed - Path: Assets/Twinsanity/Baked/Beach/Huba_Scenery_Mesh_405 2.asset - Importer: ScriptedImporter/UnityEditor.QuickSearchModule:UnityEditor.Search:ASIAI0B
Importing 'GUID: 83eac972ed3a22c4585bf6575ca1d8ed - Path: Assets/Twinsanity/Baked/Beach/Huba_Scenery_Mesh_405 2.asset - Importer: ScriptedImporter/UnityEditor.QuickSearchModule:UnityEditor.Search:ASIAI0B' with importer (ScriptedImporter : UnityEditor.QuickSearchModule:UnityEditor.Search:ASIAI0B)
Imported 'GUID: 83eac972ed3a22c4585bf6575ca1d8ed' -> (Import Result ID: '96fdf74870896d378343528e3f893df9') in 0.006 seconds [static and dynamic dependencies]. Details - ImportResultOutputID=c2216cb2b9a554ba89a44c50d01a9f8c DependenciesID=5bb661dbf2766e4fc018eeafb20d023d StaticDependenciesID=17803cea588cf06d8bc52abecbeb6b0e 
Number of updated asset objects reloaded before import = 0
Number of asset objects unloaded after import = 1
========================================================================
Received Import Request.
  Time of request: 2026-09-30T06:25:06.5862234Z
  Time since last request: 0.0005212 seconds.
  importAddress: GUID: 1cd0bb5f4d4b03549ad918eec3a12175 - Path: Assets/Twinsanity/Baked/Beach/Huba_Scenery_Mesh_438 2.asset - Importer: ScriptedImporter/UnityEditor.QuickSearchModule:UnityEditor.Search:ASIAI0B
Importing 'GUID: 1cd0bb5f4d4b03549ad918eec3a12175 - Path: Assets/Twinsanity/Baked/Beach/Huba_Scenery_Mesh_438 2.asset - Importer: ScriptedImporter/UnityEditor.QuickSearchModule:UnityEditor.Search:ASIAI0B' with importer (ScriptedImporter : UnityEditor.QuickSearchModule:UnityEditor.Search:ASIAI0B)
Imported 'GUID: 1cd0bb5f4d4b03549ad918eec3a12175' -> (Import Result ID: '6f057a21c4e50edd0bf74233e02e94c8') in 0.006 seconds [static and dynamic dependencies]. Details - ImportResultOutputID=9bf2c788e4a1f6ee3e42e700c720dd35 DependenciesID=dac9ce0a17adbc4b57286566bedf1384 StaticDependenciesID=2369e1d28048b0be71f6cec29a299e06 
Number of updated asset objects reloaded before import = 0
Number of asset objects unloaded after import = 1
========================================================================
Received Import Request.
  Time of request: 2026-09-30T06:25:06.5932158Z
  Time since last request: 0.0005358 seconds.
  importAddress: GUID: dc008503a128d8b40bfa9c8a5bd89168 - Path: Assets/Twinsanity/Baked/Beach/Huba_Scenery_Mesh_399 2.asset - Importer: ScriptedImporter/UnityEditor.QuickSearchModule:UnityEditor.Search:ASIAI0B
Importing 'GUID: dc008503a128d8b40bfa9c8a5bd89168 - Path: Assets/Twinsanity/Baked/Beach/Huba_Scenery_Mesh_399 2.asset - Importer: ScriptedImporter/UnityEditor.QuickSearchModule:UnityEditor.Search:ASIAI0B' with importer (ScriptedImporter : UnityEditor.QuickSearchModule:UnityEditor.Search:ASIAI0B)
Imported 'GUID: dc008503a128d8b40bfa9c8a5bd89168' -> (Import Result ID: '9982782440fa8a5be5f91b37badc1ebe') in 0.007 seconds [static and dynamic dependencies]. Details - ImportResultOutputID=48a729485c933641a81252a4052bde1b DependenciesID=62e9f393e899fbc01540187d6bbfd401 StaticDependenciesID=3afea64886b947cf443368fc9a73115f 
Number of updated asset objects reloaded before import = 0
Number of asset objects unloaded after import = 1
========================================================================
Received Import Request.
  Time of request: 2026-09-30T06:25:06.6016422Z
  Time since last request: 0.0005988 seconds.
  importAddress: GUID: 76ffabcc1f0ed0d46a8bfb0593b47722 - Path: Assets/Twinsanity/Baked/Beach/Material_429 2.mat - Importer: ScriptedImporter/UnityEditor.QuickSearchModule:UnityEditor.Search:ASIAI0B
Importing 'GUID: 76ffabcc1f0ed0d46a8bfb0593b47722 - Path: Assets/Twinsanity/Baked/Beach/Material_429 2.mat - Importer: ScriptedImporter/UnityEditor.QuickSearchModule:UnityEditor.Search:ASIAI0B' with importer (ScriptedImporter : UnityEditor.QuickSearchModule:UnityEditor.Search:ASIAI0B)
Imported 'GUID: 76ffabcc1f0ed0d46a8bfb0593b47722' -> (Import Result ID: 'e608ff675b9b0e540f7a07edacff7935') in 0.006 seconds [static and dynamic dependencies]. Details - ImportResultOutputID=d8abb5287afe24330d28f3ce46d2810b DependenciesID=2a28f00d9a324b5eeaf08a304f4aa683 StaticDependenciesID=f7294a0037f40c2c175f115a636908d3 
Number of updated asset objects reloaded before import = 0
Number of asset objects unloaded after import = 2
========================================================================
Received Import Request.
  Time of request: 2026-09-30T06:25:06.6090611Z
  Time since last request: 0.0005606 seconds.
  importAddress: GUID: 3546257a941be6d4683c95c8dd3011d4 - Path: Assets/Twinsanity/Baked/Beach/Huba_Scenery_Mesh_440 2.asset - Importer: ScriptedImporter/UnityEditor.QuickSearchModule:UnityEditor.Search:ASIAI0B
Importing 'GUID: 3546257a941be6d4683c95c8dd3011d4 - Path: Assets/Twinsanity/Baked/Beach/Huba_Scenery_Mesh_440 2.asset - Importer: ScriptedImporter/UnityEditor.QuickSearchModule:UnityEditor.Search:ASIAI0B' with importer (ScriptedImporter : UnityEditor.QuickSearchModule:UnityEditor.Search:ASIAI0B)
Imported 'GUID: 3546257a941be6d4683c95c8dd3011d4' -> (Import Result ID: '8eba2b670359f8ed4e316b2ebebd1b90') in 0.005 seconds [static and dynamic dependencies]. Details - ImportResultOutputID=b6eaf70e7e2c088bc0971054aa75cdaf DependenciesID=375ef157831725b74813045a1e8db733 StaticDependenciesID=d670bc71a0d22a1beaac3fec63e239aa 
Number of updated asset objects reloaded before import = 0
Number of asset objects unloaded after import = 1
========================================================================
Received Import Request.
  Time of request: 2026-09-30T06:25:06.615018Z
  Time since last request: 0.0005185 seconds.
  importAddress: GUID: 9d2771997fa850f48b4f6e3982d42cc8 - Path: Assets/Twinsanity/Baked/Beach/Material_420 2.mat - Importer: ScriptedImporter/UnityEditor.QuickSearchModule:UnityEditor.Search:ASIAI0B
Importing 'GUID: 9d2771997fa850f48b4f6e3982d42cc8 - Path: Assets/Twinsanity/Baked/Beach/Material_420 2.mat - Importer: ScriptedImporter/UnityEditor.QuickSearchModule:UnityEditor.Search:ASIAI0B' with importer (ScriptedImporter : UnityEditor.QuickSearchModule:UnityEditor.Search:ASIAI0B)
Imported 'GUID: 9d2771997fa850f48b4f6e3982d42cc8' -> (Import Result ID: '0d414e92409af36eab11c116119969a2') in 0.007 seconds [static and dynamic dependencies]. Details - ImportResultOutputID=acd6e0b5d65f037f5b455c18caeb90dc DependenciesID=f31ab5155c99d61f11b1c5afca459009 StaticDependenciesID=61c9f37d19337470d7b51045f59114d2 
Number of updated asset objects reloaded before import = 0
Number of asset objects unloaded after import = 2
========================================================================
Received Import Request.
  Time of request: 2026-09-30T06:25:06.622584Z
  Time since last request: 0.000517 seconds.
  importAddress: GUID: 7c8344a575959d9418c63a8a821009de - Path: Assets/Twinsanity/Baked/Beach/Material_413 2.mat - Importer: ScriptedImporter/UnityEditor.QuickSearchModule:UnityEditor.Search:ASIAI0B
Importing 'GUID: 7c8344a575959d9418c63a8a821009de - Path: Assets/Twinsanity/Baked/Beach/Material_413 2.mat - Importer: ScriptedImporter/UnityEditor.QuickSearchModule:UnityEditor.Search:ASIAI0B' with importer (ScriptedImporter : UnityEditor.QuickSearchModule:UnityEditor.Search:ASIAI0B)
Imported 'GUID: 7c8344a575959d9418c63a8a821009de' -> (Import Result ID: '6d08d65912edbcf3aa08eafcf82f4e7a') in 0.006 seconds [static and dynamic dependencies]. Details - ImportResultOutputID=25fb9f4bbad236f4d1b01c4d758509f8 DependenciesID=69f57a0820044b5f384528db36d5e0e6 StaticDependenciesID=28c11a787d175d65ec8d00bc5718e2f6 
Number of updated asset objects reloaded before import = 0
Number of asset objects unloaded after import = 2
========================================================================
Received Import Request.
  Time of request: 2026-09-30T06:25:06.6292722Z
  Time since last request: 0.0005797 seconds.
  importAddress: GUID: 92bc1f42d7b5a9e4ab25104b8e7f2a6a - Path: Assets/Twinsanity/Baked/Beach/Huba_Scenery_Mesh_379 2.asset - Importer: ScriptedImporter/UnityEditor.QuickSearchModule:UnityEditor.Search:ASIAI0B
Importing 'GUID: 92bc1f42d7b5a9e4ab25104b8e7f2a6a - Path: Assets/Twinsanity/Baked/Beach/Huba_Scenery_Mesh_379 2.asset - Importer: ScriptedImporter/UnityEditor.QuickSearchModule:UnityEditor.Search:ASIAI0B' with importer (ScriptedImporter : UnityEditor.QuickSearchModule:UnityEditor.Search:ASIAI0B)
Imported 'GUID: 92bc1f42d7b5a9e4ab25104b8e7f2a6a' -> (Import Result ID: '6f44643857720333eac7fa76d1e46182') in 0.005 seconds [static and dynamic dependencies]. Details - ImportResultOutputID=c1b8b9ea76dc1995059634e5d7d98532 DependenciesID=95b65ebd5924a47b83ebc41ed04378bf StaticDependenciesID=1945004ad2736db56446c67ce49f40b0 
Number of updated asset objects reloaded before import = 0
Number of asset objects unloaded after import = 1
========================================================================
Received Import Request.
  Time of request: 2026-09-30T06:25:06.6348273Z
  Time since last request: 0.0004585 seconds.
  importAddress: GUID: 838f24e21e570aa47b28b5f277f31f0e - Path: Assets/Twinsanity/Baked/Beach/Huba_Scenery_Mesh_421 2.asset - Importer: ScriptedImporter/UnityEditor.QuickSearchModule:UnityEditor.Search:ASIAI0B
Importing 'GUID: 838f24e21e570aa47b28b5f277f31f0e - Path: Assets/Twinsanity/Baked/Beach/Huba_Scenery_Mesh_421 2.asset - Importer: ScriptedImporter/UnityEditor.QuickSearchModule:UnityEditor.Search:ASIAI0B' with importer (ScriptedImporter : UnityEditor.QuickSearchModule:UnityEditor.Search:ASIAI0B)
Imported 'GUID: 838f24e21e570aa47b28b5f277f31f0e' -> (Import Result ID: '0e4f6f2e3fd7701d35be6ec663a4dfdb') in 0.006 seconds [static and dynamic dependencies]. Details - ImportResultOutputID=5c5237619fcd10e5e3e2a77b7156f780 DependenciesID=cc5600a25e15979d983e99c414c2aa40 StaticDependenciesID=3e13acde756487543bcc3a320b2d448d 
Number of updated asset objects reloaded before import = 0
Number of asset objects unloaded after import = 1
========================================================================
Received Import Request.
  Time of request: 2026-09-30T06:25:06.6414568Z
  Time since last request: 0.0005992 seconds.
  importAddress: GUID: 862c5717c75f08c4ea509e4070a5b34d - Path: Assets/Twinsanity/Baked/Beach/Huba_Scenery_Mesh_386 2.asset - Importer: ScriptedImporter/UnityEditor.QuickSearchModule:UnityEditor.Search:ASIAI0B
Importing 'GUID: 862c5717c75f08c4ea509e4070a5b34d - Path: Assets/Twinsanity/Baked/Beach/Huba_Scenery_Mesh_386 2.asset - Importer: ScriptedImporter/UnityEditor.QuickSearchModule:UnityEditor.Search:ASIAI0B' with importer (ScriptedImporter : UnityEditor.QuickSearchModule:UnityEditor.Search:ASIAI0B)
Imported 'GUID: 862c5717c75f08c4ea509e4070a5b34d' -> (Import Result ID: '3e106b4f52f268a54f276d0bad2c8b8d') in 0.006 seconds [static and dynamic dependencies]. Details - ImportResultOutputID=4ace2191df2d0e8c4b7f5c48f2b37d64 DependenciesID=1dae60e6a12e6d13bca67680501ae409 StaticDependenciesID=b6c8ec058c83c99b8ace3ad275e5e7fb 
Number of updated asset objects reloaded before import = 0
Number of asset objects unloaded after import = 1
========================================================================
Received Import Request.
  Time of request: 2026-09-30T06:25:06.6490955Z
  Time since last request: 0.0012317 seconds.
  importAddress: GUID: 659ece2b0d56fe349a7d5fb98bf7c4b6 - Path: Assets/Twinsanity/Baked/Beach/Huba_Scenery_Mesh_428 2.asset - Importer: ScriptedImporter/UnityEditor.QuickSearchModule:UnityEditor.Search:ASIAI0B
Importing 'GUID: 659ece2b0d56fe349a7d5fb98bf7c4b6 - Path: Assets/Twinsanity/Baked/Beach/Huba_Scenery_Mesh_428 2.asset - Importer: ScriptedImporter/UnityEditor.QuickSearchModule:UnityEditor.Search:ASIAI0B' with importer (ScriptedImporter : UnityEditor.QuickSearchModule:UnityEditor.Search:ASIAI0B)
Imported 'GUID: 659ece2b0d56fe349a7d5fb98bf7c4b6' -> (Import Result ID: 'c890d7e7ad63dc8284372fee7d9c9f54') in 0.008 seconds [static and dynamic dependencies]. Details - ImportResultOutputID=4e30e7a3b426057c75ac8400ac4b3a35 DependenciesID=2d9bb4af27e46a458bb028dd56daa57f StaticDependenciesID=8f87ad9f27acb215721f770a805fc640 
Number of updated asset objects reloaded before import = 0
Number of asset objects unloaded after import = 1
========================================================================
Received Import Request.
  Time of request: 2026-09-30T06:25:06.6581157Z
  Time since last request: 0.0007761 seconds.
  importAddress: GUID: 424704d357c9976428336c98571b2849 - Path: Assets/Twinsanity/Baked/Beach/Material_418 2.mat - Importer: ScriptedImporter/UnityEditor.QuickSearchModule:UnityEditor.Search:ASIAI0B
Importing 'GUID: 424704d357c9976428336c98571b2849 - Path: Assets/Twinsanity/Baked/Beach/Material_418 2.mat - Importer: ScriptedImporter/UnityEditor.QuickSearchModule:UnityEditor.Search:ASIAI0B' with importer (ScriptedImporter : UnityEditor.QuickSearchModule:UnityEditor.Search:ASIAI0B)
Imported 'GUID: 424704d357c9976428336c98571b2849' -> (Import Result ID: '7e08d0ea00de227c117ec04964aa93b2') in 0.007 seconds [static and dynamic dependencies]. Details - ImportResultOutputID=4389c63fb5ef2dd9bef9a4d195101132 DependenciesID=b1e03b2edd2eae94ef0adae1eceb0e60 StaticDependenciesID=47b48edf3a4b978e08076b33136898a3 
Number of updated asset objects reloaded before import = 0
Number of asset objects unloaded after import = 2
========================================================================
Received Import Request.
  Time of request: 2026-09-30T06:25:06.6667613Z
  Time since last request: 0.0006629 seconds.
  importAddress: GUID: 84a0bb9bbac9085409a241296f159da7 - Path: Assets/Twinsanity/Baked/Beach/Material_423 2.mat - Importer: ScriptedImporter/UnityEditor.QuickSearchModule:UnityEditor.Search:ASIAI0B
Importing 'GUID: 84a0bb9bbac9085409a241296f159da7 - Path: Assets/Twinsanity/Baked/Beach/Material_423 2.mat - Importer: ScriptedImporter/UnityEditor.QuickSearchModule:UnityEditor.Search:ASIAI0B' with importer (ScriptedImporter : UnityEditor.QuickSearchModule:UnityEditor.Search:ASIAI0B)
Imported 'GUID: 84a0bb9bbac9085409a241296f159da7' -> (Import Result ID: '3a47d76e1223b317e6b5594201d9641a') in 0.008 seconds [static and dynamic dependencies]. Details - ImportResultOutputID=1f925f57132a5d3c00fef83c0dd6eb79 DependenciesID=3f11981660ae3fb1e8805670fecdcd25 StaticDependenciesID=e76168dd3a456d14164508b041d9206a 
Number of updated asset objects reloaded before import = 0
Number of asset objects unloaded after import = 2
========================================================================
Received Import Request.
  Time of request: 2026-09-30T06:25:06.6764684Z
  Time since last request: 0.0007176 seconds.
  importAddress: GUID: 56f84cc7f9f129046b27c75b1437c399 - Path: Assets/Twinsanity/Baked/Beach/Huba_Scenery_Mesh_383 2.asset - Importer: ScriptedImporter/UnityEditor.QuickSearchModule:UnityEditor.Search:ASIAI0B
Importing 'GUID: 56f84cc7f9f129046b27c75b1437c399 - Path: Assets/Twinsanity/Baked/Beach/Huba_Scenery_Mesh_383 2.asset - Importer: ScriptedImporter/UnityEditor.QuickSearchModule:UnityEditor.Search:ASIAI0B' with importer (ScriptedImporter : UnityEditor.QuickSearchModule:UnityEditor.Search:ASIAI0B)
Imported 'GUID: 56f84cc7f9f129046b27c75b1437c399' -> (Import Result ID: 'f061425fd85e661161cb93e6799e9925') in 0.005 seconds [static and dynamic dependencies]. Details - ImportResultOutputID=80cb671cb2dd61987954b0aa7b9bebb7 DependenciesID=de7cb13409a3868a8883cde4c5cb6feb StaticDependenciesID=e79de632fbb0bb939ac40d18fe7e57de 
Number of updated asset objects reloaded before import = 0
Number of asset objects unloaded after import = 1
========================================================================
Received Import Request.
  Time of request: 2026-09-30T06:25:06.6827374Z
  Time since last request: 0.0007234 seconds.
  importAddress: GUID: 63b2c34f4f4ef3847b474ea0ecd5699d - Path: Assets/Twinsanity/Baked/Beach/Huba_Scenery_Mesh_401 2.asset - Importer: ScriptedImporter/UnityEditor.QuickSearchModule:UnityEditor.Search:ASIAI0B
Importing 'GUID: 63b2c34f4f4ef3847b474ea0ecd5699d - Path: Assets/Twinsanity/Baked/Beach/Huba_Scenery_Mesh_401 2.asset - Importer: ScriptedImporter/UnityEditor.QuickSearchModule:UnityEditor.Search:ASIAI0B' with importer (ScriptedImporter : UnityEditor.QuickSearchModule:UnityEditor.Search:ASIAI0B)
Imported 'GUID: 63b2c34f4f4ef3847b474ea0ecd5699d' -> (Import Result ID: '0c5f2eac474375a3bf1422e65507be7d') in 0.007 seconds [static and dynamic dependencies]. Details - ImportResultOutputID=d71b236df6ea63a949b1fdc8c9f0199b DependenciesID=235df9c4ceba5b0976d118090fe2b3dc StaticDependenciesID=d05c5b42983411ee9dce4e6ab83304a0 
Number of updated asset objects reloaded before import = 0
Number of asset objects unloaded after import = 1
========================================================================
Received Import Request.
  Time of request: 2026-09-30T06:25:06.6910189Z
  Time since last request: 0.0009778 seconds.
  importAddress: GUID: 3cb628fad3beca44ebd8938630ae197b - Path: Assets/Twinsanity/Baked/Beach/Material_397 2.mat - Importer: ScriptedImporter/UnityEditor.QuickSearchModule:UnityEditor.Search:ASIAI0B
Importing 'GUID: 3cb628fad3beca44ebd8938630ae197b - Path: Assets/Twinsanity/Baked/Beach/Material_397 2.mat - Importer: ScriptedImporter/UnityEditor.QuickSearchModule:UnityEditor.Search:ASIAI0B' with importer (ScriptedImporter : UnityEditor.QuickSearchModule:UnityEditor.Search:ASIAI0B)
Imported 'GUID: 3cb628fad3beca44ebd8938630ae197b' -> (Import Result ID: '9200ef0fcf3f0f10991f77ce661969bb') in 0.009 seconds [static and dynamic dependencies]. Details - ImportResultOutputID=c814b634417701ee11e05e8970dcfec5 DependenciesID=b37efc47228b876d41896a09de302cc4 StaticDependenciesID=f32826076262aa9d1cab490f6654081d 
Number of updated asset objects reloaded before import = 0
Number of asset objects unloaded after import = 2
========================================================================
Received Import Request.
  Time of request: 2026-09-30T06:25:06.7013415Z
  Time since last request: 0.0005446 seconds.
  importAddress: GUID: 990e37315444f3849aaa594f53b909b4 - Path: Assets/Twinsanity/Baked/Beach/Huba_Scenery_Mesh_392 2.asset - Importer: ScriptedImporter/UnityEditor.QuickSearchModule:UnityEditor.Search:ASIAI0B
Importing 'GUID: 990e37315444f3849aaa594f53b909b4 - Path: Assets/Twinsanity/Baked/Beach/Huba_Scenery_Mesh_392 2.asset - Importer: ScriptedImporter/UnityEditor.QuickSearchModule:UnityEditor.Search:ASIAI0B' with importer (ScriptedImporter : UnityEditor.QuickSearchModule:UnityEditor.Search:ASIAI0B)
Imported 'GUID: 990e37315444f3849aaa594f53b909b4' -> (Import Result ID: 'd0b040fc0c90ceabac13e3a99ffb4804') in 0.006 seconds [static and dynamic dependencies]. Details - ImportResultOutputID=05c9782881e87b4df26af51fb4dcf402 DependenciesID=55084e56c02e511b7d2f33ad46f78cab StaticDependenciesID=880f4286c630130de357779d73076728 
Number of updated asset objects reloaded before import = 0
Number of asset objects unloaded after import = 1
========================================================================
Received Import Request.
  Time of request: 2026-09-30T06:25:06.708764Z
  Time since last request: 0.0005943 seconds.
  importAddress: GUID: 53558aea250c72942b449c3ab9992188 - Path: Assets/Twinsanity/Baked/Beach/Huba_Scenery_Mesh_441 2.asset - Importer: ScriptedImporter/UnityEditor.QuickSearchModule:UnityEditor.Search:ASIAI0B
Importing 'GUID: 53558aea250c72942b449c3ab9992188 - Path: Assets/Twinsanity/Baked/Beach/Huba_Scenery_Mesh_441 2.asset - Importer: ScriptedImporter/UnityEditor.QuickSearchModule:UnityEditor.Search:ASIAI0B' with importer (ScriptedImporter : UnityEditor.QuickSearchModule:UnityEditor.Search:ASIAI0B)
Imported 'GUID: 53558aea250c72942b449c3ab9992188' -> (Import Result ID: '83dbcc686e725fbb137f8d8a4e05810b') in 0.006 seconds [static and dynamic dependencies]. Details - ImportResultOutputID=7245e6ec4daa540b8f8e6aa9fc618bf8 DependenciesID=22ef996ff9dcbf3b88e0ba6da466a2ea StaticDependenciesID=e335b78a00da9405027472adda91339d 
Number of updated asset objects reloaded before import = 0
Number of asset objects unloaded after import = 1
========================================================================
Received Import Request.
  Time of request: 2026-09-30T06:25:06.7201905Z
  Time since last request: 0.003235 seconds.
  importAddress: GUID: 4f2b61ff1f2f03a43a035d62d42d1082 - Path: Assets/Twinsanity/Baked/Beach/Material_425 2.mat - Importer: ScriptedImporter/UnityEditor.QuickSearchModule:UnityEditor.Search:ASIAI0B
Importing 'GUID: 4f2b61ff1f2f03a43a035d62d42d1082 - Path: Assets/Twinsanity/Baked/Beach/Material_425 2.mat - Importer: ScriptedImporter/UnityEditor.QuickSearchModule:UnityEditor.Search:ASIAI0B' with importer (ScriptedImporter : UnityEditor.QuickSearchModule:UnityEditor.Search:ASIAI0B)
Imported 'GUID: 4f2b61ff1f2f03a43a035d62d42d1082' -> (Import Result ID: 'c68c19a7687998e32ffc0bc36cdda59f') in 0.011 seconds [static and dynamic dependencies]. Details - ImportResultOutputID=f997c609dfa4b09c3dbc0ca53f8ec824 DependenciesID=1baf59d55d86a02724f04d89eb41811f StaticDependenciesID=ae704912f774576c26e3381f4087a873 
Number of updated asset objects reloaded before import = 0
Number of asset objects unloaded after import = 2
========================================================================
Received Import Request.
  Time of request: 2026-09-30T06:25:06.7321078Z
  Time since last request: 0.0004242 seconds.
  importAddress: GUID: 90fc497e655df0149ac0c26a3f193ecd - Path: Assets/Twinsanity/Baked/Beach/Huba_Scenery_Mesh_410 2.asset - Importer: ScriptedImporter/UnityEditor.QuickSearchModule:UnityEditor.Search:ASIAI0B
Importing 'GUID: 90fc497e655df0149ac0c26a3f193ecd - Path: Assets/Twinsanity/Baked/Beach/Huba_Scenery_Mesh_410 2.asset - Importer: ScriptedImporter/UnityEditor.QuickSearchModule:UnityEditor.Search:ASIAI0B' with importer (ScriptedImporter : UnityEditor.QuickSearchModule:UnityEditor.Search:ASIAI0B)
Imported 'GUID: 90fc497e655df0149ac0c26a3f193ecd' -> (Import Result ID: 'e78f593f8b2dc2130eb977a5b0e82778') in 0.007 seconds [static and dynamic dependencies]. Details - ImportResultOutputID=d99829eabaf33103d921808b140ec185 DependenciesID=c6b01feb1dec931c4118838cbb669c6c StaticDependenciesID=a61d23517e2d139d1075ff3d26d0350e 
Number of updated asset objects reloaded before import = 0
Number of asset objects unloaded after import = 1
========================================================================
Received Import Request.
  Time of request: 2026-09-30T06:25:06.7406766Z
  Time since last request: 0.0006026 seconds.
  importAddress: GUID: 61859b44fd9731341827b874b2a534e2 - Path: Assets/Twinsanity/Baked/Beach/Material_402 2.mat - Importer: ScriptedImporter/UnityEditor.QuickSearchModule:UnityEditor.Search:ASIAI0B
Importing 'GUID: 61859b44fd9731341827b874b2a534e2 - Path: Assets/Twinsanity/Baked/Beach/Material_402 2.mat - Importer: ScriptedImporter/UnityEditor.QuickSearchModule:UnityEditor.Search:ASIAI0B' with importer (ScriptedImporter : UnityEditor.QuickSearchModule:UnityEditor.Search:ASIAI0B)
Imported 'GUID: 61859b44fd9731341827b874b2a534e2' -> (Import Result ID: '318e707ef786ba3597cb34fb0e684922') in 0.009 seconds [static and dynamic dependencies]. Details - ImportResultOutputID=3565249be121260a1adeafce61776a7b DependenciesID=045294b601a248a26d897f2267627af5 StaticDependenciesID=de692f8b2c4f3bd6b32dcac38fecae6c 
Number of updated asset objects reloaded before import = 0
Number of asset objects unloaded after import = 2
========================================================================
Received Import Request.
  Time of request: 2026-09-30T06:25:06.7512709Z
  Time since last request: 0.0006085 seconds.
  importAddress: GUID: d8dfc70450152e4459f0cb5990e84c91 - Path: Assets/Twinsanity/Baked/Beach/Material_395 2.mat - Importer: ScriptedImporter/UnityEditor.QuickSearchModule:UnityEditor.Search:ASIAI0B
Importing 'GUID: d8dfc70450152e4459f0cb5990e84c91 - Path: Assets/Twinsanity/Baked/Beach/Material_395 2.mat - Importer: ScriptedImporter/UnityEditor.QuickSearchModule:UnityEditor.Search:ASIAI0B' with importer (ScriptedImporter : UnityEditor.QuickSearchModule:UnityEditor.Search:ASIAI0B)
Imported 'GUID: d8dfc70450152e4459f0cb5990e84c91' -> (Import Result ID: '097ccb870f3dd9a980364ed6fc9589cf') in 0.012 seconds [static and dynamic dependencies]. Details - ImportResultOutputID=39218c22beb847107559bec469a812e2 DependenciesID=5ae74e533892db927b459697a441aba7 StaticDependenciesID=a3daaae0dd38ce6da0f3232d991b9fe6 
Number of updated asset objects reloaded before import = 0
Number of asset objects unloaded after import = 2
========================================================================
Received Import Request.
  Time of request: 2026-09-30T06:25:06.766324Z
  Time since last request: 0.0022698 seconds.
  importAddress: GUID: e66d71c182cc7134e8cf40aa332d0899 - Path: Assets/Twinsanity/Baked/Beach/Huba_Scenery_Mesh_430 2.asset - Importer: ScriptedImporter/UnityEditor.QuickSearchModule:UnityEditor.Search:ASIAI0B
Importing 'GUID: e66d71c182cc7134e8cf40aa332d0899 - Path: Assets/Twinsanity/Baked/Beach/Huba_Scenery_Mesh_430 2.asset - Importer: ScriptedImporter/UnityEditor.QuickSearchModule:UnityEditor.Search:ASIAI0B' with importer (ScriptedImporter : UnityEditor.QuickSearchModule:UnityEditor.Search:ASIAI0B)
Imported 'GUID: e66d71c182cc7134e8cf40aa332d0899' -> (Import Result ID: 'fdfc7d5e39c5bf6545ca6074858caf36') in 0.007 seconds [static and dynamic dependencies]. Details - ImportResultOutputID=8bb91ade2753d5c428c7450b79c97f20 DependenciesID=952bbb47453818bc5f51294865968bce StaticDependenciesID=7f5020470e8456c57d69af906f1d3bf5 
Number of updated asset objects reloaded before import = 0
Number of asset objects unloaded after import = 1
========================================================================
Received Import Request.
  Time of request: 2026-09-30T06:25:06.7753409Z
  Time since last request: 0.0011692 seconds.
  importAddress: GUID: b8aab7fbc63779947a92773de2d8d660 - Path: Assets/Twinsanity/Baked/Beach/Huba_Scenery_Mesh_394 2.asset - Importer: ScriptedImporter/UnityEditor.QuickSearchModule:UnityEditor.Search:ASIAI0B
Importing 'GUID: b8aab7fbc63779947a92773de2d8d660 - Path: Assets/Twinsanity/Baked/Beach/Huba_Scenery_Mesh_394 2.asset - Importer: ScriptedImporter/UnityEditor.QuickSearchModule:UnityEditor.Search:ASIAI0B' with importer (ScriptedImporter : UnityEditor.QuickSearchModule:UnityEditor.Search:ASIAI0B)
Imported 'GUID: b8aab7fbc63779947a92773de2d8d660' -> (Import Result ID: '4670c238c93980ab8ff3651c5fe4de15') in 0.008 seconds [static and dynamic dependencies]. Details - ImportResultOutputID=db7097d516a452d02d9be7e856e83450 DependenciesID=31a4b95eef84003148071e170a36addf StaticDependenciesID=af2749eb494e0e99bffa31fc3e0da501 
Number of updated asset objects reloaded before import = 0
Number of asset objects unloaded after import = 1
========================================================================
Received Import Request.
  Time of request: 2026-09-30T06:25:06.7879046Z
  Time since last request: 0.0030274 seconds.
  importAddress: GUID: a7ca05716b0abfd4bbb0dcb31bca8ed9 - Path: Assets/Twinsanity/Baked/Beach/Material_409 2.mat - Importer: ScriptedImporter/UnityEditor.QuickSearchModule:UnityEditor.Search:ASIAI0B
Importing 'GUID: a7ca05716b0abfd4bbb0dcb31bca8ed9 - Path: Assets/Twinsanity/Baked/Beach/Material_409 2.mat - Importer: ScriptedImporter/UnityEditor.QuickSearchModule:UnityEditor.Search:ASIAI0B' with importer (ScriptedImporter : UnityEditor.QuickSearchModule:UnityEditor.Search:ASIAI0B)
Imported 'GUID: a7ca05716b0abfd4bbb0dcb31bca8ed9' -> (Import Result ID: '06c82ae791714cad1df456d50db090ee') in 0.008 seconds [static and dynamic dependencies]. Details - ImportResultOutputID=9fef1ecf9082179ccf06f0ac89ec69d7 DependenciesID=54c295e1c3113a7a1e6276d8d2c08e9d StaticDependenciesID=f7fa66a27b1d4978053102b98a2a5c43 
Number of updated asset objects reloaded before import = 0
Number of asset objects unloaded after import = 2
========================================================================
Received Import Request.
  Time of request: 2026-09-30T06:25:06.7977869Z
  Time since last request: 0.0006766 seconds.
  importAddress: GUID: 584045df609c07741ae404c9430729f6 - Path: Assets/Twinsanity/Baked/Beach/Huba_Scenery_Mesh_380 2.asset - Importer: ScriptedImporter/UnityEditor.QuickSearchModule:UnityEditor.Search:ASIAI0B
Importing 'GUID: 584045df609c07741ae404c9430729f6 - Path: Assets/Twinsanity/Baked/Beach/Huba_Scenery_Mesh_380 2.asset - Importer: ScriptedImporter/UnityEditor.QuickSearchModule:UnityEditor.Search:ASIAI0B' with importer (ScriptedImporter : UnityEditor.QuickSearchModule:UnityEditor.Search:ASIAI0B)
Imported 'GUID: 584045df609c07741ae404c9430729f6' -> (Import Result ID: '5a8b28afae8eea9cbf89ce0d3f59dc16') in 0.006 seconds [static and dynamic dependencies]. Details - ImportResultOutputID=c6bfdb71786a3e1587d044cabcec6dcd DependenciesID=d188d7e178bd9abf101034d6585f03eb StaticDependenciesID=649a220f8b016d4099993d491dbe627b 
Number of updated asset objects reloaded before import = 0
Number of asset objects unloaded after import = 1
========================================================================
Received Import Request.
  Time of request: 2026-09-30T06:25:06.8186266Z
  Time since last request: 0.0144948 seconds.
  importAddress: GUID: 8a7b40f6eea0b4e4699822307be4c3ec - Path: Assets/Twinsanity/Baked/Beach/Hubb_Scenery_Mesh_496 2.asset - Importer: ScriptedImporter/UnityEditor.QuickSearchModule:UnityEditor.Search:ASIAI0B
Importing 'GUID: 8a7b40f6eea0b4e4699822307be4c3ec - Path: Assets/Twinsanity/Baked/Beach/Hubb_Scenery_Mesh_496 2.asset - Importer: ScriptedImporter/UnityEditor.QuickSearchModule:UnityEditor.Search:ASIAI0B' with importer (ScriptedImporter : UnityEditor.QuickSearchModule:UnityEditor.Search:ASIAI0B)
Imported 'GUID: 8a7b40f6eea0b4e4699822307be4c3ec' -> (Import Result ID: '50337ab96d2b67213bd2a1ba8098ca6a') in 0.006 seconds [static and dynamic dependencies]. Details - ImportResultOutputID=9b2f1b7f07de97dfe537885bcf3bafbe DependenciesID=214cb03aec7a69f41a80e9bfe4cd2893 StaticDependenciesID=79810a5246e03f7a9de9e50202a8b17f 
Number of updated asset objects reloaded before import = 0
Number of asset objects unloaded after import = 1
========================================================================
Received Import Request.
  Time of request: 2026-09-30T06:25:06.8277237Z
  Time since last request: 0.002016 seconds.
  importAddress: GUID: c8a3d1e8ebf1f54448059c474c52306e - Path: Assets/Twinsanity/Baked/Beach/Material_462 2.mat - Importer: ScriptedImporter/UnityEditor.QuickSearchModule:UnityEditor.Search:ASIAI0B
Importing 'GUID: c8a3d1e8ebf1f54448059c474c52306e - Path: Assets/Twinsanity/Baked/Beach/Material_462 2.mat - Importer: ScriptedImporter/UnityEditor.QuickSearchModule:UnityEditor.Search:ASIAI0B' with importer (ScriptedImporter : UnityEditor.QuickSearchModule:UnityEditor.Search:ASIAI0B)
Imported 'GUID: c8a3d1e8ebf1f54448059c474c52306e' -> (Import Result ID: '77950fc13a8f42e392596cec738f8ad1') in 0.008 seconds [static and dynamic dependencies]. Details - ImportResultOutputID=d0e33daf1628c52c55636c9b78a06895 DependenciesID=a7581fdebbf9fffdcc4c899bf4ccb266 StaticDependenciesID=8d70732be206da507a06173a842b06f4 
Number of updated asset objects reloaded before import = 0
Number of asset objects unloaded after import = 2
========================================================================
Received Import Request.
  Time of request: 2026-09-30T06:25:06.8370427Z
  Time since last request: 0.0005603 seconds.
  importAddress: GUID: 9bc5602ffa684334f9f987c9ee062f8f - Path: Assets/Twinsanity/Baked/Beach/Huba_Scenery_Mesh_471 2.asset - Importer: ScriptedImporter/UnityEditor.QuickSearchModule:UnityEditor.Search:ASIAI0B
Importing 'GUID: 9bc5602ffa684334f9f987c9ee062f8f - Path: Assets/Twinsanity/Baked/Beach/Huba_Scenery_Mesh_471 2.asset - Importer: ScriptedImporter/UnityEditor.QuickSearchModule:UnityEditor.Search:ASIAI0B' with importer (ScriptedImporter : UnityEditor.QuickSearchModule:UnityEditor.Search:ASIAI0B)
Imported 'GUID: 9bc5602ffa684334f9f987c9ee062f8f' -> (Import Result ID: 'cb377cf6cc03a3c95b37d5815332867b') in 0.006 seconds [static and dynamic dependencies]. Details - ImportResultOutputID=52eae9e3e8c70255779a1420e0351dbb DependenciesID=213d43f83f5d15db507cf553b2a16911 StaticDependenciesID=0772060a9a7abe64c3c9f856b7f1476d 
Number of updated asset objects reloaded before import = 0
Number of asset objects unloaded after import = 1
========================================================================
Received Import Request.
  Time of request: 2026-09-30T06:25:06.8437268Z
  Time since last request: 0.0005196 seconds.
  importAddress: GUID: b54c099c29f0f974d9b00ff44ee7d75f - Path: Assets/Twinsanity/Baked/Beach/Material_499 2.mat - Importer: ScriptedImporter/UnityEditor.QuickSearchModule:UnityEditor.Search:ASIAI0B
Importing 'GUID: b54c099c29f0f974d9b00ff44ee7d75f - Path: Assets/Twinsanity/Baked/Beach/Material_499 2.mat - Importer: ScriptedImporter/UnityEditor.QuickSearchModule:UnityEditor.Search:ASIAI0B' with importer (ScriptedImporter : UnityEditor.QuickSearchModule:UnityEditor.Search:ASIAI0B)
Imported 'GUID: b54c099c29f0f974d9b00ff44ee7d75f' -> (Import Result ID: '6694c7e16752505ea141494af5ad1ab5') in 0.008 seconds [static and dynamic dependencies]. Details - ImportResultOutputID=0470d086bdc26043a390060a42a79a44 DependenciesID=1a7eacdb658c139451e5713dcbe7ae61 StaticDependenciesID=9d8dee350f9702eed779153f285266e6 
Number of updated asset objects reloaded before import = 0
Number of asset objects unloaded after import = 2
========================================================================
Received Import Request.
  Time of request: 2026-09-30T06:25:06.8526382Z
  Time since last request: 0.0005849 seconds.
  importAddress: GUID: 53c76939525a7b64faa90209f0045604 - Path: Assets/Twinsanity/Baked/Beach/Huba_Scenery_Mesh_450 2.asset - Importer: ScriptedImporter/UnityEditor.QuickSearchModule:UnityEditor.Search:ASIAI0B
Importing 'GUID: 53c76939525a7b64faa90209f0045604 - Path: Assets/Twinsanity/Baked/Beach/Huba_Scenery_Mesh_450 2.asset - Importer: ScriptedImporter/UnityEditor.QuickSearchModule:UnityEditor.Search:ASIAI0B' with importer (ScriptedImporter : UnityEditor.QuickSearchModule:UnityEditor.Search:ASIAI0B)
Imported 'GUID: 53c76939525a7b64faa90209f0045604' -> (Import Result ID: 'b0fa2dce9bfe725eb560e8ec0c11c56f') in 0.010 seconds [static and dynamic dependencies]. Details - ImportResultOutputID=fa5201301138e345801eec7e317544b0 DependenciesID=c42a60821f381f0e243f78a7706ca0b0 StaticDependenciesID=2d3789d0c522078da723ead3c6345f69 
Number of updated asset objects reloaded before import = 0
Number of asset objects unloaded after import = 1
========================================================================
Received Import Request.
  Time of request: 2026-09-30T06:25:06.864252Z
  Time since last request: 0.0009512 seconds.
  importAddress: GUID: 79e18ce5f34965d47b768c8b6a8c0bb4 - Path: Assets/Twinsanity/Baked/Beach/Huba_Scenery_Mesh_461 2.asset - Importer: ScriptedImporter/UnityEditor.QuickSearchModule:UnityEditor.Search:ASIAI0B
Importing 'GUID: 79e18ce5f34965d47b768c8b6a8c0bb4 - Path: Assets/Twinsanity/Baked/Beach/Huba_Scenery_Mesh_461 2.asset - Importer: ScriptedImporter/UnityEditor.QuickSearchModule:UnityEditor.Search:ASIAI0B' with importer (ScriptedImporter : UnityEditor.QuickSearchModule:UnityEditor.Search:ASIAI0B)
Imported 'GUID: 79e18ce5f34965d47b768c8b6a8c0bb4' -> (Import Result ID: '9e5e18c6beb54b9945b24d763aa877e0') in 0.006 seconds [static and dynamic dependencies]. Details - ImportResultOutputID=8d56abfedc2e9f37ae26a578df968c22 DependenciesID=400874925fd472b4c05587eeb34c8ff1 StaticDependenciesID=7add0c5073bb681ec43588f9f186370f 
Number of updated asset objects reloaded before import = 0
Number of asset objects unloaded after import = 1
========================================================================
Received Import Request.
  Time of request: 2026-09-30T06:25:06.8719343Z
  Time since last request: 0.0005311 seconds.
  importAddress: GUID: d119c09f6b90dc64fa20e41bfb7bde3d - Path: Assets/Twinsanity/Baked/Beach/Material_449 2.mat - Importer: ScriptedImporter/UnityEditor.QuickSearchModule:UnityEditor.Search:ASIAI0B
Importing 'GUID: d119c09f6b90dc64fa20e41bfb7bde3d - Path: Assets/Twinsanity/Baked/Beach/Material_449 2.mat - Importer: ScriptedImporter/UnityEditor.QuickSearchModule:UnityEditor.Search:ASIAI0B' with importer (ScriptedImporter : UnityEditor.QuickSearchModule:UnityEditor.Search:ASIAI0B)
Imported 'GUID: d119c09f6b90dc64fa20e41bfb7bde3d' -> (Import Result ID: '5c06fab1e0a0ed3a27bff40932aeedf2') in 0.009 seconds [static and dynamic dependencies]. Details - ImportResultOutputID=468f7603f6244c86d2c83c6c73ecd08c DependenciesID=b4db5d4176d0af0a0d1171f8757c5909 StaticDependenciesID=c2dfa259881564dbcb3e0ff108508611 
Number of updated asset objects reloaded before import = 0
Number of asset objects unloaded after import = 2
========================================================================
Received Import Request.
  Time of request: 2026-09-30T06:25:06.8824915Z
  Time since last request: 0.0008791 seconds.
  importAddress: GUID: 35602a4744a3a7a4fbb1e13dbb25cb8e - Path: Assets/Twinsanity/Baked/Beach/Huba_Scenery_Mesh_467 2.asset - Importer: ScriptedImporter/UnityEditor.QuickSearchModule:UnityEditor.Search:ASIAI0B
Importing 'GUID: 35602a4744a3a7a4fbb1e13dbb25cb8e - Path: Assets/Twinsanity/Baked/Beach/Huba_Scenery_Mesh_467 2.asset - Importer: ScriptedImporter/UnityEditor.QuickSearchModule:UnityEditor.Search:ASIAI0B' with importer (ScriptedImporter : UnityEditor.QuickSearchModule:UnityEditor.Search:ASIAI0B)
Imported 'GUID: 35602a4744a3a7a4fbb1e13dbb25cb8e' -> (Import Result ID: '9eb0e52980d8959736f0bbbcbecd836d') in 0.009 seconds [static and dynamic dependencies]. Details - ImportResultOutputID=2a1328fafda7daee9ab99d008f370884 DependenciesID=10c0f84ae74416f424458f337f16006d StaticDependenciesID=a4e13ec1f9eb2e839c15cf180d853d1b 
Number of updated asset objects reloaded before import = 0
Number of asset objects unloaded after import = 1
========================================================================
Received Import Request.
  Time of request: 2026-09-30T06:25:06.892722Z
  Time since last request: 0.0006585 seconds.
  importAddress: GUID: 601d2dd7e3929ef439b551423466a2a3 - Path: Assets/Twinsanity/Baked/Beach/Huba_Scenery_Mesh_459 2.asset - Importer: ScriptedImporter/UnityEditor.QuickSearchModule:UnityEditor.Search:ASIAI0B
Importing 'GUID: 601d2dd7e3929ef439b551423466a2a3 - Path: Assets/Twinsanity/Baked/Beach/Huba_Scenery_Mesh_459 2.asset - Importer: ScriptedImporter/UnityEditor.QuickSearchModule:UnityEditor.Search:ASIAI0B' with importer (ScriptedImporter : UnityEditor.QuickSearchModule:UnityEditor.Search:ASIAI0B)
Imported 'GUID: 601d2dd7e3929ef439b551423466a2a3' -> (Import Result ID: '31eee7e3b44349fc9c5f6c337f5df807') in 0.006 seconds [static and dynamic dependencies]. Details - ImportResultOutputID=37876f7e38d3a772e9e996218ad8e89f DependenciesID=d296a979945599349bd8da55a2c7e5af StaticDependenciesID=298479599b2d026112151567b69935d3 
Number of updated asset objects reloaded before import = 0
Number of asset objects unloaded after import = 1
========================================================================
Received Import Request.
  Time of request: 2026-09-30T06:25:06.899753Z
  Time since last request: 0.0007294 seconds.
  importAddress: GUID: 2fb4d7789bb9e0b478c383298e36f835 - Path: Assets/Twinsanity/Baked/Beach/Material_483 2.mat - Importer: ScriptedImporter/UnityEditor.QuickSearchModule:UnityEditor.Search:ASIAI0B
Importing 'GUID: 2fb4d7789bb9e0b478c383298e36f835 - Path: Assets/Twinsanity/Baked/Beach/Material_483 2.mat - Importer: ScriptedImporter/UnityEditor.QuickSearchModule:UnityEditor.Search:ASIAI0B' with importer (ScriptedImporter : UnityEditor.QuickSearchModule:UnityEditor.Search:ASIAI0B)
Imported 'GUID: 2fb4d7789bb9e0b478c383298e36f835' -> (Import Result ID: '9c30bb74b88913418dfd953570e22f30') in 0.008 seconds [static and dynamic dependencies]. Details - ImportResultOutputID=38b032c1919106dcf4d38c3c479b5d44 DependenciesID=b76a7d00b4c42c76597a7d6e1be569eb StaticDependenciesID=32056eb9e80dcc019ab226b5b9237dc8 
Number of updated asset objects reloaded before import = 0
Number of asset objects unloaded after import = 2
========================================================================
Received Import Request.
  Time of request: 2026-09-30T06:25:06.9083794Z
  Time since last request: 0.0005097 seconds.
  importAddress: GUID: 2a1ff9eefcd2b944ba125940e18a143a - Path: Assets/Twinsanity/Baked/Beach/Hubb_Scenery_Mesh_474 2.asset - Importer: ScriptedImporter/UnityEditor.QuickSearchModule:UnityEditor.Search:ASIAI0B
Importing 'GUID: 2a1ff9eefcd2b944ba125940e18a143a - Path: Assets/Twinsanity/Baked/Beach/Hubb_Scenery_Mesh_474 2.asset - Importer: ScriptedImporter/UnityEditor.QuickSearchModule:UnityEditor.Search:ASIAI0B' with importer (ScriptedImporter : UnityEditor.QuickSearchModule:UnityEditor.Search:ASIAI0B)
Imported 'GUID: 2a1ff9eefcd2b944ba125940e18a143a' -> (Import Result ID: '4b7f8f228026121b45a487e0a7a4fdab') in 0.006 seconds [static and dynamic dependencies]. Details - ImportResultOutputID=187537ab6bf2dd8c0ddfd8bc0cf420bf DependenciesID=4e74746453f3cbda0c585439be41b61d StaticDependenciesID=f2920a693d2a8ba093cc3db45122d4e8 
Number of updated asset objects reloaded before import = 0
Number of asset objects unloaded after import = 1
========================================================================
Received Import Request.
  Time of request: 2026-09-30T06:25:06.9157394Z
  Time since last request: 0.0007877 seconds.
  importAddress: GUID: 020a7074e098a9a4ab052c70e2c5027b - Path: Assets/Twinsanity/Baked/Beach/Hubb_Scenery_Mesh_498 2.asset - Importer: ScriptedImporter/UnityEditor.QuickSearchModule:UnityEditor.Search:ASIAI0B
Importing 'GUID: 020a7074e098a9a4ab052c70e2c5027b - Path: Assets/Twinsanity/Baked/Beach/Hubb_Scenery_Mesh_498 2.asset - Importer: ScriptedImporter/UnityEditor.QuickSearchModule:UnityEditor.Search:ASIAI0B' with importer (ScriptedImporter : UnityEditor.QuickSearchModule:UnityEditor.Search:ASIAI0B)
Imported 'GUID: 020a7074e098a9a4ab052c70e2c5027b' -> (Import Result ID: '9955c1f7b51dba9f85713278d84681de') in 0.010 seconds [static and dynamic dependencies]. Details - ImportResultOutputID=46ca0b5079cba1b7ebce8eadff7f2890 DependenciesID=62ad63d08d0e40cf5f482e5a958e6cfc StaticDependenciesID=9fce6571dffc63fed25c232905ee3823 
Number of updated asset objects reloaded before import = 0
Number of asset objects unloaded after import = 1
========================================================================
Received Import Request.
  Time of request: 2026-09-30T06:25:06.9269098Z
  Time since last request: 0.0005852 seconds.
  importAddress: GUID: 3c3387054f7c5574ab5665fd66c7d405 - Path: Assets/Twinsanity/Baked/Beach/Hubb_Scenery_Mesh_484 2.asset - Importer: ScriptedImporter/UnityEditor.QuickSearchModule:UnityEditor.Search:ASIAI0B
Importing 'GUID: 3c3387054f7c5574ab5665fd66c7d405 - Path: Assets/Twinsanity/Baked/Beach/Hubb_Scenery_Mesh_484 2.asset - Importer: ScriptedImporter/UnityEditor.QuickSearchModule:UnityEditor.Search:ASIAI0B' with importer (ScriptedImporter : UnityEditor.QuickSearchModule:UnityEditor.Search:ASIAI0B)
Imported 'GUID: 3c3387054f7c5574ab5665fd66c7d405' -> (Import Result ID: 'b50a01e9b5727aa612ffd49205efd34c') in 0.008 seconds [static and dynamic dependencies]. Details - ImportResultOutputID=7b70331ce618a7c210e774ccac088ed5 DependenciesID=83043b062f5041efb9b776a4efb3306a StaticDependenciesID=7f38b473709c9c4f5df147ca2d8f4324 
Number of updated asset objects reloaded before import = 0
Number of asset objects unloaded after import = 1
========================================================================
Received Import Request.
  Time of request: 2026-09-30T06:25:06.9357315Z
  Time since last request: 0.0005877 seconds.
  importAddress: GUID: 0c882ba766fc48749995b818846f163c - Path: Assets/Twinsanity/Baked/Beach/Hubb_Scenery_Mesh_478 2.asset - Importer: ScriptedImporter/UnityEditor.QuickSearchModule:UnityEditor.Search:ASIAI0B
Importing 'GUID: 0c882ba766fc48749995b818846f163c - Path: Assets/Twinsanity/Baked/Beach/Hubb_Scenery_Mesh_478 2.asset - Importer: ScriptedImporter/UnityEditor.QuickSearchModule:UnityEditor.Search:ASIAI0B' with importer (ScriptedImporter : UnityEditor.QuickSearchModule:UnityEditor.Search:ASIAI0B)
Imported 'GUID: 0c882ba766fc48749995b818846f163c' -> (Import Result ID: '8ef36b8d62dcf70fe7d7f940934bc92f') in 0.010 seconds [static and dynamic dependencies]. Details - ImportResultOutputID=1be7c88342847b87bbd1cf0b0bc73e3f DependenciesID=b47a002deee9515ab59d970757a1d736 StaticDependenciesID=d705dcfa6961cb46f73b7e4d07b63122 
Number of updated asset objects reloaded before import = 0
Number of asset objects unloaded after import = 1
========================================================================
Received Import Request.
  Time of request: 2026-09-30T06:25:06.9472544Z
  Time since last request: 0.0007355 seconds.
  importAddress: GUID: 69b6d95daa2fde245ac6984d47a4c312 - Path: Assets/Twinsanity/Baked/Beach/Huba_Scenery_Mesh_448 2.asset - Importer: ScriptedImporter/UnityEditor.QuickSearchModule:UnityEditor.Search:ASIAI0B
Importing 'GUID: 69b6d95daa2fde245ac6984d47a4c312 - Path: Assets/Twinsanity/Baked/Beach/Huba_Scenery_Mesh_448 2.asset - Importer: ScriptedImporter/UnityEditor.QuickSearchModule:UnityEditor.Search:ASIAI0B' with importer (ScriptedImporter : UnityEditor.QuickSearchModule:UnityEditor.Search:ASIAI0B)
Imported 'GUID: 69b6d95daa2fde245ac6984d47a4c312' -> (Import Result ID: '9b62c4272d945f67ef34c6eb31a4ca6d') in 0.010 seconds [static and dynamic dependencies]. Details - ImportResultOutputID=0bfd8d5236f916cbace5a1a5e3752d4c DependenciesID=1e964d5a1679aee2333df6ec8911b2a4 StaticDependenciesID=8c1438876dd2be12d45b2a50154fdc15 
Number of updated asset objects reloaded before import = 0
Number of asset objects unloaded after import = 1
========================================================================
Received Import Request.
  Time of request: 2026-09-30T06:25:06.9584762Z
  Time since last request: 0.0004983 seconds.
  importAddress: GUID: b9136acbb6eed594d9cbe3bcd0b70d13 - Path: Assets/Twinsanity/Baked/Beach/Hubb_Scenery_Mesh_491 2.asset - Importer: ScriptedImporter/UnityEditor.QuickSearchModule:UnityEditor.Search:ASIAI0B
Importing 'GUID: b9136acbb6eed594d9cbe3bcd0b70d13 - Path: Assets/Twinsanity/Baked/Beach/Hubb_Scenery_Mesh_491 2.asset - Importer: ScriptedImporter/UnityEditor.QuickSearchModule:UnityEditor.Search:ASIAI0B' with importer (ScriptedImporter : UnityEditor.QuickSearchModule:UnityEditor.Search:ASIAI0B)
Imported 'GUID: b9136acbb6eed594d9cbe3bcd0b70d13' -> (Import Result ID: 'b29326ca8725fed7e9237e4936567fad') in 0.011 seconds [static and dynamic dependencies]. Details - ImportResultOutputID=041fe94d48f13bcc08dee85c7b82c271 DependenciesID=80870f4e0ece78bc5787976005d26738 StaticDependenciesID=effe1379edfbbb3e1b283e35f84cf7f2 
Number of updated asset objects reloaded before import = 0
Number of asset objects unloaded after import = 1
========================================================================
Received Import Request.
  Time of request: 2026-09-30T06:25:06.9706882Z
  Time since last request: 0.00064 seconds.
  importAddress: GUID: ff2936f4fbe7dde4ab3fb264ce3586ba - Path: Assets/Twinsanity/Baked/Beach/Material_445 2.mat - Importer: ScriptedImporter/UnityEditor.QuickSearchModule:UnityEditor.Search:ASIAI0B
Importing 'GUID: ff2936f4fbe7dde4ab3fb264ce3586ba - Path: Assets/Twinsanity/Baked/Beach/Material_445 2.mat - Importer: ScriptedImporter/UnityEditor.QuickSearchModule:UnityEditor.Search:ASIAI0B' with importer (ScriptedImporter : UnityEditor.QuickSearchModule:UnityEditor.Search:ASIAI0B)
Imported 'GUID: ff2936f4fbe7dde4ab3fb264ce3586ba' -> (Import Result ID: 'ed184f87823f090ff7f67d6dbde26411') in 0.009 seconds [static and dynamic dependencies]. Details - ImportResultOutputID=44d219aeab0a9c0816333e5a43dabeb4 DependenciesID=3fca7c3e93c8eee2a51a64da894b3b57 StaticDependenciesID=07625d10aee534b4e3da04a23a3a30ed 
Number of updated asset objects reloaded before import = 0
Number of asset objects unloaded after import = 2
========================================================================
Received Import Request.
  Time of request: 2026-09-30T06:25:06.9819631Z
  Time since last request: 0.0007444 seconds.
  importAddress: GUID: bd0ef6f85d6962a4c8e3419f81717546 - Path: Assets/Twinsanity/Baked/Beach/Huba_Scenery_Mesh_463 2.asset - Importer: ScriptedImporter/UnityEditor.QuickSearchModule:UnityEditor.Search:ASIAI0B
Importing 'GUID: bd0ef6f85d6962a4c8e3419f81717546 - Path: Assets/Twinsanity/Baked/Beach/Huba_Scenery_Mesh_463 2.asset - Importer: ScriptedImporter/UnityEditor.QuickSearchModule:UnityEditor.Search:ASIAI0B' with importer (ScriptedImporter : UnityEditor.QuickSearchModule:UnityEditor.Search:ASIAI0B)
Imported 'GUID: bd0ef6f85d6962a4c8e3419f81717546' -> (Import Result ID: '2056f1664cbe68a544288514071f71f4') in 0.007 seconds [static and dynamic dependencies]. Details - ImportResultOutputID=5f0131998630928f3ac3133f1a300b9b DependenciesID=8298c5f6bd7aeaf480ced66d0a0ece86 StaticDependenciesID=0594e7303cc2bbee6b7cbb1a657f3b7f 
Number of updated asset objects reloaded before import = 0
Number of asset objects unloaded after import = 1
========================================================================
Received Import Request.
  Time of request: 2026-09-30T06:25:06.9900303Z
  Time since last request: 0.0005773 seconds.
  importAddress: GUID: 8df26e5c5ab591147bcc35f9f475d195 - Path: Assets/Twinsanity/Baked/Beach/Huba_Scenery_Mesh_457 2.asset - Importer: ScriptedImporter/UnityEditor.QuickSearchModule:UnityEditor.Search:ASIAI0B
Importing 'GUID: 8df26e5c5ab591147bcc35f9f475d195 - Path: Assets/Twinsanity/Baked/Beach/Huba_Scenery_Mesh_457 2.asset - Importer: ScriptedImporter/UnityEditor.QuickSearchModule:UnityEditor.Search:ASIAI0B' with importer (ScriptedImporter : UnityEditor.QuickSearchModule:UnityEditor.Search:ASIAI0B)
Imported 'GUID: 8df26e5c5ab591147bcc35f9f475d195' -> (Import Result ID: 'b04b2a724a6470e35ca543dabfed0b7a') in 0.006 seconds [static and dynamic dependencies]. Details - ImportResultOutputID=046502979ebaf3c5246b0239c5a980a2 DependenciesID=2fc20cd4f81dfb3fd62d48451dc867f0 StaticDependenciesID=afcad50198c0324e3995e1c7a95f5d11 
Number of updated asset objects reloaded before import = 0
Number of asset objects unloaded after import = 1
========================================================================
Received Import Request.
  Time of request: 2026-09-30T06:25:06.9970662Z
  Time since last request: 0.0006109 seconds.
  importAddress: GUID: 4736215670770fa4e8900949cc9b47c7 - Path: Assets/Twinsanity/Baked/Beach/Hubb_Scenery_Mesh_494 2.asset - Importer: ScriptedImporter/UnityEditor.QuickSearchModule:UnityEditor.Search:ASIAI0B
Importing 'GUID: 4736215670770fa4e8900949cc9b47c7 - Path: Assets/Twinsanity/Baked/Beach/Hubb_Scenery_Mesh_494 2.asset - Importer: ScriptedImporter/UnityEditor.QuickSearchModule:UnityEditor.Search:ASIAI0B' with importer (ScriptedImporter : UnityEditor.QuickSearchModule:UnityEditor.Search:ASIAI0B)
Imported 'GUID: 4736215670770fa4e8900949cc9b47c7' -> (Import Result ID: '4a50527faac096c721a36778b1a658b4') in 0.009 seconds [static and dynamic dependencies]. Details - ImportResultOutputID=6f1f56b30131c9320a07695e6449d475 DependenciesID=bc0837bf8b50cd7b92c6d092150663ca StaticDependenciesID=be804c672d133aada2918f3160ef1577 
Number of updated asset objects reloaded before import = 0
Number of asset objects unloaded after import = 1
========================================================================
Received Import Request.
  Time of request: 2026-09-30T06:25:07.0076565Z
  Time since last request: 0.0008078 seconds.
  importAddress: GUID: 33a4c00c5318b52499a6ece5bc489b05 - Path: Assets/Twinsanity/Baked/Beach/Hubb_Scenery_Mesh_493 2.asset - Importer: ScriptedImporter/UnityEditor.QuickSearchModule:UnityEditor.Search:ASIAI0B
Importing 'GUID: 33a4c00c5318b52499a6ece5bc489b05 - Path: Assets/Twinsanity/Baked/Beach/Hubb_Scenery_Mesh_493 2.asset - Importer: ScriptedImporter/UnityEditor.QuickSearchModule:UnityEditor.Search:ASIAI0B' with importer (ScriptedImporter : UnityEditor.QuickSearchModule:UnityEditor.Search:ASIAI0B)
Imported 'GUID: 33a4c00c5318b52499a6ece5bc489b05' -> (Import Result ID: 'daf8a0b289b866f296809646accd4fc4') in 0.007 seconds [static and dynamic dependencies]. Details - ImportResultOutputID=93e896d24a62a4b7a97a3b22db47e7ed DependenciesID=96bafbcf984833d785d0321dc695f253 StaticDependenciesID=da788cf384f4f91aa65189fb9bf7ccea 
Number of updated asset objects reloaded before import = 0
Number of asset objects unloaded after import = 1
========================================================================
Received Import Request.
  Time of request: 2026-09-30T06:25:07.0162466Z
  Time since last request: 0.0005127 seconds.
  importAddress: GUID: df5c1389130de5b40b1a34052ca6554c - Path: Assets/Twinsanity/Baked/Beach/Huba_Scenery_Mesh_469 2.asset - Importer: ScriptedImporter/UnityEditor.QuickSearchModule:UnityEditor.Search:ASIAI0B
Importing 'GUID: df5c1389130de5b40b1a34052ca6554c - Path: Assets/Twinsanity/Baked/Beach/Huba_Scenery_Mesh_469 2.asset - Importer: ScriptedImporter/UnityEditor.QuickSearchModule:UnityEditor.Search:ASIAI0B' with importer (ScriptedImporter : UnityEditor.QuickSearchModule:UnityEditor.Search:ASIAI0B)
Imported 'GUID: df5c1389130de5b40b1a34052ca6554c' -> (Import Result ID: '7bd04c5be2e96ba753211025eca12f55') in 0.005 seconds [static and dynamic dependencies]. Details - ImportResultOutputID=3e279478d2a7309335f9bcec52f9f6a6 DependenciesID=07e1342381c5f3a78ba1e4bd18a0d916 StaticDependenciesID=62e8b410c5d2cfa3c7a6ce1ed4faa4e9 
Number of updated asset objects reloaded before import = 0
Number of asset objects unloaded after import = 1
========================================================================
Received Import Request.
  Time of request: 2026-09-30T06:25:07.0220773Z
  Time since last request: 0.0005261 seconds.
  importAddress: GUID: 444aea45f37385f42a84122ed70b664c - Path: Assets/Twinsanity/Baked/Beach/Material_442 2.mat - Importer: ScriptedImporter/UnityEditor.QuickSearchModule:UnityEditor.Search:ASIAI0B
Importing 'GUID: 444aea45f37385f42a84122ed70b664c - Path: Assets/Twinsanity/Baked/Beach/Material_442 2.mat - Importer: ScriptedImporter/UnityEditor.QuickSearchModule:UnityEditor.Search:ASIAI0B' with importer (ScriptedImporter : UnityEditor.QuickSearchModule:UnityEditor.Search:ASIAI0B)
Imported 'GUID: 444aea45f37385f42a84122ed70b664c' -> (Import Result ID: 'ee7a8e54432ec2de2964a6a31d6a148f') in 0.008 seconds [static and dynamic dependencies]. Details - ImportResultOutputID=f1ce10538e46e0038d27825228a9e9aa DependenciesID=31082d34b6295c65bf89b35af31eb0a9 StaticDependenciesID=21c7c6c75d2257716839c9266ecb4aae 
Number of updated asset objects reloaded before import = 0
Number of asset objects unloaded after import = 2
========================================================================
Received Import Request.
  Time of request: 2026-09-30T06:25:07.031735Z
  Time since last request: 0.0013706 seconds.
  importAddress: GUID: 81ff3036e3920754d8b461d9dd3d5e99 - Path: Assets/Twinsanity/Baked/Beach/Hubb_Scenery_Mesh_504 2.asset - Importer: ScriptedImporter/UnityEditor.QuickSearchModule:UnityEditor.Search:ASIAI0B
Importing 'GUID: 81ff3036e3920754d8b461d9dd3d5e99 - Path: Assets/Twinsanity/Baked/Beach/Hubb_Scenery_Mesh_504 2.asset - Importer: ScriptedImporter/UnityEditor.QuickSearchModule:UnityEditor.Search:ASIAI0B' with importer (ScriptedImporter : UnityEditor.QuickSearchModule:UnityEditor.Search:ASIAI0B)
Imported 'GUID: 81ff3036e3920754d8b461d9dd3d5e99' -> (Import Result ID: 'd5c11e54855b812601124ac649703c21') in 0.008 seconds [static and dynamic dependencies]. Details - ImportResultOutputID=04bf1ba4ec536bfc7757083d78117fa5 DependenciesID=72d76254322fea709744fb071d55815d StaticDependenciesID=b7d3d5b1f2d2a072fc9cf6cc8708844e 
Number of updated asset objects reloaded before import = 0
Number of asset objects unloaded after import = 1
========================================================================
Received Import Request.
  Time of request: 2026-09-30T06:25:07.0413897Z
  Time since last request: 0.0007423 seconds.
  importAddress: GUID: c7496aecc43a1c74a84dedf156701ca0 - Path: Assets/Twinsanity/Baked/Beach/Huba_Scenery_Mesh_456 2.asset - Importer: ScriptedImporter/UnityEditor.QuickSearchModule:UnityEditor.Search:ASIAI0B
Importing 'GUID: c7496aecc43a1c74a84dedf156701ca0 - Path: Assets/Twinsanity/Baked/Beach/Huba_Scenery_Mesh_456 2.asset - Importer: ScriptedImporter/UnityEditor.QuickSearchModule:UnityEditor.Search:ASIAI0B' with importer (ScriptedImporter : UnityEditor.QuickSearchModule:UnityEditor.Search:ASIAI0B)
Imported 'GUID: c7496aecc43a1c74a84dedf156701ca0' -> (Import Result ID: 'a187256c9b42affd174b724015e7bb5e') in 0.007 seconds [static and dynamic dependencies]. Details - ImportResultOutputID=78dfdd7d10d2a781c03697d774b7f516 DependenciesID=91308f56944add5ad69c0f92e921c36f StaticDependenciesID=9ff5172777d749a25a46b81a2d419c85 
Number of updated asset objects reloaded before import = 0
Number of asset objects unloaded after import = 1
========================================================================
Received Import Request.
  Time of request: 2026-09-30T06:25:07.0496018Z
  Time since last request: 0.0006165 seconds.
  importAddress: GUID: e1542003a4fa30e40b06f14bb8252912 - Path: Assets/Twinsanity/Baked/Beach/Huba_Scenery_Mesh_443 2.asset - Importer: ScriptedImporter/UnityEditor.QuickSearchModule:UnityEditor.Search:ASIAI0B
Importing 'GUID: e1542003a4fa30e40b06f14bb8252912 - Path: Assets/Twinsanity/Baked/Beach/Huba_Scenery_Mesh_443 2.asset - Importer: ScriptedImporter/UnityEditor.QuickSearchModule:UnityEditor.Search:ASIAI0B' with importer (ScriptedImporter : UnityEditor.QuickSearchModule:UnityEditor.Search:ASIAI0B)
Imported 'GUID: e1542003a4fa30e40b06f14bb8252912' -> (Import Result ID: 'bf00d584083bded875d82d3ffcfed1e7') in 0.006 seconds [static and dynamic dependencies]. Details - ImportResultOutputID=4222f9561bee7f755c810b77aaa54e75 DependenciesID=1f8f8965418994b3ea6542379c5bc964 StaticDependenciesID=5c91f8560d7257dcc463757406d9d1f5 
Number of updated asset objects reloaded before import = 0
Number of asset objects unloaded after import = 1
========================================================================
Received Import Request.
  Time of request: 2026-09-30T06:25:07.056619Z
  Time since last request: 0.0007304 seconds.
  importAddress: GUID: 26caddacf5938ba4ab50486ec6fbab11 - Path: Assets/Twinsanity/Baked/Beach/Hubb_Scenery_Mesh_502 2.asset - Importer: ScriptedImporter/UnityEditor.QuickSearchModule:UnityEditor.Search:ASIAI0B
Importing 'GUID: 26caddacf5938ba4ab50486ec6fbab11 - Path: Assets/Twinsanity/Baked/Beach/Hubb_Scenery_Mesh_502 2.asset - Importer: ScriptedImporter/UnityEditor.QuickSearchModule:UnityEditor.Search:ASIAI0B' with importer (ScriptedImporter : UnityEditor.QuickSearchModule:UnityEditor.Search:ASIAI0B)
Imported 'GUID: 26caddacf5938ba4ab50486ec6fbab11' -> (Import Result ID: '79bebdbf4d32198b77e0f1b7ce264805') in 0.013 seconds [static and dynamic dependencies]. Details - ImportResultOutputID=82feac0615a2a2f3596e76315a488e60 DependenciesID=29fbc23cd496a31d11de4500577e8bb2 StaticDependenciesID=e6ceeae9eaa4ad8d0cf96b53d792b25f 
Number of updated asset objects reloaded before import = 0
Number of asset objects unloaded after import = 1
========================================================================
Received Import Request.
  Time of request: 2026-09-30T06:25:07.0706123Z
  Time since last request: 0.000607 seconds.
  importAddress: GUID: bd7b23c8a1daf074da281ed9e79928de - Path: Assets/Twinsanity/Baked/Beach/Huba_Scenery_Mesh_452 2.asset - Importer: ScriptedImporter/UnityEditor.QuickSearchModule:UnityEditor.Search:ASIAI0B
Importing 'GUID: bd7b23c8a1daf074da281ed9e79928de - Path: Assets/Twinsanity/Baked/Beach/Huba_Scenery_Mesh_452 2.asset - Importer: ScriptedImporter/UnityEditor.QuickSearchModule:UnityEditor.Search:ASIAI0B' with importer (ScriptedImporter : UnityEditor.QuickSearchModule:UnityEditor.Search:ASIAI0B)
Imported 'GUID: bd7b23c8a1daf074da281ed9e79928de' -> (Import Result ID: '4658c20acfbab96fd5d99f3a0918806d') in 0.008 seconds [static and dynamic dependencies]. Details - ImportResultOutputID=65bbf3e0544718814ac675ee74d315ca DependenciesID=aa8ebe58d772487716f5066fbca0df88 StaticDependenciesID=1625479990ac017a6640c18b44c22d8d 
Number of updated asset objects reloaded before import = 0
Number of asset objects unloaded after import = 1
========================================================================
Received Import Request.
  Time of request: 2026-09-30T06:25:07.0792222Z
  Time since last request: 0.0006016 seconds.
  importAddress: GUID: a1ba60b84fc2ba74eaf97d010869a2e9 - Path: Assets/Twinsanity/Baked/Beach/Material_505 2.mat - Importer: ScriptedImporter/UnityEditor.QuickSearchModule:UnityEditor.Search:ASIAI0B
Importing 'GUID: a1ba60b84fc2ba74eaf97d010869a2e9 - Path: Assets/Twinsanity/Baked/Beach/Material_505 2.mat - Importer: ScriptedImporter/UnityEditor.QuickSearchModule:UnityEditor.Search:ASIAI0B' with importer (ScriptedImporter : UnityEditor.QuickSearchModule:UnityEditor.Search:ASIAI0B)
Imported 'GUID: a1ba60b84fc2ba74eaf97d010869a2e9' -> (Import Result ID: '6cf06c3f570eb149580a4748a307b692') in 0.008 seconds [static and dynamic dependencies]. Details - ImportResultOutputID=b126e6cf12929515d97fdc0458612e89 DependenciesID=a4e8b96beee9f810833cd470f0eb22fc StaticDependenciesID=552ef1cd81416f191256aa8f1b127fa3 
Number of updated asset objects reloaded before import = 0
Number of asset objects unloaded after import = 2
========================================================================
Received Import Request.
  Time of request: 2026-09-30T06:25:07.089858Z
  Time since last request: 0.0016427 seconds.
  importAddress: GUID: f8119bbfe4010af4481149ee43bee564 - Path: Assets/Twinsanity/Baked/Beach/Hubb_Scenery_Mesh_488 2.asset - Importer: ScriptedImporter/UnityEditor.QuickSearchModule:UnityEditor.Search:ASIAI0B
Importing 'GUID: f8119bbfe4010af4481149ee43bee564 - Path: Assets/Twinsanity/Baked/Beach/Hubb_Scenery_Mesh_488 2.asset - Importer: ScriptedImporter/UnityEditor.QuickSearchModule:UnityEditor.Search:ASIAI0B' with importer (ScriptedImporter : UnityEditor.QuickSearchModule:UnityEditor.Search:ASIAI0B)
Imported 'GUID: f8119bbfe4010af4481149ee43bee564' -> (Import Result ID: 'b678b52d57364692fa23f8f40a85c7c9') in 0.015 seconds [static and dynamic dependencies]. Details - ImportResultOutputID=02ea3195e104cede3fdf13c9035689b6 DependenciesID=6f544cab78ec8fdf74fa28e979f94351 StaticDependenciesID=82956cc589076273431ec3073c8a8100 
Number of updated asset objects reloaded before import = 0
Number of asset objects unloaded after import = 1
========================================================================
Received Import Request.
  Time of request: 2026-09-30T06:25:07.107225Z
  Time since last request: 0.0009799 seconds.
  importAddress: GUID: ef0b7fbf2730be74bbd224cda9b0d8de - Path: Assets/Twinsanity/Baked/Beach/Material_501 2.mat - Importer: ScriptedImporter/UnityEditor.QuickSearchModule:UnityEditor.Search:ASIAI0B
Importing 'GUID: ef0b7fbf2730be74bbd224cda9b0d8de - Path: Assets/Twinsanity/Baked/Beach/Material_501 2.mat - Importer: ScriptedImporter/UnityEditor.QuickSearchModule:UnityEditor.Search:ASIAI0B' with importer (ScriptedImporter : UnityEditor.QuickSearchModule:UnityEditor.Search:ASIAI0B)
Imported 'GUID: ef0b7fbf2730be74bbd224cda9b0d8de' -> (Import Result ID: 'f148b02f87be7fbc270674cc0feedfe5') in 0.007 seconds [static and dynamic dependencies]. Details - ImportResultOutputID=20857764f41d61669223b3e42038b033 DependenciesID=680e7b4ae5d58f97f2771fe53491bb17 StaticDependenciesID=dd1b4749eee524455e998f16432ec324 
Number of updated asset objects reloaded before import = 0
Number of asset objects unloaded after import = 2
========================================================================
Received Import Request.
  Time of request: 2026-09-30T06:25:07.1157106Z
  Time since last request: 0.0003858 seconds.
  importAddress: GUID: c26e3ad852e204740a85f1d635eae086 - Path: Assets/Twinsanity/Baked/Beach/Material_503 2.mat - Importer: ScriptedImporter/UnityEditor.QuickSearchModule:UnityEditor.Search:ASIAI0B
Importing 'GUID: c26e3ad852e204740a85f1d635eae086 - Path: Assets/Twinsanity/Baked/Beach/Material_503 2.mat - Importer: ScriptedImporter/UnityEditor.QuickSearchModule:UnityEditor.Search:ASIAI0B' with importer (ScriptedImporter : UnityEditor.QuickSearchModule:UnityEditor.Search:ASIAI0B)
Imported 'GUID: c26e3ad852e204740a85f1d635eae086' -> (Import Result ID: '8f84ae4a6d99550c6deaeafa71ef7e52') in 0.010 seconds [static and dynamic dependencies]. Details - ImportResultOutputID=d483a27d7eb11734c7d820a1831b6003 DependenciesID=d88b3391c74b78134c88c497e29eccc9 StaticDependenciesID=d270ad793dfe22f88c2737e41fdd83d7 
Number of updated asset objects reloaded before import = 0
Number of asset objects unloaded after import = 2
========================================================================
Received Import Request.
  Time of request: 2026-09-30T06:25:07.1274317Z
  Time since last request: 0.0007928 seconds.
  importAddress: GUID: 3ddf43aa883710d44ad684d561f91c36 - Path: Assets/Twinsanity/Baked/Beach/Hubb_Scenery_Mesh_486 2.asset - Importer: ScriptedImporter/UnityEditor.QuickSearchModule:UnityEditor.Search:ASIAI0B
Importing 'GUID: 3ddf43aa883710d44ad684d561f91c36 - Path: Assets/Twinsanity/Baked/Beach/Hubb_Scenery_Mesh_486 2.asset - Importer: ScriptedImporter/UnityEditor.QuickSearchModule:UnityEditor.Search:ASIAI0B' with importer (ScriptedImporter : UnityEditor.QuickSearchModule:UnityEditor.Search:ASIAI0B)
Imported 'GUID: 3ddf43aa883710d44ad684d561f91c36' -> (Import Result ID: '51b1685315cb66634c1ca614c6244913') in 0.007 seconds [static and dynamic dependencies]. Details - ImportResultOutputID=b315cb5743c5a7a85e506401e541344f DependenciesID=bec0f928be724f4ebbcdb2a28079c62d StaticDependenciesID=e565a04b9d7e9f44b1a0eb77f2dd756a 
Number of updated asset objects reloaded before import = 0
Number of asset objects unloaded after import = 1
========================================================================
Received Import Request.
  Time of request: 2026-09-30T06:25:07.1364415Z
  Time since last request: 0.0010932 seconds.
  importAddress: GUID: 059738cfe84cc7146b8b7ae8981b88e0 - Path: Assets/Twinsanity/Baked/Beach/Hubb_Scenery_Mesh_476 2.asset - Importer: ScriptedImporter/UnityEditor.QuickSearchModule:UnityEditor.Search:ASIAI0B
Importing 'GUID: 059738cfe84cc7146b8b7ae8981b88e0 - Path: Assets/Twinsanity/Baked/Beach/Hubb_Scenery_Mesh_476 2.asset - Importer: ScriptedImporter/UnityEditor.QuickSearchModule:UnityEditor.Search:ASIAI0B' with importer (ScriptedImporter : UnityEditor.QuickSearchModule:UnityEditor.Search:ASIAI0B)
Imported 'GUID: 059738cfe84cc7146b8b7ae8981b88e0' -> (Import Result ID: 'faf6ceb2d81ef5ca760537f6e591e8b5') in 0.009 seconds [static and dynamic dependencies]. Details - ImportResultOutputID=5cb9889c46af6a162a2e5832b2c430ef DependenciesID=5e6f749bc5c544b4302cd2f1c079ec0d StaticDependenciesID=2c1fb501b48e7c5e0351e43dfdf921da 
Number of updated asset objects reloaded before import = 0
Number of asset objects unloaded after import = 1
========================================================================
Received Import Request.
  Time of request: 2026-09-30T06:25:07.1465608Z
  Time since last request: 0.0006111 seconds.
  importAddress: GUID: cdb54d04939bbdc45b701eb526f703b3 - Path: Assets/Twinsanity/Baked/Beach/Material_451 2.mat - Importer: ScriptedImporter/UnityEditor.QuickSearchModule:UnityEditor.Search:ASIAI0B
Importing 'GUID: cdb54d04939bbdc45b701eb526f703b3 - Path: Assets/Twinsanity/Baked/Beach/Material_451 2.mat - Importer: ScriptedImporter/UnityEditor.QuickSearchModule:UnityEditor.Search:ASIAI0B' with importer (ScriptedImporter : UnityEditor.QuickSearchModule:UnityEditor.Search:ASIAI0B)
Imported 'GUID: cdb54d04939bbdc45b701eb526f703b3' -> (Import Result ID: '2968dacd5cfbe420385568c5b050a4cf') in 0.013 seconds [static and dynamic dependencies]. Details - ImportResultOutputID=f00ab2662bafc9eccf3604fd57701b0f DependenciesID=fc978a711b08755a3e857639cc89517f StaticDependenciesID=77fcd3d392879c2f497fef62471ea051 
Number of updated asset objects reloaded before import = 0
Number of asset objects unloaded after import = 2
========================================================================
Received Import Request.
  Time of request: 2026-09-30T06:25:07.1615518Z
  Time since last request: 0.0011588 seconds.
  importAddress: GUID: 16b236d0738d773429b705da2664e8a5 - Path: Assets/Twinsanity/Baked/Beach/Huba_Scenery_Mesh_472 2.asset - Importer: ScriptedImporter/UnityEditor.QuickSearchModule:UnityEditor.Search:ASIAI0B
Importing 'GUID: 16b236d0738d773429b705da2664e8a5 - Path: Assets/Twinsanity/Baked/Beach/Huba_Scenery_Mesh_472 2.asset - Importer: ScriptedImporter/UnityEditor.QuickSearchModule:UnityEditor.Search:ASIAI0B' with importer (ScriptedImporter : UnityEditor.QuickSearchModule:UnityEditor.Search:ASIAI0B)
Imported 'GUID: 16b236d0738d773429b705da2664e8a5' -> (Import Result ID: '2a4f31e6581914390ea7c1ff748918b0') in 0.007 seconds [static and dynamic dependencies]. Details - ImportResultOutputID=3df8a0afc37ab49c56de12008cb6262e DependenciesID=ef42fed6f02ba7d050df4b5227313cb5 StaticDependenciesID=2f6b1babd0efecb1de5672c9322ea544 
Number of updated asset objects reloaded before import = 0
Number of asset objects unloaded after import = 1
========================================================================
Received Import Request.
  Time of request: 2026-09-30T06:25:07.1765794Z
  Time since last request: 0.0069632 seconds.
  importAddress: GUID: 18727e9038deaac4eb46ba2225a5cca1 - Path: Assets/Twinsanity/Baked/Beach/Hubb_Scenery_Mesh_480 2.asset - Importer: ScriptedImporter/UnityEditor.QuickSearchModule:UnityEditor.Search:ASIAI0B
Importing 'GUID: 18727e9038deaac4eb46ba2225a5cca1 - Path: Assets/Twinsanity/Baked/Beach/Hubb_Scenery_Mesh_480 2.asset - Importer: ScriptedImporter/UnityEditor.QuickSearchModule:UnityEditor.Search:ASIAI0B' with importer (ScriptedImporter : UnityEditor.QuickSearchModule:UnityEditor.Search:ASIAI0B)
Imported 'GUID: 18727e9038deaac4eb46ba2225a5cca1' -> (Import Result ID: '3a060761d9bdbbc968fb14f4b697e3ec') in 0.037 seconds [static and dynamic dependencies]. Details - ImportResultOutputID=69a29a7fa3f7813fea1ec42839fc47dc DependenciesID=463ebc553f85fd1c0666d77040a6e82f StaticDependenciesID=0d404ac8b44b1449f5e9180273860f04 
Number of updated asset objects reloaded before import = 0
Number of asset objects unloaded after import = 1
========================================================================
Received Import Request.
  Time of request: 2026-09-30T06:25:07.2156492Z
  Time since last request: 0.0000417 seconds.
  importAddress: GUID: eab39ecb3048fa04ab48a78fe35bca05 - Path: Assets/Twinsanity/Baked/Beach/Material_460 2.mat - Importer: ScriptedImporter/UnityEditor.QuickSearchModule:UnityEditor.Search:ASIAI0B
Importing 'GUID: eab39ecb3048fa04ab48a78fe35bca05 - Path: Assets/Twinsanity/Baked/Beach/Material_460 2.mat - Importer: ScriptedImporter/UnityEditor.QuickSearchModule:UnityEditor.Search:ASIAI0B' with importer (ScriptedImporter : UnityEditor.QuickSearchModule:UnityEditor.Search:ASIAI0B)
Imported 'GUID: eab39ecb3048fa04ab48a78fe35bca05' -> (Import Result ID: 'b10772872cac28f6830f32207c2eadb2') in 0.022 seconds [static and dynamic dependencies]. Details - ImportResultOutputID=85fae91fbede773f1d3327a1d90d772f DependenciesID=45d31ece1c9dc118f81a19290a3e9062 StaticDependenciesID=fb1b23094826ac25fb03a6e170db2d9b 
Number of updated asset objects reloaded before import = 0
Number of asset objects unloaded after import = 2
========================================================================
Received Import Request.
  Time of request: 2026-09-30T06:25:07.2400641Z
  Time since last request: 0.000718 seconds.
  importAddress: GUID: c8919abc5ae16a946a31ba8b0fac3630 - Path: Assets/Twinsanity/Baked/Beach/Hubb_Scenery_Mesh_492 2.asset - Importer: ScriptedImporter/UnityEditor.QuickSearchModule:UnityEditor.Search:ASIAI0B
Importing 'GUID: c8919abc5ae16a946a31ba8b0fac3630 - Path: Assets/Twinsanity/Baked/Beach/Hubb_Scenery_Mesh_492 2.asset - Importer: ScriptedImporter/UnityEditor.QuickSearchModule:UnityEditor.Search:ASIAI0B' with importer (ScriptedImporter : UnityEditor.QuickSearchModule:UnityEditor.Search:ASIAI0B)
Imported 'GUID: c8919abc5ae16a946a31ba8b0fac3630' -> (Import Result ID: '7be6ed9ce395c16fb0ee6450d67f5b9e') in 0.008 seconds [static and dynamic dependencies]. Details - ImportResultOutputID=9a142a85e251eb93a81c69c26a48ff9c DependenciesID=cd3c5a1d8f82d8108b7e1cc872e9cc18 StaticDependenciesID=fbb1d5b4b02a896ee281f899ab18a2e8 
Number of updated asset objects reloaded before import = 0
Number of asset objects unloaded after import = 1
========================================================================
Received Import Request.
  Time of request: 2026-09-30T06:25:07.2493047Z
  Time since last request: 0.0006408 seconds.
  importAddress: GUID: 94a63945178170740b1163ce467c46e5 - Path: Assets/Twinsanity/Baked/Beach/Material_487 2.mat - Importer: ScriptedImporter/UnityEditor.QuickSearchModule:UnityEditor.Search:ASIAI0B
Importing 'GUID: 94a63945178170740b1163ce467c46e5 - Path: Assets/Twinsanity/Baked/Beach/Material_487 2.mat - Importer: ScriptedImporter/UnityEditor.QuickSearchModule:UnityEditor.Search:ASIAI0B' with importer (ScriptedImporter : UnityEditor.QuickSearchModule:UnityEditor.Search:ASIAI0B)
Imported 'GUID: 94a63945178170740b1163ce467c46e5' -> (Import Result ID: '8e4cbf546f1ba55032b7b9d6f092e5fd') in 0.014 seconds [static and dynamic dependencies]. Details - ImportResultOutputID=cc9a2316dd1d72da676a7fd104064ed4 DependenciesID=ce3bc7fd8940f2f1185e47e0360cfa0a StaticDependenciesID=0f5c8a2b7cace1f395720b98aa7b877a 
Number of updated asset objects reloaded before import = 0
Number of asset objects unloaded after import = 2
========================================================================
Received Import Request.
  Time of request: 2026-09-30T06:25:07.2708318Z
  Time since last request: 0.0064967 seconds.
  importAddress: GUID: 4c7ed29636c8df346bb64959a547b5d4 - Path: Assets/Twinsanity/Baked/Beach/Hubb_Scenery_Mesh_497 2.asset - Importer: ScriptedImporter/UnityEditor.QuickSearchModule:UnityEditor.Search:ASIAI0B
Importing 'GUID: 4c7ed29636c8df346bb64959a547b5d4 - Path: Assets/Twinsanity/Baked/Beach/Hubb_Scenery_Mesh_497 2.asset - Importer: ScriptedImporter/UnityEditor.QuickSearchModule:UnityEditor.Search:ASIAI0B' with importer (ScriptedImporter : UnityEditor.QuickSearchModule:UnityEditor.Search:ASIAI0B)
Imported 'GUID: 4c7ed29636c8df346bb64959a547b5d4' -> (Import Result ID: '5491433d2c227a381ff991bb13da3284') in 0.009 seconds [static and dynamic dependencies]. Details - ImportResultOutputID=e4611d78a74683107b06e77d149ea7e2 DependenciesID=5f55553306696f073099d80bebc041fe StaticDependenciesID=a21252dae06ea0e1dbf4a4492e4d4e7b 
Number of updated asset objects reloaded before import = 0
Number of asset objects unloaded after import = 1
========================================================================
Received Import Request.
  Time of request: 2026-09-30T06:25:07.2947316Z
  Time since last request: 0.0141155 seconds.
  importAddress: GUID: 3c353bd482737cb49b8f06728f6cae59 - Path: Assets/Twinsanity/Baked/Beach/Hubb_Scenery_Mesh_490 2.asset - Importer: ScriptedImporter/UnityEditor.QuickSearchModule:UnityEditor.Search:ASIAI0B
Importing 'GUID: 3c353bd482737cb49b8f06728f6cae59 - Path: Assets/Twinsanity/Baked/Beach/Hubb_Scenery_Mesh_490 2.asset - Importer: ScriptedImporter/UnityEditor.QuickSearchModule:UnityEditor.Search:ASIAI0B' with importer (ScriptedImporter : UnityEditor.QuickSearchModule:UnityEditor.Search:ASIAI0B)
Imported 'GUID: 3c353bd482737cb49b8f06728f6cae59' -> (Import Result ID: 'd5112f395458792960705e9cedf2f814') in 0.014 seconds [static and dynamic dependencies]. Details - ImportResultOutputID=34667ea47b1b0f098500f8d9e3ef922c DependenciesID=394e166f11dd1de17df3e1bb550314c6 StaticDependenciesID=7d0ca2d782aff11cb45bd040ff20d925 
Number of updated asset objects reloaded before import = 0
Number of asset objects unloaded after import = 1
========================================================================
Received Import Request.
  Time of request: 2026-09-30T06:25:07.3225394Z
  Time since last request: 0.0125499 seconds.
  importAddress: GUID: 650bca50be1d036469694f43ec91bc3a - Path: Assets/Twinsanity/Baked/Beach/Hubb_Scenery_Mesh_485 2.asset - Importer: ScriptedImporter/UnityEditor.QuickSearchModule:UnityEditor.Search:ASIAI0B
Importing 'GUID: 650bca50be1d036469694f43ec91bc3a - Path: Assets/Twinsanity/Baked/Beach/Hubb_Scenery_Mesh_485 2.asset - Importer: ScriptedImporter/UnityEditor.QuickSearchModule:UnityEditor.Search:ASIAI0B' with importer (ScriptedImporter : UnityEditor.QuickSearchModule:UnityEditor.Search:ASIAI0B)
Imported 'GUID: 650bca50be1d036469694f43ec91bc3a' -> (Import Result ID: 'abc6d2c0681cb0ba53bd3b3d1276a626') in 0.031 seconds [static and dynamic dependencies]. Details - ImportResultOutputID=23e3a38e04e279a3ce0ac8e48ba0c2fa DependenciesID=b7b634c6a60312985c877a73c5214e9e StaticDependenciesID=8035c906e37e6457298a6cf2d50e7f0e 
Number of updated asset objects reloaded before import = 0
Number of asset objects unloaded after import = 1
========================================================================
Received Import Request.
  Time of request: 2026-09-30T06:25:07.3555054Z
  Time since last request: 0.0000437 seconds.
  importAddress: GUID: 2136c250b04cfc844890307b1bf91a2b - Path: Assets/Twinsanity/Baked/Beach/Hubb_Scenery_Mesh_482 2.asset - Importer: ScriptedImporter/UnityEditor.QuickSearchModule:UnityEditor.Search:ASIAI0B
Importing 'GUID: 2136c250b04cfc844890307b1bf91a2b - Path: Assets/Twinsanity/Baked/Beach/Hubb_Scenery_Mesh_482 2.asset - Importer: ScriptedImporter/UnityEditor.QuickSearchModule:UnityEditor.Search:ASIAI0B' with importer (ScriptedImporter : UnityEditor.QuickSearchModule:UnityEditor.Search:ASIAI0B)
Imported 'GUID: 2136c250b04cfc844890307b1bf91a2b' -> (Import Result ID: 'bc78cb0faa0c7c6c650784575d2fe1e0') in 0.011 seconds [static and dynamic dependencies]. Details - ImportResultOutputID=76115608d4c05e2c1de97d83bb966456 DependenciesID=46323aa53b74e92aea7e341c14c64be3 StaticDependenciesID=424e497a04d06dc7d90400c1d3f0dcaf 
Number of updated asset objects reloaded before import = 0
Number of asset objects unloaded after import = 1
========================================================================
Received Import Request.
  Time of request: 2026-09-30T06:25:07.3778487Z
  Time since last request: 0.0093221 seconds.
  importAddress: GUID: 3cdeab08f07934f4bbd90c6369d4d386 - Path: Assets/Twinsanity/Baked/Beach/Hubb_Scenery_Mesh_500 2.asset - Importer: ScriptedImporter/UnityEditor.QuickSearchModule:UnityEditor.Search:ASIAI0B
Importing 'GUID: 3cdeab08f07934f4bbd90c6369d4d386 - Path: Assets/Twinsanity/Baked/Beach/Hubb_Scenery_Mesh_500 2.asset - Importer: ScriptedImporter/UnityEditor.QuickSearchModule:UnityEditor.Search:ASIAI0B' with importer (ScriptedImporter : UnityEditor.QuickSearchModule:UnityEditor.Search:ASIAI0B)
Imported 'GUID: 3cdeab08f07934f4bbd90c6369d4d386' -> (Import Result ID: '0709e1b79212e3991f93849218be04cd') in 0.015 seconds [static and dynamic dependencies]. Details - ImportResultOutputID=828f572f16839f66a844a38f0169cdc3 DependenciesID=ad2acb8ca1353d9e36ffc2e3df37239a StaticDependenciesID=019e291b37fc1c9b71c6ffec2aa5129c 
Number of updated asset objects reloaded before import = 0
Number of asset objects unloaded after import = 1
========================================================================
Received Import Request.
  Time of request: 2026-09-30T06:25:07.396438Z
  Time since last request: 0.0026895 seconds.
  importAddress: GUID: 36f0aa1111518384cb2af874951157de - Path: Assets/Twinsanity/Baked/Beach/Material_464 2.mat - Importer: ScriptedImporter/UnityEditor.QuickSearchModule:UnityEditor.Search:ASIAI0B
Importing 'GUID: 36f0aa1111518384cb2af874951157de - Path: Assets/Twinsanity/Baked/Beach/Material_464 2.mat - Importer: ScriptedImporter/UnityEditor.QuickSearchModule:UnityEditor.Search:ASIAI0B' with importer (ScriptedImporter : UnityEditor.QuickSearchModule:UnityEditor.Search:ASIAI0B)
Imported 'GUID: 36f0aa1111518384cb2af874951157de' -> (Import Result ID: '25b84355f4a2c1a01e9ddc34013416c1') in 0.018 seconds [static and dynamic dependencies]. Details - ImportResultOutputID=b3e4969e1e6d557b987ad24e1ad22903 DependenciesID=d4469ba7c570599aec304e4783a32faa StaticDependenciesID=c8963e711a55572430e380d78c6fc9e6 
Number of updated asset objects reloaded before import = 0
Number of asset objects unloaded after import = 2
========================================================================
Received Import Request.
  Time of request: 2026-09-30T06:25:07.4153801Z
  Time since last request: 0.0007752 seconds.
  importAddress: GUID: 1d7452d0367343a45a931f2fce407b7b - Path: Assets/Twinsanity/Baked/Beach/Material_468 2.mat - Importer: ScriptedImporter/UnityEditor.QuickSearchModule:UnityEditor.Search:ASIAI0B
Importing 'GUID: 1d7452d0367343a45a931f2fce407b7b - Path: Assets/Twinsanity/Baked/Beach/Material_468 2.mat - Importer: ScriptedImporter/UnityEditor.QuickSearchModule:UnityEditor.Search:ASIAI0B' with importer (ScriptedImporter : UnityEditor.QuickSearchModule:UnityEditor.Search:ASIAI0B)
Imported 'GUID: 1d7452d0367343a45a931f2fce407b7b' -> (Import Result ID: 'deda5a05ca124dc9fc89fe519de3c578') in 0.020 seconds [static and dynamic dependencies]. Details - ImportResultOutputID=5b1a4e3c269b9ad33004efb495f8e3ca DependenciesID=2dba438e033eb22f59784b5fe09a112c StaticDependenciesID=ddd111e5ba4d0c6abbe56167e15169b6 
Number of updated asset objects reloaded before import = 0
Number of asset objects unloaded after import = 2
========================================================================
Received Import Request.
  Time of request: 2026-09-30T06:25:07.4383517Z
  Time since last request: 0.0016917 seconds.
  importAddress: GUID: 0c480a2e10235f843bd610f8d1dc7b47 - Path: Assets/Twinsanity/Baked/Beach/Hubb_Scenery_Mesh_495 2.asset - Importer: ScriptedImporter/UnityEditor.QuickSearchModule:UnityEditor.Search:ASIAI0B
Importing 'GUID: 0c480a2e10235f843bd610f8d1dc7b47 - Path: Assets/Twinsanity/Baked/Beach/Hubb_Scenery_Mesh_495 2.asset - Importer: ScriptedImporter/UnityEditor.QuickSearchModule:UnityEditor.Search:ASIAI0B' with importer (ScriptedImporter : UnityEditor.QuickSearchModule:UnityEditor.Search:ASIAI0B)
Imported 'GUID: 0c480a2e10235f843bd610f8d1dc7b47' -> (Import Result ID: 'e113ea3500e7922311f5cc7855305e9e') in 0.009 seconds [static and dynamic dependencies]. Details - ImportResultOutputID=fe0a640aa2467ff27ad3068f8889df6d DependenciesID=10ed822078d9ea2e3ef07384552eca5a StaticDependenciesID=e7d162ce7947b5cf11027bb10b69c3a5 
Number of updated asset objects reloaded before import = 0
Number of asset objects unloaded after import = 1
========================================================================
Received Import Request.
  Time of request: 2026-09-30T06:25:07.4489521Z
  Time since last request: 0.0003623 seconds.
  importAddress: GUID: ef85de434a483d449be038d358ec38ba - Path: Assets/Twinsanity/Baked/Beach/Material_466 2.mat - Importer: ScriptedImporter/UnityEditor.QuickSearchModule:UnityEditor.Search:ASIAI0B
Importing 'GUID: ef85de434a483d449be038d358ec38ba - Path: Assets/Twinsanity/Baked/Beach/Material_466 2.mat - Importer: ScriptedImporter/UnityEditor.QuickSearchModule:UnityEditor.Search:ASIAI0B' with importer (ScriptedImporter : UnityEditor.QuickSearchModule:UnityEditor.Search:ASIAI0B)
Imported 'GUID: ef85de434a483d449be038d358ec38ba' -> (Import Result ID: '13de94a8aa3658c7fe368adb75df2de4') in 0.010 seconds [static and dynamic dependencies]. Details - ImportResultOutputID=102e44e9422e9ad0d1cf68dd13f78751 DependenciesID=22f6a48e79b4a6641d3fd429cf5b6c74 StaticDependenciesID=bda3277aba0fb512ebb38de963456997 
Number of updated asset objects reloaded before import = 0
Number of asset objects unloaded after import = 2
========================================================================
Received Import Request.
  Time of request: 2026-09-30T06:25:07.4606922Z
  Time since last request: 0.0006747 seconds.
  importAddress: GUID: fa1845dff1502454f835555954ba6e06 - Path: Assets/Twinsanity/Baked/Beach/Material_481 2.mat - Importer: ScriptedImporter/UnityEditor.QuickSearchModule:UnityEditor.Search:ASIAI0B
Importing 'GUID: fa1845dff1502454f835555954ba6e06 - Path: Assets/Twinsanity/Baked/Beach/Material_481 2.mat - Importer: ScriptedImporter/UnityEditor.QuickSearchModule:UnityEditor.Search:ASIAI0B' with importer (ScriptedImporter : UnityEditor.QuickSearchModule:UnityEditor.Search:ASIAI0B)
Imported 'GUID: fa1845dff1502454f835555954ba6e06' -> (Import Result ID: 'cf2aceb8e7b4a5402caf977f2457076a') in 0.011 seconds [static and dynamic dependencies]. Details - ImportResultOutputID=18f5f2adf155cd22c2abd043a0325455 DependenciesID=92415fc3ddec4334e1d794ef7c77f09b StaticDependenciesID=438a3b76c0313a22dc1d3419614f5dae 
Number of updated asset objects reloaded before import = 0
Number of asset objects unloaded after import = 2
========================================================================
Received Import Request.
  Time of request: 2026-09-30T06:25:07.4734734Z
  Time since last request: 0.000436 seconds.
  importAddress: GUID: 85e0068c477800d499bef58c7f7d000b - Path: Assets/Twinsanity/Baked/Beach/Material_475 2.mat - Importer: ScriptedImporter/UnityEditor.QuickSearchModule:UnityEditor.Search:ASIAI0B
Importing 'GUID: 85e0068c477800d499bef58c7f7d000b - Path: Assets/Twinsanity/Baked/Beach/Material_475 2.mat - Importer: ScriptedImporter/UnityEditor.QuickSearchModule:UnityEditor.Search:ASIAI0B' with importer (ScriptedImporter : UnityEditor.QuickSearchModule:UnityEditor.Search:ASIAI0B)
Imported 'GUID: 85e0068c477800d499bef58c7f7d000b' -> (Import Result ID: '829415a484f3c8ec9e4435608dc2e04d') in 0.007 seconds [static and dynamic dependencies]. Details - ImportResultOutputID=254b011b00f1c38910e85f037345e38a DependenciesID=63c2e28e05081e87870420afd34ec6a4 StaticDependenciesID=70e3d1df5e5d7332c1b8c7951f520808 
Number of updated asset objects reloaded before import = 0
Number of asset objects unloaded after import = 2
========================================================================
Received Import Request.
  Time of request: 2026-09-30T06:25:07.4822893Z
  Time since last request: 0.0001847 seconds.
  importAddress: GUID: f9c3e3c8faca57d4596d023a71cd5057 - Path: Assets/Twinsanity/Baked/Beach/Huba_Scenery_Mesh_465 2.asset - Importer: ScriptedImporter/UnityEditor.QuickSearchModule:UnityEditor.Search:ASIAI0B
Importing 'GUID: f9c3e3c8faca57d4596d023a71cd5057 - Path: Assets/Twinsanity/Baked/Beach/Huba_Scenery_Mesh_465 2.asset - Importer: ScriptedImporter/UnityEditor.QuickSearchModule:UnityEditor.Search:ASIAI0B' with importer (ScriptedImporter : UnityEditor.QuickSearchModule:UnityEditor.Search:ASIAI0B)
Imported 'GUID: f9c3e3c8faca57d4596d023a71cd5057' -> (Import Result ID: '0bffc030ddf085a18568f677e4cf702b') in 0.006 seconds [static and dynamic dependencies]. Details - ImportResultOutputID=6d0996b3558f8afe9558934f3bc8497a DependenciesID=788c4fa580b0dbd49207d462b08d58cf StaticDependenciesID=5bf293da8a77aef9cfe7b9ef705ea1df 
Number of updated asset objects reloaded before import = 0
Number of asset objects unloaded after import = 1
========================================================================
Received Import Request.
  Time of request: 2026-09-30T06:25:07.4894741Z
  Time since last request: 0.0006081 seconds.
  importAddress: GUID: b27713a69b901434abbcbcde1c912281 - Path: Assets/Twinsanity/Baked/Beach/Material_473 2.mat - Importer: ScriptedImporter/UnityEditor.QuickSearchModule:UnityEditor.Search:ASIAI0B
Importing 'GUID: b27713a69b901434abbcbcde1c912281 - Path: Assets/Twinsanity/Baked/Beach/Material_473 2.mat - Importer: ScriptedImporter/UnityEditor.QuickSearchModule:UnityEditor.Search:ASIAI0B' with importer (ScriptedImporter : UnityEditor.QuickSearchModule:UnityEditor.Search:ASIAI0B)
Imported 'GUID: b27713a69b901434abbcbcde1c912281' -> (Import Result ID: 'a2d71f96b428487b1df8b01bda27bc7c') in 0.008 seconds [static and dynamic dependencies]. Details - ImportResultOutputID=3047e05e87e7b49a99c232fd5f493963 DependenciesID=dddde1eb00e1439ce19a3950c58a223f StaticDependenciesID=f03dcb717ec7735fe719b7338bee80ca 
Number of updated asset objects reloaded before import = 0
Number of asset objects unloaded after import = 2
========================================================================
Received Import Request.
  Time of request: 2026-09-30T06:25:07.4987863Z
  Time since last request: 0.0006689 seconds.
  importAddress: GUID: b755c0d60b4d535488eef81b0a99a57b - Path: Assets/Twinsanity/Baked/Beach/Huba_Scenery_Mesh_444 2.asset - Importer: ScriptedImporter/UnityEditor.QuickSearchModule:UnityEditor.Search:ASIAI0B
Importing 'GUID: b755c0d60b4d535488eef81b0a99a57b - Path: Assets/Twinsanity/Baked/Beach/Huba_Scenery_Mesh_444 2.asset - Importer: ScriptedImporter/UnityEditor.QuickSearchModule:UnityEditor.Search:ASIAI0B' with importer (ScriptedImporter : UnityEditor.QuickSearchModule:UnityEditor.Search:ASIAI0B)
Imported 'GUID: b755c0d60b4d535488eef81b0a99a57b' -> (Import Result ID: '33af069a270cba61bac14b808a450dfd') in 0.009 seconds [static and dynamic dependencies]. Details - ImportResultOutputID=69d20601b1029d1c9bcb724f30add825 DependenciesID=2bab2958dac34c1e50ea6912d5c4a27c StaticDependenciesID=ac92ecb34c0490f0c3ddb334d1336fc5 
Number of updated asset objects reloaded before import = 0
Number of asset objects unloaded after import = 1
========================================================================
Received Import Request.
  Time of request: 2026-09-30T06:25:07.5104643Z
  Time since last request: 0.002333 seconds.
  importAddress: GUID: 2974ceff913619341b4e986a0df83e3d - Path: Assets/Twinsanity/Baked/Beach/Huba_Scenery_Mesh_454 2.asset - Importer: ScriptedImporter/UnityEditor.QuickSearchModule:UnityEditor.Search:ASIAI0B
Importing 'GUID: 2974ceff913619341b4e986a0df83e3d - Path: Assets/Twinsanity/Baked/Beach/Huba_Scenery_Mesh_454 2.asset - Importer: ScriptedImporter/UnityEditor.QuickSearchModule:UnityEditor.Search:ASIAI0B' with importer (ScriptedImporter : UnityEditor.QuickSearchModule:UnityEditor.Search:ASIAI0B)
Imported 'GUID: 2974ceff913619341b4e986a0df83e3d' -> (Import Result ID: 'ca72184d1a07ed43b2d39b78017c1433') in 0.007 seconds [static and dynamic dependencies]. Details - ImportResultOutputID=ef968f6affbb8f6708b8e02e981831ef DependenciesID=0ee49fa9ef9df92b0358418ae4fcdb58 StaticDependenciesID=8f41dd7caaf67988a1138e152d58ff64 
Number of updated asset objects reloaded before import = 0
Number of asset objects unloaded after import = 1
========================================================================
Received Import Request.
  Time of request: 2026-09-30T06:25:07.5191049Z
  Time since last request: 0.000566 seconds.
  importAddress: GUID: a2bcf2dc8178bd34481286f070af3c3b - Path: Assets/Twinsanity/Baked/Beach/Material_447 2.mat - Importer: ScriptedImporter/UnityEditor.QuickSearchModule:UnityEditor.Search:ASIAI0B
Importing 'GUID: a2bcf2dc8178bd34481286f070af3c3b - Path: Assets/Twinsanity/Baked/Beach/Material_447 2.mat - Importer: ScriptedImporter/UnityEditor.QuickSearchModule:UnityEditor.Search:ASIAI0B' with importer (ScriptedImporter : UnityEditor.QuickSearchModule:UnityEditor.Search:ASIAI0B)
Imported 'GUID: a2bcf2dc8178bd34481286f070af3c3b' -> (Import Result ID: 'a728be76cc302964c39d1efd688a6299') in 0.007 seconds [static and dynamic dependencies]. Details - ImportResultOutputID=5652e00b24f800d25e3ba45070411667 DependenciesID=6e965777c3a8a9162ec0fa13abca3ce5 StaticDependenciesID=2c65cfc6c1f9721c810d3393c7506392 
Number of updated asset objects reloaded before import = 0
Number of asset objects unloaded after import = 2
========================================================================
Received Import Request.
  Time of request: 2026-09-30T06:25:07.5272351Z
  Time since last request: 0.0005961 seconds.
  importAddress: GUID: b661e91a70b8a454a82975cabe0f5c8f - Path: Assets/Twinsanity/Baked/Beach/Material_477 2.mat - Importer: ScriptedImporter/UnityEditor.QuickSearchModule:UnityEditor.Search:ASIAI0B
Importing 'GUID: b661e91a70b8a454a82975cabe0f5c8f - Path: Assets/Twinsanity/Baked/Beach/Material_477 2.mat - Importer: ScriptedImporter/UnityEditor.QuickSearchModule:UnityEditor.Search:ASIAI0B' with importer (ScriptedImporter : UnityEditor.QuickSearchModule:UnityEditor.Search:ASIAI0B)
Imported 'GUID: b661e91a70b8a454a82975cabe0f5c8f' -> (Import Result ID: '87d2e2ed1dd19e731f6cc6fb8bb07820') in 0.012 seconds [static and dynamic dependencies]. Details - ImportResultOutputID=8b62175a0c73501b4f4d7e0bda0b91d2 DependenciesID=0b3303275b14c4b82ec453a95afe6c87 StaticDependenciesID=f5f294f2ff061cf8f808385165097bd8 
Number of updated asset objects reloaded before import = 0
Number of asset objects unloaded after import = 2
========================================================================
Received Import Request.
  Time of request: 2026-09-30T06:25:07.5404651Z
  Time since last request: 0.0003689 seconds.
  importAddress: GUID: daa41e2c8ada7364d86814d1edc11a85 - Path: Assets/Twinsanity/Baked/Beach/Material_470 2.mat - Importer: ScriptedImporter/UnityEditor.QuickSearchModule:UnityEditor.Search:ASIAI0B
Importing 'GUID: daa41e2c8ada7364d86814d1edc11a85 - Path: Assets/Twinsanity/Baked/Beach/Material_470 2.mat - Importer: ScriptedImporter/UnityEditor.QuickSearchModule:UnityEditor.Search:ASIAI0B' with importer (ScriptedImporter : UnityEditor.QuickSearchModule:UnityEditor.Search:ASIAI0B)
Imported 'GUID: daa41e2c8ada7364d86814d1edc11a85' -> (Import Result ID: '2d99b381258b4b2d34019f0a706ce385') in 0.008 seconds [static and dynamic dependencies]. Details - ImportResultOutputID=f74e6b8406b867080454a4fa40110fb4 DependenciesID=70c006f98fe60bca1a13152e51c526d7 StaticDependenciesID=2586760b5a73d358229c7da0cfe10e45 
Number of updated asset objects reloaded before import = 0
Number of asset objects unloaded after import = 2
========================================================================
Received Import Request.
  Time of request: 2026-09-30T06:25:07.5499684Z
  Time since last request: 0.0006021 seconds.
  importAddress: GUID: 2a29fecb1dbc5c4479f1d082814a788c - Path: Assets/Twinsanity/Baked/Beach/Material_453 2.mat - Importer: ScriptedImporter/UnityEditor.QuickSearchModule:UnityEditor.Search:ASIAI0B
Importing 'GUID: 2a29fecb1dbc5c4479f1d082814a788c - Path: Assets/Twinsanity/Baked/Beach/Material_453 2.mat - Importer: ScriptedImporter/UnityEditor.QuickSearchModule:UnityEditor.Search:ASIAI0B' with importer (ScriptedImporter : UnityEditor.QuickSearchModule:UnityEditor.Search:ASIAI0B)
Imported 'GUID: 2a29fecb1dbc5c4479f1d082814a788c' -> (Import Result ID: 'e1a1278c5cc829bca59a63f24a6aff33') in 0.011 seconds [static and dynamic dependencies]. Details - ImportResultOutputID=8df7f3929ce04369fda2c7242ccde474 DependenciesID=8e0292f08422cdc5930f4fce23d8915c StaticDependenciesID=b9d3ba04df59ac45a2a4e0f8d0048660 
Number of updated asset objects reloaded before import = 0
Number of asset objects unloaded after import = 2
========================================================================
Received Import Request.
  Time of request: 2026-09-30T06:25:07.5642824Z
  Time since last request: 0.0027756 seconds.
  importAddress: GUID: 53aa25a2edf89ef459cec0f6fb88ee5c - Path: Assets/Twinsanity/Baked/Beach/Material_489 2.mat - Importer: ScriptedImporter/UnityEditor.QuickSearchModule:UnityEditor.Search:ASIAI0B
Importing 'GUID: 53aa25a2edf89ef459cec0f6fb88ee5c - Path: Assets/Twinsanity/Baked/Beach/Material_489 2.mat - Importer: ScriptedImporter/UnityEditor.QuickSearchModule:UnityEditor.Search:ASIAI0B' with importer (ScriptedImporter : UnityEditor.QuickSearchModule:UnityEditor.Search:ASIAI0B)
Imported 'GUID: 53aa25a2edf89ef459cec0f6fb88ee5c' -> (Import Result ID: '3a0f48e8b53842046b2b0ba571eefdf0') in 0.015 seconds [static and dynamic dependencies]. Details - ImportResultOutputID=dfce11bfecac4227273221be72f9b2c8 DependenciesID=7f2a4722a4ae2422f3ec1d369cf4d084 StaticDependenciesID=e06f59e755287f212aa73484582dc7fa 
Number of updated asset objects reloaded before import = 0
Number of asset objects unloaded after import = 2
========================================================================
Received Import Request.
  Time of request: 2026-09-30T06:25:07.5819539Z
  Time since last request: 0.0006621 seconds.
  importAddress: GUID: c39643aa8586a3847ab28805a2049352 - Path: Assets/Twinsanity/Baked/Beach/Material_458 2.mat - Importer: ScriptedImporter/UnityEditor.QuickSearchModule:UnityEditor.Search:ASIAI0B
Importing 'GUID: c39643aa8586a3847ab28805a2049352 - Path: Assets/Twinsanity/Baked/Beach/Material_458 2.mat - Importer: ScriptedImporter/UnityEditor.QuickSearchModule:UnityEditor.Search:ASIAI0B' with importer (ScriptedImporter : UnityEditor.QuickSearchModule:UnityEditor.Search:ASIAI0B)
Imported 'GUID: c39643aa8586a3847ab28805a2049352' -> (Import Result ID: '435d0c1c5f90f98e77c6fb6faf90a1b4') in 0.011 seconds [static and dynamic dependencies]. Details - ImportResultOutputID=559bb868260ea2bb0a1bf57f7e039c47 DependenciesID=950a8d9042dc65ca0e8a2c88085cb87d StaticDependenciesID=7a40fb449e811cec4ca01f9837e8370b 
Number of updated asset objects reloaded before import = 0
Number of asset objects unloaded after import = 2
========================================================================
Received Import Request.
  Time of request: 2026-09-30T06:25:07.5939641Z
  Time since last request: 0.000579 seconds.
  importAddress: GUID: 031faf085b7152b41982e94171233678 - Path: Assets/Twinsanity/Baked/Beach/Material_455 2.mat - Importer: ScriptedImporter/UnityEditor.QuickSearchModule:UnityEditor.Search:ASIAI0B
Importing 'GUID: 031faf085b7152b41982e94171233678 - Path: Assets/Twinsanity/Baked/Beach/Material_455 2.mat - Importer: ScriptedImporter/UnityEditor.QuickSearchModule:UnityEditor.Search:ASIAI0B' with importer (ScriptedImporter : UnityEditor.QuickSearchModule:UnityEditor.Search:ASIAI0B)
Imported 'GUID: 031faf085b7152b41982e94171233678' -> (Import Result ID: '0535b6d5da590e2ccbff44f33d3ff345') in 0.011 seconds [static and dynamic dependencies]. Details - ImportResultOutputID=6cf7f519115b86f091de3efcdcffd6aa DependenciesID=dedfca425cb654d43876217fd14f1b29 StaticDependenciesID=6799784fdc5b9e507bfa8ce92930b2e9 
Number of updated asset objects reloaded before import = 0
Number of asset objects unloaded after import = 2
========================================================================
Received Import Request.
  Time of request: 2026-09-30T06:25:07.6065156Z
  Time since last request: 0.0006735 seconds.
  importAddress: GUID: 8b97569ac4450d3449b320fd2c37bc21 - Path: Assets/Twinsanity/Baked/Beach/Material_479 2.mat - Importer: ScriptedImporter/UnityEditor.QuickSearchModule:UnityEditor.Search:ASIAI0B
Importing 'GUID: 8b97569ac4450d3449b320fd2c37bc21 - Path: Assets/Twinsanity/Baked/Beach/Material_479 2.mat - Importer: ScriptedImporter/UnityEditor.QuickSearchModule:UnityEditor.Search:ASIAI0B' with importer (ScriptedImporter : UnityEditor.QuickSearchModule:UnityEditor.Search:ASIAI0B)
Imported 'GUID: 8b97569ac4450d3449b320fd2c37bc21' -> (Import Result ID: 'dd0050add89b30e7e70e75721240e370') in 0.009 seconds [static and dynamic dependencies]. Details - ImportResultOutputID=7844cb010d73c43dea77806f219c1bf7 DependenciesID=88df446620e978e7b6e1c8d8d53b716e StaticDependenciesID=dac825df13477126899c81e681a40266 
Number of updated asset objects reloaded before import = 0
Number of asset objects unloaded after import = 2
========================================================================
Received Import Request.
  Time of request: 2026-09-30T06:25:07.6163352Z
  Time since last request: 0.0005284 seconds.
  importAddress: GUID: 37e29b20afcdd6f4288cfd20becb5882 - Path: Assets/Twinsanity/Baked/Beach/Huba_Scenery_Mesh_446 2.asset - Importer: ScriptedImporter/UnityEditor.QuickSearchModule:UnityEditor.Search:ASIAI0B
Importing 'GUID: 37e29b20afcdd6f4288cfd20becb5882 - Path: Assets/Twinsanity/Baked/Beach/Huba_Scenery_Mesh_446 2.asset - Importer: ScriptedImporter/UnityEditor.QuickSearchModule:UnityEditor.Search:ASIAI0B' with importer (ScriptedImporter : UnityEditor.QuickSearchModule:UnityEditor.Search:ASIAI0B)
Imported 'GUID: 37e29b20afcdd6f4288cfd20becb5882' -> (Import Result ID: 'ea0ce6a06f4148bc7b2047cc9815b1fc') in 0.008 seconds [static and dynamic dependencies]. Details - ImportResultOutputID=b00fa0a1d19129eebfa06c3e6a4966c1 DependenciesID=56ef569331d899cc3fb1b49e46fec8d7 StaticDependenciesID=a56afc04130f3cb335637234d0e0748d 
Number of updated asset objects reloaded before import = 0
Number of asset objects unloaded after import = 1
========================================================================
Received Import Request.
  Time of request: 2026-09-30T06:25:07.6389112Z
  Time since last request: 0.0144795 seconds.
  importAddress: GUID: 801e7db85ac915d499a66b942aeb1609 - Path: Assets/Twinsanity/Baked/Beach/Material_513 2.mat - Importer: ScriptedImporter/UnityEditor.QuickSearchModule:UnityEditor.Search:ASIAI0B
Importing 'GUID: 801e7db85ac915d499a66b942aeb1609 - Path: Assets/Twinsanity/Baked/Beach/Material_513 2.mat - Importer: ScriptedImporter/UnityEditor.QuickSearchModule:UnityEditor.Search:ASIAI0B' with importer (ScriptedImporter : UnityEditor.QuickSearchModule:UnityEditor.Search:ASIAI0B)
Imported 'GUID: 801e7db85ac915d499a66b942aeb1609' -> (Import Result ID: '28e22fac623b51a557d4079314b1cc0e') in 0.008 seconds [static and dynamic dependencies]. Details - ImportResultOutputID=cdd0c9d360c0b6f561330e20efe008bc DependenciesID=b72dd90bf21890b6e5ecffd04e660e18 StaticDependenciesID=0fcf9c273a49bcc7748a16c93bab82a7 
Number of updated asset objects reloaded before import = 0
Number of asset objects unloaded after import = 2
========================================================================
Received Import Request.
  Time of request: 2026-09-30T06:25:07.6479809Z
  Time since last request: 0.0007583 seconds.
  importAddress: GUID: f11b278bad2fe334eaded77570eef5f2 - Path: Assets/Twinsanity/Baked/Beach/Material_530 2.mat - Importer: ScriptedImporter/UnityEditor.QuickSearchModule:UnityEditor.Search:ASIAI0B
Importing 'GUID: f11b278bad2fe334eaded77570eef5f2 - Path: Assets/Twinsanity/Baked/Beach/Material_530 2.mat - Importer: ScriptedImporter/UnityEditor.QuickSearchModule:UnityEditor.Search:ASIAI0B' with importer (ScriptedImporter : UnityEditor.QuickSearchModule:UnityEditor.Search:ASIAI0B)
Imported 'GUID: f11b278bad2fe334eaded77570eef5f2' -> (Import Result ID: '88961829f5f51b90aa301704e3807e3a') in 0.011 seconds [static and dynamic dependencies]. Details - ImportResultOutputID=c177a163705c61b3d73313ef2d04987b DependenciesID=b01c8494999f1504e1c4a73ebf5db527 StaticDependenciesID=a6cc2da4ef8d8d671ba63eb4070e7d77 
Number of updated asset objects reloaded before import = 0
Number of asset objects unloaded after import = 2
========================================================================
Received Import Request.
  Time of request: 2026-09-30T06:25:07.6598876Z
  Time since last request: 0.0007412 seconds.
  importAddress: GUID: 31281033fd1f24d4b9da7b71f009527a - Path: Assets/Twinsanity/Baked/Beach/Hubb_Scenery_Mesh_527 2.asset - Importer: ScriptedImporter/UnityEditor.QuickSearchModule:UnityEditor.Search:ASIAI0B
Importing 'GUID: 31281033fd1f24d4b9da7b71f009527a - Path: Assets/Twinsanity/Baked/Beach/Hubb_Scenery_Mesh_527 2.asset - Importer: ScriptedImporter/UnityEditor.QuickSearchModule:UnityEditor.Search:ASIAI0B' with importer (ScriptedImporter : UnityEditor.QuickSearchModule:UnityEditor.Search:ASIAI0B)
Imported 'GUID: 31281033fd1f24d4b9da7b71f009527a' -> (Import Result ID: 'd79599d10c8d12ee2f22955ce970fcf9') in 0.014 seconds [static and dynamic dependencies]. Details - ImportResultOutputID=d5b3a9e35f47640d302d9de461c77a2a DependenciesID=b8d6312dad66bd25c45b50aa77bc4668 StaticDependenciesID=09c6bf9698486b8ad33e3bf9bfee03e8 
Number of updated asset objects reloaded before import = 0
Number of asset objects unloaded after import = 1
========================================================================
Received Import Request.
  Time of request: 2026-09-30T06:25:07.6757277Z
  Time since last request: 0.0000459 seconds.
  importAddress: GUID: d3f760f12a99bfa4b9b79bdfb01d3799 - Path: Assets/Twinsanity/Baked/Beach/Hubb_Scenery_Mesh_569 2.asset - Importer: ScriptedImporter/UnityEditor.QuickSearchModule:UnityEditor.Search:ASIAI0B
Importing 'GUID: d3f760f12a99bfa4b9b79bdfb01d3799 - Path: Assets/Twinsanity/Baked/Beach/Hubb_Scenery_Mesh_569 2.asset - Importer: ScriptedImporter/UnityEditor.QuickSearchModule:UnityEditor.Search:ASIAI0B' with importer (ScriptedImporter : UnityEditor.QuickSearchModule:UnityEditor.Search:ASIAI0B)
Imported 'GUID: d3f760f12a99bfa4b9b79bdfb01d3799' -> (Import Result ID: 'b40d02dc3d0bb83dfbdd077ca5befc64') in 0.008 seconds [static and dynamic dependencies]. Details - ImportResultOutputID=6467b08ad7916481177b3a57da1ed1fc DependenciesID=d9ce355a7537bcea886c0813dcc980c4 StaticDependenciesID=af586564fa6581688773d6615de7295f 
Number of updated asset objects reloaded before import = 0
Number of asset objects unloaded after import = 1
========================================================================
Received Import Request.
  Time of request: 2026-09-30T06:25:07.6871292Z
  Time since last request: 0.0021663 seconds.
  importAddress: GUID: 3a937f62053dbf24f8f5c7531cb46d08 - Path: Assets/Twinsanity/Baked/Beach/Hubb_Scenery_Mesh_512 2.asset - Importer: ScriptedImporter/UnityEditor.QuickSearchModule:UnityEditor.Search:ASIAI0B
Importing 'GUID: 3a937f62053dbf24f8f5c7531cb46d08 - Path: Assets/Twinsanity/Baked/Beach/Hubb_Scenery_Mesh_512 2.asset - Importer: ScriptedImporter/UnityEditor.QuickSearchModule:UnityEditor.Search:ASIAI0B' with importer (ScriptedImporter : UnityEditor.QuickSearchModule:UnityEditor.Search:ASIAI0B)
Imported 'GUID: 3a937f62053dbf24f8f5c7531cb46d08' -> (Import Result ID: '77a5536825c0367538b87f17b0f35886') in 0.009 seconds [static and dynamic dependencies]. Details - ImportResultOutputID=fee5fe08453521ed6c2751b2b81e59ea DependenciesID=3ebc7d5c4cb1778b1e12656c453a274c StaticDependenciesID=b785cbabc36a55fa8e1e779828ab657b 
Number of updated asset objects reloaded before import = 0
Number of asset objects unloaded after import = 1
========================================================================
Received Import Request.
  Time of request: 2026-09-30T06:25:07.6972085Z
  Time since last request: 0.0006114 seconds.
  importAddress: GUID: 5c89e805c81391f40896c89f9f32a62f - Path: Assets/Twinsanity/Baked/Beach/Material_547 2.mat - Importer: ScriptedImporter/UnityEditor.QuickSearchModule:UnityEditor.Search:ASIAI0B
Importing 'GUID: 5c89e805c81391f40896c89f9f32a62f - Path: Assets/Twinsanity/Baked/Beach/Material_547 2.mat - Importer: ScriptedImporter/UnityEditor.QuickSearchModule:UnityEditor.Search:ASIAI0B' with importer (ScriptedImporter : UnityEditor.QuickSearchModule:UnityEditor.Search:ASIAI0B)
Imported 'GUID: 5c89e805c81391f40896c89f9f32a62f' -> (Import Result ID: '640fd731e667da9b25356b9aafa0ddaf') in 0.008 seconds [static and dynamic dependencies]. Details - ImportResultOutputID=39e513cd7c14c58e73594148144407dd DependenciesID=6c79b67752347e9933080c9202db300a StaticDependenciesID=e30864010d59f9b32ab53e6077781870 
Number of updated asset objects reloaded before import = 0
Number of asset objects unloaded after import = 2
========================================================================
Received Import Request.
  Time of request: 2026-09-30T06:25:07.7065291Z
  Time since last request: 0.0010648 seconds.
  importAddress: GUID: 094abc9e90d8e4249910904603f7a0d1 - Path: Assets/Twinsanity/Baked/Beach/Hubb_Scenery_Mesh_523 2.asset - Importer: ScriptedImporter/UnityEditor.QuickSearchModule:UnityEditor.Search:ASIAI0B
Importing 'GUID: 094abc9e90d8e4249910904603f7a0d1 - Path: Assets/Twinsanity/Baked/Beach/Hubb_Scenery_Mesh_523 2.asset - Importer: ScriptedImporter/UnityEditor.QuickSearchModule:UnityEditor.Search:ASIAI0B' with importer (ScriptedImporter : UnityEditor.QuickSearchModule:UnityEditor.Search:ASIAI0B)
Imported 'GUID: 094abc9e90d8e4249910904603f7a0d1' -> (Import Result ID: 'cea8f5216ab0d97e02b6ddbda8652661') in 0.011 seconds [static and dynamic dependencies]. Details - ImportResultOutputID=a61a0ef74ef0cbd64de165835961340a DependenciesID=3b4c5287985aab6336570ec2b417e3d9 StaticDependenciesID=2b3e86c67b749322d6fcd7ad12a4ff62 
Number of updated asset objects reloaded before import = 0
Number of asset objects unloaded after import = 1
========================================================================
Received Import Request.
  Time of request: 2026-09-30T06:25:07.720211Z
  Time since last request: 0.0001854 seconds.
  importAddress: GUID: 1650e4981f298414583876cdf1e972be - Path: Assets/Twinsanity/Baked/Beach/Material_559 2.mat - Importer: ScriptedImporter/UnityEditor.QuickSearchModule:UnityEditor.Search:ASIAI0B
Importing 'GUID: 1650e4981f298414583876cdf1e972be - Path: Assets/Twinsanity/Baked/Beach/Material_559 2.mat - Importer: ScriptedImporter/UnityEditor.QuickSearchModule:UnityEditor.Search:ASIAI0B' with importer (ScriptedImporter : UnityEditor.QuickSearchModule:UnityEditor.Search:ASIAI0B)
Imported 'GUID: 1650e4981f298414583876cdf1e972be' -> (Import Result ID: '320af03e7466906e8e458fb49272e09a') in 0.008 seconds [static and dynamic dependencies]. Details - ImportResultOutputID=4cc67c6259774c8248d6fb5529ab6ba9 DependenciesID=7ffbb7d822ada60802e3cfc5dd64ebd9 StaticDependenciesID=c5553cde820e8edc5d00cb1dcd92b824 
Number of updated asset objects reloaded before import = 0
Number of asset objects unloaded after import = 2
========================================================================
Received Import Request.
  Time of request: 2026-09-30T06:25:07.7290579Z
  Time since last request: 0.0006594 seconds.
  importAddress: GUID: c6a956e0d9422ea48a646f665faaafa5 - Path: Assets/Twinsanity/Baked/Beach/Material_515 2.mat - Importer: ScriptedImporter/UnityEditor.QuickSearchModule:UnityEditor.Search:ASIAI0B
Importing 'GUID: c6a956e0d9422ea48a646f665faaafa5 - Path: Assets/Twinsanity/Baked/Beach/Material_515 2.mat - Importer: ScriptedImporter/UnityEditor.QuickSearchModule:UnityEditor.Search:ASIAI0B' with importer (ScriptedImporter : UnityEditor.QuickSearchModule:UnityEditor.Search:ASIAI0B)
Imported 'GUID: c6a956e0d9422ea48a646f665faaafa5' -> (Import Result ID: '79de4ebf63755421b0b36117fe397ec5') in 0.010 seconds [static and dynamic dependencies]. Details - ImportResultOutputID=76cc28890a58a2944ce2a250462d7797 DependenciesID=2d2e1bc7ec0fe2d7e7c034d52304dc81 StaticDependenciesID=66c952845162a3ca7160818276629986 
Number of updated asset objects reloaded before import = 0
Number of asset objects unloaded after import = 2
========================================================================
Received Import Request.
  Time of request: 2026-09-30T06:25:07.740682Z
  Time since last request: 0.0001751 seconds.
  importAddress: GUID: 8af39b2a2eda8ed4aaf38f734a77cb03 - Path: Assets/Twinsanity/Baked/Beach/Hubb_Scenery_Mesh_545 2.asset - Importer: ScriptedImporter/UnityEditor.QuickSearchModule:UnityEditor.Search:ASIAI0B
Importing 'GUID: 8af39b2a2eda8ed4aaf38f734a77cb03 - Path: Assets/Twinsanity/Baked/Beach/Hubb_Scenery_Mesh_545 2.asset - Importer: ScriptedImporter/UnityEditor.QuickSearchModule:UnityEditor.Search:ASIAI0B' with importer (ScriptedImporter : UnityEditor.QuickSearchModule:UnityEditor.Search:ASIAI0B)
Imported 'GUID: 8af39b2a2eda8ed4aaf38f734a77cb03' -> (Import Result ID: '5e7f19c9f41df6ca48ae69e552791b30') in 0.007 seconds [static and dynamic dependencies]. Details - ImportResultOutputID=e2a9e840e1851afb7c02336039c84eb4 DependenciesID=76a027f14f9f1c5b051cfe1823346f96 StaticDependenciesID=8bf6871563861559875b2fdeb2944027 
Number of updated asset objects reloaded before import = 0
Number of asset objects unloaded after import = 1
========================================================================
Received Import Request.
  Time of request: 2026-09-30T06:25:07.7494135Z
  Time since last request: 0.0007952 seconds.
  importAddress: GUID: 608f291ae741af941ac01aa31c58fe12 - Path: Assets/Twinsanity/Baked/Beach/Hubb_Scenery_Mesh_535 2.asset - Importer: ScriptedImporter/UnityEditor.QuickSearchModule:UnityEditor.Search:ASIAI0B
Importing 'GUID: 608f291ae741af941ac01aa31c58fe12 - Path: Assets/Twinsanity/Baked/Beach/Hubb_Scenery_Mesh_535 2.asset - Importer: ScriptedImporter/UnityEditor.QuickSearchModule:UnityEditor.Search:ASIAI0B' with importer (ScriptedImporter : UnityEditor.QuickSearchModule:UnityEditor.Search:ASIAI0B)
Imported 'GUID: 608f291ae741af941ac01aa31c58fe12' -> (Import Result ID: '7f669943f8dda51aad4cc1c75f8a0a34') in 0.014 seconds [static and dynamic dependencies]. Details - ImportResultOutputID=ea5c7306115038de95dd68e4a410a2e7 DependenciesID=0fe869cc7e5fbeec762abc39395c8eef StaticDependenciesID=12f1581bf770d3d9ecd9e7cc799b7a7a 
Number of updated asset objects reloaded before import = 0
Number of asset objects unloaded after import = 1
========================================================================
Received Import Request.
  Time of request: 2026-09-30T06:25:07.7652773Z
  Time since last request: 0.0006842 seconds.
  importAddress: GUID: 49585711af50c394a8e12920b003cc34 - Path: Assets/Twinsanity/Baked/Beach/Material_553 2.mat - Importer: ScriptedImporter/UnityEditor.QuickSearchModule:UnityEditor.Search:ASIAI0B
Importing 'GUID: 49585711af50c394a8e12920b003cc34 - Path: Assets/Twinsanity/Baked/Beach/Material_553 2.mat - Importer: ScriptedImporter/UnityEditor.QuickSearchModule:UnityEditor.Search:ASIAI0B' with importer (ScriptedImporter : UnityEditor.QuickSearchModule:UnityEditor.Search:ASIAI0B)
Imported 'GUID: 49585711af50c394a8e12920b003cc34' -> (Import Result ID: '35eefbb34ff51a2d3593bbe72765fb83') in 0.012 seconds [static and dynamic dependencies]. Details - ImportResultOutputID=69b142229ade4bac766c97a2ea336319 DependenciesID=9142863bcf4cd1b9c8486d573a3b20b4 StaticDependenciesID=f56ccac71a42549d351c488e69e93946 
Number of updated asset objects reloaded before import = 0
Number of asset objects unloaded after import = 2
========================================================================
Received Import Request.
  Time of request: 2026-09-30T06:25:07.7791383Z
  Time since last request: 0.000661 seconds.
  importAddress: GUID: b4bed0548ae382649b305dd6b01d1e1e - Path: Assets/Twinsanity/Baked/Beach/Hubb_Scenery_Mesh_521 2.asset - Importer: ScriptedImporter/UnityEditor.QuickSearchModule:UnityEditor.Search:ASIAI0B
Importing 'GUID: b4bed0548ae382649b305dd6b01d1e1e - Path: Assets/Twinsanity/Baked/Beach/Hubb_Scenery_Mesh_521 2.asset - Importer: ScriptedImporter/UnityEditor.QuickSearchModule:UnityEditor.Search:ASIAI0B' with importer (ScriptedImporter : UnityEditor.QuickSearchModule:UnityEditor.Search:ASIAI0B)
Imported 'GUID: b4bed0548ae382649b305dd6b01d1e1e' -> (Import Result ID: '04bd3e9bf37123d94094645969ebad5d') in 0.009 seconds [static and dynamic dependencies]. Details - ImportResultOutputID=c6c66735c5f37910f775740092c964fe DependenciesID=568829710d3250844f3ecd6dbde29ee6 StaticDependenciesID=8cba25fd46b7d3603a8091da8ee5973d 
Number of updated asset objects reloaded before import = 0
Number of asset objects unloaded after import = 1
========================================================================
Received Import Request.
  Time of request: 2026-09-30T06:25:07.7911479Z
  Time since last request: 0.0007259 seconds.
  importAddress: GUID: d407886623d7dfc4086a61884b429e14 - Path: Assets/Twinsanity/Baked/Beach/Material_520 2.mat - Importer: ScriptedImporter/UnityEditor.QuickSearchModule:UnityEditor.Search:ASIAI0B
Importing 'GUID: d407886623d7dfc4086a61884b429e14 - Path: Assets/Twinsanity/Baked/Beach/Material_520 2.mat - Importer: ScriptedImporter/UnityEditor.QuickSearchModule:UnityEditor.Search:ASIAI0B' with importer (ScriptedImporter : UnityEditor.QuickSearchModule:UnityEditor.Search:ASIAI0B)
Imported 'GUID: d407886623d7dfc4086a61884b429e14' -> (Import Result ID: '5c7431461ee1f8d91b2910a07ca201a0') in 0.007 seconds [static and dynamic dependencies]. Details - ImportResultOutputID=fc1819cdd971fc9c9a012944a7789cfb DependenciesID=cd556ca6238ca610f21e6bdc178fa3ef StaticDependenciesID=3928285daabf0e41a2fe11bda934fc30 
Number of updated asset objects reloaded before import = 0
Number of asset objects unloaded after import = 2
========================================================================
Received Import Request.
  Time of request: 2026-09-30T06:25:07.7992143Z
  Time since last request: 0.0007072 seconds.
  importAddress: GUID: 175b2d299daa6bd4792e43b4b33928e0 - Path: Assets/Twinsanity/Baked/Beach/Hubb_Scenery_Mesh_565 2.asset - Importer: ScriptedImporter/UnityEditor.QuickSearchModule:UnityEditor.Search:ASIAI0B
Importing 'GUID: 175b2d299daa6bd4792e43b4b33928e0 - Path: Assets/Twinsanity/Baked/Beach/Hubb_Scenery_Mesh_565 2.asset - Importer: ScriptedImporter/UnityEditor.QuickSearchModule:UnityEditor.Search:ASIAI0B' with importer (ScriptedImporter : UnityEditor.QuickSearchModule:UnityEditor.Search:ASIAI0B)
Imported 'GUID: 175b2d299daa6bd4792e43b4b33928e0' -> (Import Result ID: 'b373d63afd696372c9ddf2664c0bbea8') in 0.011 seconds [static and dynamic dependencies]. Details - ImportResultOutputID=f399617c98c2f655dd6612e3f1b96c9d DependenciesID=35a287640240bd1d33e9ee4b31964aa4 StaticDependenciesID=fa7b71f78699db03347c37a8753c06bc 
Number of updated asset objects reloaded before import = 0
Number of asset objects unloaded after import = 1
========================================================================
Received Import Request.
  Time of request: 2026-09-30T06:25:07.8120768Z
  Time since last request: 0.0014046 seconds.
  importAddress: GUID: 2e06bb92c9630c9499586653134f9ba2 - Path: Assets/Twinsanity/Baked/Beach/Hubb_Scenery_Mesh_550 2.asset - Importer: ScriptedImporter/UnityEditor.QuickSearchModule:UnityEditor.Search:ASIAI0B
Importing 'GUID: 2e06bb92c9630c9499586653134f9ba2 - Path: Assets/Twinsanity/Baked/Beach/Hubb_Scenery_Mesh_550 2.asset - Importer: ScriptedImporter/UnityEditor.QuickSearchModule:UnityEditor.Search:ASIAI0B' with importer (ScriptedImporter : UnityEditor.QuickSearchModule:UnityEditor.Search:ASIAI0B)
Imported 'GUID: 2e06bb92c9630c9499586653134f9ba2' -> (Import Result ID: '89d8b97a83ce73df6ec5e00f77d36fcb') in 0.014 seconds [static and dynamic dependencies]. Details - ImportResultOutputID=6898072c5c736b2c3c9372dc96d513ed DependenciesID=6b939881dd1f979c10b62308d8e84311 StaticDependenciesID=08375b5191284b5eb66177f6748a4ff7 
Number of updated asset objects reloaded before import = 0
Number of asset objects unloaded after import = 1
========================================================================
Received Import Request.
  Time of request: 2026-09-30T06:25:07.829321Z
  Time since last request: 0.0021685 seconds.
  importAddress: GUID: 31baab19528e31b4a921063110cb50cc - Path: Assets/Twinsanity/Baked/Beach/Material_540 2.mat - Importer: ScriptedImporter/UnityEditor.QuickSearchModule:UnityEditor.Search:ASIAI0B
Importing 'GUID: 31baab19528e31b4a921063110cb50cc - Path: Assets/Twinsanity/Baked/Beach/Material_540 2.mat - Importer: ScriptedImporter/UnityEditor.QuickSearchModule:UnityEditor.Search:ASIAI0B' with importer (ScriptedImporter : UnityEditor.QuickSearchModule:UnityEditor.Search:ASIAI0B)
Imported 'GUID: 31baab19528e31b4a921063110cb50cc' -> (Import Result ID: 'f098624d789c12d57bcdb06fda6b7797') in 0.015 seconds [static and dynamic dependencies]. Details - ImportResultOutputID=857b1e29d46b45aa08a839ef95931e29 DependenciesID=52532eddb832ae201a31c5462cb85543 StaticDependenciesID=0ccac5c529c3b3b844f18217383a2990 
Number of updated asset objects reloaded before import = 0
Number of asset objects unloaded after import = 2
========================================================================
Received Import Request.
  Time of request: 2026-09-30T06:25:07.8463908Z
  Time since last request: 0.0002311 seconds.
  importAddress: GUID: d8b90eeb975d19b42a1460b533922166 - Path: Assets/Twinsanity/Baked/Beach/Material_528 2.mat - Importer: ScriptedImporter/UnityEditor.QuickSearchModule:UnityEditor.Search:ASIAI0B
Importing 'GUID: d8b90eeb975d19b42a1460b533922166 - Path: Assets/Twinsanity/Baked/Beach/Material_528 2.mat - Importer: ScriptedImporter/UnityEditor.QuickSearchModule:UnityEditor.Search:ASIAI0B' with importer (ScriptedImporter : UnityEditor.QuickSearchModule:UnityEditor.Search:ASIAI0B)
Imported 'GUID: d8b90eeb975d19b42a1460b533922166' -> (Import Result ID: '59addad14a18920e7af7ef5b97fbc9bc') in 0.030 seconds [static and dynamic dependencies]. Details - ImportResultOutputID=1c4142dae617a202f977d7980bdbd5d8 DependenciesID=cff8b4945808be8e11622f2189180363 StaticDependenciesID=1b11adbb280f4738e053957a6952cd7e 
Number of updated asset objects reloaded before import = 0
Number of asset objects unloaded after import = 2
========================================================================
Received Import Request.
  Time of request: 2026-09-30T06:25:07.8774948Z
  Time since last request: 0.0000407 seconds.
  importAddress: GUID: fdeedeece77314147a7b3eee3c50dec4 - Path: Assets/Twinsanity/Baked/Beach/Material_509 2.mat - Importer: ScriptedImporter/UnityEditor.QuickSearchModule:UnityEditor.Search:ASIAI0B
Importing 'GUID: fdeedeece77314147a7b3eee3c50dec4 - Path: Assets/Twinsanity/Baked/Beach/Material_509 2.mat - Importer: ScriptedImporter/UnityEditor.QuickSearchModule:UnityEditor.Search:ASIAI0B' with importer (ScriptedImporter : UnityEditor.QuickSearchModule:UnityEditor.Search:ASIAI0B)
Imported 'GUID: fdeedeece77314147a7b3eee3c50dec4' -> (Import Result ID: 'e03b3d9eb65cf338a0fca30d92cc2a00') in 0.017 seconds [static and dynamic dependencies]. Details - ImportResultOutputID=9114ec82897cb1e7a6d8db9415930335 DependenciesID=8d55a1951bd22c223f68a2fac8afd271 StaticDependenciesID=67fda3fcb4564ed95b425063ef152b49 
Number of updated asset objects reloaded before import = 0
Number of asset objects unloaded after import = 2
========================================================================
Received Import Request.
  Time of request: 2026-09-30T06:25:07.895825Z
  Time since last request: 0.0005786 seconds.
  importAddress: GUID: b8bf4cc3434f3b942b8a1116b32c263c - Path: Assets/Twinsanity/Baked/Beach/Hubb_Scenery_Mesh_539 2.asset - Importer: ScriptedImporter/UnityEditor.QuickSearchModule:UnityEditor.Search:ASIAI0B
Importing 'GUID: b8bf4cc3434f3b942b8a1116b32c263c - Path: Assets/Twinsanity/Baked/Beach/Hubb_Scenery_Mesh_539 2.asset - Importer: ScriptedImporter/UnityEditor.QuickSearchModule:UnityEditor.Search:ASIAI0B' with importer (ScriptedImporter : UnityEditor.QuickSearchModule:UnityEditor.Search:ASIAI0B)
Imported 'GUID: b8bf4cc3434f3b942b8a1116b32c263c' -> (Import Result ID: 'b81643048004071dc01818ea1ca93106') in 0.017 seconds [static and dynamic dependencies]. Details - ImportResultOutputID=417a04d5a198fde20fbd2d54b0b4fa91 DependenciesID=d9cc700c66b11adf244238563bdcf356 StaticDependenciesID=54f71278887b42c83167540dc2d1274d 
Number of updated asset objects reloaded before import = 0
Number of asset objects unloaded after import = 1
========================================================================
Received Import Request.
  Time of request: 2026-09-30T06:25:07.9158721Z
  Time since last request: 0.0026978 seconds.
  importAddress: GUID: f028e57c82ea5a44f90152e12ec709e1 - Path: Assets/Twinsanity/Baked/Beach/Hubb_Scenery_Mesh_516 2.asset - Importer: ScriptedImporter/UnityEditor.QuickSearchModule:UnityEditor.Search:ASIAI0B
Importing 'GUID: f028e57c82ea5a44f90152e12ec709e1 - Path: Assets/Twinsanity/Baked/Beach/Hubb_Scenery_Mesh_516 2.asset - Importer: ScriptedImporter/UnityEditor.QuickSearchModule:UnityEditor.Search:ASIAI0B' with importer (ScriptedImporter : UnityEditor.QuickSearchModule:UnityEditor.Search:ASIAI0B)
Imported 'GUID: f028e57c82ea5a44f90152e12ec709e1' -> (Import Result ID: '53df7b5c6c5324f48b1da23b24664e74') in 0.014 seconds [static and dynamic dependencies]. Details - ImportResultOutputID=cb6456c22f8df7f65074e9da3b91314e DependenciesID=97bf5ccd8d3393060e64b12e57a88075 StaticDependenciesID=eb85559450998238ae86f96066c32223 
Number of updated asset objects reloaded before import = 0
Number of asset objects unloaded after import = 1
========================================================================
Received Import Request.
  Time of request: 2026-09-30T06:25:07.9461919Z
  Time since last request: 0.0162191 seconds.
  importAddress: GUID: ad964de495f9960479ebd277bda1afed - Path: Assets/Twinsanity/Baked/Beach/Material_534 2.mat - Importer: ScriptedImporter/UnityEditor.QuickSearchModule:UnityEditor.Search:ASIAI0B
Importing 'GUID: ad964de495f9960479ebd277bda1afed - Path: Assets/Twinsanity/Baked/Beach/Material_534 2.mat - Importer: ScriptedImporter/UnityEditor.QuickSearchModule:UnityEditor.Search:ASIAI0B' with importer (ScriptedImporter : UnityEditor.QuickSearchModule:UnityEditor.Search:ASIAI0B)
Imported 'GUID: ad964de495f9960479ebd277bda1afed' -> (Import Result ID: '99fcf4ab2fd1d93a3f18ce33578a6181') in 0.018 seconds [static and dynamic dependencies]. Details - ImportResultOutputID=cea4d12a6c64d63bc99ebe1304e82f9c DependenciesID=e7748430042fedab888ab37d5055e0b8 StaticDependenciesID=bf504eeb2dc553aff20e4e3e0632e806 
Number of updated asset objects reloaded before import = 0
Number of asset objects unloaded after import = 2
========================================================================
Received Import Request.
  Time of request: 2026-09-30T06:25:07.972004Z
  Time since last request: 0.0006543 seconds.
  importAddress: GUID: 3b848cecb3d74b840bed1ff4f286f977 - Path: Assets/Twinsanity/Baked/Beach/Material_532 2.mat - Importer: ScriptedImporter/UnityEditor.QuickSearchModule:UnityEditor.Search:ASIAI0B
Importing 'GUID: 3b848cecb3d74b840bed1ff4f286f977 - Path: Assets/Twinsanity/Baked/Beach/Material_532 2.mat - Importer: ScriptedImporter/UnityEditor.QuickSearchModule:UnityEditor.Search:ASIAI0B' with importer (ScriptedImporter : UnityEditor.QuickSearchModule:UnityEditor.Search:ASIAI0B)
Imported 'GUID: 3b848cecb3d74b840bed1ff4f286f977' -> (Import Result ID: '68feba8439efe2774e038fb3e8fb3df7') in 0.011 seconds [static and dynamic dependencies]. Details - ImportResultOutputID=3c77453b4e91043ac57b741f7384fa15 DependenciesID=a85af4061eb6c12713d3e4c2010ad91d StaticDependenciesID=ad99257a6fa716fad3fc589e2639661c 
Number of updated asset objects reloaded before import = 0
Number of asset objects unloaded after import = 2
========================================================================
Received Import Request.
  Time of request: 2026-09-30T06:25:07.9844122Z
  Time since last request: 0.0006771 seconds.
  importAddress: GUID: 7ef12d31a740fca499656b65aaa329d2 - Path: Assets/Twinsanity/Baked/Beach/Material_511 2.mat - Importer: ScriptedImporter/UnityEditor.QuickSearchModule:UnityEditor.Search:ASIAI0B
Importing 'GUID: 7ef12d31a740fca499656b65aaa329d2 - Path: Assets/Twinsanity/Baked/Beach/Material_511 2.mat - Importer: ScriptedImporter/UnityEditor.QuickSearchModule:UnityEditor.Search:ASIAI0B' with importer (ScriptedImporter : UnityEditor.QuickSearchModule:UnityEditor.Search:ASIAI0B)
Imported 'GUID: 7ef12d31a740fca499656b65aaa329d2' -> (Import Result ID: '2b8fd56f4174ed7e9f6597b0eb00e8bb') in 0.009 seconds [static and dynamic dependencies]. Details - ImportResultOutputID=5e0849b179661821a1191be0eabd5f98 DependenciesID=e30d0435fd693dbb9c6cb3ee09544aae StaticDependenciesID=4ea942b7e1ff416b10296624a75b7986 
Number of updated asset objects reloaded before import = 0
Number of asset objects unloaded after import = 2
========================================================================
Received Import Request.
  Time of request: 2026-09-30T06:25:07.9953553Z
  Time since last request: 0.0002093 seconds.
  importAddress: GUID: 15e7fe286ee21a248961cead0a629770 - Path: Assets/Twinsanity/Baked/Beach/Hubb_Scenery_Mesh_514 2.asset - Importer: ScriptedImporter/UnityEditor.QuickSearchModule:UnityEditor.Search:ASIAI0B
Importing 'GUID: 15e7fe286ee21a248961cead0a629770 - Path: Assets/Twinsanity/Baked/Beach/Hubb_Scenery_Mesh_514 2.asset - Importer: ScriptedImporter/UnityEditor.QuickSearchModule:UnityEditor.Search:ASIAI0B' with importer (ScriptedImporter : UnityEditor.QuickSearchModule:UnityEditor.Search:ASIAI0B)
Imported 'GUID: 15e7fe286ee21a248961cead0a629770' -> (Import Result ID: '680ede94ae22d276bb05c1b662f6d749') in 0.007 seconds [static and dynamic dependencies]. Details - ImportResultOutputID=4917602c995113d35c7ae72236085a0b DependenciesID=9127da2184987468777b2306f2e7ca51 StaticDependenciesID=f50ca59ca9651459a6c2fb4cd4ea242e 
Number of updated asset objects reloaded before import = 0
Number of asset objects unloaded after import = 1
========================================================================
Received Import Request.
  Time of request: 2026-09-30T06:25:08.0057371Z
  Time since last request: 0.0024813 seconds.
  importAddress: GUID: d0cb8c639d7283e42a46363d28c5fe29 - Path: Assets/Twinsanity/Baked/Beach/Material_549 2.mat - Importer: ScriptedImporter/UnityEditor.QuickSearchModule:UnityEditor.Search:ASIAI0B
Importing 'GUID: d0cb8c639d7283e42a46363d28c5fe29 - Path: Assets/Twinsanity/Baked/Beach/Material_549 2.mat - Importer: ScriptedImporter/UnityEditor.QuickSearchModule:UnityEditor.Search:ASIAI0B' with importer (ScriptedImporter : UnityEditor.QuickSearchModule:UnityEditor.Search:ASIAI0B)
Imported 'GUID: d0cb8c639d7283e42a46363d28c5fe29' -> (Import Result ID: '9ca3e4cbbf17456276b87ae631a7897a') in 0.012 seconds [static and dynamic dependencies]. Details - ImportResultOutputID=53b9398f096d45fb2ed325c8f3426980 DependenciesID=a24f567a7177dff62c51f9030be0ca57 StaticDependenciesID=6f642074bbce60644900494f1a5320fa 
Number of updated asset objects reloaded before import = 0
Number of asset objects unloaded after import = 2
========================================================================
Received Import Request.
  Time of request: 2026-09-30T06:25:08.0210189Z
  Time since last request: 0.0000778 seconds.
  importAddress: GUID: 2b9bf8e4b0ce76e4cbc6a253f8b591e9 - Path: Assets/Twinsanity/Baked/Beach/Hubb_Scenery_Mesh_541 2.asset - Importer: ScriptedImporter/UnityEditor.QuickSearchModule:UnityEditor.Search:ASIAI0B
Importing 'GUID: 2b9bf8e4b0ce76e4cbc6a253f8b591e9 - Path: Assets/Twinsanity/Baked/Beach/Hubb_Scenery_Mesh_541 2.asset - Importer: ScriptedImporter/UnityEditor.QuickSearchModule:UnityEditor.Search:ASIAI0B' with importer (ScriptedImporter : UnityEditor.QuickSearchModule:UnityEditor.Search:ASIAI0B)
Imported 'GUID: 2b9bf8e4b0ce76e4cbc6a253f8b591e9' -> (Import Result ID: '301658cdd5b8c375fbd62b3d8d4cda89') in 0.019 seconds [static and dynamic dependencies]. Details - ImportResultOutputID=e1ce6e5ace06fea91e4108a4913c10cf DependenciesID=8de34403ea6121e1a28ed11e81314a36 StaticDependenciesID=2c6a3b88be8cdb6a65246ce7d65a0370 
Number of updated asset objects reloaded before import = 0
Number of asset objects unloaded after import = 1
========================================================================
Received Import Request.
  Time of request: 2026-09-30T06:25:08.0423687Z
  Time since last request: 0.0016034 seconds.
  importAddress: GUID: 6319d317b03206d4285225c9ce8dcc25 - Path: Assets/Twinsanity/Baked/Beach/Hubb_Scenery_Mesh_517 2.asset - Importer: ScriptedImporter/UnityEditor.QuickSearchModule:UnityEditor.Search:ASIAI0B
Importing 'GUID: 6319d317b03206d4285225c9ce8dcc25 - Path: Assets/Twinsanity/Baked/Beach/Hubb_Scenery_Mesh_517 2.asset - Importer: ScriptedImporter/UnityEditor.QuickSearchModule:UnityEditor.Search:ASIAI0B' with importer (ScriptedImporter : UnityEditor.QuickSearchModule:UnityEditor.Search:ASIAI0B)
Imported 'GUID: 6319d317b03206d4285225c9ce8dcc25' -> (Import Result ID: 'e8afc3b5500f58f48edd7adc8d631189') in 0.016 seconds [static and dynamic dependencies]. Details - ImportResultOutputID=18a5eec1f91fe6ad4c20584047021f32 DependenciesID=0b934c0e00944addd7913fd0cb47cf1b StaticDependenciesID=213e4f7fe56208a56fb28dfd3e89f6a6 
Number of updated asset objects reloaded before import = 0
Number of asset objects unloaded after import = 1
========================================================================
Received Import Request.
  Time of request: 2026-09-30T06:25:08.0609353Z
  Time since last request: 0.0008425 seconds.
  importAddress: GUID: 3e000afe50454f645baef76dceccd519 - Path: Assets/Twinsanity/Baked/Beach/Material_564 2.mat - Importer: ScriptedImporter/UnityEditor.QuickSearchModule:UnityEditor.Search:ASIAI0B
Importing 'GUID: 3e000afe50454f645baef76dceccd519 - Path: Assets/Twinsanity/Baked/Beach/Material_564 2.mat - Importer: ScriptedImporter/UnityEditor.QuickSearchModule:UnityEditor.Search:ASIAI0B' with importer (ScriptedImporter : UnityEditor.QuickSearchModule:UnityEditor.Search:ASIAI0B)
Imported 'GUID: 3e000afe50454f645baef76dceccd519' -> (Import Result ID: '8e8df7ff47036823afac9de31e0b26f8') in 0.012 seconds [static and dynamic dependencies]. Details - ImportResultOutputID=cc784e7efa54c63636db065ebec9cd1a DependenciesID=0f35d969f0cc7b0eb57fab3c3b40a7c2 StaticDependenciesID=b9939efa5612c2c7d07339818ee69070 
Number of updated asset objects reloaded before import = 0
Number of asset objects unloaded after import = 2
========================================================================
Received Import Request.
  Time of request: 2026-09-30T06:25:08.0767603Z
  Time since last request: 0.0000515 seconds.
  importAddress: GUID: 2ba5234abff665f44889de35022a33bb - Path: Assets/Twinsanity/Baked/Beach/Hubb_Scenery_Mesh_518 2.asset - Importer: ScriptedImporter/UnityEditor.QuickSearchModule:UnityEditor.Search:ASIAI0B
Importing 'GUID: 2ba5234abff665f44889de35022a33bb - Path: Assets/Twinsanity/Baked/Beach/Hubb_Scenery_Mesh_518 2.asset - Importer: ScriptedImporter/UnityEditor.QuickSearchModule:UnityEditor.Search:ASIAI0B' with importer (ScriptedImporter : UnityEditor.QuickSearchModule:UnityEditor.Search:ASIAI0B)
Imported 'GUID: 2ba5234abff665f44889de35022a33bb' -> (Import Result ID: '41439301e2e369bf90e63ec0712ad282') in 0.010 seconds [static and dynamic dependencies]. Details - ImportResultOutputID=5b6957bab99c2c6f2f13eb8e5506ddab DependenciesID=4e505c72dc26f74ace9e33eb07ae1a29 StaticDependenciesID=3a84ed7d4e42dd6f1638bfcaa5563bfd 
Number of updated asset objects reloaded before import = 0
Number of asset objects unloaded after import = 1
========================================================================
Received Import Request.
  Time of request: 2026-09-30T06:25:08.0929701Z
  Time since last request: 0.006044 seconds.
  importAddress: GUID: 44ee4c26e38ba1e4f9290cb02697d592 - Path: Assets/Twinsanity/Baked/Beach/Hubb_Scenery_Mesh_567 2.asset - Importer: ScriptedImporter/UnityEditor.QuickSearchModule:UnityEditor.Search:ASIAI0B
Importing 'GUID: 44ee4c26e38ba1e4f9290cb02697d592 - Path: Assets/Twinsanity/Baked/Beach/Hubb_Scenery_Mesh_567 2.asset - Importer: ScriptedImporter/UnityEditor.QuickSearchModule:UnityEditor.Search:ASIAI0B' with importer (ScriptedImporter : UnityEditor.QuickSearchModule:UnityEditor.Search:ASIAI0B)
Imported 'GUID: 44ee4c26e38ba1e4f9290cb02697d592' -> (Import Result ID: 'fee36164688bec15b42b0291ed0a6f60') in 0.021 seconds [static and dynamic dependencies]. Details - ImportResultOutputID=c6542dc835c07ee7108d1c883f27a88b DependenciesID=790ec36408cd656dede417e3a2f5e9d6 StaticDependenciesID=a4151f396017e315ef2732b61ee3357c 
Number of updated asset objects reloaded before import = 0
Number of asset objects unloaded after import = 1
========================================================================
Received Import Request.
  Time of request: 2026-09-30T06:25:08.1303909Z
  Time since last request: 0.0144312 seconds.
  importAddress: GUID: 36940240fe6392d4281db058746b0651 - Path: Assets/Twinsanity/Baked/Beach/Material_536 2.mat - Importer: ScriptedImporter/UnityEditor.QuickSearchModule:UnityEditor.Search:ASIAI0B
Importing 'GUID: 36940240fe6392d4281db058746b0651 - Path: Assets/Twinsanity/Baked/Beach/Material_536 2.mat - Importer: ScriptedImporter/UnityEditor.QuickSearchModule:UnityEditor.Search:ASIAI0B' with importer (ScriptedImporter : UnityEditor.QuickSearchModule:UnityEditor.Search:ASIAI0B)
Imported 'GUID: 36940240fe6392d4281db058746b0651' -> (Import Result ID: '541facbfe3cefe12db54e961e557b231') in 0.016 seconds [static and dynamic dependencies]. Details - ImportResultOutputID=bb03a28a7f35c942b12b630ebb56c0bc DependenciesID=be9a3684ef3f3aaf8a631700ff03a97a StaticDependenciesID=ccd42072e0a71be2e34f5a3d0617f90e 
Number of updated asset objects reloaded before import = 0
Number of asset objects unloaded after import = 2
========================================================================
Received Import Request.
  Time of request: 2026-09-30T06:25:08.1482325Z
  Time since last request: 0.0008247 seconds.
  importAddress: GUID: 4ce1f23949c43084286fa3fea59dd926 - Path: Assets/Twinsanity/Baked/Beach/Hubb_Scenery_Mesh_506 2.asset - Importer: ScriptedImporter/UnityEditor.QuickSearchModule:UnityEditor.Search:ASIAI0B
Importing 'GUID: 4ce1f23949c43084286fa3fea59dd926 - Path: Assets/Twinsanity/Baked/Beach/Hubb_Scenery_Mesh_506 2.asset - Importer: ScriptedImporter/UnityEditor.QuickSearchModule:UnityEditor.Search:ASIAI0B' with importer (ScriptedImporter : UnityEditor.QuickSearchModule:UnityEditor.Search:ASIAI0B)
Imported 'GUID: 4ce1f23949c43084286fa3fea59dd926' -> (Import Result ID: '7591f7e452b8511ddf6ae4e002950cec') in 0.006 seconds [static and dynamic dependencies]. Details - ImportResultOutputID=90e2a4df49dd79cb55288375c79fa3fc DependenciesID=79d1913ecac8608f4296b76fb50df491 StaticDependenciesID=a4eadb5bf4ff435be69c3d448a22ed65 
Number of updated asset objects reloaded before import = 0
Number of asset objects unloaded after import = 1
========================================================================
Received Import Request.
  Time of request: 2026-09-30T06:25:08.1556924Z
  Time since last request: 0.0006521 seconds.
  importAddress: GUID: aee50bc8857480445b19d5b17b131696 - Path: Assets/Twinsanity/Baked/Beach/Material_507 2.mat - Importer: ScriptedImporter/UnityEditor.QuickSearchModule:UnityEditor.Search:ASIAI0B
Importing 'GUID: aee50bc8857480445b19d5b17b131696 - Path: Assets/Twinsanity/Baked/Beach/Material_507 2.mat - Importer: ScriptedImporter/UnityEditor.QuickSearchModule:UnityEditor.Search:ASIAI0B' with importer (ScriptedImporter : UnityEditor.QuickSearchModule:UnityEditor.Search:ASIAI0B)
Imported 'GUID: aee50bc8857480445b19d5b17b131696' -> (Import Result ID: 'ee3b0de1c3ac4b4044771c685a08aa79') in 0.007 seconds [static and dynamic dependencies]. Details - ImportResultOutputID=8dadda80a7a1d4f56e6e88ad9c8c724c DependenciesID=7f1ce89ac50b4a4a603bbe23f8b69c4b StaticDependenciesID=8f08e249f8902ae1c04779629f142467 
Number of updated asset objects reloaded before import = 0
Number of asset objects unloaded after import = 2
========================================================================
Received Import Request.
  Time of request: 2026-09-30T06:25:08.1641763Z
  Time since last request: 0.0007204 seconds.
  importAddress: GUID: 1bc41210eb6651c4aa438cd09fcc5bfb - Path: Assets/Twinsanity/Baked/Beach/Hubb_Scenery_Mesh_566 2.asset - Importer: ScriptedImporter/UnityEditor.QuickSearchModule:UnityEditor.Search:ASIAI0B
Importing 'GUID: 1bc41210eb6651c4aa438cd09fcc5bfb - Path: Assets/Twinsanity/Baked/Beach/Hubb_Scenery_Mesh_566 2.asset - Importer: ScriptedImporter/UnityEditor.QuickSearchModule:UnityEditor.Search:ASIAI0B' with importer (ScriptedImporter : UnityEditor.QuickSearchModule:UnityEditor.Search:ASIAI0B)
Imported 'GUID: 1bc41210eb6651c4aa438cd09fcc5bfb' -> (Import Result ID: '531dc255209066402e260558118731a0') in 0.018 seconds [static and dynamic dependencies]. Details - ImportResultOutputID=1fc890aff40004c3d5f0fea0c3f6b8a0 DependenciesID=b44375c82edff8f60784bb768d6b31bb StaticDependenciesID=64e0fa195d59f5b3d46e3d0d16c7fed2 
Number of updated asset objects reloaded before import = 0
Number of asset objects unloaded after import = 1
========================================================================
Received Import Request.
  Time of request: 2026-09-30T06:25:08.1864046Z
  Time since last request: 0.0033114 seconds.
  importAddress: GUID: 1be4c3249f11a3d4cb246a8e79011117 - Path: Assets/Twinsanity/Baked/Beach/Hubb_Scenery_Mesh_568 2.asset - Importer: ScriptedImporter/UnityEditor.QuickSearchModule:UnityEditor.Search:ASIAI0B
Importing 'GUID: 1be4c3249f11a3d4cb246a8e79011117 - Path: Assets/Twinsanity/Baked/Beach/Hubb_Scenery_Mesh_568 2.asset - Importer: ScriptedImporter/UnityEditor.QuickSearchModule:UnityEditor.Search:ASIAI0B' with importer (ScriptedImporter : UnityEditor.QuickSearchModule:UnityEditor.Search:ASIAI0B)
Imported 'GUID: 1be4c3249f11a3d4cb246a8e79011117' -> (Import Result ID: '48d84c8d32e2e5a01204c5ff9f362eb0') in 0.045 seconds [static and dynamic dependencies]. Details - ImportResultOutputID=63b6e10c9b2aa0d117051f8e1f41dce4 DependenciesID=5afa0203683b9cbde02c9aaa3ce87e77 StaticDependenciesID=9a2fe28015bc62f227763764b583d6b6 
Number of updated asset objects reloaded before import = 0
Number of asset objects unloaded after import = 1
========================================================================
Received Import Request.
  Time of request: 2026-09-30T06:25:08.2327652Z
  Time since last request: 0.0008203 seconds.
  importAddress: GUID: b484d0bec53d4734e955beda52740126 - Path: Assets/Twinsanity/Baked/Beach/Hubb_Scenery_Mesh_563 2.asset - Importer: ScriptedImporter/UnityEditor.QuickSearchModule:UnityEditor.Search:ASIAI0B
Importing 'GUID: b484d0bec53d4734e955beda52740126 - Path: Assets/Twinsanity/Baked/Beach/Hubb_Scenery_Mesh_563 2.asset - Importer: ScriptedImporter/UnityEditor.QuickSearchModule:UnityEditor.Search:ASIAI0B' with importer (ScriptedImporter : UnityEditor.QuickSearchModule:UnityEditor.Search:ASIAI0B)
Imported 'GUID: b484d0bec53d4734e955beda52740126' -> (Import Result ID: '7122cc8a21b2da4b647ccac0b393d6ed') in 0.016 seconds [static and dynamic dependencies]. Details - ImportResultOutputID=a5df03c97c44c5b5f741350ea9903b1a DependenciesID=5260eb9630d16798a16ce0da01cbaf1f StaticDependenciesID=9351db5147f7707f9221caf306d80ec5 
Number of updated asset objects reloaded before import = 0
Number of asset objects unloaded after import = 1
========================================================================
Received Import Request.
  Time of request: 2026-09-30T06:25:08.2523851Z
  Time since last request: 0.0010686 seconds.
  importAddress: GUID: d3057fc707bdf374eab7d92464722670 - Path: Assets/Twinsanity/Baked/Beach/Hubb_Scenery_Mesh_562 2.asset - Importer: ScriptedImporter/UnityEditor.QuickSearchModule:UnityEditor.Search:ASIAI0B
Importing 'GUID: d3057fc707bdf374eab7d92464722670 - Path: Assets/Twinsanity/Baked/Beach/Hubb_Scenery_Mesh_562 2.asset - Importer: ScriptedImporter/UnityEditor.QuickSearchModule:UnityEditor.Search:ASIAI0B' with importer (ScriptedImporter : UnityEditor.QuickSearchModule:UnityEditor.Search:ASIAI0B)
Imported 'GUID: d3057fc707bdf374eab7d92464722670' -> (Import Result ID: 'e1a5c5b688e4d7d23caaf87ef566c24d') in 0.010 seconds [static and dynamic dependencies]. Details - ImportResultOutputID=fbe3660865fb5b21258f122e560b634e DependenciesID=dc1858bc07e42d676dd6d801ba833085 StaticDependenciesID=26ea3f127aa191c19f4d9d37de3dfd0c 
Number of updated asset objects reloaded before import = 0
Number of asset objects unloaded after import = 1
========================================================================
Received Import Request.
  Time of request: 2026-09-30T06:25:08.2642802Z
  Time since last request: 0.0011518 seconds.
  importAddress: GUID: 4524d174e6f1ce24091bbf5c4d78d238 - Path: Assets/Twinsanity/Baked/Beach/Material_561 2.mat - Importer: ScriptedImporter/UnityEditor.QuickSearchModule:UnityEditor.Search:ASIAI0B
Importing 'GUID: 4524d174e6f1ce24091bbf5c4d78d238 - Path: Assets/Twinsanity/Baked/Beach/Material_561 2.mat - Importer: ScriptedImporter/UnityEditor.QuickSearchModule:UnityEditor.Search:ASIAI0B' with importer (ScriptedImporter : UnityEditor.QuickSearchModule:UnityEditor.Search:ASIAI0B)
Imported 'GUID: 4524d174e6f1ce24091bbf5c4d78d238' -> (Import Result ID: '74cec9a82dfd6f59b101e38250866fee') in 0.009 seconds [static and dynamic dependencies]. Details - ImportResultOutputID=53d1f9a31a82cc2c4a42b0892eaff025 DependenciesID=87e21d3824fd95c395f0e7b62ff48185 StaticDependenciesID=0ea670216b0b532aa406a647c3ad64a9 
Number of updated asset objects reloaded before import = 0
Number of asset objects unloaded after import = 2
========================================================================
Received Import Request.
  Time of request: 2026-09-30T06:25:08.2747865Z
  Time since last request: 0.0005937 seconds.
  importAddress: GUID: 7be5a6482ed5f674cbd47bef6fc8b8ac - Path: Assets/Twinsanity/Baked/Beach/Material_524 2.mat - Importer: ScriptedImporter/UnityEditor.QuickSearchModule:UnityEditor.Search:ASIAI0B
Importing 'GUID: 7be5a6482ed5f674cbd47bef6fc8b8ac - Path: Assets/Twinsanity/Baked/Beach/Material_524 2.mat - Importer: ScriptedImporter/UnityEditor.QuickSearchModule:UnityEditor.Search:ASIAI0B' with importer (ScriptedImporter : UnityEditor.QuickSearchModule:UnityEditor.Search:ASIAI0B)
Imported 'GUID: 7be5a6482ed5f674cbd47bef6fc8b8ac' -> (Import Result ID: '0046d4ba7a38cd0983275641e47320af') in 0.010 seconds [static and dynamic dependencies]. Details - ImportResultOutputID=798fb52a663b987890b2e4db2be8200c DependenciesID=a0c98fc53ef4721b6c1347906b660bda StaticDependenciesID=5458610406acaa2995799bca6dd72044 
Number of updated asset objects reloaded before import = 0
Number of asset objects unloaded after import = 2
========================================================================
Received Import Request.
  Time of request: 2026-09-30T06:25:08.2862755Z
  Time since last request: 0.0007125 seconds.
  importAddress: GUID: e5949737fd643774e83a1de3d7744a39 - Path: Assets/Twinsanity/Baked/Beach/Hubb_Scenery_Mesh_548 2.asset - Importer: ScriptedImporter/UnityEditor.QuickSearchModule:UnityEditor.Search:ASIAI0B
Importing 'GUID: e5949737fd643774e83a1de3d7744a39 - Path: Assets/Twinsanity/Baked/Beach/Hubb_Scenery_Mesh_548 2.asset - Importer: ScriptedImporter/UnityEditor.QuickSearchModule:UnityEditor.Search:ASIAI0B' with importer (ScriptedImporter : UnityEditor.QuickSearchModule:UnityEditor.Search:ASIAI0B)
Imported 'GUID: e5949737fd643774e83a1de3d7744a39' -> (Import Result ID: 'f4e8c6f3f78aca78dd798125cb737914') in 0.008 seconds [static and dynamic dependencies]. Details - ImportResultOutputID=65c8eca62e0f65566c7a7ad2b72b9502 DependenciesID=dd5950b5e844cde8b2dac7e803c89c0c StaticDependenciesID=ffb5084e8d4d6bdaa120c5939dd6af26 
Number of updated asset objects reloaded before import = 0
Number of asset objects unloaded after import = 1
========================================================================
Received Import Request.
  Time of request: 2026-09-30T06:25:08.2951242Z
  Time since last request: 0.0006808 seconds.
  importAddress: GUID: 13923e81791dfd94886e39c2a919abcc - Path: Assets/Twinsanity/Baked/Beach/Hubb_Scenery_Mesh_529 2.asset - Importer: ScriptedImporter/UnityEditor.QuickSearchModule:UnityEditor.Search:ASIAI0B
Importing 'GUID: 13923e81791dfd94886e39c2a919abcc - Path: Assets/Twinsanity/Baked/Beach/Hubb_Scenery_Mesh_529 2.asset - Importer: ScriptedImporter/UnityEditor.QuickSearchModule:UnityEditor.Search:ASIAI0B' with importer (ScriptedImporter : UnityEditor.QuickSearchModule:UnityEditor.Search:ASIAI0B)
Imported 'GUID: 13923e81791dfd94886e39c2a919abcc' -> (Import Result ID: 'd19933329cba9f0e0464698de826edf3') in 0.013 seconds [static and dynamic dependencies]. Details - ImportResultOutputID=a12497772e6503a3105ad612a7563b4d DependenciesID=3ca2fd5e4e2aa9b732048079bed43f90 StaticDependenciesID=962904e03af3d478b5fe44e75b1ff480 
Number of updated asset objects reloaded before import = 0
Number of asset objects unloaded after import = 1
========================================================================
Received Import Request.
  Time of request: 2026-09-30T06:25:08.3096773Z
  Time since last request: 0.000646 seconds.
  importAddress: GUID: 3d11a657a06677447a117a609a5812b0 - Path: Assets/Twinsanity/Baked/Beach/Hubb_Scenery_Mesh_519 2.asset - Importer: ScriptedImporter/UnityEditor.QuickSearchModule:UnityEditor.Search:ASIAI0B
Importing 'GUID: 3d11a657a06677447a117a609a5812b0 - Path: Assets/Twinsanity/Baked/Beach/Hubb_Scenery_Mesh_519 2.asset - Importer: ScriptedImporter/UnityEditor.QuickSearchModule:UnityEditor.Search:ASIAI0B' with importer (ScriptedImporter : UnityEditor.QuickSearchModule:UnityEditor.Search:ASIAI0B)
Imported 'GUID: 3d11a657a06677447a117a609a5812b0' -> (Import Result ID: '0578d09c1aeb6016901a59fd7adb3276') in 0.009 seconds [static and dynamic dependencies]. Details - ImportResultOutputID=d45589595953739287afc1259c3cdccd DependenciesID=19c82fc555dde4a2dc7f9da0d4ad6504 StaticDependenciesID=cd0eb5ad43f2eb36029739b1805664b3 
Number of updated asset objects reloaded before import = 0
Number of asset objects unloaded after import = 1
========================================================================
Received Import Request.
  Time of request: 2026-09-30T06:25:08.3207242Z
  Time since last request: 0.0013733 seconds.
  importAddress: GUID: 8b01050f644329f4bb8349b381e3a231 - Path: Assets/Twinsanity/Baked/Beach/Hubb_Scenery_Mesh_525 2.asset - Importer: ScriptedImporter/UnityEditor.QuickSearchModule:UnityEditor.Search:ASIAI0B
Importing 'GUID: 8b01050f644329f4bb8349b381e3a231 - Path: Assets/Twinsanity/Baked/Beach/Hubb_Scenery_Mesh_525 2.asset - Importer: ScriptedImporter/UnityEditor.QuickSearchModule:UnityEditor.Search:ASIAI0B' with importer (ScriptedImporter : UnityEditor.QuickSearchModule:UnityEditor.Search:ASIAI0B)
Imported 'GUID: 8b01050f644329f4bb8349b381e3a231' -> (Import Result ID: '76a31c5cc24704eb613870647dcb9eca') in 0.013 seconds [static and dynamic dependencies]. Details - ImportResultOutputID=1f7a25349d4abc17749f72f732bbd0c0 DependenciesID=3e8558569910c6a08806d1ad7091f6da StaticDependenciesID=a3f5c65418f32d60521e9329a61a695c 
Number of updated asset objects reloaded before import = 0
Number of asset objects unloaded after import = 1
========================================================================
Received Import Request.
  Time of request: 2026-09-30T06:25:08.3420131Z
  Time since last request: 0.0069299 seconds.
  importAddress: GUID: f18d1cfc4d8266947abecc729b70c593 - Path: Assets/Twinsanity/Baked/Beach/Hubb_Scenery_Mesh_555 2.asset - Importer: ScriptedImporter/UnityEditor.QuickSearchModule:UnityEditor.Search:ASIAI0B
Importing 'GUID: f18d1cfc4d8266947abecc729b70c593 - Path: Assets/Twinsanity/Baked/Beach/Hubb_Scenery_Mesh_555 2.asset - Importer: ScriptedImporter/UnityEditor.QuickSearchModule:UnityEditor.Search:ASIAI0B' with importer (ScriptedImporter : UnityEditor.QuickSearchModule:UnityEditor.Search:ASIAI0B)
Imported 'GUID: f18d1cfc4d8266947abecc729b70c593' -> (Import Result ID: '956b474561c0eaa8a5bb0ac5298246e9') in 0.009 seconds [static and dynamic dependencies]. Details - ImportResultOutputID=09e494d29138b8137b5c614efedf3649 DependenciesID=618f57469e24066205121f993362400c StaticDependenciesID=2805ba05d37ee6803bb3d667e385b199 
Number of updated asset objects reloaded before import = 0
Number of asset objects unloaded after import = 1
========================================================================
Received Import Request.
  Time of request: 2026-09-30T06:25:08.3528496Z
  Time since last request: 0.0006891 seconds.
  importAddress: GUID: aa3a8b833c1b00c47a8ea792394a4dc4 - Path: Assets/Twinsanity/Baked/Beach/Hubb_Scenery_Mesh_558 2.asset - Importer: ScriptedImporter/UnityEditor.QuickSearchModule:UnityEditor.Search:ASIAI0B
Importing 'GUID: aa3a8b833c1b00c47a8ea792394a4dc4 - Path: Assets/Twinsanity/Baked/Beach/Hubb_Scenery_Mesh_558 2.asset - Importer: ScriptedImporter/UnityEditor.QuickSearchModule:UnityEditor.Search:ASIAI0B' with importer (ScriptedImporter : UnityEditor.QuickSearchModule:UnityEditor.Search:ASIAI0B)
Imported 'GUID: aa3a8b833c1b00c47a8ea792394a4dc4' -> (Import Result ID: 'b73d57c300360cca0989c327ddc19ed5') in 0.020 seconds [static and dynamic dependencies]. Details - ImportResultOutputID=fd028f8e56de1e8183d47a3cf60bdb43 DependenciesID=f016d31bfb6546b059ef176a48a671fd StaticDependenciesID=e1dcac63e294fcd431a4b6f4bd5aba76 
Number of updated asset objects reloaded before import = 0
Number of asset objects unloaded after import = 1
========================================================================
Received Import Request.
  Time of request: 2026-09-30T06:25:08.3786869Z
  Time since last request: 0.0047774 seconds.
  importAddress: GUID: d229dcf72982011448e23d6470b359c5 - Path: Assets/Twinsanity/Baked/Beach/Hubb_Scenery_Mesh_544 2.asset - Importer: ScriptedImporter/UnityEditor.QuickSearchModule:UnityEditor.Search:ASIAI0B
Importing 'GUID: d229dcf72982011448e23d6470b359c5 - Path: Assets/Twinsanity/Baked/Beach/Hubb_Scenery_Mesh_544 2.asset - Importer: ScriptedImporter/UnityEditor.QuickSearchModule:UnityEditor.Search:ASIAI0B' with importer (ScriptedImporter : UnityEditor.QuickSearchModule:UnityEditor.Search:ASIAI0B)
Imported 'GUID: d229dcf72982011448e23d6470b359c5' -> (Import Result ID: '0124dc2d5e5d0e403b8fdbea8cafc183') in 0.043 seconds [static and dynamic dependencies]. Details - ImportResultOutputID=b295d9ce2e4d07b5b634e351072a5390 DependenciesID=f79790492d4e47fbc4bb54a8035db899 StaticDependenciesID=5cef116ef36e5d570debbc338b3241c9 
Number of updated asset objects reloaded before import = 0
Number of asset objects unloaded after import = 1
========================================================================
Received Import Request.
  Time of request: 2026-09-30T06:25:08.4287717Z
  Time since last request: 0.0061505 seconds.
  importAddress: GUID: 457b1f87746277d458ba26c0368d0562 - Path: Assets/Twinsanity/Baked/Beach/Hubb_Scenery_Mesh_546 2.asset - Importer: ScriptedImporter/UnityEditor.QuickSearchModule:UnityEditor.Search:ASIAI0B
Importing 'GUID: 457b1f87746277d458ba26c0368d0562 - Path: Assets/Twinsanity/Baked/Beach/Hubb_Scenery_Mesh_546 2.asset - Importer: ScriptedImporter/UnityEditor.QuickSearchModule:UnityEditor.Search:ASIAI0B' with importer (ScriptedImporter : UnityEditor.QuickSearchModule:UnityEditor.Search:ASIAI0B)
Imported 'GUID: 457b1f87746277d458ba26c0368d0562' -> (Import Result ID: 'f0561a77136c068d8c294bf633128db2') in 0.069 seconds [static and dynamic dependencies]. Details - ImportResultOutputID=ff2b0c3745fde7aa413ff5ceef9c414d DependenciesID=92e4f78bac5b02deab4f190f3e2df751 StaticDependenciesID=846b79e1297b9e9a768ccd24e4d5ed4e 
Number of updated asset objects reloaded before import = 0
Number of asset objects unloaded after import = 1
========================================================================
Received Import Request.
  Time of request: 2026-09-30T06:25:08.5116194Z
  Time since last request: 0.0093517 seconds.
  importAddress: GUID: 7181f7db1a986774382a01b5400a97f7 - Path: Assets/Twinsanity/Baked/Beach/Hubb_Scenery_Mesh_543 2.asset - Importer: ScriptedImporter/UnityEditor.QuickSearchModule:UnityEditor.Search:ASIAI0B
Importing 'GUID: 7181f7db1a986774382a01b5400a97f7 - Path: Assets/Twinsanity/Baked/Beach/Hubb_Scenery_Mesh_543 2.asset - Importer: ScriptedImporter/UnityEditor.QuickSearchModule:UnityEditor.Search:ASIAI0B' with importer (ScriptedImporter : UnityEditor.QuickSearchModule:UnityEditor.Search:ASIAI0B)
Imported 'GUID: 7181f7db1a986774382a01b5400a97f7' -> (Import Result ID: 'f13d54b1ada20700bb7a1138d99c282e') in 0.028 seconds [static and dynamic dependencies]. Details - ImportResultOutputID=fb847b608ba2a55bf2b8e7a83ff5b878 DependenciesID=6a13c0f50bc602de9a3be623d9fb4ba0 StaticDependenciesID=565d1598b9ef750bede79e1eb9162071 
Number of updated asset objects reloaded before import = 0
Number of asset objects unloaded after import = 1
========================================================================
Received Import Request.
  Time of request: 2026-09-30T06:25:08.5426374Z
  Time since last request: 0.0007907 seconds.
  importAddress: GUID: 736672ca73be1a249842f2151eda402e - Path: Assets/Twinsanity/Baked/Beach/Material_526 2.mat - Importer: ScriptedImporter/UnityEditor.QuickSearchModule:UnityEditor.Search:ASIAI0B
Importing 'GUID: 736672ca73be1a249842f2151eda402e - Path: Assets/Twinsanity/Baked/Beach/Material_526 2.mat - Importer: ScriptedImporter/UnityEditor.QuickSearchModule:UnityEditor.Search:ASIAI0B' with importer (ScriptedImporter : UnityEditor.QuickSearchModule:UnityEditor.Search:ASIAI0B)
Imported 'GUID: 736672ca73be1a249842f2151eda402e' -> (Import Result ID: 'd57ff8c1b087361946fe06f358fdf748') in 0.017 seconds [static and dynamic dependencies]. Details - ImportResultOutputID=7900a7e59468a4f7e9b284eec8d965af DependenciesID=2bfffb15de9b2901a9349d65f7f1337c StaticDependenciesID=6a8dc5f31e5fb7f66b7a2b1edcb02ae8 
Number of updated asset objects reloaded before import = 0
Number of asset objects unloaded after import = 2
========================================================================
Received Import Request.
  Time of request: 2026-09-30T06:25:08.5614345Z
  Time since last request: 0.0001481 seconds.
  importAddress: GUID: f4a89e7c6c8b1dd4ea1a8a83b83f948a - Path: Assets/Twinsanity/Baked/Beach/Hubb_Scenery_Mesh_510 2.asset - Importer: ScriptedImporter/UnityEditor.QuickSearchModule:UnityEditor.Search:ASIAI0B
Importing 'GUID: f4a89e7c6c8b1dd4ea1a8a83b83f948a - Path: Assets/Twinsanity/Baked/Beach/Hubb_Scenery_Mesh_510 2.asset - Importer: ScriptedImporter/UnityEditor.QuickSearchModule:UnityEditor.Search:ASIAI0B' with importer (ScriptedImporter : UnityEditor.QuickSearchModule:UnityEditor.Search:ASIAI0B)
Imported 'GUID: f4a89e7c6c8b1dd4ea1a8a83b83f948a' -> (Import Result ID: '7bd040dbccb4e873609dd95a91f9b9ed') in 0.024 seconds [static and dynamic dependencies]. Details - ImportResultOutputID=7762181c94f040a3700f751e71b7cb3d DependenciesID=c8a67f110595d43055e5246fedc8039c StaticDependenciesID=acd35321f96e379358a2783c76d30553 
Number of updated asset objects reloaded before import = 0
Number of asset objects unloaded after import = 1
========================================================================
Received Import Request.
  Time of request: 2026-09-30T06:25:08.5914178Z
  Time since last request: 0.0029213 seconds.
  importAddress: GUID: e456426a80f6bef428c263bd6d046ddf - Path: Assets/Twinsanity/Baked/Beach/Hubb_Scenery_Mesh_552 2.asset - Importer: ScriptedImporter/UnityEditor.QuickSearchModule:UnityEditor.Search:ASIAI0B
Importing 'GUID: e456426a80f6bef428c263bd6d046ddf - Path: Assets/Twinsanity/Baked/Beach/Hubb_Scenery_Mesh_552 2.asset - Importer: ScriptedImporter/UnityEditor.QuickSearchModule:UnityEditor.Search:ASIAI0B' with importer (ScriptedImporter : UnityEditor.QuickSearchModule:UnityEditor.Search:ASIAI0B)
Imported 'GUID: e456426a80f6bef428c263bd6d046ddf' -> (Import Result ID: '5507b2ad2df475409d719f904ddca5a5') in 0.035 seconds [static and dynamic dependencies]. Details - ImportResultOutputID=84667bfd7787ca7b6684547286952e49 DependenciesID=2aaf23dd651dbc82b0b39ab60234c09e StaticDependenciesID=f90d0fc5eff8b3dbdebfb36de05e94f6 
Number of updated asset objects reloaded before import = 0
Number of asset objects unloaded after import = 1
========================================================================
Received Import Request.
  Time of request: 2026-09-30T06:25:08.6286075Z
  Time since last request: 0.0001957 seconds.
  importAddress: GUID: effcc972a7ea1f642ac81e9f4a29661a - Path: Assets/Twinsanity/Baked/Beach/Hubb_Scenery_Mesh_560 2.asset - Importer: ScriptedImporter/UnityEditor.QuickSearchModule:UnityEditor.Search:ASIAI0B
Importing 'GUID: effcc972a7ea1f642ac81e9f4a29661a - Path: Assets/Twinsanity/Baked/Beach/Hubb_Scenery_Mesh_560 2.asset - Importer: ScriptedImporter/UnityEditor.QuickSearchModule:UnityEditor.Search:ASIAI0B' with importer (ScriptedImporter : UnityEditor.QuickSearchModule:UnityEditor.Search:ASIAI0B)
Imported 'GUID: effcc972a7ea1f642ac81e9f4a29661a' -> (Import Result ID: 'd2484954691b71a02492454079637bc7') in 0.016 seconds [static and dynamic dependencies]. Details - ImportResultOutputID=cdf2f40fd47dad3b30aa1f692958fc3c DependenciesID=b130e49f8ef19d80492139b3b38159a9 StaticDependenciesID=768ce9df9baaf9625de0f22c3170b27f 
Number of updated asset objects reloaded before import = 0
Number of asset objects unloaded after import = 1
========================================================================
Received Import Request.
  Time of request: 2026-09-30T06:25:08.6459387Z
  Time since last request: 0.0004456 seconds.
  importAddress: GUID: 6b82318a40a96dd418992f81f168e502 - Path: Assets/Twinsanity/Baked/Beach/Material_551 2.mat - Importer: ScriptedImporter/UnityEditor.QuickSearchModule:UnityEditor.Search:ASIAI0B
Importing 'GUID: 6b82318a40a96dd418992f81f168e502 - Path: Assets/Twinsanity/Baked/Beach/Material_551 2.mat - Importer: ScriptedImporter/UnityEditor.QuickSearchModule:UnityEditor.Search:ASIAI0B' with importer (ScriptedImporter : UnityEditor.QuickSearchModule:UnityEditor.Search:ASIAI0B)
Imported 'GUID: 6b82318a40a96dd418992f81f168e502' -> (Import Result ID: '8f1b2fa977d41147461dfec557a37b08') in 0.020 seconds [static and dynamic dependencies]. Details - ImportResultOutputID=56e199f1f139a9cd3ab7db3b2103033e DependenciesID=cd68affb1a775fcd751c5a32a59e277a StaticDependenciesID=4a5532af0abc776a98e547330bae7d81 
Number of updated asset objects reloaded before import = 0
Number of asset objects unloaded after import = 2
========================================================================
Received Import Request.
  Time of request: 2026-09-30T06:25:08.6671981Z
  Time since last request: 0.0006308 seconds.
  importAddress: GUID: 3179263bf76b48941a08a1adce36d7ea - Path: Assets/Twinsanity/Baked/Beach/Material_522 2.mat - Importer: ScriptedImporter/UnityEditor.QuickSearchModule:UnityEditor.Search:ASIAI0B
Importing 'GUID: 3179263bf76b48941a08a1adce36d7ea - Path: Assets/Twinsanity/Baked/Beach/Material_522 2.mat - Importer: ScriptedImporter/UnityEditor.QuickSearchModule:UnityEditor.Search:ASIAI0B' with importer (ScriptedImporter : UnityEditor.QuickSearchModule:UnityEditor.Search:ASIAI0B)
Imported 'GUID: 3179263bf76b48941a08a1adce36d7ea' -> (Import Result ID: 'b9cb5c25fc4f71b9fc8efda4485e8034') in 0.022 seconds [static and dynamic dependencies]. Details - ImportResultOutputID=fe4ceb5e99cb7b20e8a79203a694b19e DependenciesID=a6ea6e2319492d8fc8191e6b3fca616a StaticDependenciesID=15ea418e6c96e08e3e348a1e6eeec0b5 
Number of updated asset objects reloaded before import = 0
Number of asset objects unloaded after import = 2
========================================================================
Received Import Request.
  Time of request: 2026-09-30T06:25:08.6908338Z
  Time since last request: 0.0005561 seconds.
  importAddress: GUID: dae8ca97798b52b47b5f8b4211de4486 - Path: Assets/Twinsanity/Baked/Beach/Material_542 2.mat - Importer: ScriptedImporter/UnityEditor.QuickSearchModule:UnityEditor.Search:ASIAI0B
Importing 'GUID: dae8ca97798b52b47b5f8b4211de4486 - Path: Assets/Twinsanity/Baked/Beach/Material_542 2.mat - Importer: ScriptedImporter/UnityEditor.QuickSearchModule:UnityEditor.Search:ASIAI0B' with importer (ScriptedImporter : UnityEditor.QuickSearchModule:UnityEditor.Search:ASIAI0B)
Imported 'GUID: dae8ca97798b52b47b5f8b4211de4486' -> (Import Result ID: '1dd26fba092cda2b68242c16434f0ec5') in 0.012 seconds [static and dynamic dependencies]. Details - ImportResultOutputID=fcc8d0838a8940af42de27691d5324bb DependenciesID=6137e82d9c9dff30685c3e2dd98c12f7 StaticDependenciesID=24c430db28570c341218672725904275 
Number of updated asset objects reloaded before import = 0
Number of asset objects unloaded after import = 2
========================================================================
Received Import Request.
  Time of request: 2026-09-30T06:25:08.7046633Z
  Time since last request: 0.0006343 seconds.
  importAddress: GUID: e62820da4192e054eaf95f5859df9243 - Path: Assets/Twinsanity/Baked/Beach/Hubb_Scenery_Mesh_557 2.asset - Importer: ScriptedImporter/UnityEditor.QuickSearchModule:UnityEditor.Search:ASIAI0B
Importing 'GUID: e62820da4192e054eaf95f5859df9243 - Path: Assets/Twinsanity/Baked/Beach/Hubb_Scenery_Mesh_557 2.asset - Importer: ScriptedImporter/UnityEditor.QuickSearchModule:UnityEditor.Search:ASIAI0B' with importer (ScriptedImporter : UnityEditor.QuickSearchModule:UnityEditor.Search:ASIAI0B)
Imported 'GUID: e62820da4192e054eaf95f5859df9243' -> (Import Result ID: '2164156936f5fe0d80bc4fb31da502ae') in 0.009 seconds [static and dynamic dependencies]. Details - ImportResultOutputID=c08f96a547e6b366a662f4d3e3a92433 DependenciesID=c268de582cb69df936f5622f93c71c28 StaticDependenciesID=0a0234ea815e4390930d59ed3f3d1bb2 
Number of updated asset objects reloaded before import = 0
Number of asset objects unloaded after import = 1
========================================================================
Received Import Request.
  Time of request: 2026-09-30T06:25:08.7163571Z
  Time since last request: 0.0000727 seconds.
  importAddress: GUID: 1fac24a6a5626bc48bf23b5b9c92cce8 - Path: Assets/Twinsanity/Baked/Beach/Material_538 2.mat - Importer: ScriptedImporter/UnityEditor.QuickSearchModule:UnityEditor.Search:ASIAI0B
Importing 'GUID: 1fac24a6a5626bc48bf23b5b9c92cce8 - Path: Assets/Twinsanity/Baked/Beach/Material_538 2.mat - Importer: ScriptedImporter/UnityEditor.QuickSearchModule:UnityEditor.Search:ASIAI0B' with importer (ScriptedImporter : UnityEditor.QuickSearchModule:UnityEditor.Search:ASIAI0B)
Imported 'GUID: 1fac24a6a5626bc48bf23b5b9c92cce8' -> (Import Result ID: '1a24f54f76ff58c636bad217e9866e8f') in 0.011 seconds [static and dynamic dependencies]. Details - ImportResultOutputID=f42fc10bd111505b290460f6e3d9b560 DependenciesID=357ec709a040bdf9d63d14f6c979dfe0 StaticDependenciesID=1424f2f951780dad754b8c27d841471e 
Number of updated asset objects reloaded before import = 0
Number of asset objects unloaded after import = 2
========================================================================
Received Import Request.
  Time of request: 2026-09-30T06:25:08.7329935Z
  Time since last request: 0.0006639 seconds.
  importAddress: GUID: 0b8012a1f74bf844b9092c1f6be5a076 - Path: Assets/Twinsanity/Baked/Beach/Hubb_Scenery_Mesh_531 2.asset - Importer: ScriptedImporter/UnityEditor.QuickSearchModule:UnityEditor.Search:ASIAI0B
Importing 'GUID: 0b8012a1f74bf844b9092c1f6be5a076 - Path: Assets/Twinsanity/Baked/Beach/Hubb_Scenery_Mesh_531 2.asset - Importer: ScriptedImporter/UnityEditor.QuickSearchModule:UnityEditor.Search:ASIAI0B' with importer (ScriptedImporter : UnityEditor.QuickSearchModule:UnityEditor.Search:ASIAI0B)
Imported 'GUID: 0b8012a1f74bf844b9092c1f6be5a076' -> (Import Result ID: 'f6e22e6daec19b8315d06e6b25f5ad3f') in 0.012 seconds [static and dynamic dependencies]. Details - ImportResultOutputID=3b1b8d610c982d3caddfef6071c95aec DependenciesID=48c3b2704a67ab91a0baa1f2563b3739 StaticDependenciesID=d5baa343169a140df8d1161558cc5745 
Number of updated asset objects reloaded before import = 0
Number of asset objects unloaded after import = 1
========================================================================
Received Import Request.
  Time of request: 2026-09-30T06:25:08.7464452Z
  Time since last request: 0.0006216 seconds.
  importAddress: GUID: 63cdfc348c2ed79488e6682c6d01fea5 - Path: Assets/Twinsanity/Baked/Beach/Hubb_Scenery_Mesh_508 2.asset - Importer: ScriptedImporter/UnityEditor.QuickSearchModule:UnityEditor.Search:ASIAI0B
Importing 'GUID: 63cdfc348c2ed79488e6682c6d01fea5 - Path: Assets/Twinsanity/Baked/Beach/Hubb_Scenery_Mesh_508 2.asset - Importer: ScriptedImporter/UnityEditor.QuickSearchModule:UnityEditor.Search:ASIAI0B' with importer (ScriptedImporter : UnityEditor.QuickSearchModule:UnityEditor.Search:ASIAI0B)
Imported 'GUID: 63cdfc348c2ed79488e6682c6d01fea5' -> (Import Result ID: '5c62f286b2620c408b6f99ef44c34ee6') in 0.008 seconds [static and dynamic dependencies]. Details - ImportResultOutputID=af66d615c131f1cafa5ac52be236b38e DependenciesID=6075d7bcc3d4d7df6b0a9f36caf71d1c StaticDependenciesID=7697dcbccaec45724ca5563aedd0564b 
Number of updated asset objects reloaded before import = 0
Number of asset objects unloaded after import = 1
========================================================================
Received Import Request.
  Time of request: 2026-09-30T06:25:08.7556422Z
  Time since last request: 0.000684 seconds.
  importAddress: GUID: fc57a6ce7d5b9bf438755b9113395c81 - Path: Assets/Twinsanity/Baked/Beach/Hubb_Scenery_Mesh_533 2.asset - Importer: ScriptedImporter/UnityEditor.QuickSearchModule:UnityEditor.Search:ASIAI0B
Importing 'GUID: fc57a6ce7d5b9bf438755b9113395c81 - Path: Assets/Twinsanity/Baked/Beach/Hubb_Scenery_Mesh_533 2.asset - Importer: ScriptedImporter/UnityEditor.QuickSearchModule:UnityEditor.Search:ASIAI0B' with importer (ScriptedImporter : UnityEditor.QuickSearchModule:UnityEditor.Search:ASIAI0B)
Imported 'GUID: fc57a6ce7d5b9bf438755b9113395c81' -> (Import Result ID: 'ca60798c6480cba8c0feadf0dd63a6db') in 0.008 seconds [static and dynamic dependencies]. Details - ImportResultOutputID=1781e53d1c2cc53715177c6d3c7ad58b DependenciesID=abcb232c998fc3d9fabf5d7e852965dc StaticDependenciesID=748b806b77e7854f2d3df0e73ff8c375 
Number of updated asset objects reloaded before import = 0
Number of asset objects unloaded after import = 1
========================================================================
Received Import Request.
  Time of request: 2026-09-30T06:25:08.7699054Z
  Time since last request: 0.0052795 seconds.
  importAddress: GUID: 66aedeaeb986fbb42a0f6c2e620fc0ac - Path: Assets/Twinsanity/Baked/Beach/Hubb_Scenery_Mesh_554 2.asset - Importer: ScriptedImporter/UnityEditor.QuickSearchModule:UnityEditor.Search:ASIAI0B
Importing 'GUID: 66aedeaeb986fbb42a0f6c2e620fc0ac - Path: Assets/Twinsanity/Baked/Beach/Hubb_Scenery_Mesh_554 2.asset - Importer: ScriptedImporter/UnityEditor.QuickSearchModule:UnityEditor.Search:ASIAI0B' with importer (ScriptedImporter : UnityEditor.QuickSearchModule:UnityEditor.Search:ASIAI0B)
Imported 'GUID: 66aedeaeb986fbb42a0f6c2e620fc0ac' -> (Import Result ID: 'fdb14f8791aa1acd3c6887c90eb1afea') in 0.007 seconds [static and dynamic dependencies]. Details - ImportResultOutputID=f2abfc706fdfb81fa3c3b51d01c3f887 DependenciesID=a74bee830f57b202d04918699bb739f4 StaticDependenciesID=8f9d2f91c10af14f5f27131e29413144 
Number of updated asset objects reloaded before import = 0
Number of asset objects unloaded after import = 1
========================================================================
Received Import Request.
  Time of request: 2026-09-30T06:25:08.778882Z
  Time since last request: 0.0010617 seconds.
  importAddress: GUID: f23566f0048053e4dace0a352a1d3774 - Path: Assets/Twinsanity/Baked/Beach/Hubb_Scenery_Mesh_537 2.asset - Importer: ScriptedImporter/UnityEditor.QuickSearchModule:UnityEditor.Search:ASIAI0B
Importing 'GUID: f23566f0048053e4dace0a352a1d3774 - Path: Assets/Twinsanity/Baked/Beach/Hubb_Scenery_Mesh_537 2.asset - Importer: ScriptedImporter/UnityEditor.QuickSearchModule:UnityEditor.Search:ASIAI0B' with importer (ScriptedImporter : UnityEditor.QuickSearchModule:UnityEditor.Search:ASIAI0B)
Imported 'GUID: f23566f0048053e4dace0a352a1d3774' -> (Import Result ID: '23bcd513a69e0962929673f57e9a1fe2') in 0.007 seconds [static and dynamic dependencies]. Details - ImportResultOutputID=7ea88c0ad188574be2bd3d4a7e49bc4f DependenciesID=e88f7e77d8abcef4bc15bb5eba18392a StaticDependenciesID=b24db3ecad16bab3ced5945b6ac3f27c 
Number of updated asset objects reloaded before import = 0
Number of asset objects unloaded after import = 1
========================================================================
Received Import Request.
  Time of request: 2026-09-30T06:25:08.7874096Z
  Time since last request: 0.0006943 seconds.
  importAddress: GUID: fa96eae6a036c38409bb5780562cbcd1 - Path: Assets/Twinsanity/Baked/Beach/Material_556 2.mat - Importer: ScriptedImporter/UnityEditor.QuickSearchModule:UnityEditor.Search:ASIAI0B
Importing 'GUID: fa96eae6a036c38409bb5780562cbcd1 - Path: Assets/Twinsanity/Baked/Beach/Material_556 2.mat - Importer: ScriptedImporter/UnityEditor.QuickSearchModule:UnityEditor.Search:ASIAI0B' with importer (ScriptedImporter : UnityEditor.QuickSearchModule:UnityEditor.Search:ASIAI0B)
Imported 'GUID: fa96eae6a036c38409bb5780562cbcd1' -> (Import Result ID: '9e4240fa3c638980b49b0bc99a7cce65') in 0.009 seconds [static and dynamic dependencies]. Details - ImportResultOutputID=23663c2f41fe409a2f62b0f44de03ba2 DependenciesID=cb4d88e756b2d99d2fd9bfb9d2a81a0e StaticDependenciesID=0fcca3191316121726c2d17cef315abf 
Number of updated asset objects reloaded before import = 0
Number of asset objects unloaded after import = 2
========================================================================
Received Import Request.
  Time of request: 2026-09-30T06:25:08.8062555Z
  Time since last request: 0.0084785 seconds.
  importAddress: GUID: c657d15475f73a2449048322246fa27a - Path: Assets/Twinsanity/Baked/Beach/Hubb_Scenery_Mesh_627 2.asset - Importer: ScriptedImporter/UnityEditor.QuickSearchModule:UnityEditor.Search:ASIAI0B
Importing 'GUID: c657d15475f73a2449048322246fa27a - Path: Assets/Twinsanity/Baked/Beach/Hubb_Scenery_Mesh_627 2.asset - Importer: ScriptedImporter/UnityEditor.QuickSearchModule:UnityEditor.Search:ASIAI0B' with importer (ScriptedImporter : UnityEditor.QuickSearchModule:UnityEditor.Search:ASIAI0B)
Imported 'GUID: c657d15475f73a2449048322246fa27a' -> (Import Result ID: '7921604e26761ef2def8e699729c2105') in 0.013 seconds [static and dynamic dependencies]. Details - ImportResultOutputID=675c0c956a0b2387a3e328e4dfc896d9 DependenciesID=29ae7ebcca51a5e0c3838ceb95872ba7 StaticDependenciesID=6a47ccb814199fb14263bd711d30eded 
Number of updated asset objects reloaded before import = 0
Number of asset objects unloaded after import = 1
========================================================================
Received Import Request.
  Time of request: 2026-09-30T06:25:08.8205359Z
  Time since last request: 0.0006368 seconds.
  importAddress: GUID: 9e67cf95360b04648bb522e1cdeb81a9 - Path: Assets/Twinsanity/Baked/Beach/Material_618 2.mat - Importer: ScriptedImporter/UnityEditor.QuickSearchModule:UnityEditor.Search:ASIAI0B
Importing 'GUID: 9e67cf95360b04648bb522e1cdeb81a9 - Path: Assets/Twinsanity/Baked/Beach/Material_618 2.mat - Importer: ScriptedImporter/UnityEditor.QuickSearchModule:UnityEditor.Search:ASIAI0B' with importer (ScriptedImporter : UnityEditor.QuickSearchModule:UnityEditor.Search:ASIAI0B)
Imported 'GUID: 9e67cf95360b04648bb522e1cdeb81a9' -> (Import Result ID: 'd4bc5729629893c27e7e1a61e1960e91') in 0.010 seconds [static and dynamic dependencies]. Details - ImportResultOutputID=a2dc327bf81274bceb9d927f288a1b1e DependenciesID=fe8dd984cdce57fe2b687d4bd1fd70ea StaticDependenciesID=ec8cc7f3c4bac64f299c5f29b2160a60 
Number of updated asset objects reloaded before import = 0
Number of asset objects unloaded after import = 2
========================================================================
Received Import Request.
  Time of request: 2026-09-30T06:25:08.8320787Z
  Time since last request: 0.0007511 seconds.
  importAddress: GUID: 64c8292861ed92743bc5105003677987 - Path: Assets/Twinsanity/Baked/Beach/Hubb_Scenery_Mesh_609 2.asset - Importer: ScriptedImporter/UnityEditor.QuickSearchModule:UnityEditor.Search:ASIAI0B
Importing 'GUID: 64c8292861ed92743bc5105003677987 - Path: Assets/Twinsanity/Baked/Beach/Hubb_Scenery_Mesh_609 2.asset - Importer: ScriptedImporter/UnityEditor.QuickSearchModule:UnityEditor.Search:ASIAI0B' with importer (ScriptedImporter : UnityEditor.QuickSearchModule:UnityEditor.Search:ASIAI0B)
Imported 'GUID: 64c8292861ed92743bc5105003677987' -> (Import Result ID: '90d21673449a4c18a5f985bc4a45ebf5') in 0.007 seconds [static and dynamic dependencies]. Details - ImportResultOutputID=96769d2249466cf7fa87d6946b07343a DependenciesID=8bf55d1ef3172b5d6dba340d6a93d0c9 StaticDependenciesID=695c2f670f58d0857738a04a276e327c 
Number of updated asset objects reloaded before import = 0
Number of asset objects unloaded after import = 1
========================================================================
Received Import Request.
  Time of request: 2026-09-30T06:25:08.8400374Z
  Time since last request: 0.0006707 seconds.
  importAddress: GUID: d71f575267de626419e4839bdd9199d9 - Path: Assets/Twinsanity/Baked/Beach/Material_599 2.mat - Importer: ScriptedImporter/UnityEditor.QuickSearchModule:UnityEditor.Search:ASIAI0B
Importing 'GUID: d71f575267de626419e4839bdd9199d9 - Path: Assets/Twinsanity/Baked/Beach/Material_599 2.mat - Importer: ScriptedImporter/UnityEditor.QuickSearchModule:UnityEditor.Search:ASIAI0B' with importer (ScriptedImporter : UnityEditor.QuickSearchModule:UnityEditor.Search:ASIAI0B)
Imported 'GUID: d71f575267de626419e4839bdd9199d9' -> (Import Result ID: 'cfe41267e6ab61675bfd3dc750ee89e0') in 0.009 seconds [static and dynamic dependencies]. Details - ImportResultOutputID=5a327bef85822d61a4280cdafabf032a DependenciesID=263dc6f5e22115022217529a595fc5ee StaticDependenciesID=3b3ebe550adb29481311cbd1e7ffce2d 
Number of updated asset objects reloaded before import = 0
Number of asset objects unloaded after import = 2
========================================================================
Received Import Request.
  Time of request: 2026-09-30T06:25:08.8500157Z
  Time since last request: 0.0006117 seconds.
  importAddress: GUID: 033f160508262cf4685c10ae188206d0 - Path: Assets/Twinsanity/Baked/Beach/Hubb_Scenery_Mesh_570 2.asset - Importer: ScriptedImporter/UnityEditor.QuickSearchModule:UnityEditor.Search:ASIAI0B
Importing 'GUID: 033f160508262cf4685c10ae188206d0 - Path: Assets/Twinsanity/Baked/Beach/Hubb_Scenery_Mesh_570 2.asset - Importer: ScriptedImporter/UnityEditor.QuickSearchModule:UnityEditor.Search:ASIAI0B' with importer (ScriptedImporter : UnityEditor.QuickSearchModule:UnityEditor.Search:ASIAI0B)
Imported 'GUID: 033f160508262cf4685c10ae188206d0' -> (Import Result ID: '60b255a50e250bfe96d5e1a32cee35ac') in 0.006 seconds [static and dynamic dependencies]. Details - ImportResultOutputID=6f8c52760b4bf3ae42ea65afd3b0ad37 DependenciesID=8f27be800c32b8dabdfac86b228f6792 StaticDependenciesID=1931f6dc014395a7d110d7078955edfa 
Number of updated asset objects reloaded before import = 0
Number of asset objects unloaded after import = 1
========================================================================
Received Import Request.
  Time of request: 2026-09-30T06:25:08.8572434Z
  Time since last request: 0.0006166 seconds.
  importAddress: GUID: 63749133873c29a44b70ae16ddfddad1 - Path: Assets/Twinsanity/Baked/Beach/Material_585 2.mat - Importer: ScriptedImporter/UnityEditor.QuickSearchModule:UnityEditor.Search:ASIAI0B
Importing 'GUID: 63749133873c29a44b70ae16ddfddad1 - Path: Assets/Twinsanity/Baked/Beach/Material_585 2.mat - Importer: ScriptedImporter/UnityEditor.QuickSearchModule:UnityEditor.Search:ASIAI0B' with importer (ScriptedImporter : UnityEditor.QuickSearchModule:UnityEditor.Search:ASIAI0B)
Imported 'GUID: 63749133873c29a44b70ae16ddfddad1' -> (Import Result ID: '0cb1046b83d6cc1036f19483ab4e7509') in 0.008 seconds [static and dynamic dependencies]. Details - ImportResultOutputID=5c8da4f125594dbb0d6d01c44ca7071b DependenciesID=db002f07676ca89d314799825fab2326 StaticDependenciesID=bc5fe1be83416ae45196431362bc1780 
Number of updated asset objects reloaded before import = 0
Number of asset objects unloaded after import = 2
========================================================================
Received Import Request.
  Time of request: 2026-09-30T06:25:08.8660532Z
  Time since last request: 0.0004971 seconds.
  importAddress: GUID: db5d47f58cb1cb248a34280d2329d719 - Path: Assets/Twinsanity/Baked/Beach/Hubb_Scenery_Mesh_587 2.asset - Importer: ScriptedImporter/UnityEditor.QuickSearchModule:UnityEditor.Search:ASIAI0B
Importing 'GUID: db5d47f58cb1cb248a34280d2329d719 - Path: Assets/Twinsanity/Baked/Beach/Hubb_Scenery_Mesh_587 2.asset - Importer: ScriptedImporter/UnityEditor.QuickSearchModule:UnityEditor.Search:ASIAI0B' with importer (ScriptedImporter : UnityEditor.QuickSearchModule:UnityEditor.Search:ASIAI0B)
Imported 'GUID: db5d47f58cb1cb248a34280d2329d719' -> (Import Result ID: 'd626d85745e05411a164705536a9f103') in 0.007 seconds [static and dynamic dependencies]. Details - ImportResultOutputID=8bd95df18929a1fc0ea0bcdd48dcec8d DependenciesID=88caac3df48b1303410839adb8f8920c StaticDependenciesID=1f43bc1448d72f9514f1f06b67f13d60 
Number of updated asset objects reloaded before import = 0
Number of asset objects unloaded after import = 1
========================================================================
Received Import Request.
  Time of request: 2026-09-30T06:25:08.8740011Z
  Time since last request: 0.0007047 seconds.
  importAddress: GUID: 30e9271d6b4a3424396a2fb5b341dab2 - Path: Assets/Twinsanity/Baked/Beach/Hubb_Scenery_Mesh_625 2.asset - Importer: ScriptedImporter/UnityEditor.QuickSearchModule:UnityEditor.Search:ASIAI0B
Importing 'GUID: 30e9271d6b4a3424396a2fb5b341dab2 - Path: Assets/Twinsanity/Baked/Beach/Hubb_Scenery_Mesh_625 2.asset - Importer: ScriptedImporter/UnityEditor.QuickSearchModule:UnityEditor.Search:ASIAI0B' with importer (ScriptedImporter : UnityEditor.QuickSearchModule:UnityEditor.Search:ASIAI0B)
Imported 'GUID: 30e9271d6b4a3424396a2fb5b341dab2' -> (Import Result ID: '02291caf3ddbfa081268f3b5af7a9559') in 0.007 seconds [static and dynamic dependencies]. Details - ImportResultOutputID=7117f26c2b815a4563973d40c749c2ee DependenciesID=2f48849102ecf115ad6da0d8f8e87693 StaticDependenciesID=192ddf957fcf3b2f0c976a0d1a2fa2b0 
Number of updated asset objects reloaded before import = 0
Number of asset objects unloaded after import = 1
========================================================================
Received Import Request.
  Time of request: 2026-09-30T06:25:08.8823094Z
  Time since last request: 0.0006205 seconds.
  importAddress: GUID: 32b7cb9f61afc9a4da55876fea1563a8 - Path: Assets/Twinsanity/Baked/Beach/Hubb_Scenery_Mesh_631 2.asset - Importer: ScriptedImporter/UnityEditor.QuickSearchModule:UnityEditor.Search:ASIAI0B
Importing 'GUID: 32b7cb9f61afc9a4da55876fea1563a8 - Path: Assets/Twinsanity/Baked/Beach/Hubb_Scenery_Mesh_631 2.asset - Importer: ScriptedImporter/UnityEditor.QuickSearchModule:UnityEditor.Search:ASIAI0B' with importer (ScriptedImporter : UnityEditor.QuickSearchModule:UnityEditor.Search:ASIAI0B)
Imported 'GUID: 32b7cb9f61afc9a4da55876fea1563a8' -> (Import Result ID: '3b44694fb4831adc640084b7611db427') in 0.007 seconds [static and dynamic dependencies]. Details - ImportResultOutputID=7254ed54df68cdd2157d6ad5c2ed7980 DependenciesID=cbdf6ef03e12b519de03b02db317024d StaticDependenciesID=f873aca9a29ae1f6c12efd658f53a345 
Number of updated asset objects reloaded before import = 0
Number of asset objects unloaded after import = 1
========================================================================
Received Import Request.
  Time of request: 2026-09-30T06:25:08.8992915Z
  Time since last request: 0.0061217 seconds.
  importAddress: GUID: 0259d46bf92def74b9e77fb1cc3d39a2 - Path: Assets/Twinsanity/Baked/Beach/Hubb_Scenery_Mesh_633 2.asset - Importer: ScriptedImporter/UnityEditor.QuickSearchModule:UnityEditor.Search:ASIAI0B
Importing 'GUID: 0259d46bf92def74b9e77fb1cc3d39a2 - Path: Assets/Twinsanity/Baked/Beach/Hubb_Scenery_Mesh_633 2.asset - Importer: ScriptedImporter/UnityEditor.QuickSearchModule:UnityEditor.Search:ASIAI0B' with importer (ScriptedImporter : UnityEditor.QuickSearchModule:UnityEditor.Search:ASIAI0B)
Imported 'GUID: 0259d46bf92def74b9e77fb1cc3d39a2' -> (Import Result ID: '131848dffd69e8c28e3699ded4f15838') in 0.015 seconds [static and dynamic dependencies]. Details - ImportResultOutputID=597c4948eac5a8fdd7923f89da690485 DependenciesID=6ca2bd8c8d9a27579f2609d33d4655af StaticDependenciesID=7b3ea3aa30f28b64ee9df06b594296a0 
Number of updated asset objects reloaded before import = 0
Number of asset objects unloaded after import = 1
========================================================================
Received Import Request.
  Time of request: 2026-09-30T06:25:08.9190073Z
  Time since last request: 0.0030081 seconds.
  importAddress: GUID: 8b5378361df56eb43887a7403779a9e6 - Path: Assets/Twinsanity/Baked/Beach/Hubb_Scenery_Mesh_616 2.asset - Importer: ScriptedImporter/UnityEditor.QuickSearchModule:UnityEditor.Search:ASIAI0B
Importing 'GUID: 8b5378361df56eb43887a7403779a9e6 - Path: Assets/Twinsanity/Baked/Beach/Hubb_Scenery_Mesh_616 2.asset - Importer: ScriptedImporter/UnityEditor.QuickSearchModule:UnityEditor.Search:ASIAI0B' with importer (ScriptedImporter : UnityEditor.QuickSearchModule:UnityEditor.Search:ASIAI0B)
Imported 'GUID: 8b5378361df56eb43887a7403779a9e6' -> (Import Result ID: '798d83e3d5f8f4dbf532a38f34f539d3') in 0.009 seconds [static and dynamic dependencies]. Details - ImportResultOutputID=641083579ea23b982536b5355f628c67 DependenciesID=47e945d71d4dccefd401365917cd19ee StaticDependenciesID=99a97a35f2a9da78c9f1b34ec8e96f0a 
Number of updated asset objects reloaded before import = 0
Number of asset objects unloaded after import = 1
========================================================================
Received Import Request.
  Time of request: 2026-09-30T06:25:08.9322326Z
  Time since last request: 0.0006781 seconds.
  importAddress: GUID: fc304995abb292d4ba17851f3f4ce23b - Path: Assets/Twinsanity/Baked/Beach/Hubb_Scenery_Mesh_632 2.asset - Importer: ScriptedImporter/UnityEditor.QuickSearchModule:UnityEditor.Search:ASIAI0B
Importing 'GUID: fc304995abb292d4ba17851f3f4ce23b - Path: Assets/Twinsanity/Baked/Beach/Hubb_Scenery_Mesh_632 2.asset - Importer: ScriptedImporter/UnityEditor.QuickSearchModule:UnityEditor.Search:ASIAI0B' with importer (ScriptedImporter : UnityEditor.QuickSearchModule:UnityEditor.Search:ASIAI0B)
Imported 'GUID: fc304995abb292d4ba17851f3f4ce23b' -> (Import Result ID: '34c2e5edb5e15508ed31344bc5fffd28') in 0.007 seconds [static and dynamic dependencies]. Details - ImportResultOutputID=3664572ee2cc2bc508785f587a73d706 DependenciesID=09e325283466d087d921e9e3059fc82f StaticDependenciesID=f2626956b0705b1b4f8fde15c9a7befb 
Number of updated asset objects reloaded before import = 0
Number of asset objects unloaded after import = 1
========================================================================
Received Import Request.
  Time of request: 2026-09-30T06:25:08.9406904Z
  Time since last request: 0.0006412 seconds.
  importAddress: GUID: 03fadfa68044fc2478c8b0025e843663 - Path: Assets/Twinsanity/Baked/Beach/Hubb_Scenery_Mesh_579 2.asset - Importer: ScriptedImporter/UnityEditor.QuickSearchModule:UnityEditor.Search:ASIAI0B
Importing 'GUID: 03fadfa68044fc2478c8b0025e843663 - Path: Assets/Twinsanity/Baked/Beach/Hubb_Scenery_Mesh_579 2.asset - Importer: ScriptedImporter/UnityEditor.QuickSearchModule:UnityEditor.Search:ASIAI0B' with importer (ScriptedImporter : UnityEditor.QuickSearchModule:UnityEditor.Search:ASIAI0B)
Imported 'GUID: 03fadfa68044fc2478c8b0025e843663' -> (Import Result ID: 'e98bbcbce7663a4e83163419fa9ae9bb') in 0.008 seconds [static and dynamic dependencies]. Details - ImportResultOutputID=2d28b2e741401b96a7783ba622c21ea7 DependenciesID=c550d1982e657a42c41f51e718a31f3a StaticDependenciesID=1fc419d658abb4bbdb94dbf726f1ae74 
Number of updated asset objects reloaded before import = 0
Number of asset objects unloaded after import = 1
========================================================================
Received Import Request.
  Time of request: 2026-09-30T06:25:08.9503974Z
  Time since last request: 0.0007871 seconds.
  importAddress: GUID: 6b45875ffdab0b742be1ea57fb666879 - Path: Assets/Twinsanity/Baked/Beach/Hubb_Scenery_Mesh_588 2.asset - Importer: ScriptedImporter/UnityEditor.QuickSearchModule:UnityEditor.Search:ASIAI0B
Importing 'GUID: 6b45875ffdab0b742be1ea57fb666879 - Path: Assets/Twinsanity/Baked/Beach/Hubb_Scenery_Mesh_588 2.asset - Importer: ScriptedImporter/UnityEditor.QuickSearchModule:UnityEditor.Search:ASIAI0B' with importer (ScriptedImporter : UnityEditor.QuickSearchModule:UnityEditor.Search:ASIAI0B)
Imported 'GUID: 6b45875ffdab0b742be1ea57fb666879' -> (Import Result ID: '68a3af32d481491ae2543a4c4e5fbfb4') in 0.065 seconds [static and dynamic dependencies]. Details - ImportResultOutputID=ef6cb4ccaecaa2e7e2ba0825c4a9f1ef DependenciesID=d4fb61c75b0cd04fe6ea80d8f0ae39d3 StaticDependenciesID=09f00c4044d9da09a4664c855be73141 
Number of updated asset objects reloaded before import = 0
Number of asset objects unloaded after import = 1
========================================================================
Received Import Request.
  Time of request: 2026-09-30T06:25:09.023866Z
  Time since last request: 0.0078657 seconds.
  importAddress: GUID: 025c8223459b0ae419d9ca6e925ac571 - Path: Assets/Twinsanity/Baked/Beach/Material_624 2.mat - Importer: ScriptedImporter/UnityEditor.QuickSearchModule:UnityEditor.Search:ASIAI0B
Importing 'GUID: 025c8223459b0ae419d9ca6e925ac571 - Path: Assets/Twinsanity/Baked/Beach/Material_624 2.mat - Importer: ScriptedImporter/UnityEditor.QuickSearchModule:UnityEditor.Search:ASIAI0B' with importer (ScriptedImporter : UnityEditor.QuickSearchModule:UnityEditor.Search:ASIAI0B)
Imported 'GUID: 025c8223459b0ae419d9ca6e925ac571' -> (Import Result ID: '930c1182fc31ac77f428eb5b565d458a') in 0.039 seconds [static and dynamic dependencies]. Details - ImportResultOutputID=e0b2614554ce9d460164cf3e5886bfb6 DependenciesID=e1c22d65871882a5bbcb92640dafa051 StaticDependenciesID=d77ea1735e84712bbae2cd99c3fc82a3 
Number of updated asset objects reloaded before import = 0
Number of asset objects unloaded after import = 2
========================================================================
Received Import Request.
  Time of request: 2026-09-30T06:25:09.0958765Z
  Time since last request: 0.0007972 seconds.
  importAddress: GUID: 6a29579f221a33840b68d844ce2dee58 - Path: Assets/Twinsanity/Baked/Beach/Hubb_Scenery_Mesh_582 2.asset - Importer: ScriptedImporter/UnityEditor.QuickSearchModule:UnityEditor.Search:ASIAI0B
Importing 'GUID: 6a29579f221a33840b68d844ce2dee58 - Path: Assets/Twinsanity/Baked/Beach/Hubb_Scenery_Mesh_582 2.asset - Importer: ScriptedImporter/UnityEditor.QuickSearchModule:UnityEditor.Search:ASIAI0B' with importer (ScriptedImporter : UnityEditor.QuickSearchModule:UnityEditor.Search:ASIAI0B)
Imported 'GUID: 6a29579f221a33840b68d844ce2dee58' -> (Import Result ID: '2fda6ce85045c907e5fd3fd3ac422d47') in 0.029 seconds [static and dynamic dependencies]. Details - ImportResultOutputID=3bab6996dcc089ac5ee5952177417eb8 DependenciesID=e75901f13d9d6156834c3e55c869747c StaticDependenciesID=e76c516d93f8305c7e9f0fee3b5ee710 
Number of updated asset objects reloaded before import = 0
Number of asset objects unloaded after import = 1
========================================================================
Received Import Request.
  Time of request: 2026-09-30T06:25:09.1296861Z
  Time since last request: 0.0045264 seconds.
  importAddress: GUID: b6dbd88a5ff992f4ba4470bc3336c32f - Path: Assets/Twinsanity/Baked/Beach/Hubb_Scenery_Mesh_594 2.asset - Importer: ScriptedImporter/UnityEditor.QuickSearchModule:UnityEditor.Search:ASIAI0B
Importing 'GUID: b6dbd88a5ff992f4ba4470bc3336c32f - Path: Assets/Twinsanity/Baked/Beach/Hubb_Scenery_Mesh_594 2.asset - Importer: ScriptedImporter/UnityEditor.QuickSearchModule:UnityEditor.Search:ASIAI0B' with importer (ScriptedImporter : UnityEditor.QuickSearchModule:UnityEditor.Search:ASIAI0B)
Imported 'GUID: b6dbd88a5ff992f4ba4470bc3336c32f' -> (Import Result ID: 'b5993a451c7b61ce93ae466fc9454924') in 0.025 seconds [static and dynamic dependencies]. Details - ImportResultOutputID=374e9fb60994d0adc428a34f6fe8743a DependenciesID=408ae9f9f462a4edc8c22d15298ced6e StaticDependenciesID=efd75f8621a2efe6e59520b7de624a2d 
Number of updated asset objects reloaded before import = 0
Number of asset objects unloaded after import = 1
========================================================================
Received Import Request.
  Time of request: 2026-09-30T06:25:09.1578322Z
  Time since last request: 0.0019123 seconds.
  importAddress: GUID: 7ed2ba9a11867a14d94f599bbbe8cea3 - Path: Assets/Twinsanity/Baked/Beach/Hubb_Scenery_Mesh_615 2.asset - Importer: ScriptedImporter/UnityEditor.QuickSearchModule:UnityEditor.Search:ASIAI0B
Importing 'GUID: 7ed2ba9a11867a14d94f599bbbe8cea3 - Path: Assets/Twinsanity/Baked/Beach/Hubb_Scenery_Mesh_615 2.asset - Importer: ScriptedImporter/UnityEditor.QuickSearchModule:UnityEditor.Search:ASIAI0B' with importer (ScriptedImporter : UnityEditor.QuickSearchModule:UnityEditor.Search:ASIAI0B)
Imported 'GUID: 7ed2ba9a11867a14d94f599bbbe8cea3' -> (Import Result ID: '44ceca4ccbbe656e14b3a2a1a545d9fc') in 0.028 seconds [static and dynamic dependencies]. Details - ImportResultOutputID=c54ec686ceba3ebb55e56946212fb392 DependenciesID=a32b521b63c09f5826dcb9cea9d1a426 StaticDependenciesID=4bd945f13142bf2076bee152dcbcfe2e 
Number of updated asset objects reloaded before import = 0
Number of asset objects unloaded after import = 1
========================================================================
Received Import Request.
  Time of request: 2026-09-30T06:25:09.1877169Z
  Time since last request: 0.0008973 seconds.
  importAddress: GUID: 0061c170a9b3d8d4f84b0c48a1ae3886 - Path: Assets/Twinsanity/Baked/Beach/Hubb_Scenery_Mesh_613 2.asset - Importer: ScriptedImporter/UnityEditor.QuickSearchModule:UnityEditor.Search:ASIAI0B
Importing 'GUID: 0061c170a9b3d8d4f84b0c48a1ae3886 - Path: Assets/Twinsanity/Baked/Beach/Hubb_Scenery_Mesh_613 2.asset - Importer: ScriptedImporter/UnityEditor.QuickSearchModule:UnityEditor.Search:ASIAI0B' with importer (ScriptedImporter : UnityEditor.QuickSearchModule:UnityEditor.Search:ASIAI0B)
Imported 'GUID: 0061c170a9b3d8d4f84b0c48a1ae3886' -> (Import Result ID: 'b011ecf3075e907efea1cf60db0c2f90') in 0.008 seconds [static and dynamic dependencies]. Details - ImportResultOutputID=524bd53f396f59f46b3e516b478a1d77 DependenciesID=726d9eb696a8ba33a39210c2d3c07d34 StaticDependenciesID=c940d7fef91a42b55911bd4c3eaa023e 
Number of updated asset objects reloaded before import = 0
Number of asset objects unloaded after import = 1
========================================================================
Received Import Request.
  Time of request: 2026-09-30T06:25:09.2008033Z
  Time since last request: 0.0029664 seconds.
  importAddress: GUID: ac6925c69422cb345b728475081ddb55 - Path: Assets/Twinsanity/Baked/Beach/Material_608 2.mat - Importer: ScriptedImporter/UnityEditor.QuickSearchModule:UnityEditor.Search:ASIAI0B
Importing 'GUID: ac6925c69422cb345b728475081ddb55 - Path: Assets/Twinsanity/Baked/Beach/Material_608 2.mat - Importer: ScriptedImporter/UnityEditor.QuickSearchModule:UnityEditor.Search:ASIAI0B' with importer (ScriptedImporter : UnityEditor.QuickSearchModule:UnityEditor.Search:ASIAI0B)
Imported 'GUID: ac6925c69422cb345b728475081ddb55' -> (Import Result ID: '6c942819d4770816af1b84f69baf1ee3') in 0.012 seconds [static and dynamic dependencies]. Details - ImportResultOutputID=bfb7d9ff739e99524f62d4036c33382e DependenciesID=5d6a5b08f4b19e6b97132edc309f9837 StaticDependenciesID=9aa07444da76ed7b67ef045409e1f047 
Number of updated asset objects reloaded before import = 0
Number of asset objects unloaded after import = 2
========================================================================
Received Import Request.
  Time of request: 2026-09-30T06:25:09.2141514Z
  Time since last request: 0.0004786 seconds.
  importAddress: GUID: 338b61975684d0a4caffc6d2ae02d719 - Path: Assets/Twinsanity/Baked/Beach/Hubb_Scenery_Mesh_628 2.asset - Importer: ScriptedImporter/UnityEditor.QuickSearchModule:UnityEditor.Search:ASIAI0B
Importing 'GUID: 338b61975684d0a4caffc6d2ae02d719 - Path: Assets/Twinsanity/Baked/Beach/Hubb_Scenery_Mesh_628 2.asset - Importer: ScriptedImporter/UnityEditor.QuickSearchModule:UnityEditor.Search:ASIAI0B' with importer (ScriptedImporter : UnityEditor.QuickSearchModule:UnityEditor.Search:ASIAI0B)
Imported 'GUID: 338b61975684d0a4caffc6d2ae02d719' -> (Import Result ID: '68e50985e379627c1edc2d1b6bb9a59c') in 0.015 seconds [static and dynamic dependencies]. Details - ImportResultOutputID=aa21a07e705f65337b182b35fa125274 DependenciesID=1efb15e79f6233a5e9902571251b25fc StaticDependenciesID=ef337148efc2df8633d8478fdd6daee3 
Number of updated asset objects reloaded before import = 0
Number of asset objects unloaded after import = 1
========================================================================
Received Import Request.
  Time of request: 2026-09-30T06:25:09.2398607Z
  Time since last request: 0.0099401 seconds.
  importAddress: GUID: 0d73bb997bc2169418b5d4b6ddeb8ea8 - Path: Assets/Twinsanity/Baked/Beach/Hubb_Scenery_Mesh_617 2.asset - Importer: ScriptedImporter/UnityEditor.QuickSearchModule:UnityEditor.Search:ASIAI0B
Importing 'GUID: 0d73bb997bc2169418b5d4b6ddeb8ea8 - Path: Assets/Twinsanity/Baked/Beach/Hubb_Scenery_Mesh_617 2.asset - Importer: ScriptedImporter/UnityEditor.QuickSearchModule:UnityEditor.Search:ASIAI0B' with importer (ScriptedImporter : UnityEditor.QuickSearchModule:UnityEditor.Search:ASIAI0B)
Imported 'GUID: 0d73bb997bc2169418b5d4b6ddeb8ea8' -> (Import Result ID: '7553116f9758c52cd3228720797b7f51') in 0.016 seconds [static and dynamic dependencies]. Details - ImportResultOutputID=dfde32707255e8c7aeda2b3b646455ae DependenciesID=523d7ed242dbb843763a02a662c40851 StaticDependenciesID=a07c88a651bc7ffde6a87d47d3d4c0ea 
Number of updated asset objects reloaded before import = 0
Number of asset objects unloaded after import = 1
========================================================================
Received Import Request.
  Time of request: 2026-09-30T06:25:09.2586406Z
  Time since last request: 0.0007765 seconds.
  importAddress: GUID: f0c2305386d67e64d8a9ceeed8cb62cd - Path: Assets/Twinsanity/Baked/Beach/Hubb_Scenery_Mesh_571 2.asset - Importer: ScriptedImporter/UnityEditor.QuickSearchModule:UnityEditor.Search:ASIAI0B
Importing 'GUID: f0c2305386d67e64d8a9ceeed8cb62cd - Path: Assets/Twinsanity/Baked/Beach/Hubb_Scenery_Mesh_571 2.asset - Importer: ScriptedImporter/UnityEditor.QuickSearchModule:UnityEditor.Search:ASIAI0B' with importer (ScriptedImporter : UnityEditor.QuickSearchModule:UnityEditor.Search:ASIAI0B)
Imported 'GUID: f0c2305386d67e64d8a9ceeed8cb62cd' -> (Import Result ID: '3cb596cfd800d455ec598c1bbd848d33') in 0.009 seconds [static and dynamic dependencies]. Details - ImportResultOutputID=21f033ae75622506b58d1b992e8314e5 DependenciesID=cd18b647fafd0c765bb2f2b70d77899f StaticDependenciesID=a25a80856c983c79f940b7b1d3b24f52 
Number of updated asset objects reloaded before import = 0
Number of asset objects unloaded after import = 1
========================================================================
Received Import Request.
  Time of request: 2026-09-30T06:25:09.2703988Z
  Time since last request: 0.0024213 seconds.
  importAddress: GUID: 6c54a6bdad7b3744991179c5815eb222 - Path: Assets/Twinsanity/Baked/Beach/Material_591 2.mat - Importer: ScriptedImporter/UnityEditor.QuickSearchModule:UnityEditor.Search:ASIAI0B
Importing 'GUID: 6c54a6bdad7b3744991179c5815eb222 - Path: Assets/Twinsanity/Baked/Beach/Material_591 2.mat - Importer: ScriptedImporter/UnityEditor.QuickSearchModule:UnityEditor.Search:ASIAI0B' with importer (ScriptedImporter : UnityEditor.QuickSearchModule:UnityEditor.Search:ASIAI0B)
Imported 'GUID: 6c54a6bdad7b3744991179c5815eb222' -> (Import Result ID: 'bff0925bd73b0249cbdbf6694c8913ec') in 0.008 seconds [static and dynamic dependencies]. Details - ImportResultOutputID=83e9fefe7c3f1417f4c4371ec03f8563 DependenciesID=283e29851edcaad57977142998500ee0 StaticDependenciesID=3ded11c5f5fc09beeb83122f81d1f232 
Number of updated asset objects reloaded before import = 0
Number of asset objects unloaded after import = 2
========================================================================
Received Import Request.
  Time of request: 2026-09-30T06:25:09.2803096Z
  Time since last request: 0.0005918 seconds.
  importAddress: GUID: de59ced3f91e96341873b74218d77ab1 - Path: Assets/Twinsanity/Baked/Beach/Material_614 2.mat - Importer: ScriptedImporter/UnityEditor.QuickSearchModule:UnityEditor.Search:ASIAI0B
Importing 'GUID: de59ced3f91e96341873b74218d77ab1 - Path: Assets/Twinsanity/Baked/Beach/Material_614 2.mat - Importer: ScriptedImporter/UnityEditor.QuickSearchModule:UnityEditor.Search:ASIAI0B' with importer (ScriptedImporter : UnityEditor.QuickSearchModule:UnityEditor.Search:ASIAI0B)
Imported 'GUID: de59ced3f91e96341873b74218d77ab1' -> (Import Result ID: '1dbce3c29c2aa53142454052d1cd2653') in 0.007 seconds [static and dynamic dependencies]. Details - ImportResultOutputID=81c9b492fa3a89a1d1d0f0bf6f04136a DependenciesID=c2f1b38e123e1d0ca9d8e6df3f72f037 StaticDependenciesID=c2f99e757c7b64b4d1f5e21ac3b470a8 
Number of updated asset objects reloaded before import = 0
Number of asset objects unloaded after import = 2
========================================================================
Received Import Request.
  Time of request: 2026-09-30T06:25:09.2887305Z
  Time since last request: 0.0006443 seconds.
  importAddress: GUID: e1bc90e3c43c52745ad27fdf597a0f46 - Path: Assets/Twinsanity/Baked/Beach/Material_604 2.mat - Importer: ScriptedImporter/UnityEditor.QuickSearchModule:UnityEditor.Search:ASIAI0B
Importing 'GUID: e1bc90e3c43c52745ad27fdf597a0f46 - Path: Assets/Twinsanity/Baked/Beach/Material_604 2.mat - Importer: ScriptedImporter/UnityEditor.QuickSearchModule:UnityEditor.Search:ASIAI0B' with importer (ScriptedImporter : UnityEditor.QuickSearchModule:UnityEditor.Search:ASIAI0B)
Imported 'GUID: e1bc90e3c43c52745ad27fdf597a0f46' -> (Import Result ID: '7ea54a6e288c79127748c55b143bdf6e') in 0.010 seconds [static and dynamic dependencies]. Details - ImportResultOutputID=918fe91b7d831f00193b80438f66b09a DependenciesID=1e64ad323fa5bd94b78636447ba4c01c StaticDependenciesID=3beb13e935e7bb4dac2c156224c01b65 
Number of updated asset objects reloaded before import = 0
Number of asset objects unloaded after import = 2
========================================================================
Received Import Request.
  Time of request: 2026-09-30T06:25:09.3000675Z
  Time since last request: 0.0006193 seconds.
  importAddress: GUID: a2b7f839a54c3f84ca63a91cb6953b89 - Path: Assets/Twinsanity/Baked/Beach/Material_612 2.mat - Importer: ScriptedImporter/UnityEditor.QuickSearchModule:UnityEditor.Search:ASIAI0B
Importing 'GUID: a2b7f839a54c3f84ca63a91cb6953b89 - Path: Assets/Twinsanity/Baked/Beach/Material_612 2.mat - Importer: ScriptedImporter/UnityEditor.QuickSearchModule:UnityEditor.Search:ASIAI0B' with importer (ScriptedImporter : UnityEditor.QuickSearchModule:UnityEditor.Search:ASIAI0B)
Imported 'GUID: a2b7f839a54c3f84ca63a91cb6953b89' -> (Import Result ID: '988306fb1f2e674b5cef426f29ef25d9') in 0.012 seconds [static and dynamic dependencies]. Details - ImportResultOutputID=d4bd87bbb3ee10a1ee9b60d5ea51b709 DependenciesID=f776347b1dce91631d1cedba1ed5723c StaticDependenciesID=527b443496c06450c0dafdef3bdb0aa3 
Number of updated asset objects reloaded before import = 0
Number of asset objects unloaded after import = 2
========================================================================
Received Import Request.
  Time of request: 2026-09-30T06:25:09.3144123Z
  Time since last request: 0.0018419 seconds.
  importAddress: GUID: 244fee505625dde4aba3e5573c6f6d6e - Path: Assets/Twinsanity/Baked/Beach/Material_576 2.mat - Importer: ScriptedImporter/UnityEditor.QuickSearchModule:UnityEditor.Search:ASIAI0B
Importing 'GUID: 244fee505625dde4aba3e5573c6f6d6e - Path: Assets/Twinsanity/Baked/Beach/Material_576 2.mat - Importer: ScriptedImporter/UnityEditor.QuickSearchModule:UnityEditor.Search:ASIAI0B' with importer (ScriptedImporter : UnityEditor.QuickSearchModule:UnityEditor.Search:ASIAI0B)
Imported 'GUID: 244fee505625dde4aba3e5573c6f6d6e' -> (Import Result ID: 'ec074fa326587537a13b10c5446b00d9') in 0.009 seconds [static and dynamic dependencies]. Details - ImportResultOutputID=642f920753552bf73b82c78e5a08d5b0 DependenciesID=bb575b6c0311819a54ed89e92bbab7fe StaticDependenciesID=1c391fbabf76ef98b3be9cba1b896282 
Number of updated asset objects reloaded before import = 0
Number of asset objects unloaded after import = 2
========================================================================
Received Import Request.
  Time of request: 2026-09-30T06:25:09.3252704Z
  Time since last request: 0.0009488 seconds.
  importAddress: GUID: a85db0225eb2f324e98fe5d0b465f375 - Path: Assets/Twinsanity/Baked/Beach/Hubb_Scenery_Mesh_584 2.asset - Importer: ScriptedImporter/UnityEditor.QuickSearchModule:UnityEditor.Search:ASIAI0B
Importing 'GUID: a85db0225eb2f324e98fe5d0b465f375 - Path: Assets/Twinsanity/Baked/Beach/Hubb_Scenery_Mesh_584 2.asset - Importer: ScriptedImporter/UnityEditor.QuickSearchModule:UnityEditor.Search:ASIAI0B' with importer (ScriptedImporter : UnityEditor.QuickSearchModule:UnityEditor.Search:ASIAI0B)
Imported 'GUID: a85db0225eb2f324e98fe5d0b465f375' -> (Import Result ID: '2563f02f57f662c595fa0b249b815de8') in 0.010 seconds [static and dynamic dependencies]. Details - ImportResultOutputID=965b66648664beb8640050eb21682955 DependenciesID=a805487c4f80f2a29080ae89f69aa1a3 StaticDependenciesID=32e28380092669eee43b4257a7979bfd 
Number of updated asset objects reloaded before import = 0
Number of asset objects unloaded after import = 1
========================================================================
Received Import Request.
  Time of request: 2026-09-30T06:25:09.337801Z
  Time since last request: 0.0005489 seconds.
  importAddress: GUID: dfc6af07df85a534288b10558dc3189d - Path: Assets/Twinsanity/Baked/Beach/Material_593 2.mat - Importer: ScriptedImporter/UnityEditor.QuickSearchModule:UnityEditor.Search:ASIAI0B
Importing 'GUID: dfc6af07df85a534288b10558dc3189d - Path: Assets/Twinsanity/Baked/Beach/Material_593 2.mat - Importer: ScriptedImporter/UnityEditor.QuickSearchModule:UnityEditor.Search:ASIAI0B' with importer (ScriptedImporter : UnityEditor.QuickSearchModule:UnityEditor.Search:ASIAI0B)
Imported 'GUID: dfc6af07df85a534288b10558dc3189d' -> (Import Result ID: 'c2d2f88cb518c61636ad4bb2e2517e59') in 0.008 seconds [static and dynamic dependencies]. Details - ImportResultOutputID=edb1f7d4e2104ef8a4c79631bf991e04 DependenciesID=419ca3b2307740a9186d7c68c62740d9 StaticDependenciesID=0ed4c9099681775bd59210d454f6daf1 
Number of updated asset objects reloaded before import = 0
Number of asset objects unloaded after import = 2
========================================================================
Received Import Request.
  Time of request: 2026-09-30T06:25:09.346843Z
  Time since last request: 0.0004846 seconds.
  importAddress: GUID: a037affb9247d0a4a9aaf678da13c797 - Path: Assets/Twinsanity/Baked/Beach/Hubb_Scenery_Mesh_611 2.asset - Importer: ScriptedImporter/UnityEditor.QuickSearchModule:UnityEditor.Search:ASIAI0B
Importing 'GUID: a037affb9247d0a4a9aaf678da13c797 - Path: Assets/Twinsanity/Baked/Beach/Hubb_Scenery_Mesh_611 2.asset - Importer: ScriptedImporter/UnityEditor.QuickSearchModule:UnityEditor.Search:ASIAI0B' with importer (ScriptedImporter : UnityEditor.QuickSearchModule:UnityEditor.Search:ASIAI0B)
Imported 'GUID: a037affb9247d0a4a9aaf678da13c797' -> (Import Result ID: '4cdd7119b02d0fb484469a562387c808') in 0.009 seconds [static and dynamic dependencies]. Details - ImportResultOutputID=db0a382b5dd12bfe965bb577d3f0dd4f DependenciesID=b0064d99d2b08348b72027290501a4a1 StaticDependenciesID=4d626ca0f7c3b5c9c035694b54258105 
Number of updated asset objects reloaded before import = 0
Number of asset objects unloaded after import = 1
========================================================================
Received Import Request.
  Time of request: 2026-09-30T06:25:09.3575385Z
  Time since last request: 0.0005397 seconds.
  importAddress: GUID: 353f0509f7d78fa47b483290afa1ad75 - Path: Assets/Twinsanity/Baked/Beach/Hubb_Scenery_Mesh_575 2.asset - Importer: ScriptedImporter/UnityEditor.QuickSearchModule:UnityEditor.Search:ASIAI0B
Importing 'GUID: 353f0509f7d78fa47b483290afa1ad75 - Path: Assets/Twinsanity/Baked/Beach/Hubb_Scenery_Mesh_575 2.asset - Importer: ScriptedImporter/UnityEditor.QuickSearchModule:UnityEditor.Search:ASIAI0B' with importer (ScriptedImporter : UnityEditor.QuickSearchModule:UnityEditor.Search:ASIAI0B)
Imported 'GUID: 353f0509f7d78fa47b483290afa1ad75' -> (Import Result ID: 'dc5cb9879ed3a06c5c3eb28f4b3cb843') in 0.007 seconds [static and dynamic dependencies]. Details - ImportResultOutputID=29fd3d4c829c95ef45ca22822b5b4b73 DependenciesID=2cdf6cb8a55b25918b61d6f656b7d5ed StaticDependenciesID=ca9cfb8763f2e8fe585aa0e8ebb3b36a 
Number of updated asset objects reloaded before import = 0
Number of asset objects unloaded after import = 1
========================================================================
Received Import Request.
  Time of request: 2026-09-30T06:25:09.3658446Z
  Time since last request: 0.0006365 seconds.
  importAddress: GUID: b46dc89a183104348854a6d77848c0c6 - Path: Assets/Twinsanity/Baked/Beach/Material_581 2.mat - Importer: ScriptedImporter/UnityEditor.QuickSearchModule:UnityEditor.Search:ASIAI0B
Importing 'GUID: b46dc89a183104348854a6d77848c0c6 - Path: Assets/Twinsanity/Baked/Beach/Material_581 2.mat - Importer: ScriptedImporter/UnityEditor.QuickSearchModule:UnityEditor.Search:ASIAI0B' with importer (ScriptedImporter : UnityEditor.QuickSearchModule:UnityEditor.Search:ASIAI0B)
Imported 'GUID: b46dc89a183104348854a6d77848c0c6' -> (Import Result ID: '8692fad07ca2cf3e9e6e7dee86e1f61a') in 0.007 seconds [static and dynamic dependencies]. Details - ImportResultOutputID=8f9e46cd5bd2fb9fb1ca7539728dfe40 DependenciesID=ed51affc66d3dee928397c3f0d9ae99a StaticDependenciesID=03188a8b95bd7fd89879f629de5e2f09 
Number of updated asset objects reloaded before import = 0
Number of asset objects unloaded after import = 2
========================================================================
Received Import Request.
  Time of request: 2026-09-30T06:25:09.3781896Z
  Time since last request: 0.0040118 seconds.
  importAddress: GUID: 76c255155f5568648b120150e54cb56d - Path: Assets/Twinsanity/Baked/Beach/Hubb_Scenery_Mesh_607 2.asset - Importer: ScriptedImporter/UnityEditor.QuickSearchModule:UnityEditor.Search:ASIAI0B
Importing 'GUID: 76c255155f5568648b120150e54cb56d - Path: Assets/Twinsanity/Baked/Beach/Hubb_Scenery_Mesh_607 2.asset - Importer: ScriptedImporter/UnityEditor.QuickSearchModule:UnityEditor.Search:ASIAI0B' with importer (ScriptedImporter : UnityEditor.QuickSearchModule:UnityEditor.Search:ASIAI0B)
Imported 'GUID: 76c255155f5568648b120150e54cb56d' -> (Import Result ID: '8dd40915cb6c663e05a5cc34894fd2e6') in 0.007 seconds [static and dynamic dependencies]. Details - ImportResultOutputID=a91b807542ba6d72091ed62b8b78f405 DependenciesID=3edc74065249cb982d61a7506dd7ecc2 StaticDependenciesID=59bed30e2a38296ba1ab6dd7bdd6be38 
Number of updated asset objects reloaded before import = 0
Number of asset objects unloaded after import = 1
========================================================================
Received Import Request.
  Time of request: 2026-09-30T06:25:09.3862829Z
  Time since last request: 0.0005941 seconds.
  importAddress: GUID: 97628875f1f6a734ea516e5db6aeb555 - Path: Assets/Twinsanity/Baked/Beach/Material_626 2.mat - Importer: ScriptedImporter/UnityEditor.QuickSearchModule:UnityEditor.Search:ASIAI0B
Importing 'GUID: 97628875f1f6a734ea516e5db6aeb555 - Path: Assets/Twinsanity/Baked/Beach/Material_626 2.mat - Importer: ScriptedImporter/UnityEditor.QuickSearchModule:UnityEditor.Search:ASIAI0B' with importer (ScriptedImporter : UnityEditor.QuickSearchModule:UnityEditor.Search:ASIAI0B)
Imported 'GUID: 97628875f1f6a734ea516e5db6aeb555' -> (Import Result ID: 'e5f5896ba0a62d3c1148213914bfee7f') in 0.010 seconds [static and dynamic dependencies]. Details - ImportResultOutputID=82b37adbb4896b43ee5446c4fd13d092 DependenciesID=006d706ae82ac66e33850fb40db63ab1 StaticDependenciesID=80033442d68679aae89e7610503cbd58 
Number of updated asset objects reloaded before import = 0
Number of asset objects unloaded after import = 2
========================================================================
Received Import Request.
  Time of request: 2026-09-30T06:25:09.3984137Z
  Time since last request: 0.0006139 seconds.
  importAddress: GUID: fdd1f1dee426ae042a1934a8386d55d0 - Path: Assets/Twinsanity/Baked/Beach/Hubb_Scenery_Mesh_621 2.asset - Importer: ScriptedImporter/UnityEditor.QuickSearchModule:UnityEditor.Search:ASIAI0B
Importing 'GUID: fdd1f1dee426ae042a1934a8386d55d0 - Path: Assets/Twinsanity/Baked/Beach/Hubb_Scenery_Mesh_621 2.asset - Importer: ScriptedImporter/UnityEditor.QuickSearchModule:UnityEditor.Search:ASIAI0B' with importer (ScriptedImporter : UnityEditor.QuickSearchModule:UnityEditor.Search:ASIAI0B)
Imported 'GUID: fdd1f1dee426ae042a1934a8386d55d0' -> (Import Result ID: '91750885a183f5042ddea89d2be317f8') in 0.010 seconds [static and dynamic dependencies]. Details - ImportResultOutputID=fb7bddf53c1b3f6883a31a9b14eaf3a2 DependenciesID=45ab97ca2e5083e2ad22f235b2743f7a StaticDependenciesID=74e8e5491195bc6e97d4f47ab6758729 
Number of updated asset objects reloaded before import = 0
Number of asset objects unloaded after import = 1
========================================================================
Received Import Request.
  Time of request: 2026-09-30T06:25:09.4097993Z
  Time since last request: 0.0006214 seconds.
  importAddress: GUID: d54f832eed2a53b41b57ac430d421d53 - Path: Assets/Twinsanity/Baked/Beach/Hubb_Scenery_Mesh_578 2.asset - Importer: ScriptedImporter/UnityEditor.QuickSearchModule:UnityEditor.Search:ASIAI0B
Importing 'GUID: d54f832eed2a53b41b57ac430d421d53 - Path: Assets/Twinsanity/Baked/Beach/Hubb_Scenery_Mesh_578 2.asset - Importer: ScriptedImporter/UnityEditor.QuickSearchModule:UnityEditor.Search:ASIAI0B' with importer (ScriptedImporter : UnityEditor.QuickSearchModule:UnityEditor.Search:ASIAI0B)
Imported 'GUID: d54f832eed2a53b41b57ac430d421d53' -> (Import Result ID: 'b27f96281ca84de5f8b555a3ecc1a27f') in 0.006 seconds [static and dynamic dependencies]. Details - ImportResultOutputID=a5a460bf3583b7e602dd6cf2957ff389 DependenciesID=d0681bc265b5693eec4a6b90dbf096a9 StaticDependenciesID=e82945c23b9f0064e27c0eae0ef1402b 
Number of updated asset objects reloaded before import = 0
Number of asset objects unloaded after import = 1
========================================================================
Received Import Request.
  Time of request: 2026-09-30T06:25:09.4164925Z
  Time since last request: 0.0005021 seconds.
  importAddress: GUID: 20ed4edebf2a9ab40a506c52a5a38447 - Path: Assets/Twinsanity/Baked/Beach/Material_583 2.mat - Importer: ScriptedImporter/UnityEditor.QuickSearchModule:UnityEditor.Search:ASIAI0B
Importing 'GUID: 20ed4edebf2a9ab40a506c52a5a38447 - Path: Assets/Twinsanity/Baked/Beach/Material_583 2.mat - Importer: ScriptedImporter/UnityEditor.QuickSearchModule:UnityEditor.Search:ASIAI0B' with importer (ScriptedImporter : UnityEditor.QuickSearchModule:UnityEditor.Search:ASIAI0B)
Imported 'GUID: 20ed4edebf2a9ab40a506c52a5a38447' -> (Import Result ID: 'e0c470efbd8919d06d5f9bbfe0d79120') in 0.013 seconds [static and dynamic dependencies]. Details - ImportResultOutputID=36fc2f80567a8032bcd08ce199c9c0d4 DependenciesID=15627deaad276f6cfe73eeae88e111aa StaticDependenciesID=984d35c2c48c3eabd4726a1e50682cde 
Number of updated asset objects reloaded before import = 0
Number of asset objects unloaded after import = 2
========================================================================
Received Import Request.
  Time of request: 2026-09-30T06:25:09.4324217Z
  Time since last request: 0.0019969 seconds.
  importAddress: GUID: 4062f81461a8ba249920b93d8bd63870 - Path: Assets/Twinsanity/Baked/Beach/Hubb_Scenery_Mesh_630 2.asset - Importer: ScriptedImporter/UnityEditor.QuickSearchModule:UnityEditor.Search:ASIAI0B
Importing 'GUID: 4062f81461a8ba249920b93d8bd63870 - Path: Assets/Twinsanity/Baked/Beach/Hubb_Scenery_Mesh_630 2.asset - Importer: ScriptedImporter/UnityEditor.QuickSearchModule:UnityEditor.Search:ASIAI0B' with importer (ScriptedImporter : UnityEditor.QuickSearchModule:UnityEditor.Search:ASIAI0B)
Imported 'GUID: 4062f81461a8ba249920b93d8bd63870' -> (Import Result ID: 'a894e1b2a17be9a7cde32cfa6c50935d') in 0.011 seconds [static and dynamic dependencies]. Details - ImportResultOutputID=9ed8a177d91f4491bd9e52c0571756c4 DependenciesID=2d2b4f1ef43f360cde2a48d08718c9ef StaticDependenciesID=8a9ab3ee702dd0ec20935460f6b88007 
Number of updated asset objects reloaded before import = 0
Number of asset objects unloaded after import = 1
========================================================================
Received Import Request.
  Time of request: 2026-09-30T06:25:09.4449727Z
  Time since last request: 0.0007191 seconds.
  importAddress: GUID: acc7ff87d8764ba439e21dd483dcf8d0 - Path: Assets/Twinsanity/Baked/Beach/Material_622 2.mat - Importer: ScriptedImporter/UnityEditor.QuickSearchModule:UnityEditor.Search:ASIAI0B
Importing 'GUID: acc7ff87d8764ba439e21dd483dcf8d0 - Path: Assets/Twinsanity/Baked/Beach/Material_622 2.mat - Importer: ScriptedImporter/UnityEditor.QuickSearchModule:UnityEditor.Search:ASIAI0B' with importer (ScriptedImporter : UnityEditor.QuickSearchModule:UnityEditor.Search:ASIAI0B)
Imported 'GUID: acc7ff87d8764ba439e21dd483dcf8d0' -> (Import Result ID: '30d2882f0a1260dc504733483d83d0d4') in 0.007 seconds [static and dynamic dependencies]. Details - ImportResultOutputID=a05bc8ed25c4c2aca7160431f2e2e8b8 DependenciesID=a79b6b118667c258e0c26ef97796e2ee StaticDependenciesID=da2c8d375b7312250ef9135b75223ac3 
Number of updated asset objects reloaded before import = 0
Number of asset objects unloaded after import = 2
========================================================================
Received Import Request.
  Time of request: 2026-09-30T06:25:09.4531776Z
  Time since last request: 0.0004775 seconds.
  importAddress: GUID: 5a231144f86035b4da811c2dc1b648ba - Path: Assets/Twinsanity/Baked/Beach/Hubb_Scenery_Mesh_580 2.asset - Importer: ScriptedImporter/UnityEditor.QuickSearchModule:UnityEditor.Search:ASIAI0B
Importing 'GUID: 5a231144f86035b4da811c2dc1b648ba - Path: Assets/Twinsanity/Baked/Beach/Hubb_Scenery_Mesh_580 2.asset - Importer: ScriptedImporter/UnityEditor.QuickSearchModule:UnityEditor.Search:ASIAI0B' with importer (ScriptedImporter : UnityEditor.QuickSearchModule:UnityEditor.Search:ASIAI0B)
Imported 'GUID: 5a231144f86035b4da811c2dc1b648ba' -> (Import Result ID: '20180dc30af2ccc0d4355d3df190e67d') in 0.008 seconds [static and dynamic dependencies]. Details - ImportResultOutputID=e417b21cf1890a755bbb680df51a3521 DependenciesID=6e33a4725d660d84b204dd6a73c0b99b StaticDependenciesID=3da6d46d40641667c6d29e240862657f 
Number of updated asset objects reloaded before import = 0
Number of asset objects unloaded after import = 1
========================================================================
Received Import Request.
  Time of request: 2026-09-30T06:25:09.4626896Z
  Time since last request: 0.0005126 seconds.
  importAddress: GUID: 65fbab8dd65b8a7498796b2f6dd9341c - Path: Assets/Twinsanity/Baked/Beach/Hubb_Scenery_Mesh_572 2.asset - Importer: ScriptedImporter/UnityEditor.QuickSearchModule:UnityEditor.Search:ASIAI0B
Importing 'GUID: 65fbab8dd65b8a7498796b2f6dd9341c - Path: Assets/Twinsanity/Baked/Beach/Hubb_Scenery_Mesh_572 2.asset - Importer: ScriptedImporter/UnityEditor.QuickSearchModule:UnityEditor.Search:ASIAI0B' with importer (ScriptedImporter : UnityEditor.QuickSearchModule:UnityEditor.Search:ASIAI0B)
Imported 'GUID: 65fbab8dd65b8a7498796b2f6dd9341c' -> (Import Result ID: '5e1120195f8331e23ba6f0751a6a28ce') in 0.005 seconds [static and dynamic dependencies]. Details - ImportResultOutputID=f5204b2db758ed94aef618ec9e599e2d DependenciesID=d7bc5c8e1ffe458267ecf69f780117c3 StaticDependenciesID=42c99eb15fbe6706d19980514f061183 
Number of updated asset objects reloaded before import = 0
Number of asset objects unloaded after import = 1
========================================================================
Received Import Request.
  Time of request: 2026-09-30T06:25:09.4691246Z
  Time since last request: 0.0005862 seconds.
  importAddress: GUID: d8e4c021892ceb64ca3b5580e806df89 - Path: Assets/Twinsanity/Baked/Beach/Material_573 2.mat - Importer: ScriptedImporter/UnityEditor.QuickSearchModule:UnityEditor.Search:ASIAI0B
Importing 'GUID: d8e4c021892ceb64ca3b5580e806df89 - Path: Assets/Twinsanity/Baked/Beach/Material_573 2.mat - Importer: ScriptedImporter/UnityEditor.QuickSearchModule:UnityEditor.Search:ASIAI0B' with importer (ScriptedImporter : UnityEditor.QuickSearchModule:UnityEditor.Search:ASIAI0B)
Imported 'GUID: d8e4c021892ceb64ca3b5580e806df89' -> (Import Result ID: 'c2e2edff089aaba47daa18bd38c395de') in 0.007 seconds [static and dynamic dependencies]. Details - ImportResultOutputID=1a23ba466ac6f9e18844684a07d83011 DependenciesID=a003c1361edd14a19cea990458e1230b StaticDependenciesID=411af6fd91dd10573cb676298071ce1e 
Number of updated asset objects reloaded before import = 0
Number of asset objects unloaded after import = 2
========================================================================
Received Import Request.
  Time of request: 2026-09-30T06:25:09.4791564Z
  Time since last request: 0.0025099 seconds.
  importAddress: GUID: bcdd0e1d25a08044884b965b129ee3e5 - Path: Assets/Twinsanity/Baked/Beach/Hubb_Scenery_Mesh_577 2.asset - Importer: ScriptedImporter/UnityEditor.QuickSearchModule:UnityEditor.Search:ASIAI0B
Importing 'GUID: bcdd0e1d25a08044884b965b129ee3e5 - Path: Assets/Twinsanity/Baked/Beach/Hubb_Scenery_Mesh_577 2.asset - Importer: ScriptedImporter/UnityEditor.QuickSearchModule:UnityEditor.Search:ASIAI0B' with importer (ScriptedImporter : UnityEditor.QuickSearchModule:UnityEditor.Search:ASIAI0B)
Imported 'GUID: bcdd0e1d25a08044884b965b129ee3e5' -> (Import Result ID: 'f1bd42b87bff1e827ea6fb57c8bf8698') in 0.007 seconds [static and dynamic dependencies]. Details - ImportResultOutputID=74495a1cd2d93cbb49c5722871a97011 DependenciesID=0883690e47e9baebbf77943adaa1f56e StaticDependenciesID=03df7e978bf8f2a131fb0e8f5d7e6af7 
Number of updated asset objects reloaded before import = 0
Number of asset objects unloaded after import = 1
========================================================================
Received Import Request.
  Time of request: 2026-09-30T06:25:09.4875362Z
  Time since last request: 0.0005735 seconds.
  importAddress: GUID: cc8bebdba7a8bfd4b94bb2a2ebdc6fb7 - Path: Assets/Twinsanity/Baked/Beach/Hubb_Scenery_Mesh_603 2.asset - Importer: ScriptedImporter/UnityEditor.QuickSearchModule:UnityEditor.Search:ASIAI0B
Importing 'GUID: cc8bebdba7a8bfd4b94bb2a2ebdc6fb7 - Path: Assets/Twinsanity/Baked/Beach/Hubb_Scenery_Mesh_603 2.asset - Importer: ScriptedImporter/UnityEditor.QuickSearchModule:UnityEditor.Search:ASIAI0B' with importer (ScriptedImporter : UnityEditor.QuickSearchModule:UnityEditor.Search:ASIAI0B)
Imported 'GUID: cc8bebdba7a8bfd4b94bb2a2ebdc6fb7' -> (Import Result ID: '405cedb2681775eea5b857fe82a09b8a') in 0.019 seconds [static and dynamic dependencies]. Details - ImportResultOutputID=873e7c496e0cbdaff8d9d02dc5f6b1b4 DependenciesID=aee45260b33338c07d6633c2de3e61ba StaticDependenciesID=e5d75c3c30892fba18d2a90eb24f8997 
Number of updated asset objects reloaded before import = 0
Number of asset objects unloaded after import = 1
========================================================================
Received Import Request.
  Time of request: 2026-09-30T06:25:09.5072724Z
  Time since last request: 0.0005367 seconds.
  importAddress: GUID: a4069dc2c1fae4840932e7a297bd6ebf - Path: Assets/Twinsanity/Baked/Beach/Hubb_Scenery_Mesh_623 2.asset - Importer: ScriptedImporter/UnityEditor.QuickSearchModule:UnityEditor.Search:ASIAI0B
Importing 'GUID: a4069dc2c1fae4840932e7a297bd6ebf - Path: Assets/Twinsanity/Baked/Beach/Hubb_Scenery_Mesh_623 2.asset - Importer: ScriptedImporter/UnityEditor.QuickSearchModule:UnityEditor.Search:ASIAI0B' with importer (ScriptedImporter : UnityEditor.QuickSearchModule:UnityEditor.Search:ASIAI0B)
Imported 'GUID: a4069dc2c1fae4840932e7a297bd6ebf' -> (Import Result ID: '0d6051fc9370ca488cbcd1a41ed83dfd') in 0.005 seconds [static and dynamic dependencies]. Details - ImportResultOutputID=c943354094b06549a31841abc0548642 DependenciesID=541c12349b6bc1f80179b382384f131c StaticDependenciesID=b48495bf0a4881d910950b1177275b7a 
Number of updated asset objects reloaded before import = 0
Number of asset objects unloaded after import = 1
========================================================================
Received Import Request.
  Time of request: 2026-09-30T06:25:09.513546Z
  Time since last request: 0.0004183 seconds.
  importAddress: GUID: f27e989a9ae898647b41e32c59bd10b3 - Path: Assets/Twinsanity/Baked/Beach/Hubb_Scenery_Mesh_598 2.asset - Importer: ScriptedImporter/UnityEditor.QuickSearchModule:UnityEditor.Search:ASIAI0B
Importing 'GUID: f27e989a9ae898647b41e32c59bd10b3 - Path: Assets/Twinsanity/Baked/Beach/Hubb_Scenery_Mesh_598 2.asset - Importer: ScriptedImporter/UnityEditor.QuickSearchModule:UnityEditor.Search:ASIAI0B' with importer (ScriptedImporter : UnityEditor.QuickSearchModule:UnityEditor.Search:ASIAI0B)
Imported 'GUID: f27e989a9ae898647b41e32c59bd10b3' -> (Import Result ID: '1f5fc66dc19244f1e1460e8cfe0589cb') in 0.005 seconds [static and dynamic dependencies]. Details - ImportResultOutputID=880d07999e1c1f624c20ce44b79ecd34 DependenciesID=83fe2f27a4acfff06404aa49687d9e5c StaticDependenciesID=99321ee17a912f5944a87c7ea89f29c9 
Number of updated asset objects reloaded before import = 0
Number of asset objects unloaded after import = 1
========================================================================
Received Import Request.
  Time of request: 2026-09-30T06:25:09.5199437Z
  Time since last request: 0.0006777 seconds.
  importAddress: GUID: b14848107d4b6474f98fecfa56d474a2 - Path: Assets/Twinsanity/Baked/Beach/Hubb_Scenery_Mesh_606 2.asset - Importer: ScriptedImporter/UnityEditor.QuickSearchModule:UnityEditor.Search:ASIAI0B
Importing 'GUID: b14848107d4b6474f98fecfa56d474a2 - Path: Assets/Twinsanity/Baked/Beach/Hubb_Scenery_Mesh_606 2.asset - Importer: ScriptedImporter/UnityEditor.QuickSearchModule:UnityEditor.Search:ASIAI0B' with importer (ScriptedImporter : UnityEditor.QuickSearchModule:UnityEditor.Search:ASIAI0B)
Imported 'GUID: b14848107d4b6474f98fecfa56d474a2' -> (Import Result ID: '465ae8afd13b43a0d3e2b9f2b544cddb') in 0.006 seconds [static and dynamic dependencies]. Details - ImportResultOutputID=8b0c4a0d8281ab9e15c785a681292fb5 DependenciesID=e515f7b0d5c008788ade213a6b7185e6 StaticDependenciesID=fba5909698549cb6d221a9e60b512614 
Number of updated asset objects reloaded before import = 0
Number of asset objects unloaded after import = 1
========================================================================
Received Import Request.
  Time of request: 2026-09-30T06:25:09.527979Z
  Time since last request: 0.0014879 seconds.
  importAddress: GUID: 8eae9e68f3bdb79488ad40d7b8a29f34 - Path: Assets/Twinsanity/Baked/Beach/Hubb_Scenery_Mesh_592 2.asset - Importer: ScriptedImporter/UnityEditor.QuickSearchModule:UnityEditor.Search:ASIAI0B
Importing 'GUID: 8eae9e68f3bdb79488ad40d7b8a29f34 - Path: Assets/Twinsanity/Baked/Beach/Hubb_Scenery_Mesh_592 2.asset - Importer: ScriptedImporter/UnityEditor.QuickSearchModule:UnityEditor.Search:ASIAI0B' with importer (ScriptedImporter : UnityEditor.QuickSearchModule:UnityEditor.Search:ASIAI0B)
Imported 'GUID: 8eae9e68f3bdb79488ad40d7b8a29f34' -> (Import Result ID: '89af153ab0538ce0d3fdd35549331619') in 0.006 seconds [static and dynamic dependencies]. Details - ImportResultOutputID=f5c2366a701a681a66e83991b7293b48 DependenciesID=9de50810cfca0d52ecc57132b964cf06 StaticDependenciesID=4258f8bc6fdc5cce6fb02aebad44c61c 
Number of updated asset objects reloaded before import = 0
Number of asset objects unloaded after import = 1
========================================================================
Received Import Request.
  Time of request: 2026-09-30T06:25:09.5348207Z
  Time since last request: 0.0005167 seconds.
  importAddress: GUID: d17bd689bb891264fa5d6430babe94b8 - Path: Assets/Twinsanity/Baked/Beach/Material_629 2.mat - Importer: ScriptedImporter/UnityEditor.QuickSearchModule:UnityEditor.Search:ASIAI0B
Importing 'GUID: d17bd689bb891264fa5d6430babe94b8 - Path: Assets/Twinsanity/Baked/Beach/Material_629 2.mat - Importer: ScriptedImporter/UnityEditor.QuickSearchModule:UnityEditor.Search:ASIAI0B' with importer (ScriptedImporter : UnityEditor.QuickSearchModule:UnityEditor.Search:ASIAI0B)
Imported 'GUID: d17bd689bb891264fa5d6430babe94b8' -> (Import Result ID: '26677673b14f978687e0aef703d9275e') in 0.007 seconds [static and dynamic dependencies]. Details - ImportResultOutputID=5309edd5b474601ab78b5eb9e3e5ef94 DependenciesID=defc1f54eb85aaa90d46f005db352c57 StaticDependenciesID=49592b537d773dc7d1ab07e92b1efbf9 
Number of updated asset objects reloaded before import = 0
Number of asset objects unloaded after import = 2
========================================================================
Received Import Request.
  Time of request: 2026-09-30T06:25:09.5426919Z
  Time since last request: 0.0004933 seconds.
  importAddress: GUID: 978ff4cf0e6bb9e4ca830de78299448e - Path: Assets/Twinsanity/Baked/Beach/Material_610 2.mat - Importer: ScriptedImporter/UnityEditor.QuickSearchModule:UnityEditor.Search:ASIAI0B
Importing 'GUID: 978ff4cf0e6bb9e4ca830de78299448e - Path: Assets/Twinsanity/Baked/Beach/Material_610 2.mat - Importer: ScriptedImporter/UnityEditor.QuickSearchModule:UnityEditor.Search:ASIAI0B' with importer (ScriptedImporter : UnityEditor.QuickSearchModule:UnityEditor.Search:ASIAI0B)
Imported 'GUID: 978ff4cf0e6bb9e4ca830de78299448e' -> (Import Result ID: '5d0083c3ed05d62d73cfcfabb3e19aa4') in 0.006 seconds [static and dynamic dependencies]. Details - ImportResultOutputID=843f574dbc437a5a4e77b6ccb6519dd4 DependenciesID=504bd29ab731cc4b6705ff8f8fe2e98e StaticDependenciesID=0bb7dfeab9a2e999fef674140a25b350 
Number of updated asset objects reloaded before import = 0
Number of asset objects unloaded after import = 2
========================================================================
Received Import Request.
  Time of request: 2026-09-30T06:25:09.5501523Z
  Time since last request: 0.0005825 seconds.
  importAddress: GUID: 9f2f642d8cb50784985e7c3e0f743c54 - Path: Assets/Twinsanity/Baked/Beach/Material_597 2.mat - Importer: ScriptedImporter/UnityEditor.QuickSearchModule:UnityEditor.Search:ASIAI0B
Importing 'GUID: 9f2f642d8cb50784985e7c3e0f743c54 - Path: Assets/Twinsanity/Baked/Beach/Material_597 2.mat - Importer: ScriptedImporter/UnityEditor.QuickSearchModule:UnityEditor.Search:ASIAI0B' with importer (ScriptedImporter : UnityEditor.QuickSearchModule:UnityEditor.Search:ASIAI0B)
Imported 'GUID: 9f2f642d8cb50784985e7c3e0f743c54' -> (Import Result ID: 'b6015b2cd40f3e10683b01cf9cc15e0d') in 0.010 seconds [static and dynamic dependencies]. Details - ImportResultOutputID=a183a113bef4e3675e16063f04e9ebfb DependenciesID=cb10c5d5e2ab2b23e14683d2c2f67cb8 StaticDependenciesID=50f9f678203af5da0cd8ad14915253e0 
Number of updated asset objects reloaded before import = 0
Number of asset objects unloaded after import = 2
========================================================================
Received Import Request.
  Time of request: 2026-09-30T06:25:09.5614135Z
  Time since last request: 0.0005362 seconds.
  importAddress: GUID: f80b642eefadfd846bc8fd0b61e54b51 - Path: Assets/Twinsanity/Baked/Beach/Hubb_Scenery_Mesh_586 2.asset - Importer: ScriptedImporter/UnityEditor.QuickSearchModule:UnityEditor.Search:ASIAI0B
Importing 'GUID: f80b642eefadfd846bc8fd0b61e54b51 - Path: Assets/Twinsanity/Baked/Beach/Hubb_Scenery_Mesh_586 2.asset - Importer: ScriptedImporter/UnityEditor.QuickSearchModule:UnityEditor.Search:ASIAI0B' with importer (ScriptedImporter : UnityEditor.QuickSearchModule:UnityEditor.Search:ASIAI0B)
Imported 'GUID: f80b642eefadfd846bc8fd0b61e54b51' -> (Import Result ID: 'ef42985e65ee3b4ed1c33aad39a2f861') in 0.009 seconds [static and dynamic dependencies]. Details - ImportResultOutputID=ea2c1078cfe0bc97dbc0957ff38ead3a DependenciesID=f1dcc49c4002e332550f8f435754893d StaticDependenciesID=a7a0532a03d0d732975a89a2ecb4aae2 
Number of updated asset objects reloaded before import = 0
Number of asset objects unloaded after import = 1
========================================================================
Received Import Request.
  Time of request: 2026-09-30T06:25:09.5722889Z
  Time since last request: 0.0017182 seconds.
  importAddress: GUID: 3357365e01eb48a44b21ddb39fdfa6a3 - Path: Assets/Twinsanity/Baked/Beach/Hubb_Scenery_Mesh_600 2.asset - Importer: ScriptedImporter/UnityEditor.QuickSearchModule:UnityEditor.Search:ASIAI0B
Importing 'GUID: 3357365e01eb48a44b21ddb39fdfa6a3 - Path: Assets/Twinsanity/Baked/Beach/Hubb_Scenery_Mesh_600 2.asset - Importer: ScriptedImporter/UnityEditor.QuickSearchModule:UnityEditor.Search:ASIAI0B' with importer (ScriptedImporter : UnityEditor.QuickSearchModule:UnityEditor.Search:ASIAI0B)
Imported 'GUID: 3357365e01eb48a44b21ddb39fdfa6a3' -> (Import Result ID: 'a87ae789d0ebfe6c5fd0422b729da3cc') in 0.006 seconds [static and dynamic dependencies]. Details - ImportResultOutputID=fef03948a7d1e16046b91a6fd61bf7c7 DependenciesID=05c6cc9eecf026ff2f963710819b9c8a StaticDependenciesID=3f361a2569941951968a4b892ccfc3dc 
Number of updated asset objects reloaded before import = 0
Number of asset objects unloaded after import = 1
========================================================================
Received Import Request.
  Time of request: 2026-09-30T06:25:09.5814779Z
  Time since last request: 0.0027481 seconds.
  importAddress: GUID: daded05650a6f1741bc5bf705943851b - Path: Assets/Twinsanity/Baked/Beach/Hubb_Scenery_Mesh_619 2.asset - Importer: ScriptedImporter/UnityEditor.QuickSearchModule:UnityEditor.Search:ASIAI0B
Importing 'GUID: daded05650a6f1741bc5bf705943851b - Path: Assets/Twinsanity/Baked/Beach/Hubb_Scenery_Mesh_619 2.asset - Importer: ScriptedImporter/UnityEditor.QuickSearchModule:UnityEditor.Search:ASIAI0B' with importer (ScriptedImporter : UnityEditor.QuickSearchModule:UnityEditor.Search:ASIAI0B)
Imported 'GUID: daded05650a6f1741bc5bf705943851b' -> (Import Result ID: 'a5c590fcd3a90e6483c12d33c82f3208') in 0.008 seconds [static and dynamic dependencies]. Details - ImportResultOutputID=25bc09c245478334adbba20f6469b497 DependenciesID=7fa11c093a0333f85a9cfad21763abb4 StaticDependenciesID=303f8b9bdd60ae36360bd93fc874cfb7 
Number of updated asset objects reloaded before import = 0
Number of asset objects unloaded after import = 1
========================================================================
Received Import Request.
  Time of request: 2026-09-30T06:25:09.5915564Z
  Time since last request: 0.0013472 seconds.
  importAddress: GUID: ca35be24ed0f42e488c192ba085bf415 - Path: Assets/Twinsanity/Baked/Beach/Hubb_Scenery_Mesh_596 2.asset - Importer: ScriptedImporter/UnityEditor.QuickSearchModule:UnityEditor.Search:ASIAI0B
Importing 'GUID: ca35be24ed0f42e488c192ba085bf415 - Path: Assets/Twinsanity/Baked/Beach/Hubb_Scenery_Mesh_596 2.asset - Importer: ScriptedImporter/UnityEditor.QuickSearchModule:UnityEditor.Search:ASIAI0B' with importer (ScriptedImporter : UnityEditor.QuickSearchModule:UnityEditor.Search:ASIAI0B)
Imported 'GUID: ca35be24ed0f42e488c192ba085bf415' -> (Import Result ID: 'faa54d16cc9bbeb166ff757dbb5a556b') in 0.008 seconds [static and dynamic dependencies]. Details - ImportResultOutputID=def72716d21f1a235ea4b946d54826d0 DependenciesID=01caae69324a092fef2798b14213ae24 StaticDependenciesID=bf7559fe23af6a8062873ba86263ea96 
Number of updated asset objects reloaded before import = 0
Number of asset objects unloaded after import = 1
========================================================================
Received Import Request.
  Time of request: 2026-09-30T06:25:09.6188617Z
  Time since last request: 0.0178511 seconds.
  importAddress: GUID: c407b3df5b7165242a90a7f799b3f42c - Path: Assets/Twinsanity/Baked/Beach/Material_686 2.mat - Importer: ScriptedImporter/UnityEditor.QuickSearchModule:UnityEditor.Search:ASIAI0B
Importing 'GUID: c407b3df5b7165242a90a7f799b3f42c - Path: Assets/Twinsanity/Baked/Beach/Material_686 2.mat - Importer: ScriptedImporter/UnityEditor.QuickSearchModule:UnityEditor.Search:ASIAI0B' with importer (ScriptedImporter : UnityEditor.QuickSearchModule:UnityEditor.Search:ASIAI0B)
Imported 'GUID: c407b3df5b7165242a90a7f799b3f42c' -> (Import Result ID: '12f1811102eaf50fe65e2504140db78d') in 0.008 seconds [static and dynamic dependencies]. Details - ImportResultOutputID=1226a80a2430623afaca8d6aacd4cd3c DependenciesID=d74db6291227cc28239e13e4868002b4 StaticDependenciesID=6e154a422648648c56b958cb06a514b7 
Number of updated asset objects reloaded before import = 0
Number of asset objects unloaded after import = 2
========================================================================
Received Import Request.
  Time of request: 2026-09-30T06:25:09.628027Z
  Time since last request: 0.0004721 seconds.
  importAddress: GUID: b1cff3e22263ebf4bb3467ebff7e8753 - Path: Assets/Twinsanity/Baked/Beach/Highpath_Scenery_Mesh_670 2.asset - Importer: ScriptedImporter/UnityEditor.QuickSearchModule:UnityEditor.Search:ASIAI0B
Importing 'GUID: b1cff3e22263ebf4bb3467ebff7e8753 - Path: Assets/Twinsanity/Baked/Beach/Highpath_Scenery_Mesh_670 2.asset - Importer: ScriptedImporter/UnityEditor.QuickSearchModule:UnityEditor.Search:ASIAI0B' with importer (ScriptedImporter : UnityEditor.QuickSearchModule:UnityEditor.Search:ASIAI0B)
Imported 'GUID: b1cff3e22263ebf4bb3467ebff7e8753' -> (Import Result ID: 'e398b5ecc5a77b33148a019df575d86c') in 0.010 seconds [static and dynamic dependencies]. Details - ImportResultOutputID=192e114f33de0a7146e830474e1f3d54 DependenciesID=18a35e4417cafbbb29ed92b0474872c3 StaticDependenciesID=6ffd29c9f7d7637ae6e1243f1609a63d 
Number of updated asset objects reloaded before import = 0
Number of asset objects unloaded after import = 1
========================================================================
Received Import Request.
  Time of request: 2026-09-30T06:25:09.6388876Z
  Time since last request: 0.0004704 seconds.
  importAddress: GUID: 1626abbe2b06c9446abb9a5c78421676 - Path: Assets/Twinsanity/Baked/Beach/Highpath_Scenery_Mesh_656 2.asset - Importer: ScriptedImporter/UnityEditor.QuickSearchModule:UnityEditor.Search:ASIAI0B
Importing 'GUID: 1626abbe2b06c9446abb9a5c78421676 - Path: Assets/Twinsanity/Baked/Beach/Highpath_Scenery_Mesh_656 2.asset - Importer: ScriptedImporter/UnityEditor.QuickSearchModule:UnityEditor.Search:ASIAI0B' with importer (ScriptedImporter : UnityEditor.QuickSearchModule:UnityEditor.Search:ASIAI0B)
Imported 'GUID: 1626abbe2b06c9446abb9a5c78421676' -> (Import Result ID: '3e2e2c9a4707bec11ce985d3098a9fbe') in 0.008 seconds [static and dynamic dependencies]. Details - ImportResultOutputID=a6c2e7b5577be798b75e5636f9114ae4 DependenciesID=c0e1e43f569e3518f4da89dac7d042f0 StaticDependenciesID=b1cc71f659d9a7f6ea012d5a32cdc7e4 
Number of updated asset objects reloaded before import = 0
Number of asset objects unloaded after import = 1
========================================================================
Received Import Request.
  Time of request: 2026-09-30T06:25:09.6485728Z
  Time since last request: 0.0008326 seconds.
  importAddress: GUID: 8841186426e91ce4b9e3e21bb7f4d19f - Path: Assets/Twinsanity/Baked/Beach/Highpath_Scenery_Mesh_681 2.asset - Importer: ScriptedImporter/UnityEditor.QuickSearchModule:UnityEditor.Search:ASIAI0B
Importing 'GUID: 8841186426e91ce4b9e3e21bb7f4d19f - Path: Assets/Twinsanity/Baked/Beach/Highpath_Scenery_Mesh_681 2.asset - Importer: ScriptedImporter/UnityEditor.QuickSearchModule:UnityEditor.Search:ASIAI0B' with importer (ScriptedImporter : UnityEditor.QuickSearchModule:UnityEditor.Search:ASIAI0B)
Imported 'GUID: 8841186426e91ce4b9e3e21bb7f4d19f' -> (Import Result ID: '7090a1fb418de818fade53ceaca6895b') in 0.007 seconds [static and dynamic dependencies]. Details - ImportResultOutputID=7b10d0b315d6bb0a3fb24bf209444310 DependenciesID=dc77398c054903d1432b33ff472dde4f StaticDependenciesID=2f896b6dfa51f8d03df3275c60ab496d 
Number of updated asset objects reloaded before import = 0
Number of asset objects unloaded after import = 1
========================================================================
Received Import Request.
  Time of request: 2026-09-30T06:25:09.6568606Z
  Time since last request: 0.0004575 seconds.
  importAddress: GUID: b22878a35087faa4e86d2da1db2a458f - Path: Assets/Twinsanity/Baked/Beach/Hubb_Scenery_Mesh_637 2.asset - Importer: ScriptedImporter/UnityEditor.QuickSearchModule:UnityEditor.Search:ASIAI0B
Importing 'GUID: b22878a35087faa4e86d2da1db2a458f - Path: Assets/Twinsanity/Baked/Beach/Hubb_Scenery_Mesh_637 2.asset - Importer: ScriptedImporter/UnityEditor.QuickSearchModule:UnityEditor.Search:ASIAI0B' with importer (ScriptedImporter : UnityEditor.QuickSearchModule:UnityEditor.Search:ASIAI0B)
Imported 'GUID: b22878a35087faa4e86d2da1db2a458f' -> (Import Result ID: 'be5025e65f89eb843cb6916974e1cba2') in 0.007 seconds [static and dynamic dependencies]. Details - ImportResultOutputID=c30089a68376a1aaf2ee553ddf41b52b DependenciesID=38be21713fab66a8d640ea90456140fe StaticDependenciesID=7cf57caed1e17870ac6fe8558605b423 
Number of updated asset objects reloaded before import = 0
Number of asset objects unloaded after import = 1
========================================================================
Received Import Request.
  Time of request: 2026-09-30T06:25:09.6654037Z
  Time since last request: 0.000601 seconds.
  importAddress: GUID: 57c60cedef8b3dd4799fae1d50f0c749 - Path: Assets/Twinsanity/Baked/Beach/Material_694 2.mat - Importer: ScriptedImporter/UnityEditor.QuickSearchModule:UnityEditor.Search:ASIAI0B
Importing 'GUID: 57c60cedef8b3dd4799fae1d50f0c749 - Path: Assets/Twinsanity/Baked/Beach/Material_694 2.mat - Importer: ScriptedImporter/UnityEditor.QuickSearchModule:UnityEditor.Search:ASIAI0B' with importer (ScriptedImporter : UnityEditor.QuickSearchModule:UnityEditor.Search:ASIAI0B)
Imported 'GUID: 57c60cedef8b3dd4799fae1d50f0c749' -> (Import Result ID: '277a6b84834a4d7db4d58ead8992481b') in 0.010 seconds [static and dynamic dependencies]. Details - ImportResultOutputID=bc303c685c11b9a890f27167bc9004bf DependenciesID=2729014dcfc73c1cf43f9b6d1359408c StaticDependenciesID=957160083036f04adee180519899bed7 
Number of updated asset objects reloaded before import = 0
Number of asset objects unloaded after import = 2
========================================================================
Received Import Request.
  Time of request: 2026-09-30T06:25:09.6783797Z
  Time since last request: 0.0019005 seconds.
  importAddress: GUID: 1b20dbe94ca65c64582e003fc52ff504 - Path: Assets/Twinsanity/Baked/Beach/Material_644 2.mat - Importer: ScriptedImporter/UnityEditor.QuickSearchModule:UnityEditor.Search:ASIAI0B
Importing 'GUID: 1b20dbe94ca65c64582e003fc52ff504 - Path: Assets/Twinsanity/Baked/Beach/Material_644 2.mat - Importer: ScriptedImporter/UnityEditor.QuickSearchModule:UnityEditor.Search:ASIAI0B' with importer (ScriptedImporter : UnityEditor.QuickSearchModule:UnityEditor.Search:ASIAI0B)
Imported 'GUID: 1b20dbe94ca65c64582e003fc52ff504' -> (Import Result ID: '95c5369b1788d96f499e54645cfa52dd') in 0.011 seconds [static and dynamic dependencies]. Details - ImportResultOutputID=9e055e3f28e2ee36ae9cebace82864f9 DependenciesID=9e62f11d5fd89240b90c1f73be567ee4 StaticDependenciesID=8b0f37fba912eddd9c200ae33fff8a92 
Number of updated asset objects reloaded before import = 0
Number of asset objects unloaded after import = 2
========================================================================
Received Import Request.
  Time of request: 2026-09-30T06:25:09.6912641Z
  Time since last request: 0.0007032 seconds.
  importAddress: GUID: 92dd3a6739ca6154eae77e2195a111bb - Path: Assets/Twinsanity/Baked/Beach/Material_688 2.mat - Importer: ScriptedImporter/UnityEditor.QuickSearchModule:UnityEditor.Search:ASIAI0B
Importing 'GUID: 92dd3a6739ca6154eae77e2195a111bb - Path: Assets/Twinsanity/Baked/Beach/Material_688 2.mat - Importer: ScriptedImporter/UnityEditor.QuickSearchModule:UnityEditor.Search:ASIAI0B' with importer (ScriptedImporter : UnityEditor.QuickSearchModule:UnityEditor.Search:ASIAI0B)
Imported 'GUID: 92dd3a6739ca6154eae77e2195a111bb' -> (Import Result ID: 'f09572d1b80ef855e6619e3c7e587857') in 0.008 seconds [static and dynamic dependencies]. Details - ImportResultOutputID=63700c73864876a0fa68767f7ee38079 DependenciesID=033ffb8311f674dc7d483bcd146caaa0 StaticDependenciesID=2cc7b9701f1ba76f7c96f3c3ebee1e42 
Number of updated asset objects reloaded before import = 0
Number of asset objects unloaded after import = 2
========================================================================
Received Import Request.
  Time of request: 2026-09-30T06:25:09.7020007Z
  Time since last request: 0.0007781 seconds.
  importAddress: GUID: 8d3b10d57e14b094fab90a30fd6006b4 - Path: Assets/Twinsanity/Baked/Beach/Material_675 2.mat - Importer: ScriptedImporter/UnityEditor.QuickSearchModule:UnityEditor.Search:ASIAI0B
Importing 'GUID: 8d3b10d57e14b094fab90a30fd6006b4 - Path: Assets/Twinsanity/Baked/Beach/Material_675 2.mat - Importer: ScriptedImporter/UnityEditor.QuickSearchModule:UnityEditor.Search:ASIAI0B' with importer (ScriptedImporter : UnityEditor.QuickSearchModule:UnityEditor.Search:ASIAI0B)
Imported 'GUID: 8d3b10d57e14b094fab90a30fd6006b4' -> (Import Result ID: 'f77e7e10e11d6f363a5196b4a08b3b69') in 0.009 seconds [static and dynamic dependencies]. Details - ImportResultOutputID=7be4df222a776892ecc46048d48f93bd DependenciesID=1f352422bcbd36c6f95369bb6392e5b4 StaticDependenciesID=0419a9178c279af145eb031b0222d589 
Number of updated asset objects reloaded before import = 0
Number of asset objects unloaded after import = 2
========================================================================
Received Import Request.
  Time of request: 2026-09-30T06:25:09.7125325Z
  Time since last request: 0.0008694 seconds.
  importAddress: GUID: d0b38fe47608cd84db0caed1c0fbaa70 - Path: Assets/Twinsanity/Baked/Beach/Material_669 2.mat - Importer: ScriptedImporter/UnityEditor.QuickSearchModule:UnityEditor.Search:ASIAI0B
Importing 'GUID: d0b38fe47608cd84db0caed1c0fbaa70 - Path: Assets/Twinsanity/Baked/Beach/Material_669 2.mat - Importer: ScriptedImporter/UnityEditor.QuickSearchModule:UnityEditor.Search:ASIAI0B' with importer (ScriptedImporter : UnityEditor.QuickSearchModule:UnityEditor.Search:ASIAI0B)
Imported 'GUID: d0b38fe47608cd84db0caed1c0fbaa70' -> (Import Result ID: '627b139558b45fe868ff76fcef386f58') in 0.009 seconds [static and dynamic dependencies]. Details - ImportResultOutputID=600b106bbeb6ae95ad493f8bf1871972 DependenciesID=40b6af43cf4e21a1830450b6dd190035 StaticDependenciesID=b4374563735ea567f8ea6435442b5b8d 
Number of updated asset objects reloaded before import = 0
Number of asset objects unloaded after import = 2
========================================================================
Received Import Request.
  Time of request: 2026-09-30T06:25:09.7256663Z
  Time since last request: 0.0006184 seconds.
  importAddress: GUID: c50cf1f84ca46e34e97e5033c60e0641 - Path: Assets/Twinsanity/Baked/Beach/Highpath_Scenery_Mesh_695 2.asset - Importer: ScriptedImporter/UnityEditor.QuickSearchModule:UnityEditor.Search:ASIAI0B
Importing 'GUID: c50cf1f84ca46e34e97e5033c60e0641 - Path: Assets/Twinsanity/Baked/Beach/Highpath_Scenery_Mesh_695 2.asset - Importer: ScriptedImporter/UnityEditor.QuickSearchModule:UnityEditor.Search:ASIAI0B' with importer (ScriptedImporter : UnityEditor.QuickSearchModule:UnityEditor.Search:ASIAI0B)
Imported 'GUID: c50cf1f84ca46e34e97e5033c60e0641' -> (Import Result ID: '7f81cd8f9d988140a482561e3af0d50b') in 0.006 seconds [static and dynamic dependencies]. Details - ImportResultOutputID=385db9b5c16622652b253a3747959b18 DependenciesID=c9b4e13b43731fb0315106a37c88172b StaticDependenciesID=26cb505dc1fdbea9017f3b43ea8db462 
Number of updated asset objects reloaded before import = 0
Number of asset objects unloaded after import = 1
========================================================================
Received Import Request.
  Time of request: 2026-09-30T06:25:09.7328968Z
  Time since last request: 0.0005335 seconds.
  importAddress: GUID: fd850b4b322f48c49aedb5ac5b9e469a - Path: Assets/Twinsanity/Baked/Beach/Material_636 2.mat - Importer: ScriptedImporter/UnityEditor.QuickSearchModule:UnityEditor.Search:ASIAI0B
Importing 'GUID: fd850b4b322f48c49aedb5ac5b9e469a - Path: Assets/Twinsanity/Baked/Beach/Material_636 2.mat - Importer: ScriptedImporter/UnityEditor.QuickSearchModule:UnityEditor.Search:ASIAI0B' with importer (ScriptedImporter : UnityEditor.QuickSearchModule:UnityEditor.Search:ASIAI0B)
Imported 'GUID: fd850b4b322f48c49aedb5ac5b9e469a' -> (Import Result ID: 'eef52cfdfdbe09ff3116b94274aa250b') in 0.008 seconds [static and dynamic dependencies]. Details - ImportResultOutputID=fd43d10aca2ac697d5359a933886d97d DependenciesID=40a2920dfcb9f9f47ad7d6e1874da05c StaticDependenciesID=4c0f5479c1c21c76065c5bf8c4a91e69 
Number of updated asset objects reloaded before import = 0
Number of asset objects unloaded after import = 2
========================================================================
Received Import Request.
  Time of request: 2026-09-30T06:25:09.7421237Z
  Time since last request: 0.0004486 seconds.
  importAddress: GUID: 6e0b442f4ba43f04fb71da9beba50524 - Path: Assets/Twinsanity/Baked/Beach/Material_680 2.mat - Importer: ScriptedImporter/UnityEditor.QuickSearchModule:UnityEditor.Search:ASIAI0B
Importing 'GUID: 6e0b442f4ba43f04fb71da9beba50524 - Path: Assets/Twinsanity/Baked/Beach/Material_680 2.mat - Importer: ScriptedImporter/UnityEditor.QuickSearchModule:UnityEditor.Search:ASIAI0B' with importer (ScriptedImporter : UnityEditor.QuickSearchModule:UnityEditor.Search:ASIAI0B)
Imported 'GUID: 6e0b442f4ba43f04fb71da9beba50524' -> (Import Result ID: '566098862f59eafc60131e02d9c91fb4') in 0.012 seconds [static and dynamic dependencies]. Details - ImportResultOutputID=dc492a55308becd497ac89fb0675cfe7 DependenciesID=7b94961032641823bd9ed498bacdab28 StaticDependenciesID=06025dc3157ddaee988e7ea3b0286284 
Number of updated asset objects reloaded before import = 0
Number of asset objects unloaded after import = 2
========================================================================
Received Import Request.
  Time of request: 2026-09-30T06:25:09.755365Z
  Time since last request: 0.0006181 seconds.
  importAddress: GUID: 0b99b9f7b35097342b9295e2e7452783 - Path: Assets/Twinsanity/Baked/Beach/Highpath_Scenery_Mesh_689 2.asset - Importer: ScriptedImporter/UnityEditor.QuickSearchModule:UnityEditor.Search:ASIAI0B
Importing 'GUID: 0b99b9f7b35097342b9295e2e7452783 - Path: Assets/Twinsanity/Baked/Beach/Highpath_Scenery_Mesh_689 2.asset - Importer: ScriptedImporter/UnityEditor.QuickSearchModule:UnityEditor.Search:ASIAI0B' with importer (ScriptedImporter : UnityEditor.QuickSearchModule:UnityEditor.Search:ASIAI0B)
Imported 'GUID: 0b99b9f7b35097342b9295e2e7452783' -> (Import Result ID: 'c2f6af00d33ebf59a499206f67b079d4') in 0.009 seconds [static and dynamic dependencies]. Details - ImportResultOutputID=654db01cbaebe9e7d03444f19a69d053 DependenciesID=935d596fc9c143e519f6f409e79744b5 StaticDependenciesID=58d3010e237c280d5411bafc4f170958 
Number of updated asset objects reloaded before import = 0
Number of asset objects unloaded after import = 1
========================================================================
Received Import Request.
  Time of request: 2026-09-30T06:25:09.7658223Z
  Time since last request: 0.0007878 seconds.
  importAddress: GUID: 1841d746e05df9549ada3302db3f97c2 - Path: Assets/Twinsanity/Baked/Beach/Highpath_Scenery_Mesh_641 2.asset - Importer: ScriptedImporter/UnityEditor.QuickSearchModule:UnityEditor.Search:ASIAI0B
Importing 'GUID: 1841d746e05df9549ada3302db3f97c2 - Path: Assets/Twinsanity/Baked/Beach/Highpath_Scenery_Mesh_641 2.asset - Importer: ScriptedImporter/UnityEditor.QuickSearchModule:UnityEditor.Search:ASIAI0B' with importer (ScriptedImporter : UnityEditor.QuickSearchModule:UnityEditor.Search:ASIAI0B)
Imported 'GUID: 1841d746e05df9549ada3302db3f97c2' -> (Import Result ID: '32b0f058eeefaaaa384d87a953728a53') in 0.011 seconds [static and dynamic dependencies]. Details - ImportResultOutputID=f31e07b47b6c407208f56e95ace2bff7 DependenciesID=5ba56ad992857e5389950583ee1186e5 StaticDependenciesID=00207fea86e20857d51d6af4c149d70f 
Number of updated asset objects reloaded before import = 0
Number of asset objects unloaded after import = 1
========================================================================
Received Import Request.
  Time of request: 2026-09-30T06:25:09.7777649Z
  Time since last request: 0.0002483 seconds.
  importAddress: GUID: a33c1b82265198e4e918f519cf5597d6 - Path: Assets/Twinsanity/Baked/Beach/Material_646 2.mat - Importer: ScriptedImporter/UnityEditor.QuickSearchModule:UnityEditor.Search:ASIAI0B
Importing 'GUID: a33c1b82265198e4e918f519cf5597d6 - Path: Assets/Twinsanity/Baked/Beach/Material_646 2.mat - Importer: ScriptedImporter/UnityEditor.QuickSearchModule:UnityEditor.Search:ASIAI0B' with importer (ScriptedImporter : UnityEditor.QuickSearchModule:UnityEditor.Search:ASIAI0B)
Imported 'GUID: a33c1b82265198e4e918f519cf5597d6' -> (Import Result ID: '8062ddf04fa05b09e2bc68870cd18a58') in 0.007 seconds [static and dynamic dependencies]. Details - ImportResultOutputID=025166c85c5e0c2a6bea23cf2df45aa2 DependenciesID=a6fbb469bb1accbb015ca36d085b61d5 StaticDependenciesID=0ac964085ec6d8d0fffdf8ef9279839f 
Number of updated asset objects reloaded before import = 0
Number of asset objects unloaded after import = 2
========================================================================
Received Import Request.
  Time of request: 2026-09-30T06:25:09.7862036Z
  Time since last request: 0.0007098 seconds.
  importAddress: GUID: b1cb3cdf8427693469a5c6de510bd156 - Path: Assets/Twinsanity/Baked/Beach/Material_660 2.mat - Importer: ScriptedImporter/UnityEditor.QuickSearchModule:UnityEditor.Search:ASIAI0B
Importing 'GUID: b1cb3cdf8427693469a5c6de510bd156 - Path: Assets/Twinsanity/Baked/Beach/Material_660 2.mat - Importer: ScriptedImporter/UnityEditor.QuickSearchModule:UnityEditor.Search:ASIAI0B' with importer (ScriptedImporter : UnityEditor.QuickSearchModule:UnityEditor.Search:ASIAI0B)
Imported 'GUID: b1cb3cdf8427693469a5c6de510bd156' -> (Import Result ID: '94072dc11fcd71a4e06ea6bda2ee30a3') in 0.008 seconds [static and dynamic dependencies]. Details - ImportResultOutputID=4f209d57891876b441d8b14bc799d6dc DependenciesID=6d94bf2cb85296113cd120fffd9f0915 StaticDependenciesID=64570774dfa2d76321850e435848d0fc 
Number of updated asset objects reloaded before import = 0
Number of asset objects unloaded after import = 2
========================================================================
Received Import Request.
  Time of request: 2026-09-30T06:25:09.7956199Z
  Time since last request: 0.0003395 seconds.
  importAddress: GUID: d677241c935197045a5b02bea16beecc - Path: Assets/Twinsanity/Baked/Beach/Highpath_Scenery_Mesh_639 2.asset - Importer: ScriptedImporter/UnityEditor.QuickSearchModule:UnityEditor.Search:ASIAI0B
Importing 'GUID: d677241c935197045a5b02bea16beecc - Path: Assets/Twinsanity/Baked/Beach/Highpath_Scenery_Mesh_639 2.asset - Importer: ScriptedImporter/UnityEditor.QuickSearchModule:UnityEditor.Search:ASIAI0B' with importer (ScriptedImporter : UnityEditor.QuickSearchModule:UnityEditor.Search:ASIAI0B)
Imported 'GUID: d677241c935197045a5b02bea16beecc' -> (Import Result ID: 'a921d9a23f328e5f76520e51cd71ed31') in 0.012 seconds [static and dynamic dependencies]. Details - ImportResultOutputID=a9991e612da196b1d09e5875d1e7ac20 DependenciesID=6e77244511e8bd40095e678df17df1ae StaticDependenciesID=2f335fef1e2c4730972fe3c4eed37c76 
Number of updated asset objects reloaded before import = 0
Number of asset objects unloaded after import = 1
========================================================================
Received Import Request.
  Time of request: 2026-09-30T06:25:09.8085557Z
  Time since last request: 0.0006456 seconds.
  importAddress: GUID: 4f9a7720552cc3146afcade6e34451c2 - Path: Assets/Twinsanity/Baked/Beach/Material_651 2.mat - Importer: ScriptedImporter/UnityEditor.QuickSearchModule:UnityEditor.Search:ASIAI0B
Importing 'GUID: 4f9a7720552cc3146afcade6e34451c2 - Path: Assets/Twinsanity/Baked/Beach/Material_651 2.mat - Importer: ScriptedImporter/UnityEditor.QuickSearchModule:UnityEditor.Search:ASIAI0B' with importer (ScriptedImporter : UnityEditor.QuickSearchModule:UnityEditor.Search:ASIAI0B)
Imported 'GUID: 4f9a7720552cc3146afcade6e34451c2' -> (Import Result ID: 'c9f60c8a4acd48af04c3b2028309e559') in 0.008 seconds [static and dynamic dependencies]. Details - ImportResultOutputID=ac90f1761495bc044ce21c565e865c5d DependenciesID=ac677089b7af7b46138682407e04c47c StaticDependenciesID=ca1ade700b7c1619c5415c2d3c6d4a54 
Number of updated asset objects reloaded before import = 0
Number of asset objects unloaded after import = 2
========================================================================
Received Import Request.
  Time of request: 2026-09-30T06:25:09.8174501Z
  Time since last request: 0.0006142 seconds.
  importAddress: GUID: 024bc6a5db92ffc409dfdaec373796da - Path: Assets/Twinsanity/Baked/Beach/Hubb_Scenery_Mesh_638 2.asset - Importer: ScriptedImporter/UnityEditor.QuickSearchModule:UnityEditor.Search:ASIAI0B
Importing 'GUID: 024bc6a5db92ffc409dfdaec373796da - Path: Assets/Twinsanity/Baked/Beach/Hubb_Scenery_Mesh_638 2.asset - Importer: ScriptedImporter/UnityEditor.QuickSearchModule:UnityEditor.Search:ASIAI0B' with importer (ScriptedImporter : UnityEditor.QuickSearchModule:UnityEditor.Search:ASIAI0B)
Imported 'GUID: 024bc6a5db92ffc409dfdaec373796da' -> (Import Result ID: 'a4ae6d1e8928db095dde18f2522ad7a5') in 0.006 seconds [static and dynamic dependencies]. Details - ImportResultOutputID=232c8cc0e8372a4d9edb3019ca6fed03 DependenciesID=cb8edd5d845000be3a93243252385035 StaticDependenciesID=d62961f3806f7b77eaef8ef0f93dca7c 
Number of updated asset objects reloaded before import = 0
Number of asset objects unloaded after import = 1
========================================================================
Received Import Request.
  Time of request: 2026-09-30T06:25:09.8247595Z
  Time since last request: 0.0008702 seconds.
  importAddress: GUID: e64aac14aa0faf94db2afb3802b03d60 - Path: Assets/Twinsanity/Baked/Beach/Material_640 2.mat - Importer: ScriptedImporter/UnityEditor.QuickSearchModule:UnityEditor.Search:ASIAI0B
Importing 'GUID: e64aac14aa0faf94db2afb3802b03d60 - Path: Assets/Twinsanity/Baked/Beach/Material_640 2.mat - Importer: ScriptedImporter/UnityEditor.QuickSearchModule:UnityEditor.Search:ASIAI0B' with importer (ScriptedImporter : UnityEditor.QuickSearchModule:UnityEditor.Search:ASIAI0B)
Imported 'GUID: e64aac14aa0faf94db2afb3802b03d60' -> (Import Result ID: '704f389beffe342c466f4a07d5e27503') in 0.007 seconds [static and dynamic dependencies]. Details - ImportResultOutputID=be88c3ab2388a365653fdec3b903bd1f DependenciesID=009ed88b35574d639a782a84c14920d6 StaticDependenciesID=a5426e1e20c176915ebad1b8879a4eaf 
Number of updated asset objects reloaded before import = 0
Number of asset objects unloaded after import = 2
========================================================================
Received Import Request.
  Time of request: 2026-09-30T06:25:09.8330978Z
  Time since last request: 0.0005315 seconds.
  importAddress: GUID: fa00aa4c78837fd4eae27013a7b4ffb8 - Path: Assets/Twinsanity/Baked/Beach/Material_664 2.mat - Importer: ScriptedImporter/UnityEditor.QuickSearchModule:UnityEditor.Search:ASIAI0B
Importing 'GUID: fa00aa4c78837fd4eae27013a7b4ffb8 - Path: Assets/Twinsanity/Baked/Beach/Material_664 2.mat - Importer: ScriptedImporter/UnityEditor.QuickSearchModule:UnityEditor.Search:ASIAI0B' with importer (ScriptedImporter : UnityEditor.QuickSearchModule:UnityEditor.Search:ASIAI0B)
Imported 'GUID: fa00aa4c78837fd4eae27013a7b4ffb8' -> (Import Result ID: 'eb020746438e96e24baacca378f73cdb') in 0.007 seconds [static and dynamic dependencies]. Details - ImportResultOutputID=bc6ccbac6dab13e0209fdabc6b8583cf DependenciesID=70e155a51ce3c73004e0ad7c5c64ae15 StaticDependenciesID=9e9e8d2dee0b33e6944b004bbf83bcda 
Number of updated asset objects reloaded before import = 0
Number of asset objects unloaded after import = 2
========================================================================
Received Import Request.
  Time of request: 2026-09-30T06:25:09.8414672Z
  Time since last request: 0.0007678 seconds.
  importAddress: GUID: 7fa08ba64fce0b041ba52c062194b4f4 - Path: Assets/Twinsanity/Baked/Beach/Highpath_Scenery_Mesh_643 2.asset - Importer: ScriptedImporter/UnityEditor.QuickSearchModule:UnityEditor.Search:ASIAI0B
Importing 'GUID: 7fa08ba64fce0b041ba52c062194b4f4 - Path: Assets/Twinsanity/Baked/Beach/Highpath_Scenery_Mesh_643 2.asset - Importer: ScriptedImporter/UnityEditor.QuickSearchModule:UnityEditor.Search:ASIAI0B' with importer (ScriptedImporter : UnityEditor.QuickSearchModule:UnityEditor.Search:ASIAI0B)
Imported 'GUID: 7fa08ba64fce0b041ba52c062194b4f4' -> (Import Result ID: 'ea84df0d14d3df781ae88d1e36313b58') in 0.009 seconds [static and dynamic dependencies]. Details - ImportResultOutputID=5c5d22e2f256395eb43a9ce194d2423b DependenciesID=c91f4c287bcdb32df03997b6cafd48c4 StaticDependenciesID=5b23a9acacd3ef95fd734d604e5c2f56 
Number of updated asset objects reloaded before import = 0
Number of asset objects unloaded after import = 1
========================================================================
Received Import Request.
  Time of request: 2026-09-30T06:25:09.8514624Z
  Time since last request: 0.000616 seconds.
  importAddress: GUID: aa8c89e3d3b2a8c4c9e38365c0bc8c7f - Path: Assets/Twinsanity/Baked/Beach/Material_653 2.mat - Importer: ScriptedImporter/UnityEditor.QuickSearchModule:UnityEditor.Search:ASIAI0B
Importing 'GUID: aa8c89e3d3b2a8c4c9e38365c0bc8c7f - Path: Assets/Twinsanity/Baked/Beach/Material_653 2.mat - Importer: ScriptedImporter/UnityEditor.QuickSearchModule:UnityEditor.Search:ASIAI0B' with importer (ScriptedImporter : UnityEditor.QuickSearchModule:UnityEditor.Search:ASIAI0B)
Imported 'GUID: aa8c89e3d3b2a8c4c9e38365c0bc8c7f' -> (Import Result ID: 'dd83e0fe17566fe3b463b2ce5cdca4c9') in 0.009 seconds [static and dynamic dependencies]. Details - ImportResultOutputID=4bf0dc999225974eaf7faa15943a21f7 DependenciesID=a2ec8a0dacb908b9c203c955128f6323 StaticDependenciesID=37286272793e7958bc0e75f459e94fd8 
Number of updated asset objects reloaded before import = 0
Number of asset objects unloaded after import = 2
========================================================================
Received Import Request.
  Time of request: 2026-09-30T06:25:09.8638713Z
  Time since last request: 0.0012176 seconds.
  importAddress: GUID: 5fce2b42e7627244ca7c8ef578d046cd - Path: Assets/Twinsanity/Baked/Beach/Material_642 2.mat - Importer: ScriptedImporter/UnityEditor.QuickSearchModule:UnityEditor.Search:ASIAI0B
Importing 'GUID: 5fce2b42e7627244ca7c8ef578d046cd - Path: Assets/Twinsanity/Baked/Beach/Material_642 2.mat - Importer: ScriptedImporter/UnityEditor.QuickSearchModule:UnityEditor.Search:ASIAI0B' with importer (ScriptedImporter : UnityEditor.QuickSearchModule:UnityEditor.Search:ASIAI0B)
Imported 'GUID: 5fce2b42e7627244ca7c8ef578d046cd' -> (Import Result ID: '596bfce7c800828307b476209485adf6') in 0.018 seconds [static and dynamic dependencies]. Details - ImportResultOutputID=7c87967cf0053d45f15dfa9105a696b4 DependenciesID=2d4b564f4d604d3b1cbf8cb73a80060b StaticDependenciesID=5c29941032b18350f09f7c6639a3989c 
Number of updated asset objects reloaded before import = 0
Number of asset objects unloaded after import = 2
========================================================================
Received Import Request.
  Time of request: 2026-09-30T06:25:09.8827756Z
  Time since last request: 0.0005474 seconds.
  importAddress: GUID: 000073ec05478974daea9a23bed2e7bc - Path: Assets/Twinsanity/Baked/Beach/Material_692 2.mat - Importer: ScriptedImporter/UnityEditor.QuickSearchModule:UnityEditor.Search:ASIAI0B
Importing 'GUID: 000073ec05478974daea9a23bed2e7bc - Path: Assets/Twinsanity/Baked/Beach/Material_692 2.mat - Importer: ScriptedImporter/UnityEditor.QuickSearchModule:UnityEditor.Search:ASIAI0B' with importer (ScriptedImporter : UnityEditor.QuickSearchModule:UnityEditor.Search:ASIAI0B)
Imported 'GUID: 000073ec05478974daea9a23bed2e7bc' -> (Import Result ID: 'c6b62c8c1527c0c8ed7dfbd180da5a86') in 0.015 seconds [static and dynamic dependencies]. Details - ImportResultOutputID=759d6a776e91537d12f02a2900c150ce DependenciesID=146b7ad4c0ed794aa8a96dc0d46d4e17 StaticDependenciesID=280e2768036a6b8889b1f7bc8b350b58 
Number of updated asset objects reloaded before import = 0
Number of asset objects unloaded after import = 2
========================================================================
Received Import Request.
  Time of request: 2026-09-30T06:25:09.8989364Z
  Time since last request: 0.0006142 seconds.
  importAddress: GUID: 3432628320784f04ba17236b0480a342 - Path: Assets/Twinsanity/Baked/Beach/Material_667 2.mat - Importer: ScriptedImporter/UnityEditor.QuickSearchModule:UnityEditor.Search:ASIAI0B
Importing 'GUID: 3432628320784f04ba17236b0480a342 - Path: Assets/Twinsanity/Baked/Beach/Material_667 2.mat - Importer: ScriptedImporter/UnityEditor.QuickSearchModule:UnityEditor.Search:ASIAI0B' with importer (ScriptedImporter : UnityEditor.QuickSearchModule:UnityEditor.Search:ASIAI0B)
Imported 'GUID: 3432628320784f04ba17236b0480a342' -> (Import Result ID: 'a41017733f1cdcfd667db30a8a64854a') in 0.010 seconds [static and dynamic dependencies]. Details - ImportResultOutputID=7b71bace78d1a3db83e8f8521bec4571 DependenciesID=e06df28c86fd75995025517e9c3c46b5 StaticDependenciesID=cb059421c664c015fd6697f4b91b827f 
Number of updated asset objects reloaded before import = 0
Number of asset objects unloaded after import = 2
========================================================================
Received Import Request.
  Time of request: 2026-09-30T06:25:09.9105425Z
  Time since last request: 0.0003051 seconds.
  importAddress: GUID: 296d3318a798b654db89e3f48ffb9ad9 - Path: Assets/Twinsanity/Baked/Beach/Highpath_Scenery_Mesh_663 2.asset - Importer: ScriptedImporter/UnityEditor.QuickSearchModule:UnityEditor.Search:ASIAI0B
Importing 'GUID: 296d3318a798b654db89e3f48ffb9ad9 - Path: Assets/Twinsanity/Baked/Beach/Highpath_Scenery_Mesh_663 2.asset - Importer: ScriptedImporter/UnityEditor.QuickSearchModule:UnityEditor.Search:ASIAI0B' with importer (ScriptedImporter : UnityEditor.QuickSearchModule:UnityEditor.Search:ASIAI0B)
Imported 'GUID: 296d3318a798b654db89e3f48ffb9ad9' -> (Import Result ID: 'ad30e1c88dec7e325934e49bfc1889fe') in 0.008 seconds [static and dynamic dependencies]. Details - ImportResultOutputID=1f8ac2baa72f0283b8964f398901e287 DependenciesID=f49849f3a475c06015d7d112c9667854 StaticDependenciesID=d6cf3c8b0f91088bc814e770198410ea 
Number of updated asset objects reloaded before import = 0
Number of asset objects unloaded after import = 1
========================================================================
Received Import Request.
  Time of request: 2026-09-30T06:25:09.9197501Z
  Time since last request: 0.0005695 seconds.
  importAddress: GUID: 14b79420ce982994898653553e12957e - Path: Assets/Twinsanity/Baked/Beach/Material_655 2.mat - Importer: ScriptedImporter/UnityEditor.QuickSearchModule:UnityEditor.Search:ASIAI0B
Importing 'GUID: 14b79420ce982994898653553e12957e - Path: Assets/Twinsanity/Baked/Beach/Material_655 2.mat - Importer: ScriptedImporter/UnityEditor.QuickSearchModule:UnityEditor.Search:ASIAI0B' with importer (ScriptedImporter : UnityEditor.QuickSearchModule:UnityEditor.Search:ASIAI0B)
Imported 'GUID: 14b79420ce982994898653553e12957e' -> (Import Result ID: '0a60977d0dda9cc57e14879a5b389671') in 0.008 seconds [static and dynamic dependencies]. Details - ImportResultOutputID=7ff179cd65f15108812976bcc23c4353 DependenciesID=031f42e576b6a7dd1715137ab5eb7c26 StaticDependenciesID=efb1af2a1f680335f474a74eb6d72062 
Number of updated asset objects reloaded before import = 0
Number of asset objects unloaded after import = 2
========================================================================
Received Import Request.
  Time of request: 2026-09-30T06:25:09.9289834Z
  Time since last request: 0.0005768 seconds.
  importAddress: GUID: 1467cbe52c308524f9ab87c26468fc51 - Path: Assets/Twinsanity/Baked/Beach/Highpath_Scenery_Mesh_645 2.asset - Importer: ScriptedImporter/UnityEditor.QuickSearchModule:UnityEditor.Search:ASIAI0B
Importing 'GUID: 1467cbe52c308524f9ab87c26468fc51 - Path: Assets/Twinsanity/Baked/Beach/Highpath_Scenery_Mesh_645 2.asset - Importer: ScriptedImporter/UnityEditor.QuickSearchModule:UnityEditor.Search:ASIAI0B' with importer (ScriptedImporter : UnityEditor.QuickSearchModule:UnityEditor.Search:ASIAI0B)
Imported 'GUID: 1467cbe52c308524f9ab87c26468fc51' -> (Import Result ID: '815f59f3ac286d397aa3808fe72d50e7') in 0.007 seconds [static and dynamic dependencies]. Details - ImportResultOutputID=b7cfdb237575ffbc2ba0a8de96c4f04a DependenciesID=b8dcaa6fe1ebe26e26ad583072fb91c8 StaticDependenciesID=928a1fc027c3019c7f84fd7c21acc750 
Number of updated asset objects reloaded before import = 0
Number of asset objects unloaded after import = 1
========================================================================
Received Import Request.
  Time of request: 2026-09-30T06:25:09.9379465Z
  Time since last request: 0.0009741 seconds.
  importAddress: GUID: 1ad658bf5543731498eb0e849cfd36fd - Path: Assets/Twinsanity/Baked/Beach/Highpath_Scenery_Mesh_683 2.asset - Importer: ScriptedImporter/UnityEditor.QuickSearchModule:UnityEditor.Search:ASIAI0B
Importing 'GUID: 1ad658bf5543731498eb0e849cfd36fd - Path: Assets/Twinsanity/Baked/Beach/Highpath_Scenery_Mesh_683 2.asset - Importer: ScriptedImporter/UnityEditor.QuickSearchModule:UnityEditor.Search:ASIAI0B' with importer (ScriptedImporter : UnityEditor.QuickSearchModule:UnityEditor.Search:ASIAI0B)
Imported 'GUID: 1ad658bf5543731498eb0e849cfd36fd' -> (Import Result ID: 'b9588dc1bb323a30ff105ff0eaf23ee8') in 0.008 seconds [static and dynamic dependencies]. Details - ImportResultOutputID=f88523b6f8938785d7436f985c77008e DependenciesID=00fc3f9e325106e4a80adf6649f2cab8 StaticDependenciesID=05b01e7e982a50082865bf38500dde07 
Number of updated asset objects reloaded before import = 0
Number of asset objects unloaded after import = 1
========================================================================
Received Import Request.
  Time of request: 2026-09-30T06:25:09.9474453Z
  Time since last request: 0.0006429 seconds.
  importAddress: GUID: 4106ba817aed06d44a1cde6483b4a282 - Path: Assets/Twinsanity/Baked/Beach/Highpath_Scenery_Mesh_673 2.asset - Importer: ScriptedImporter/UnityEditor.QuickSearchModule:UnityEditor.Search:ASIAI0B
Importing 'GUID: 4106ba817aed06d44a1cde6483b4a282 - Path: Assets/Twinsanity/Baked/Beach/Highpath_Scenery_Mesh_673 2.asset - Importer: ScriptedImporter/UnityEditor.QuickSearchModule:UnityEditor.Search:ASIAI0B' with importer (ScriptedImporter : UnityEditor.QuickSearchModule:UnityEditor.Search:ASIAI0B)
Imported 'GUID: 4106ba817aed06d44a1cde6483b4a282' -> (Import Result ID: '7c52e164adcb7348fe4cc44a1335c480') in 0.006 seconds [static and dynamic dependencies]. Details - ImportResultOutputID=7bbc971b10bcf61945e80cf5e01d93c4 DependenciesID=eb74d2b4fecf8497e1d675897d510cbf StaticDependenciesID=7b844d2f44dfb634d124782394d74994 
Number of updated asset objects reloaded before import = 0
Number of asset objects unloaded after import = 1
========================================================================
Received Import Request.
  Time of request: 2026-09-30T06:25:09.9979277Z
  Time since last request: 0.0436981 seconds.
  importAddress: GUID: dd2f32321ed428f41b5bd896cf40acfb - Path: Assets/Twinsanity/Baked/Beach/Hubd_Scenery_Mesh_742 2.asset - Importer: ScriptedImporter/UnityEditor.QuickSearchModule:UnityEditor.Search:ASIAI0B
Importing 'GUID: dd2f32321ed428f41b5bd896cf40acfb - Path: Assets/Twinsanity/Baked/Beach/Hubd_Scenery_Mesh_742 2.asset - Importer: ScriptedImporter/UnityEditor.QuickSearchModule:UnityEditor.Search:ASIAI0B' with importer (ScriptedImporter : UnityEditor.QuickSearchModule:UnityEditor.Search:ASIAI0B)
Imported 'GUID: dd2f32321ed428f41b5bd896cf40acfb' -> (Import Result ID: '7ed8590df4e9469bba74a39fa38e623c') in 0.008 seconds [static and dynamic dependencies]. Details - ImportResultOutputID=056183912fb9618f3f98a34ccb3f0ba5 DependenciesID=2a425312eaaa3ec1fea3e8aff0865f42 StaticDependenciesID=09795771cf3e9ca52233df333d2a2c94 
Number of updated asset objects reloaded before import = 0
Number of asset objects unloaded after import = 1
========================================================================
Received Import Request.
  Time of request: 2026-09-30T06:25:10.0072414Z
  Time since last request: 0.0011509 seconds.
  importAddress: GUID: c5908d0a9fb795b4b9a1797a109feaaf - Path: Assets/Twinsanity/Baked/Beach/Material_728 2.mat - Importer: ScriptedImporter/UnityEditor.QuickSearchModule:UnityEditor.Search:ASIAI0B
Importing 'GUID: c5908d0a9fb795b4b9a1797a109feaaf - Path: Assets/Twinsanity/Baked/Beach/Material_728 2.mat - Importer: ScriptedImporter/UnityEditor.QuickSearchModule:UnityEditor.Search:ASIAI0B' with importer (ScriptedImporter : UnityEditor.QuickSearchModule:UnityEditor.Search:ASIAI0B)
Imported 'GUID: c5908d0a9fb795b4b9a1797a109feaaf' -> (Import Result ID: 'd688765c07f48a31a32831324696b5ee') in 0.008 seconds [static and dynamic dependencies]. Details - ImportResultOutputID=156e2083d829665b459765a41f2b9468 DependenciesID=71e895c71e88087c419b7b261d98f173 StaticDependenciesID=7cb18b51848664b54c4c70ac91c40939 
Number of updated asset objects reloaded before import = 0
Number of asset objects unloaded after import = 2
========================================================================
Received Import Request.
  Time of request: 2026-09-30T06:25:10.0164509Z
  Time since last request: 0.000737 seconds.
  importAddress: GUID: 1de638ba802d3124cbd1688f31829424 - Path: Assets/Twinsanity/Baked/Beach/Material_720 2.mat - Importer: ScriptedImporter/UnityEditor.QuickSearchModule:UnityEditor.Search:ASIAI0B
Importing 'GUID: 1de638ba802d3124cbd1688f31829424 - Path: Assets/Twinsanity/Baked/Beach/Material_720 2.mat - Importer: ScriptedImporter/UnityEditor.QuickSearchModule:UnityEditor.Search:ASIAI0B' with importer (ScriptedImporter : UnityEditor.QuickSearchModule:UnityEditor.Search:ASIAI0B)
Imported 'GUID: 1de638ba802d3124cbd1688f31829424' -> (Import Result ID: '34e8bb3cd2ede78230354fb688662cc3') in 0.012 seconds [static and dynamic dependencies]. Details - ImportResultOutputID=ca3767e0a854f624ce9fe11fb651155b DependenciesID=e454cf9606ca62a0bbdaa6da9ba1ebc0 StaticDependenciesID=c41ab64a3255c3f343eb95ba407a7e8a 
Number of updated asset objects reloaded before import = 0
Number of asset objects unloaded after import = 2
========================================================================
Received Import Request.
  Time of request: 2026-09-30T06:25:10.0291524Z
  Time since last request: 0.0005746 seconds.
  importAddress: GUID: c76fcd5a947d4c94c917c49d134b9b65 - Path: Assets/Twinsanity/Baked/Beach/Hubc_Scenery_Mesh_727 2.asset - Importer: ScriptedImporter/UnityEditor.QuickSearchModule:UnityEditor.Search:ASIAI0B
Importing 'GUID: c76fcd5a947d4c94c917c49d134b9b65 - Path: Assets/Twinsanity/Baked/Beach/Hubc_Scenery_Mesh_727 2.asset - Importer: ScriptedImporter/UnityEditor.QuickSearchModule:UnityEditor.Search:ASIAI0B' with importer (ScriptedImporter : UnityEditor.QuickSearchModule:UnityEditor.Search:ASIAI0B)
Imported 'GUID: c76fcd5a947d4c94c917c49d134b9b65' -> (Import Result ID: '3e8195183b7a69924d46249c77481233') in 0.011 seconds [static and dynamic dependencies]. Details - ImportResultOutputID=0ccf5e8f89c250cbc6957939b1f82f56 DependenciesID=ac92c87964496712cb093d425f16ea10 StaticDependenciesID=e1fcf41be7d9d6fa89bcdf68ff325bb5 
Number of updated asset objects reloaded before import = 0
Number of asset objects unloaded after import = 1
========================================================================
Received Import Request.
  Time of request: 2026-09-30T06:25:10.0418832Z
  Time since last request: 0.0008326 seconds.
  importAddress: GUID: 667ab3440632c5b41bf46856d07b64bb - Path: Assets/Twinsanity/Baked/Beach/Material_747 2.mat - Importer: ScriptedImporter/UnityEditor.QuickSearchModule:UnityEditor.Search:ASIAI0B
Importing 'GUID: 667ab3440632c5b41bf46856d07b64bb - Path: Assets/Twinsanity/Baked/Beach/Material_747 2.mat - Importer: ScriptedImporter/UnityEditor.QuickSearchModule:UnityEditor.Search:ASIAI0B' with importer (ScriptedImporter : UnityEditor.QuickSearchModule:UnityEditor.Search:ASIAI0B)
Imported 'GUID: 667ab3440632c5b41bf46856d07b64bb' -> (Import Result ID: '5b775ef3e7d236f7c0ae4e65e8f227e0') in 0.008 seconds [static and dynamic dependencies]. Details - ImportResultOutputID=71d044ee7f0dd355d9e95cd79a2569cc DependenciesID=4c609250975ec9838f115ea6ddb431d8 StaticDependenciesID=5e9edd6ee5eb994cd320f9c533d2e082 
Number of updated asset objects reloaded before import = 0
Number of asset objects unloaded after import = 2
========================================================================
Received Import Request.
  Time of request: 2026-09-30T06:25:10.0508697Z
  Time since last request: 0.0007134 seconds.
  importAddress: GUID: 3c6293e8ae8dc3749b0100c50ab977d1 - Path: Assets/Twinsanity/Baked/Beach/Hubd_Scenery_Mesh_739 2.asset - Importer: ScriptedImporter/UnityEditor.QuickSearchModule:UnityEditor.Search:ASIAI0B
Importing 'GUID: 3c6293e8ae8dc3749b0100c50ab977d1 - Path: Assets/Twinsanity/Baked/Beach/Hubd_Scenery_Mesh_739 2.asset - Importer: ScriptedImporter/UnityEditor.QuickSearchModule:UnityEditor.Search:ASIAI0B' with importer (ScriptedImporter : UnityEditor.QuickSearchModule:UnityEditor.Search:ASIAI0B)
Imported 'GUID: 3c6293e8ae8dc3749b0100c50ab977d1' -> (Import Result ID: '8f4bf4683ab48f34776c927d0045af0c') in 0.008 seconds [static and dynamic dependencies]. Details - ImportResultOutputID=5f91ced1753392e8f2605b31c1e08454 DependenciesID=1266fb5a4acf576933ef4f84ce454c4c StaticDependenciesID=287df868a8e28c664a90dd1d564a2884 
Number of updated asset objects reloaded before import = 0
Number of asset objects unloaded after import = 1
========================================================================
Received Import Request.
  Time of request: 2026-09-30T06:25:10.0605588Z
  Time since last request: 0.0014208 seconds.
  importAddress: GUID: a27d7e7505f3b1c4984fef8981b47cb9 - Path: Assets/Twinsanity/Baked/Beach/Hubc_Scenery_Mesh_729 2.asset - Importer: ScriptedImporter/UnityEditor.QuickSearchModule:UnityEditor.Search:ASIAI0B
Importing 'GUID: a27d7e7505f3b1c4984fef8981b47cb9 - Path: Assets/Twinsanity/Baked/Beach/Hubc_Scenery_Mesh_729 2.asset - Importer: ScriptedImporter/UnityEditor.QuickSearchModule:UnityEditor.Search:ASIAI0B' with importer (ScriptedImporter : UnityEditor.QuickSearchModule:UnityEditor.Search:ASIAI0B)
Imported 'GUID: a27d7e7505f3b1c4984fef8981b47cb9' -> (Import Result ID: 'f5198902da753378bce5fb9ab3acedf5') in 0.008 seconds [static and dynamic dependencies]. Details - ImportResultOutputID=477c64a417332794e327002686f250c3 DependenciesID=7a0a66fecf6bd94108a866829801630a StaticDependenciesID=0f43dae05879716de652f857eb29b9b2 
Number of updated asset objects reloaded before import = 0
Number of asset objects unloaded after import = 1
========================================================================
Received Import Request.
  Time of request: 2026-09-30T06:25:10.0692949Z
  Time since last request: 0.000529 seconds.
  importAddress: GUID: fe23b0f6c12d1814a91bb9ad17981a3c - Path: Assets/Twinsanity/Baked/Beach/Hubc_Scenery_Mesh_715 2.asset - Importer: ScriptedImporter/UnityEditor.QuickSearchModule:UnityEditor.Search:ASIAI0B
Importing 'GUID: fe23b0f6c12d1814a91bb9ad17981a3c - Path: Assets/Twinsanity/Baked/Beach/Hubc_Scenery_Mesh_715 2.asset - Importer: ScriptedImporter/UnityEditor.QuickSearchModule:UnityEditor.Search:ASIAI0B' with importer (ScriptedImporter : UnityEditor.QuickSearchModule:UnityEditor.Search:ASIAI0B)
Imported 'GUID: fe23b0f6c12d1814a91bb9ad17981a3c' -> (Import Result ID: '51082dfe90de5a4d3fd2e0f6b1f916a7') in 0.011 seconds [static and dynamic dependencies]. Details - ImportResultOutputID=fcf99b424fee04dca55030180d88395c DependenciesID=f425d2dba4c7420815bbe20dc8ef099d StaticDependenciesID=3dd16007b62fb262320be4af044b55f6 
Number of updated asset objects reloaded before import = 0
Number of asset objects unloaded after import = 1
========================================================================
Received Import Request.
  Time of request: 2026-09-30T06:25:10.0812553Z
  Time since last request: 0.0009344 seconds.
  importAddress: GUID: 8df03d8a1620de641bb6efcb267426bf - Path: Assets/Twinsanity/Baked/Beach/Material_737 2.mat - Importer: ScriptedImporter/UnityEditor.QuickSearchModule:UnityEditor.Search:ASIAI0B
Importing 'GUID: 8df03d8a1620de641bb6efcb267426bf - Path: Assets/Twinsanity/Baked/Beach/Material_737 2.mat - Importer: ScriptedImporter/UnityEditor.QuickSearchModule:UnityEditor.Search:ASIAI0B' with importer (ScriptedImporter : UnityEditor.QuickSearchModule:UnityEditor.Search:ASIAI0B)
Imported 'GUID: 8df03d8a1620de641bb6efcb267426bf' -> (Import Result ID: 'b497cbab78f2fc392b04bf007a491cb0') in 0.009 seconds [static and dynamic dependencies]. Details - ImportResultOutputID=6e2867862082a715bce1c608459dd0de DependenciesID=21a7a8ed6cd1db6318c3edc50d73f36b StaticDependenciesID=2c771c812a11d0f3a019f9301a5c2dd1 
Number of updated asset objects reloaded before import = 0
Number of asset objects unloaded after import = 2
========================================================================
Received Import Request.
  Time of request: 2026-09-30T06:25:10.0918746Z
  Time since last request: 0.0006567 seconds.
  importAddress: GUID: b172d3616c67979419380a509b6f5316 - Path: Assets/Twinsanity/Baked/Beach/Material_724 2.mat - Importer: ScriptedImporter/UnityEditor.QuickSearchModule:UnityEditor.Search:ASIAI0B
Importing 'GUID: b172d3616c67979419380a509b6f5316 - Path: Assets/Twinsanity/Baked/Beach/Material_724 2.mat - Importer: ScriptedImporter/UnityEditor.QuickSearchModule:UnityEditor.Search:ASIAI0B' with importer (ScriptedImporter : UnityEditor.QuickSearchModule:UnityEditor.Search:ASIAI0B)
Imported 'GUID: b172d3616c67979419380a509b6f5316' -> (Import Result ID: 'f2e85ee0b91dd8363395dda6cd5e1a68') in 0.005 seconds [static and dynamic dependencies]. Details - ImportResultOutputID=c408382d78d028edea4e6e6411767afe DependenciesID=34b7abb2ce5cc8694cd5fbe903646058 StaticDependenciesID=d1689d7cef6f0e40f4617ed429cbb168 
Number of updated asset objects reloaded before import = 0
Number of asset objects unloaded after import = 2
========================================================================
Received Import Request.
  Time of request: 2026-09-30T06:25:10.0986061Z
  Time since last request: 0.0006072 seconds.
  importAddress: GUID: e951dfb1802dc4347aaeafec4c0c5e72 - Path: Assets/Twinsanity/Baked/Beach/Material_702 2.mat - Importer: ScriptedImporter/UnityEditor.QuickSearchModule:UnityEditor.Search:ASIAI0B
Importing 'GUID: e951dfb1802dc4347aaeafec4c0c5e72 - Path: Assets/Twinsanity/Baked/Beach/Material_702 2.mat - Importer: ScriptedImporter/UnityEditor.QuickSearchModule:UnityEditor.Search:ASIAI0B' with importer (ScriptedImporter : UnityEditor.QuickSearchModule:UnityEditor.Search:ASIAI0B)
Imported 'GUID: e951dfb1802dc4347aaeafec4c0c5e72' -> (Import Result ID: '6b13a3e2f0a21bc04e194175b8d1c222') in 0.006 seconds [static and dynamic dependencies]. Details - ImportResultOutputID=e689cc8f14113bfe1c95b21cce78d131 DependenciesID=95ca8c0709ef7abbe9686787de1e7894 StaticDependenciesID=be00b59347b9193cce8351e83c96acdd 
Number of updated asset objects reloaded before import = 0
Number of asset objects unloaded after import = 2
========================================================================
Received Import Request.
  Time of request: 2026-09-30T06:25:10.1061314Z
  Time since last request: 0.0009529 seconds.
  importAddress: GUID: d58c510ec919f58438ef89c1004e30a1 - Path: Assets/Twinsanity/Baked/Beach/Material_705 2.mat - Importer: ScriptedImporter/UnityEditor.QuickSearchModule:UnityEditor.Search:ASIAI0B
Importing 'GUID: d58c510ec919f58438ef89c1004e30a1 - Path: Assets/Twinsanity/Baked/Beach/Material_705 2.mat - Importer: ScriptedImporter/UnityEditor.QuickSearchModule:UnityEditor.Search:ASIAI0B' with importer (ScriptedImporter : UnityEditor.QuickSearchModule:UnityEditor.Search:ASIAI0B)
Imported 'GUID: d58c510ec919f58438ef89c1004e30a1' -> (Import Result ID: 'c24738506222d7534f86920e53bd6b50') in 0.006 seconds [static and dynamic dependencies]. Details - ImportResultOutputID=02f9f935b07ae33f84725d6afa58fe17 DependenciesID=edcdd8952cdbcc0b706d4c95e621ef44 StaticDependenciesID=162be8baeba89b53a5143d5f033c1cef 
Number of updated asset objects reloaded before import = 0
Number of asset objects unloaded after import = 2
========================================================================
Received Import Request.
  Time of request: 2026-09-30T06:25:10.1131465Z
  Time since last request: 0.0006004 seconds.
  importAddress: GUID: 6b66d9cf10c7b3d469cf4579bc3df01f - Path: Assets/Twinsanity/Baked/Beach/Hubd_Scenery_Mesh_754 2.asset - Importer: ScriptedImporter/UnityEditor.QuickSearchModule:UnityEditor.Search:ASIAI0B
Importing 'GUID: 6b66d9cf10c7b3d469cf4579bc3df01f - Path: Assets/Twinsanity/Baked/Beach/Hubd_Scenery_Mesh_754 2.asset - Importer: ScriptedImporter/UnityEditor.QuickSearchModule:UnityEditor.Search:ASIAI0B' with importer (ScriptedImporter : UnityEditor.QuickSearchModule:UnityEditor.Search:ASIAI0B)
Imported 'GUID: 6b66d9cf10c7b3d469cf4579bc3df01f' -> (Import Result ID: '3a1c1df14c03cb37f357acab9edb2385') in 0.006 seconds [static and dynamic dependencies]. Details - ImportResultOutputID=56ffbab7e9dfb6e7a320aad91a973e6c DependenciesID=48019ac4f8c55eb953adf08857520b78 StaticDependenciesID=ba55a2a18932c6017571d9716a76169a 
Number of updated asset objects reloaded before import = 0
Number of asset objects unloaded after import = 1
========================================================================
Received Import Request.
  Time of request: 2026-09-30T06:25:10.1228798Z
  Time since last request: 0.0008887 seconds.
  importAddress: GUID: 01fb224a655787245ab6441a3ecdf5d9 - Path: Assets/Twinsanity/Baked/Beach/Material_753 2.mat - Importer: ScriptedImporter/UnityEditor.QuickSearchModule:UnityEditor.Search:ASIAI0B
Importing 'GUID: 01fb224a655787245ab6441a3ecdf5d9 - Path: Assets/Twinsanity/Baked/Beach/Material_753 2.mat - Importer: ScriptedImporter/UnityEditor.QuickSearchModule:UnityEditor.Search:ASIAI0B' with importer (ScriptedImporter : UnityEditor.QuickSearchModule:UnityEditor.Search:ASIAI0B)
Imported 'GUID: 01fb224a655787245ab6441a3ecdf5d9' -> (Import Result ID: 'b668ef294b51e7efb882853209d5fe0d') in 0.010 seconds [static and dynamic dependencies]. Details - ImportResultOutputID=4dea6cc0853e0962cb0ed0f8f1dc9614 DependenciesID=41a7fb3971fac0214cdc4c665dac498f StaticDependenciesID=1615d0cb257b273a7dc26ec0694c8d0d 
Number of updated asset objects reloaded before import = 0
Number of asset objects unloaded after import = 2
========================================================================
Received Import Request.
  Time of request: 2026-09-30T06:25:10.1338946Z
  Time since last request: 0.0005628 seconds.
  importAddress: GUID: 7e04aa2dfcca12d418ba8052988d296d - Path: Assets/Twinsanity/Baked/Beach/Highpath_Scenery_Mesh_699 2.asset - Importer: ScriptedImporter/UnityEditor.QuickSearchModule:UnityEditor.Search:ASIAI0B
Importing 'GUID: 7e04aa2dfcca12d418ba8052988d296d - Path: Assets/Twinsanity/Baked/Beach/Highpath_Scenery_Mesh_699 2.asset - Importer: ScriptedImporter/UnityEditor.QuickSearchModule:UnityEditor.Search:ASIAI0B' with importer (ScriptedImporter : UnityEditor.QuickSearchModule:UnityEditor.Search:ASIAI0B)
Imported 'GUID: 7e04aa2dfcca12d418ba8052988d296d' -> (Import Result ID: '2c60a1c55da2b5f10351ae455eea43b7') in 0.010 seconds [static and dynamic dependencies]. Details - ImportResultOutputID=ef233b08b8b29b1dbc04be56c8273fb7 DependenciesID=0cec9d23460f5b4fe6646444bb7a82f4 StaticDependenciesID=861b13b176906f052af41dcae6f8c7c6 
Number of updated asset objects reloaded before import = 0
Number of asset objects unloaded after import = 1
========================================================================
Received Import Request.
  Time of request: 2026-09-30T06:25:10.1464312Z
  Time since last request: 0.0018907 seconds.
  importAddress: GUID: e0e09d79e6d3e8447a6aea79c80f3597 - Path: Assets/Twinsanity/Baked/Beach/Hubd_Scenery_Mesh_743 2.asset - Importer: ScriptedImporter/UnityEditor.QuickSearchModule:UnityEditor.Search:ASIAI0B
Importing 'GUID: e0e09d79e6d3e8447a6aea79c80f3597 - Path: Assets/Twinsanity/Baked/Beach/Hubd_Scenery_Mesh_743 2.asset - Importer: ScriptedImporter/UnityEditor.QuickSearchModule:UnityEditor.Search:ASIAI0B' with importer (ScriptedImporter : UnityEditor.QuickSearchModule:UnityEditor.Search:ASIAI0B)
Imported 'GUID: e0e09d79e6d3e8447a6aea79c80f3597' -> (Import Result ID: 'ebbf8ef328b99933481ac81974dc9983') in 0.008 seconds [static and dynamic dependencies]. Details - ImportResultOutputID=42d59fc2c05713435902f4991c5c79c6 DependenciesID=fc428f7cec6d8dd889275b3c0baa13cd StaticDependenciesID=b2c3cbced7732699a7f02e98d7c45bff 
Number of updated asset objects reloaded before import = 0
Number of asset objects unloaded after import = 1
========================================================================
Received Import Request.
  Time of request: 2026-09-30T06:25:10.1558327Z
  Time since last request: 0.0007785 seconds.
  importAddress: GUID: 96c2feb6e6afed8498b4e1a92f07d16e - Path: Assets/Twinsanity/Baked/Beach/Material_749 2.mat - Importer: ScriptedImporter/UnityEditor.QuickSearchModule:UnityEditor.Search:ASIAI0B
Importing 'GUID: 96c2feb6e6afed8498b4e1a92f07d16e - Path: Assets/Twinsanity/Baked/Beach/Material_749 2.mat - Importer: ScriptedImporter/UnityEditor.QuickSearchModule:UnityEditor.Search:ASIAI0B' with importer (ScriptedImporter : UnityEditor.QuickSearchModule:UnityEditor.Search:ASIAI0B)
Imported 'GUID: 96c2feb6e6afed8498b4e1a92f07d16e' -> (Import Result ID: '48c7cd5ef201f70221900f9edfca7a9d') in 0.015 seconds [static and dynamic dependencies]. Details - ImportResultOutputID=48cfc2a7e28d99ef6da460c40485218f DependenciesID=6c047bf5c87353c06e2b89ff2e248a70 StaticDependenciesID=67d30d26322b342bd407944045df8546 
Number of updated asset objects reloaded before import = 0
Number of asset objects unloaded after import = 2
========================================================================
Received Import Request.
  Time of request: 2026-09-30T06:25:10.171835Z
  Time since last request: 0.0006188 seconds.
  importAddress: GUID: 6f5bedc6eeda79d46bdf3b779e19ff2b - Path: Assets/Twinsanity/Baked/Beach/Material_718 2.mat - Importer: ScriptedImporter/UnityEditor.QuickSearchModule:UnityEditor.Search:ASIAI0B
Importing 'GUID: 6f5bedc6eeda79d46bdf3b779e19ff2b - Path: Assets/Twinsanity/Baked/Beach/Material_718 2.mat - Importer: ScriptedImporter/UnityEditor.QuickSearchModule:UnityEditor.Search:ASIAI0B' with importer (ScriptedImporter : UnityEditor.QuickSearchModule:UnityEditor.Search:ASIAI0B)
Imported 'GUID: 6f5bedc6eeda79d46bdf3b779e19ff2b' -> (Import Result ID: 'cae099ef567795588105387c4d886747') in 0.009 seconds [static and dynamic dependencies]. Details - ImportResultOutputID=cf44d341fc29574090553269410ded18 DependenciesID=9acc9b2ea53a7268d39d3a180b839adf StaticDependenciesID=991974081cf7024fc6f7c1e73d3dfa60 
Number of updated asset objects reloaded before import = 0
Number of asset objects unloaded after import = 2
========================================================================
Received Import Request.
  Time of request: 2026-09-30T06:25:10.1816536Z
  Time since last request: 0.0006538 seconds.
  importAddress: GUID: cebd5140f37b31d4aae169d57904da43 - Path: Assets/Twinsanity/Baked/Beach/Hubc_Scenery_Mesh_725 2.asset - Importer: ScriptedImporter/UnityEditor.QuickSearchModule:UnityEditor.Search:ASIAI0B
Importing 'GUID: cebd5140f37b31d4aae169d57904da43 - Path: Assets/Twinsanity/Baked/Beach/Hubc_Scenery_Mesh_725 2.asset - Importer: ScriptedImporter/UnityEditor.QuickSearchModule:UnityEditor.Search:ASIAI0B' with importer (ScriptedImporter : UnityEditor.QuickSearchModule:UnityEditor.Search:ASIAI0B)
Imported 'GUID: cebd5140f37b31d4aae169d57904da43' -> (Import Result ID: '5753ca96f361842ae5fa960669807071') in 0.011 seconds [static and dynamic dependencies]. Details - ImportResultOutputID=d716d064b42482e4f52081cf633e6a06 DependenciesID=33ae366ec9ad9eb4e57054ca96163d59 StaticDependenciesID=8fc881361b85ac19492a59da8f65807b 
Number of updated asset objects reloaded before import = 0
Number of asset objects unloaded after import = 1
========================================================================
Received Import Request.
  Time of request: 2026-09-30T06:25:10.1938261Z
  Time since last request: 0.0006605 seconds.
  importAddress: GUID: 90939fd448df1324ebb8de35acb9b932 - Path: Assets/Twinsanity/Baked/Beach/Hubd_Scenery_Mesh_732 2.asset - Importer: ScriptedImporter/UnityEditor.QuickSearchModule:UnityEditor.Search:ASIAI0B
Importing 'GUID: 90939fd448df1324ebb8de35acb9b932 - Path: Assets/Twinsanity/Baked/Beach/Hubd_Scenery_Mesh_732 2.asset - Importer: ScriptedImporter/UnityEditor.QuickSearchModule:UnityEditor.Search:ASIAI0B' with importer (ScriptedImporter : UnityEditor.QuickSearchModule:UnityEditor.Search:ASIAI0B)
Imported 'GUID: 90939fd448df1324ebb8de35acb9b932' -> (Import Result ID: '06e1bbfc059cdaed75804778148ab910') in 0.011 seconds [static and dynamic dependencies]. Details - ImportResultOutputID=66f06117afa2806e8bcff357cecd767a DependenciesID=ceb98b518bd9503cecb4fe5752d0d02b StaticDependenciesID=56ac87df5852a4bdd3514dac10c15e83 
Number of updated asset objects reloaded before import = 0
Number of asset objects unloaded after import = 1
========================================================================
Received Import Request.
  Time of request: 2026-09-30T06:25:10.2057139Z
  Time since last request: 0.0005724 seconds.
  importAddress: GUID: 336f85be6200b514c8b7d0fce3d391b0 - Path: Assets/Twinsanity/Baked/Beach/Hubd_Scenery_Mesh_748 2.asset - Importer: ScriptedImporter/UnityEditor.QuickSearchModule:UnityEditor.Search:ASIAI0B
Importing 'GUID: 336f85be6200b514c8b7d0fce3d391b0 - Path: Assets/Twinsanity/Baked/Beach/Hubd_Scenery_Mesh_748 2.asset - Importer: ScriptedImporter/UnityEditor.QuickSearchModule:UnityEditor.Search:ASIAI0B' with importer (ScriptedImporter : UnityEditor.QuickSearchModule:UnityEditor.Search:ASIAI0B)
Imported 'GUID: 336f85be6200b514c8b7d0fce3d391b0' -> (Import Result ID: '3934a57ef3870fb9b2cc5d490788269d') in 0.007 seconds [static and dynamic dependencies]. Details - ImportResultOutputID=5ac0921e0410dda044c94c7eda18d979 DependenciesID=1728d9a772e33bc5ccd949685dbfb803 StaticDependenciesID=7fc90b6e945af6a82c84411e4a2764ae 
Number of updated asset objects reloaded before import = 0
Number of asset objects unloaded after import = 1
========================================================================
Received Import Request.
  Time of request: 2026-09-30T06:25:10.214238Z
  Time since last request: 0.000622 seconds.
  importAddress: GUID: 7676c58ef2a19cf42bbe808fc893e543 - Path: Assets/Twinsanity/Baked/Beach/Material_716 2.mat - Importer: ScriptedImporter/UnityEditor.QuickSearchModule:UnityEditor.Search:ASIAI0B
Importing 'GUID: 7676c58ef2a19cf42bbe808fc893e543 - Path: Assets/Twinsanity/Baked/Beach/Material_716 2.mat - Importer: ScriptedImporter/UnityEditor.QuickSearchModule:UnityEditor.Search:ASIAI0B' with importer (ScriptedImporter : UnityEditor.QuickSearchModule:UnityEditor.Search:ASIAI0B)
Imported 'GUID: 7676c58ef2a19cf42bbe808fc893e543' -> (Import Result ID: '816ed9545faf23b00d748b5eab1af17b') in 0.007 seconds [static and dynamic dependencies]. Details - ImportResultOutputID=966bacb9153ac81b4cd898afb71360da DependenciesID=51e8aa60099121f0355162673cf576a4 StaticDependenciesID=1ea925f175cdacc19807a92aa92d15ab 
Number of updated asset objects reloaded before import = 0
Number of asset objects unloaded after import = 2
========================================================================
Received Import Request.
  Time of request: 2026-09-30T06:25:10.2223835Z
  Time since last request: 0.0006364 seconds.
  importAddress: GUID: b1635f8360ed0444e99cd40537abd6a8 - Path: Assets/Twinsanity/Baked/Beach/Material_707 2.mat - Importer: ScriptedImporter/UnityEditor.QuickSearchModule:UnityEditor.Search:ASIAI0B
Importing 'GUID: b1635f8360ed0444e99cd40537abd6a8 - Path: Assets/Twinsanity/Baked/Beach/Material_707 2.mat - Importer: ScriptedImporter/UnityEditor.QuickSearchModule:UnityEditor.Search:ASIAI0B' with importer (ScriptedImporter : UnityEditor.QuickSearchModule:UnityEditor.Search:ASIAI0B)
Imported 'GUID: b1635f8360ed0444e99cd40537abd6a8' -> (Import Result ID: '3b842d35afebf21e4e0731a312e1b751') in 0.007 seconds [static and dynamic dependencies]. Details - ImportResultOutputID=5174a10df523ff4820d10d6e03e8f03d DependenciesID=52e5969e7c599d57da6a14c7e9472f9a StaticDependenciesID=e02e4e44c10315c83793aae4e931bf02 
Number of updated asset objects reloaded before import = 0
Number of asset objects unloaded after import = 2
========================================================================
Received Import Request.
  Time of request: 2026-09-30T06:25:10.2309268Z
  Time since last request: 0.0008615 seconds.
  importAddress: GUID: c11afb08b85881c409f905c74ec6a5b7 - Path: Assets/Twinsanity/Baked/Beach/Hubc_Scenery_Mesh_711 2.asset - Importer: ScriptedImporter/UnityEditor.QuickSearchModule:UnityEditor.Search:ASIAI0B
Importing 'GUID: c11afb08b85881c409f905c74ec6a5b7 - Path: Assets/Twinsanity/Baked/Beach/Hubc_Scenery_Mesh_711 2.asset - Importer: ScriptedImporter/UnityEditor.QuickSearchModule:UnityEditor.Search:ASIAI0B' with importer (ScriptedImporter : UnityEditor.QuickSearchModule:UnityEditor.Search:ASIAI0B)
Imported 'GUID: c11afb08b85881c409f905c74ec6a5b7' -> (Import Result ID: '4c684b3e8e1230238dcb846b937800e5') in 0.006 seconds [static and dynamic dependencies]. Details - ImportResultOutputID=b9676422432c4c0c10f56282acca93b1 DependenciesID=73ffbf7aaa5c1570ed847ec0c5fc2cb7 StaticDependenciesID=bcb6409a9c36057e7fa08bd3e9a6d32a 
Number of updated asset objects reloaded before import = 0
Number of asset objects unloaded after import = 1
========================================================================
Received Import Request.
  Time of request: 2026-09-30T06:25:10.2378212Z
  Time since last request: 0.0006408 seconds.
  importAddress: GUID: 3f775e7488d289046965611df5daaf5e - Path: Assets/Twinsanity/Baked/Beach/Material_712 2.mat - Importer: ScriptedImporter/UnityEditor.QuickSearchModule:UnityEditor.Search:ASIAI0B
Importing 'GUID: 3f775e7488d289046965611df5daaf5e - Path: Assets/Twinsanity/Baked/Beach/Material_712 2.mat - Importer: ScriptedImporter/UnityEditor.QuickSearchModule:UnityEditor.Search:ASIAI0B' with importer (ScriptedImporter : UnityEditor.QuickSearchModule:UnityEditor.Search:ASIAI0B)
Imported 'GUID: 3f775e7488d289046965611df5daaf5e' -> (Import Result ID: 'd784ff27ccfc7064ad45deb175052441') in 0.006 seconds [static and dynamic dependencies]. Details - ImportResultOutputID=01d6847a30f763d9109463016673e333 DependenciesID=c4906c1235731efb8b6134d005a6b2f7 StaticDependenciesID=7373ba0e795fe8c67b66de1e4310847a 
Number of updated asset objects reloaded before import = 0
Number of asset objects unloaded after import = 2
========================================================================
Received Import Request.
  Time of request: 2026-09-30T06:25:10.2448986Z
  Time since last request: 0.0009979 seconds.
  importAddress: GUID: 4f5813331fe7099448e3c130cf21728a - Path: Assets/Twinsanity/Baked/Beach/Hubc_Scenery_Mesh_713 2.asset - Importer: ScriptedImporter/UnityEditor.QuickSearchModule:UnityEditor.Search:ASIAI0B
Importing 'GUID: 4f5813331fe7099448e3c130cf21728a - Path: Assets/Twinsanity/Baked/Beach/Hubc_Scenery_Mesh_713 2.asset - Importer: ScriptedImporter/UnityEditor.QuickSearchModule:UnityEditor.Search:ASIAI0B' with importer (ScriptedImporter : UnityEditor.QuickSearchModule:UnityEditor.Search:ASIAI0B)
Imported 'GUID: 4f5813331fe7099448e3c130cf21728a' -> (Import Result ID: 'da3e3f72b65950092b01d438ca9b2c13') in 0.007 seconds [static and dynamic dependencies]. Details - ImportResultOutputID=1afc7008c690164e3877eda43d0d5b37 DependenciesID=0aacbbf4647c35d01648d54a8f5a99e2 StaticDependenciesID=afe18428cd5fff5acbcc60b304ca9899 
Number of updated asset objects reloaded before import = 0
Number of asset objects unloaded after import = 1
========================================================================
Received Import Request.
  Time of request: 2026-09-30T06:25:10.2530017Z
  Time since last request: 0.0005267 seconds.
  importAddress: GUID: 8eba62b55f15ffe48b11a0e2fcc060b6 - Path: Assets/Twinsanity/Baked/Beach/Material_700 2.mat - Importer: ScriptedImporter/UnityEditor.QuickSearchModule:UnityEditor.Search:ASIAI0B
Importing 'GUID: 8eba62b55f15ffe48b11a0e2fcc060b6 - Path: Assets/Twinsanity/Baked/Beach/Material_700 2.mat - Importer: ScriptedImporter/UnityEditor.QuickSearchModule:UnityEditor.Search:ASIAI0B' with importer (ScriptedImporter : UnityEditor.QuickSearchModule:UnityEditor.Search:ASIAI0B)
Imported 'GUID: 8eba62b55f15ffe48b11a0e2fcc060b6' -> (Import Result ID: 'e7aa81151a72b16396881841edee09e2') in 0.006 seconds [static and dynamic dependencies]. Details - ImportResultOutputID=83c4ffe24a07e71f9a7cc86abe1d7298 DependenciesID=52ca18cc5100a2225ada02a623536ed9 StaticDependenciesID=df367c8966c30486f99886534ff5d48f 
Number of updated asset objects reloaded before import = 0
Number of asset objects unloaded after import = 2
========================================================================
Received Import Request.
  Time of request: 2026-09-30T06:25:10.2602428Z
  Time since last request: 0.0002966 seconds.
  importAddress: GUID: 888fedc4f69e5414fa150409f9c839de - Path: Assets/Twinsanity/Baked/Beach/Hubd_Scenery_Mesh_738 2.asset - Importer: ScriptedImporter/UnityEditor.QuickSearchModule:UnityEditor.Search:ASIAI0B
Importing 'GUID: 888fedc4f69e5414fa150409f9c839de - Path: Assets/Twinsanity/Baked/Beach/Hubd_Scenery_Mesh_738 2.asset - Importer: ScriptedImporter/UnityEditor.QuickSearchModule:UnityEditor.Search:ASIAI0B' with importer (ScriptedImporter : UnityEditor.QuickSearchModule:UnityEditor.Search:ASIAI0B)
Imported 'GUID: 888fedc4f69e5414fa150409f9c839de' -> (Import Result ID: 'c2fe67b54f331047e367d805b030e7a6') in 0.008 seconds [static and dynamic dependencies]. Details - ImportResultOutputID=c7bc6fb266f81283adef7a02703701c2 DependenciesID=68bca2c27533eb7d9fecc992109b66af StaticDependenciesID=e4b5c006939aaaf4cc6cb35a01b9c481 
Number of updated asset objects reloaded before import = 0
Number of asset objects unloaded after import = 1
========================================================================
Received Import Request.
  Time of request: 2026-09-30T06:25:10.2690835Z
  Time since last request: 0.0004974 seconds.
  importAddress: GUID: 07200c8692ed0ee4ab16ac8673b23047 - Path: Assets/Twinsanity/Baked/Beach/Material_733 2.mat - Importer: ScriptedImporter/UnityEditor.QuickSearchModule:UnityEditor.Search:ASIAI0B
Importing 'GUID: 07200c8692ed0ee4ab16ac8673b23047 - Path: Assets/Twinsanity/Baked/Beach/Material_733 2.mat - Importer: ScriptedImporter/UnityEditor.QuickSearchModule:UnityEditor.Search:ASIAI0B' with importer (ScriptedImporter : UnityEditor.QuickSearchModule:UnityEditor.Search:ASIAI0B)
Imported 'GUID: 07200c8692ed0ee4ab16ac8673b23047' -> (Import Result ID: '4c66499a6608d0bf62176eaad207c65d') in 0.005 seconds [static and dynamic dependencies]. Details - ImportResultOutputID=cbdbfe6233f00e2b01537c7a8bcd5275 DependenciesID=d35cf455e13fb84654e15730e4d0a4e0 StaticDependenciesID=bcfabca6aa147d383d1fd2063b3e4e6d 
Number of updated asset objects reloaded before import = 0
Number of asset objects unloaded after import = 2
========================================================================
Received Import Request.
  Time of request: 2026-09-30T06:25:10.2752572Z
  Time since last request: 0.0005027 seconds.
  importAddress: GUID: 5c761e61353dee040845af55fed80d9a - Path: Assets/Twinsanity/Baked/Beach/Material_760 2.mat - Importer: ScriptedImporter/UnityEditor.QuickSearchModule:UnityEditor.Search:ASIAI0B
Importing 'GUID: 5c761e61353dee040845af55fed80d9a - Path: Assets/Twinsanity/Baked/Beach/Material_760 2.mat - Importer: ScriptedImporter/UnityEditor.QuickSearchModule:UnityEditor.Search:ASIAI0B' with importer (ScriptedImporter : UnityEditor.QuickSearchModule:UnityEditor.Search:ASIAI0B)
Imported 'GUID: 5c761e61353dee040845af55fed80d9a' -> (Import Result ID: 'd74fa2f8b5d058d4d79cb36596c73043') in 0.008 seconds [static and dynamic dependencies]. Details - ImportResultOutputID=29cda8d0570a053fd638f7baf4753f22 DependenciesID=088b6d35c0b6d30c89c249c23f55fcf3 StaticDependenciesID=15d54138672477bb399b2bbfad848ae8 
Number of updated asset objects reloaded before import = 0
Number of asset objects unloaded after import = 2
========================================================================
Received Import Request.
  Time of request: 2026-09-30T06:25:10.2842505Z
  Time since last request: 0.0005584 seconds.
  importAddress: GUID: f3dfa4de025d2f54882c82ea7f99dcf5 - Path: Assets/Twinsanity/Baked/Beach/Material_731 2.mat - Importer: ScriptedImporter/UnityEditor.QuickSearchModule:UnityEditor.Search:ASIAI0B
Importing 'GUID: f3dfa4de025d2f54882c82ea7f99dcf5 - Path: Assets/Twinsanity/Baked/Beach/Material_731 2.mat - Importer: ScriptedImporter/UnityEditor.QuickSearchModule:UnityEditor.Search:ASIAI0B' with importer (ScriptedImporter : UnityEditor.QuickSearchModule:UnityEditor.Search:ASIAI0B)
Imported 'GUID: f3dfa4de025d2f54882c82ea7f99dcf5' -> (Import Result ID: '0359e3deec2e18599b02153249abb3b6') in 0.006 seconds [static and dynamic dependencies]. Details - ImportResultOutputID=dfff374dba7b5a1f36defb618da38fa9 DependenciesID=c907f02aa35ca4ddb200afc4f4584f43 StaticDependenciesID=d0c8f872959e8da394cd1185bc6cde5f 
Number of updated asset objects reloaded before import = 0
Number of asset objects unloaded after import = 2
========================================================================
Received Import Request.
  Time of request: 2026-09-30T06:25:10.2919465Z
  Time since last request: 0.0008964 seconds.
  importAddress: GUID: df2f7388ae119154096e42123b839a8b - Path: Assets/Twinsanity/Baked/Beach/Hubc_Scenery_Mesh_706 2.asset - Importer: ScriptedImporter/UnityEditor.QuickSearchModule:UnityEditor.Search:ASIAI0B
Importing 'GUID: df2f7388ae119154096e42123b839a8b - Path: Assets/Twinsanity/Baked/Beach/Hubc_Scenery_Mesh_706 2.asset - Importer: ScriptedImporter/UnityEditor.QuickSearchModule:UnityEditor.Search:ASIAI0B' with importer (ScriptedImporter : UnityEditor.QuickSearchModule:UnityEditor.Search:ASIAI0B)
Imported 'GUID: df2f7388ae119154096e42123b839a8b' -> (Import Result ID: '35a38d46b766ffd3a00669537aa3dda2') in 0.007 seconds [static and dynamic dependencies]. Details - ImportResultOutputID=e53e79cc472c468af29d59db383f9d1e DependenciesID=a4f91dccada19fe2e098b5fce184d075 StaticDependenciesID=e746fb2fff9e18abbb737c8fa2cedfeb 
Number of updated asset objects reloaded before import = 0
Number of asset objects unloaded after import = 1
========================================================================
Received Import Request.
  Time of request: 2026-09-30T06:25:10.3008341Z
  Time since last request: 0.0007749 seconds.
  importAddress: GUID: 26fa2ad9414f7e040887ef65f08f8ff6 - Path: Assets/Twinsanity/Baked/Beach/Material_709 2.mat - Importer: ScriptedImporter/UnityEditor.QuickSearchModule:UnityEditor.Search:ASIAI0B
Importing 'GUID: 26fa2ad9414f7e040887ef65f08f8ff6 - Path: Assets/Twinsanity/Baked/Beach/Material_709 2.mat - Importer: ScriptedImporter/UnityEditor.QuickSearchModule:UnityEditor.Search:ASIAI0B' with importer (ScriptedImporter : UnityEditor.QuickSearchModule:UnityEditor.Search:ASIAI0B)
Imported 'GUID: 26fa2ad9414f7e040887ef65f08f8ff6' -> (Import Result ID: '37a2986921afe696d7e6cbf4a4a561f5') in 0.013 seconds [static and dynamic dependencies]. Details - ImportResultOutputID=c8511d345a833cf25b22e5b61e2de7fc DependenciesID=7718ac5d691df0d72b8adf9fe1114731 StaticDependenciesID=aa125bdf23baf9fdd3bbdfb888899a6f 
Number of updated asset objects reloaded before import = 0
Number of asset objects unloaded after import = 2
========================================================================
Received Import Request.
  Time of request: 2026-09-30T06:25:10.3300431Z
  Time since last request: 0.0155173 seconds.
  importAddress: GUID: 77a1742619b2ac148897d64d727400b3 - Path: Assets/Twinsanity/Baked/Beach/Material_811 2.mat - Importer: ScriptedImporter/UnityEditor.QuickSearchModule:UnityEditor.Search:ASIAI0B
Importing 'GUID: 77a1742619b2ac148897d64d727400b3 - Path: Assets/Twinsanity/Baked/Beach/Material_811 2.mat - Importer: ScriptedImporter/UnityEditor.QuickSearchModule:UnityEditor.Search:ASIAI0B' with importer (ScriptedImporter : UnityEditor.QuickSearchModule:UnityEditor.Search:ASIAI0B)
Imported 'GUID: 77a1742619b2ac148897d64d727400b3' -> (Import Result ID: 'b2b191bc85670241a481aae55419435f') in 0.009 seconds [static and dynamic dependencies]. Details - ImportResultOutputID=1c7e92d684d07a74703bd91e55758899 DependenciesID=bf9488b1be7c1a50df054b0a15aa2e21 StaticDependenciesID=44bbc0087ca9d3a2f50931c0ff350ec2 
Number of updated asset objects reloaded before import = 0
Number of asset objects unloaded after import = 2
========================================================================
Received Import Request.
  Time of request: 2026-09-30T06:25:10.3404699Z
  Time since last request: 0.001027 seconds.
  importAddress: GUID: 744c26ea5d6050e45a27b1970293dd82 - Path: Assets/Twinsanity/Baked/Beach/Material_815 2.mat - Importer: ScriptedImporter/UnityEditor.QuickSearchModule:UnityEditor.Search:ASIAI0B
Importing 'GUID: 744c26ea5d6050e45a27b1970293dd82 - Path: Assets/Twinsanity/Baked/Beach/Material_815 2.mat - Importer: ScriptedImporter/UnityEditor.QuickSearchModule:UnityEditor.Search:ASIAI0B' with importer (ScriptedImporter : UnityEditor.QuickSearchModule:UnityEditor.Search:ASIAI0B)
Imported 'GUID: 744c26ea5d6050e45a27b1970293dd82' -> (Import Result ID: 'd625cd6ebb5eba9afe19887021c527ad') in 0.007 seconds [static and dynamic dependencies]. Details - ImportResultOutputID=74b9f5adfdc629ed3679c804d19daf2d DependenciesID=aa77a82edd4b4d0a1c20c8a5dc14c990 StaticDependenciesID=6444d440abda7034e801eec9634f62e5 
Number of updated asset objects reloaded before import = 0
Number of asset objects unloaded after import = 2
========================================================================
Received Import Request.
  Time of request: 2026-09-30T06:25:10.3486802Z
  Time since last request: 0.0003957 seconds.
  importAddress: GUID: c984c0161dd69c74a988c133508fa941 - Path: Assets/Twinsanity/Baked/Beach/Material_771 2.mat - Importer: ScriptedImporter/UnityEditor.QuickSearchModule:UnityEditor.Search:ASIAI0B
Importing 'GUID: c984c0161dd69c74a988c133508fa941 - Path: Assets/Twinsanity/Baked/Beach/Material_771 2.mat - Importer: ScriptedImporter/UnityEditor.QuickSearchModule:UnityEditor.Search:ASIAI0B' with importer (ScriptedImporter : UnityEditor.QuickSearchModule:UnityEditor.Search:ASIAI0B)
Imported 'GUID: c984c0161dd69c74a988c133508fa941' -> (Import Result ID: '6a1b8f28422ba3b1fa59c8e0477be1c7') in 0.006 seconds [static and dynamic dependencies]. Details - ImportResultOutputID=8bf98798a18f46cadda829ac275245c7 DependenciesID=27141be56de46c49ad667e048bde91e4 StaticDependenciesID=1ca873943ceea1a2cc1753a2eee9eab3 
Number of updated asset objects reloaded before import = 0
Number of asset objects unloaded after import = 2
========================================================================
Received Import Request.
  Time of request: 2026-09-30T06:25:10.3554139Z
  Time since last request: 0.0005153 seconds.
  importAddress: GUID: 1f729e6682c46c647b6837eee2bb3a9a - Path: Assets/Twinsanity/Baked/Beach/Material_780 2.mat - Importer: ScriptedImporter/UnityEditor.QuickSearchModule:UnityEditor.Search:ASIAI0B
Importing 'GUID: 1f729e6682c46c647b6837eee2bb3a9a - Path: Assets/Twinsanity/Baked/Beach/Material_780 2.mat - Importer: ScriptedImporter/UnityEditor.QuickSearchModule:UnityEditor.Search:ASIAI0B' with importer (ScriptedImporter : UnityEditor.QuickSearchModule:UnityEditor.Search:ASIAI0B)
Imported 'GUID: 1f729e6682c46c647b6837eee2bb3a9a' -> (Import Result ID: 'f794e0f32cb6275c0f2f95f093e7f2a6') in 0.009 seconds [static and dynamic dependencies]. Details - ImportResultOutputID=0227545486c76c41f06e0ff7696fd49a DependenciesID=9c22dbb43729c442978e6c6de692730a StaticDependenciesID=2259139bc3dae171168bf2b2c841cb45 
Number of updated asset objects reloaded before import = 0
Number of asset objects unloaded after import = 2
========================================================================
Received Import Request.
  Time of request: 2026-09-30T06:25:10.3662807Z
  Time since last request: 0.0008463 seconds.
  importAddress: GUID: 5e59933ce9f165047a7ef82457c51ee2 - Path: Assets/Twinsanity/Baked/Beach/Hubd_Scenery_Mesh_764 2.asset - Importer: ScriptedImporter/UnityEditor.QuickSearchModule:UnityEditor.Search:ASIAI0B
Importing 'GUID: 5e59933ce9f165047a7ef82457c51ee2 - Path: Assets/Twinsanity/Baked/Beach/Hubd_Scenery_Mesh_764 2.asset - Importer: ScriptedImporter/UnityEditor.QuickSearchModule:UnityEditor.Search:ASIAI0B' with importer (ScriptedImporter : UnityEditor.QuickSearchModule:UnityEditor.Search:ASIAI0B)
Imported 'GUID: 5e59933ce9f165047a7ef82457c51ee2' -> (Import Result ID: 'a2f00a25e09ef491c69e55a20fd799c3') in 0.009 seconds [static and dynamic dependencies]. Details - ImportResultOutputID=74a38e25ab5eecc01b213170727eaabd DependenciesID=ec1a372bc4661d44884dd50d6b63834f StaticDependenciesID=eb263bccead297a83a43fe77b115981c 
Number of updated asset objects reloaded before import = 0
Number of asset objects unloaded after import = 1
========================================================================
Received Import Request.
  Time of request: 2026-09-30T06:25:10.3757423Z
  Time since last request: 0.0004101 seconds.
  importAddress: GUID: 18c5b1bd08c4f6649ac57ba0add6a2b1 - Path: Assets/Twinsanity/Baked/Beach/Hubd_Scenery_Mesh_802 2.asset - Importer: ScriptedImporter/UnityEditor.QuickSearchModule:UnityEditor.Search:ASIAI0B
Importing 'GUID: 18c5b1bd08c4f6649ac57ba0add6a2b1 - Path: Assets/Twinsanity/Baked/Beach/Hubd_Scenery_Mesh_802 2.asset - Importer: ScriptedImporter/UnityEditor.QuickSearchModule:UnityEditor.Search:ASIAI0B' with importer (ScriptedImporter : UnityEditor.QuickSearchModule:UnityEditor.Search:ASIAI0B)
Imported 'GUID: 18c5b1bd08c4f6649ac57ba0add6a2b1' -> (Import Result ID: '0cae5278c30d474ebb47055552244737') in 0.007 seconds [static and dynamic dependencies]. Details - ImportResultOutputID=9f8673f729a1eeb0419d20097a68362b DependenciesID=2b11d312355f8258104fb18c126ac069 StaticDependenciesID=01a6c21a996eed4fc90e70e1561a59b8 
Number of updated asset objects reloaded before import = 0
Number of asset objects unloaded after import = 1
========================================================================
Received Import Request.
  Time of request: 2026-09-30T06:25:10.3840111Z
  Time since last request: 0.0009508 seconds.
  importAddress: GUID: 5ec2cb67ce1779747ab71cfc9476e79a - Path: Assets/Twinsanity/Baked/Beach/Hubd_Scenery_Mesh_770 2.asset - Importer: ScriptedImporter/UnityEditor.QuickSearchModule:UnityEditor.Search:ASIAI0B
Importing 'GUID: 5ec2cb67ce1779747ab71cfc9476e79a - Path: Assets/Twinsanity/Baked/Beach/Hubd_Scenery_Mesh_770 2.asset - Importer: ScriptedImporter/UnityEditor.QuickSearchModule:UnityEditor.Search:ASIAI0B' with importer (ScriptedImporter : UnityEditor.QuickSearchModule:UnityEditor.Search:ASIAI0B)
Imported 'GUID: 5ec2cb67ce1779747ab71cfc9476e79a' -> (Import Result ID: '6d317e0b45379242563c46b6721d9d38') in 0.007 seconds [static and dynamic dependencies]. Details - ImportResultOutputID=7626b03f3365227f81e9efaca2201fb8 DependenciesID=0b09bf0c1b6024f1af5324ecb5387b39 StaticDependenciesID=992fa393d6244576096345ff94f30772 
Number of updated asset objects reloaded before import = 0
Number of asset objects unloaded after import = 1
========================================================================
Received Import Request.
  Time of request: 2026-09-30T06:25:10.3923864Z
  Time since last request: 0.000564 seconds.
  importAddress: GUID: 852fe5f60c872d044aa0a504156375b4 - Path: Assets/Twinsanity/Baked/Beach/Hubd_Scenery_Mesh_816 2.asset - Importer: ScriptedImporter/UnityEditor.QuickSearchModule:UnityEditor.Search:ASIAI0B
Importing 'GUID: 852fe5f60c872d044aa0a504156375b4 - Path: Assets/Twinsanity/Baked/Beach/Hubd_Scenery_Mesh_816 2.asset - Importer: ScriptedImporter/UnityEditor.QuickSearchModule:UnityEditor.Search:ASIAI0B' with importer (ScriptedImporter : UnityEditor.QuickSearchModule:UnityEditor.Search:ASIAI0B)
Imported 'GUID: 852fe5f60c872d044aa0a504156375b4' -> (Import Result ID: '785ac8d0da174cee50d29d0d9241be43') in 0.006 seconds [static and dynamic dependencies]. Details - ImportResultOutputID=770023403d169463f6502199227edff3 DependenciesID=86130ea25faae3694d7982f02c483640 StaticDependenciesID=c59e984c6f919e4c077a418c707be08c 
Number of updated asset objects reloaded before import = 0
Number of asset objects unloaded after import = 1
========================================================================
Received Import Request.
  Time of request: 2026-09-30T06:25:10.3995071Z
  Time since last request: 0.0006114 seconds.
  importAddress: GUID: ccefcbe95aa07c342b8f5306d7b991c0 - Path: Assets/Twinsanity/Baked/Beach/Material_795 2.mat - Importer: ScriptedImporter/UnityEditor.QuickSearchModule:UnityEditor.Search:ASIAI0B
Importing 'GUID: ccefcbe95aa07c342b8f5306d7b991c0 - Path: Assets/Twinsanity/Baked/Beach/Material_795 2.mat - Importer: ScriptedImporter/UnityEditor.QuickSearchModule:UnityEditor.Search:ASIAI0B' with importer (ScriptedImporter : UnityEditor.QuickSearchModule:UnityEditor.Search:ASIAI0B)
Imported 'GUID: ccefcbe95aa07c342b8f5306d7b991c0' -> (Import Result ID: '910a0a0ed0757bf5bad8bfbd8b4dd68c') in 0.009 seconds [static and dynamic dependencies]. Details - ImportResultOutputID=4601973b54c7281a1e050b0d725932e4 DependenciesID=8c0c4cc725a634381cf81d61c3772a24 StaticDependenciesID=01fbfdebb317898ef426ae70e18c2e9c 
Number of updated asset objects reloaded before import = 0
Number of asset objects unloaded after import = 2
========================================================================
Received Import Request.
  Time of request: 2026-09-30T06:25:10.4098421Z
  Time since last request: 0.0009182 seconds.
  importAddress: GUID: a287c641a3cfb3f4e970d51efd98c407 - Path: Assets/Twinsanity/Baked/Beach/Material_793 2.mat - Importer: ScriptedImporter/UnityEditor.QuickSearchModule:UnityEditor.Search:ASIAI0B
Importing 'GUID: a287c641a3cfb3f4e970d51efd98c407 - Path: Assets/Twinsanity/Baked/Beach/Material_793 2.mat - Importer: ScriptedImporter/UnityEditor.QuickSearchModule:UnityEditor.Search:ASIAI0B' with importer (ScriptedImporter : UnityEditor.QuickSearchModule:UnityEditor.Search:ASIAI0B)
Imported 'GUID: a287c641a3cfb3f4e970d51efd98c407' -> (Import Result ID: 'dba0b259fdef932001814398d1aeded1') in 0.009 seconds [static and dynamic dependencies]. Details - ImportResultOutputID=1092ba16f25027ce1e0b42d78fdfb1e1 DependenciesID=9ba2bf2aab700f005d8d8f1d0dc00c9a StaticDependenciesID=7520973571fdee41d0ae84aeb99f1029 
Number of updated asset objects reloaded before import = 0
Number of asset objects unloaded after import = 2
========================================================================
Received Import Request.
  Time of request: 2026-09-30T06:25:10.4207913Z
  Time since last request: 0.0003979 seconds.
  importAddress: GUID: 1b670e7ee43b665469ca08804c1a4248 - Path: Assets/Twinsanity/Baked/Beach/Hubd_Scenery_Mesh_787 2.asset - Importer: ScriptedImporter/UnityEditor.QuickSearchModule:UnityEditor.Search:ASIAI0B
Importing 'GUID: 1b670e7ee43b665469ca08804c1a4248 - Path: Assets/Twinsanity/Baked/Beach/Hubd_Scenery_Mesh_787 2.asset - Importer: ScriptedImporter/UnityEditor.QuickSearchModule:UnityEditor.Search:ASIAI0B' with importer (ScriptedImporter : UnityEditor.QuickSearchModule:UnityEditor.Search:ASIAI0B)
Imported 'GUID: 1b670e7ee43b665469ca08804c1a4248' -> (Import Result ID: 'f32a0acd5acf1bb4e1c63284c5815d38') in 0.007 seconds [static and dynamic dependencies]. Details - ImportResultOutputID=06d858dd10d12ec09c317d231aba71fc DependenciesID=5e16d1871b1e528e460795ca933c28aa StaticDependenciesID=5214d5b00f7ae182e622b44f8abd51cf 
Number of updated asset objects reloaded before import = 0
Number of asset objects unloaded after import = 1
========================================================================
Received Import Request.
  Time of request: 2026-09-30T06:25:10.4300226Z
  Time since last request: 0.0010623 seconds.
  importAddress: GUID: a149c60cec29e754fa1672fd492d54f8 - Path: Assets/Twinsanity/Baked/Beach/Material_786 2.mat - Importer: ScriptedImporter/UnityEditor.QuickSearchModule:UnityEditor.Search:ASIAI0B
Importing 'GUID: a149c60cec29e754fa1672fd492d54f8 - Path: Assets/Twinsanity/Baked/Beach/Material_786 2.mat - Importer: ScriptedImporter/UnityEditor.QuickSearchModule:UnityEditor.Search:ASIAI0B' with importer (ScriptedImporter : UnityEditor.QuickSearchModule:UnityEditor.Search:ASIAI0B)
Imported 'GUID: a149c60cec29e754fa1672fd492d54f8' -> (Import Result ID: 'a546c3059fb3c185537d7e047f26eaee') in 0.009 seconds [static and dynamic dependencies]. Details - ImportResultOutputID=c807db9b99374f719939d1f19a921324 DependenciesID=e6e7ea6051b8142dbbe65e7f83ebc3cd StaticDependenciesID=36844c02df8b87a1b2bf8f0d998357f8 
Number of updated asset objects reloaded before import = 0
Number of asset objects unloaded after import = 2
========================================================================
Received Import Request.
  Time of request: 2026-09-30T06:25:10.4397348Z
  Time since last request: 0.0005856 seconds.
  importAddress: GUID: e5dfcc9433f32fa489ec1e6ae3c6297f - Path: Assets/Twinsanity/Baked/Beach/Hubd_Scenery_Mesh_788 2.asset - Importer: ScriptedImporter/UnityEditor.QuickSearchModule:UnityEditor.Search:ASIAI0B
Importing 'GUID: e5dfcc9433f32fa489ec1e6ae3c6297f - Path: Assets/Twinsanity/Baked/Beach/Hubd_Scenery_Mesh_788 2.asset - Importer: ScriptedImporter/UnityEditor.QuickSearchModule:UnityEditor.Search:ASIAI0B' with importer (ScriptedImporter : UnityEditor.QuickSearchModule:UnityEditor.Search:ASIAI0B)
Imported 'GUID: e5dfcc9433f32fa489ec1e6ae3c6297f' -> (Import Result ID: 'd97493fd67e31fd36336362b353c8ecd') in 0.007 seconds [static and dynamic dependencies]. Details - ImportResultOutputID=a6df8164cdf13f7863b8cf8aef53a607 DependenciesID=0d254d6fc2a16aae11ecaec6624cffd7 StaticDependenciesID=eade5de8f8c179935afd53e12b7149e6 
Number of updated asset objects reloaded before import = 0
Number of asset objects unloaded after import = 1
========================================================================
Received Import Request.
  Time of request: 2026-09-30T06:25:10.4477987Z
  Time since last request: 0.0007061 seconds.
  importAddress: GUID: 67185e4d33820674382b89e29ad4056d - Path: Assets/Twinsanity/Baked/Beach/Hubd_Scenery_Mesh_822 2.asset - Importer: ScriptedImporter/UnityEditor.QuickSearchModule:UnityEditor.Search:ASIAI0B
Importing 'GUID: 67185e4d33820674382b89e29ad4056d - Path: Assets/Twinsanity/Baked/Beach/Hubd_Scenery_Mesh_822 2.asset - Importer: ScriptedImporter/UnityEditor.QuickSearchModule:UnityEditor.Search:ASIAI0B' with importer (ScriptedImporter : UnityEditor.QuickSearchModule:UnityEditor.Search:ASIAI0B)
Imported 'GUID: 67185e4d33820674382b89e29ad4056d' -> (Import Result ID: '9cda5a659403fd78b64b14d02fed61ab') in 0.008 seconds [static and dynamic dependencies]. Details - ImportResultOutputID=e0e51f31b0097928c592c0745646cb54 DependenciesID=58f12cf51e65dea855cd3ddf773880b8 StaticDependenciesID=510b87cfe17bc3f9145c74f7e07bfe77 
Number of updated asset objects reloaded before import = 0
Number of asset objects unloaded after import = 1
========================================================================
Received Import Request.
  Time of request: 2026-09-30T06:25:10.4571429Z
  Time since last request: 0.0006523 seconds.
  importAddress: GUID: 7b7f9f4bb0e0fff4499077c6ab484dd5 - Path: Assets/Twinsanity/Baked/Beach/Material_763 2.mat - Importer: ScriptedImporter/UnityEditor.QuickSearchModule:UnityEditor.Search:ASIAI0B
Importing 'GUID: 7b7f9f4bb0e0fff4499077c6ab484dd5 - Path: Assets/Twinsanity/Baked/Beach/Material_763 2.mat - Importer: ScriptedImporter/UnityEditor.QuickSearchModule:UnityEditor.Search:ASIAI0B' with importer (ScriptedImporter : UnityEditor.QuickSearchModule:UnityEditor.Search:ASIAI0B)
Imported 'GUID: 7b7f9f4bb0e0fff4499077c6ab484dd5' -> (Import Result ID: '63bd5f035a940eb851a25fa73dcccded') in 0.007 seconds [static and dynamic dependencies]. Details - ImportResultOutputID=f1fe395abdd6c4fdfe58d8ff27f1a32f DependenciesID=4842746b5425a7f1a38d727721f5134a StaticDependenciesID=4ea54a5e8a034f1010747844ce9989a8 
Number of updated asset objects reloaded before import = 0
Number of asset objects unloaded after import = 2
========================================================================
Received Import Request.
  Time of request: 2026-09-30T06:25:10.4660789Z
  Time since last request: 0.0006446 seconds.
  importAddress: GUID: 69da8124081661449befcbaebf1dfa22 - Path: Assets/Twinsanity/Baked/Beach/Hubd_Scenery_Mesh_762 2.asset - Importer: ScriptedImporter/UnityEditor.QuickSearchModule:UnityEditor.Search:ASIAI0B
Importing 'GUID: 69da8124081661449befcbaebf1dfa22 - Path: Assets/Twinsanity/Baked/Beach/Hubd_Scenery_Mesh_762 2.asset - Importer: ScriptedImporter/UnityEditor.QuickSearchModule:UnityEditor.Search:ASIAI0B' with importer (ScriptedImporter : UnityEditor.QuickSearchModule:UnityEditor.Search:ASIAI0B)
Imported 'GUID: 69da8124081661449befcbaebf1dfa22' -> (Import Result ID: '4ec9860d83f9d1e8fc1a872e56e3cde8') in 0.008 seconds [static and dynamic dependencies]. Details - ImportResultOutputID=e5cfa1640f836df212e1998d1319187f DependenciesID=24a492f987435ba4ce403830cc2406b0 StaticDependenciesID=f0633f4cb00d085367a602e480e78038 
Number of updated asset objects reloaded before import = 0
Number of asset objects unloaded after import = 1
========================================================================
Received Import Request.
  Time of request: 2026-09-30T06:25:10.4756265Z
  Time since last request: 0.0006738 seconds.
  importAddress: GUID: a01a17f386c13c54689c05a167a6b2da - Path: Assets/Twinsanity/Baked/Beach/Hubd_Scenery_Mesh_818 2.asset - Importer: ScriptedImporter/UnityEditor.QuickSearchModule:UnityEditor.Search:ASIAI0B
Importing 'GUID: a01a17f386c13c54689c05a167a6b2da - Path: Assets/Twinsanity/Baked/Beach/Hubd_Scenery_Mesh_818 2.asset - Importer: ScriptedImporter/UnityEditor.QuickSearchModule:UnityEditor.Search:ASIAI0B' with importer (ScriptedImporter : UnityEditor.QuickSearchModule:UnityEditor.Search:ASIAI0B)
Imported 'GUID: a01a17f386c13c54689c05a167a6b2da' -> (Import Result ID: '326330d2cb48113ec5f0d5284ad79a84') in 0.011 seconds [static and dynamic dependencies]. Details - ImportResultOutputID=2187558f0a8964f4d926c80db499eb64 DependenciesID=d584c20e8bc9845d9b9c5d0e53fd0283 StaticDependenciesID=02411dccc82a6ef213f4c9d1bd7230f6 
Number of updated asset objects reloaded before import = 0
Number of asset objects unloaded after import = 1
========================================================================
Received Import Request.
  Time of request: 2026-09-30T06:25:10.4892057Z
  Time since last request: 0.0020708 seconds.
  importAddress: GUID: 0baced0641a84ba4aaac7e800a4f1ee1 - Path: Assets/Twinsanity/Baked/Beach/Material_823 2.mat - Importer: ScriptedImporter/UnityEditor.QuickSearchModule:UnityEditor.Search:ASIAI0B
Importing 'GUID: 0baced0641a84ba4aaac7e800a4f1ee1 - Path: Assets/Twinsanity/Baked/Beach/Material_823 2.mat - Importer: ScriptedImporter/UnityEditor.QuickSearchModule:UnityEditor.Search:ASIAI0B' with importer (ScriptedImporter : UnityEditor.QuickSearchModule:UnityEditor.Search:ASIAI0B)
Imported 'GUID: 0baced0641a84ba4aaac7e800a4f1ee1' -> (Import Result ID: 'd060891e803238354b945a303002b015') in 0.012 seconds [static and dynamic dependencies]. Details - ImportResultOutputID=747b5c1b475519b0d6666fd21ab33ca8 DependenciesID=fadbed9715aba54225dba4b72dcc3537 StaticDependenciesID=c91200fd6a9d8b02f3eb4acd7c65f6fb 
Number of updated asset objects reloaded before import = 0
Number of asset objects unloaded after import = 2
========================================================================
Received Import Request.
  Time of request: 2026-09-30T06:25:10.502688Z
  Time since last request: 0.0005392 seconds.
  importAddress: GUID: 212866699b2cfb645b43d7344583cf4c - Path: Assets/Twinsanity/Baked/Beach/Material_797 2.mat - Importer: ScriptedImporter/UnityEditor.QuickSearchModule:UnityEditor.Search:ASIAI0B
Importing 'GUID: 212866699b2cfb645b43d7344583cf4c - Path: Assets/Twinsanity/Baked/Beach/Material_797 2.mat - Importer: ScriptedImporter/UnityEditor.QuickSearchModule:UnityEditor.Search:ASIAI0B' with importer (ScriptedImporter : UnityEditor.QuickSearchModule:UnityEditor.Search:ASIAI0B)
Imported 'GUID: 212866699b2cfb645b43d7344583cf4c' -> (Import Result ID: '4bdfff4eb1208292d6ea54ac619108d1') in 0.008 seconds [static and dynamic dependencies]. Details - ImportResultOutputID=24aca1d1b846b85c916e73461176d84d DependenciesID=4639328644d5dd43375cef0c117edcc0 StaticDependenciesID=21169b8b2f7e942877fcae1c7c13d396 
Number of updated asset objects reloaded before import = 0
Number of asset objects unloaded after import = 2
========================================================================
Received Import Request.
  Time of request: 2026-09-30T06:25:10.5114342Z
  Time since last request: 0.0004887 seconds.
  importAddress: GUID: e3c692be392f8eb48806c442aab8eb9b - Path: Assets/Twinsanity/Baked/Beach/Hubd_Scenery_Mesh_810 2.asset - Importer: ScriptedImporter/UnityEditor.QuickSearchModule:UnityEditor.Search:ASIAI0B
Importing 'GUID: e3c692be392f8eb48806c442aab8eb9b - Path: Assets/Twinsanity/Baked/Beach/Hubd_Scenery_Mesh_810 2.asset - Importer: ScriptedImporter/UnityEditor.QuickSearchModule:UnityEditor.Search:ASIAI0B' with importer (ScriptedImporter : UnityEditor.QuickSearchModule:UnityEditor.Search:ASIAI0B)
Imported 'GUID: e3c692be392f8eb48806c442aab8eb9b' -> (Import Result ID: '0e75166096d44cbdc696f56967cbc417') in 0.010 seconds [static and dynamic dependencies]. Details - ImportResultOutputID=e2d46cc7d96aa63ecf45e8ad4ba487ae DependenciesID=6969576bfbe02a572509e80778a35ca2 StaticDependenciesID=92a9142d6388d2c86823ef16267e542b 
Number of updated asset objects reloaded before import = 0
Number of asset objects unloaded after import = 1
========================================================================
Received Import Request.
  Time of request: 2026-09-30T06:25:10.5228966Z
  Time since last request: 0.0006782 seconds.
  importAddress: GUID: 0c9755c314e7a664eb21cb864bf2697e - Path: Assets/Twinsanity/Baked/Beach/Material_817 2.mat - Importer: ScriptedImporter/UnityEditor.QuickSearchModule:UnityEditor.Search:ASIAI0B
Importing 'GUID: 0c9755c314e7a664eb21cb864bf2697e - Path: Assets/Twinsanity/Baked/Beach/Material_817 2.mat - Importer: ScriptedImporter/UnityEditor.QuickSearchModule:UnityEditor.Search:ASIAI0B' with importer (ScriptedImporter : UnityEditor.QuickSearchModule:UnityEditor.Search:ASIAI0B)
Imported 'GUID: 0c9755c314e7a664eb21cb864bf2697e' -> (Import Result ID: 'c5c9a46af8cd347811816631a4dde8c1') in 0.010 seconds [static and dynamic dependencies]. Details - ImportResultOutputID=2711e8564edd28acb842f9a197fb58ba DependenciesID=98ca8ac02f8714fd441fa2199e0c2ff1 StaticDependenciesID=012a97b1de63911347810ea6720a5048 
Number of updated asset objects reloaded before import = 0
Number of asset objects unloaded after import = 2
========================================================================
Received Import Request.
  Time of request: 2026-09-30T06:25:10.5520325Z
  Time since last request: 0.0184123 seconds.
  importAddress: GUID: 3c1d90e1f4973e243935b97f0a1f0117 - Path: Assets/Twinsanity/Baked/Beach/Hubd_Scenery_Mesh_827 2.asset - Importer: ScriptedImporter/UnityEditor.QuickSearchModule:UnityEditor.Search:ASIAI0B
Importing 'GUID: 3c1d90e1f4973e243935b97f0a1f0117 - Path: Assets/Twinsanity/Baked/Beach/Hubd_Scenery_Mesh_827 2.asset - Importer: ScriptedImporter/UnityEditor.QuickSearchModule:UnityEditor.Search:ASIAI0B' with importer (ScriptedImporter : UnityEditor.QuickSearchModule:UnityEditor.Search:ASIAI0B)
Imported 'GUID: 3c1d90e1f4973e243935b97f0a1f0117' -> (Import Result ID: 'bf67d164152a96dadd92e0b27fa34e11') in 0.007 seconds [static and dynamic dependencies]. Details - ImportResultOutputID=9305aa23f06dc6d25120916b5cc7ef36 DependenciesID=2cec53497c5c85f2f296993c894812c1 StaticDependenciesID=e977795ab1cb16daca34febe50daabc7 
Number of updated asset objects reloaded before import = 0
Number of asset objects unloaded after import = 1
========================================================================
Received Import Request.
  Time of request: 2026-09-30T06:25:10.560782Z
  Time since last request: 0.0012985 seconds.
  importAddress: GUID: 9ad2337c72543584cba7502bff26a4cc - Path: Assets/Twinsanity/Baked/Beach/Pier_Scenery_Mesh_863 2.asset - Importer: ScriptedImporter/UnityEditor.QuickSearchModule:UnityEditor.Search:ASIAI0B
Importing 'GUID: 9ad2337c72543584cba7502bff26a4cc - Path: Assets/Twinsanity/Baked/Beach/Pier_Scenery_Mesh_863 2.asset - Importer: ScriptedImporter/UnityEditor.QuickSearchModule:UnityEditor.Search:ASIAI0B' with importer (ScriptedImporter : UnityEditor.QuickSearchModule:UnityEditor.Search:ASIAI0B)
Imported 'GUID: 9ad2337c72543584cba7502bff26a4cc' -> (Import Result ID: '6d3c6eab51183c992aa91af8195ea030') in 0.006 seconds [static and dynamic dependencies]. Details - ImportResultOutputID=2784fdcd1aa082f4c74862cbe34a4717 DependenciesID=94107bf1061a44719472ecd54fd4d233 StaticDependenciesID=2ec5c57827544d8861311cbc8827ebe8 
Number of updated asset objects reloaded before import = 0
Number of asset objects unloaded after import = 1
========================================================================
Received Import Request.
  Time of request: 2026-09-30T06:25:10.5683911Z
  Time since last request: 0.0009426 seconds.
  importAddress: GUID: d6a72d9c1f42ead48948afea6b0d6681 - Path: Assets/Twinsanity/Baked/Beach/Hubd_Scenery_Mesh_841 2.asset - Importer: ScriptedImporter/UnityEditor.QuickSearchModule:UnityEditor.Search:ASIAI0B
Importing 'GUID: d6a72d9c1f42ead48948afea6b0d6681 - Path: Assets/Twinsanity/Baked/Beach/Hubd_Scenery_Mesh_841 2.asset - Importer: ScriptedImporter/UnityEditor.QuickSearchModule:UnityEditor.Search:ASIAI0B' with importer (ScriptedImporter : UnityEditor.QuickSearchModule:UnityEditor.Search:ASIAI0B)
Imported 'GUID: d6a72d9c1f42ead48948afea6b0d6681' -> (Import Result ID: 'c26adaa7f630b73a0629ef569d5dea50') in 0.007 seconds [static and dynamic dependencies]. Details - ImportResultOutputID=716d46bd1df9bc818dce129954078a83 DependenciesID=e35eb1ed832e3a18d2a1c67eae60e0c5 StaticDependenciesID=bfb2f02fee1bd0ef1f721de94ac756b3 
Number of updated asset objects reloaded before import = 0
Number of asset objects unloaded after import = 1
========================================================================
Received Import Request.
  Time of request: 2026-09-30T06:25:10.57702Z
  Time since last request: 0.0010054 seconds.
  importAddress: GUID: e5c8111b84e04e24b86adbba18518469 - Path: Assets/Twinsanity/Baked/Beach/Pier_Scenery_Mesh_877 2.asset - Importer: ScriptedImporter/UnityEditor.QuickSearchModule:UnityEditor.Search:ASIAI0B
Importing 'GUID: e5c8111b84e04e24b86adbba18518469 - Path: Assets/Twinsanity/Baked/Beach/Pier_Scenery_Mesh_877 2.asset - Importer: ScriptedImporter/UnityEditor.QuickSearchModule:UnityEditor.Search:ASIAI0B' with importer (ScriptedImporter : UnityEditor.QuickSearchModule:UnityEditor.Search:ASIAI0B)
Imported 'GUID: e5c8111b84e04e24b86adbba18518469' -> (Import Result ID: '925d60639a2843912fd2ea0e24488d0c') in 0.007 seconds [static and dynamic dependencies]. Details - ImportResultOutputID=60204db1307515d89ab39b4b92f0bb84 DependenciesID=7cbce252e44a977d7685d188449ba508 StaticDependenciesID=0f33cca733e90aa48e038f44d89e4ede 
Number of updated asset objects reloaded before import = 0
Number of asset objects unloaded after import = 1
========================================================================
Received Import Request.
  Time of request: 2026-09-30T06:25:10.5854505Z
  Time since last request: 0.0005423 seconds.
  importAddress: GUID: cfd23ee6620d3704a8947a833548c2e3 - Path: Assets/Twinsanity/Baked/Beach/Pier_Scenery_Mesh_881 2.asset - Importer: ScriptedImporter/UnityEditor.QuickSearchModule:UnityEditor.Search:ASIAI0B
Importing 'GUID: cfd23ee6620d3704a8947a833548c2e3 - Path: Assets/Twinsanity/Baked/Beach/Pier_Scenery_Mesh_881 2.asset - Importer: ScriptedImporter/UnityEditor.QuickSearchModule:UnityEditor.Search:ASIAI0B' with importer (ScriptedImporter : UnityEditor.QuickSearchModule:UnityEditor.Search:ASIAI0B)
Imported 'GUID: cfd23ee6620d3704a8947a833548c2e3' -> (Import Result ID: '7e11d58f28184c8d275532edd58d696a') in 0.006 seconds [static and dynamic dependencies]. Details - ImportResultOutputID=af62e95a7d2c0d6ba736c9af4e1df96f DependenciesID=c45f9a7307ee1ff2809b9c4c1fb9e347 StaticDependenciesID=9c117d182b2882308c2e950388cc95a2 
Number of updated asset objects reloaded before import = 0
Number of asset objects unloaded after import = 1
========================================================================
Received Import Request.
  Time of request: 2026-09-30T06:25:10.5929727Z
  Time since last request: 0.0006368 seconds.
  importAddress: GUID: a807548e3c4c68b45876697ecc556dce - Path: Assets/Twinsanity/Baked/Beach/Material_842 2.mat - Importer: ScriptedImporter/UnityEditor.QuickSearchModule:UnityEditor.Search:ASIAI0B
Importing 'GUID: a807548e3c4c68b45876697ecc556dce - Path: Assets/Twinsanity/Baked/Beach/Material_842 2.mat - Importer: ScriptedImporter/UnityEditor.QuickSearchModule:UnityEditor.Search:ASIAI0B' with importer (ScriptedImporter : UnityEditor.QuickSearchModule:UnityEditor.Search:ASIAI0B)
Imported 'GUID: a807548e3c4c68b45876697ecc556dce' -> (Import Result ID: '7b445836a613d213172805b99b274a4a') in 0.007 seconds [static and dynamic dependencies]. Details - ImportResultOutputID=ce027a220798c1f7492b1a515538dc9c DependenciesID=e6bfaeb06776cfdc1bd7de6992c7c28b StaticDependenciesID=0864e1434cf125fea3d7c63e57e9bcb5 
Number of updated asset objects reloaded before import = 0
Number of asset objects unloaded after import = 2
========================================================================
Received Import Request.
  Time of request: 2026-09-30T06:25:10.6011828Z
  Time since last request: 0.0004223 seconds.
  importAddress: GUID: a196384eabfea124b9aed4d534fe71db - Path: Assets/Twinsanity/Baked/Beach/Material_830 2.mat - Importer: ScriptedImporter/UnityEditor.QuickSearchModule:UnityEditor.Search:ASIAI0B
Importing 'GUID: a196384eabfea124b9aed4d534fe71db - Path: Assets/Twinsanity/Baked/Beach/Material_830 2.mat - Importer: ScriptedImporter/UnityEditor.QuickSearchModule:UnityEditor.Search:ASIAI0B' with importer (ScriptedImporter : UnityEditor.QuickSearchModule:UnityEditor.Search:ASIAI0B)
Imported 'GUID: a196384eabfea124b9aed4d534fe71db' -> (Import Result ID: '041098d919b4f9c0ff902ef9183f9681') in 0.013 seconds [static and dynamic dependencies]. Details - ImportResultOutputID=9890694934d699e16aaae148e402b7a1 DependenciesID=8f4db6639a39d95936096aeabdc21b7c StaticDependenciesID=f9fe404fbf8efc88c228184b27bb9827 
Number of updated asset objects reloaded before import = 0
Number of asset objects unloaded after import = 2
========================================================================
Received Import Request.
  Time of request: 2026-09-30T06:25:10.6154266Z
  Time since last request: 0.0006021 seconds.
  importAddress: GUID: 643559d65582f8544bd14750ba9717e8 - Path: Assets/Twinsanity/Baked/Beach/Hubd_Scenery_Mesh_831 2.asset - Importer: ScriptedImporter/UnityEditor.QuickSearchModule:UnityEditor.Search:ASIAI0B
Importing 'GUID: 643559d65582f8544bd14750ba9717e8 - Path: Assets/Twinsanity/Baked/Beach/Hubd_Scenery_Mesh_831 2.asset - Importer: ScriptedImporter/UnityEditor.QuickSearchModule:UnityEditor.Search:ASIAI0B' with importer (ScriptedImporter : UnityEditor.QuickSearchModule:UnityEditor.Search:ASIAI0B)
Imported 'GUID: 643559d65582f8544bd14750ba9717e8' -> (Import Result ID: '9bce261ece01a6c64a863e92644b5e81') in 0.009 seconds [static and dynamic dependencies]. Details - ImportResultOutputID=dd85e5ffc32414abee4a1ff4db3b3787 DependenciesID=739dadaad9f41cf37bc1ff055176cb1b StaticDependenciesID=8cc8eab36edd7328ff7bcad577d196aa 
Number of updated asset objects reloaded before import = 0
Number of asset objects unloaded after import = 1
========================================================================
Received Import Request.
  Time of request: 2026-09-30T06:25:10.625403Z
  Time since last request: 0.0005945 seconds.
  importAddress: GUID: 0dec84ee058ce404b84674d9887e550d - Path: Assets/Twinsanity/Baked/Beach/Material_832 2.mat - Importer: ScriptedImporter/UnityEditor.QuickSearchModule:UnityEditor.Search:ASIAI0B
Importing 'GUID: 0dec84ee058ce404b84674d9887e550d - Path: Assets/Twinsanity/Baked/Beach/Material_832 2.mat - Importer: ScriptedImporter/UnityEditor.QuickSearchModule:UnityEditor.Search:ASIAI0B' with importer (ScriptedImporter : UnityEditor.QuickSearchModule:UnityEditor.Search:ASIAI0B)
Imported 'GUID: 0dec84ee058ce404b84674d9887e550d' -> (Import Result ID: 'f80ca172f1bef38f1351b1176de66fd5') in 0.010 seconds [static and dynamic dependencies]. Details - ImportResultOutputID=7cbdc0abcd06b4bf7b156e1a57dc45b8 DependenciesID=45aa0b7f3e3dc1767260462bd5bc3871 StaticDependenciesID=0f4fc1d0fbc1bbc22648caa5235d2c0c 
Number of updated asset objects reloaded before import = 0
Number of asset objects unloaded after import = 2
========================================================================
Received Import Request.
  Time of request: 2026-09-30T06:25:10.6365703Z
  Time since last request: 0.0004046 seconds.
  importAddress: GUID: 4776fc57f52b8974a9953ac150a44d4b - Path: Assets/Twinsanity/Baked/Beach/Pier_Scenery_Mesh_857 2.asset - Importer: ScriptedImporter/UnityEditor.QuickSearchModule:UnityEditor.Search:ASIAI0B
Importing 'GUID: 4776fc57f52b8974a9953ac150a44d4b - Path: Assets/Twinsanity/Baked/Beach/Pier_Scenery_Mesh_857 2.asset - Importer: ScriptedImporter/UnityEditor.QuickSearchModule:UnityEditor.Search:ASIAI0B' with importer (ScriptedImporter : UnityEditor.QuickSearchModule:UnityEditor.Search:ASIAI0B)
Imported 'GUID: 4776fc57f52b8974a9953ac150a44d4b' -> (Import Result ID: '788fb45bec2e729669eae80857e5b229') in 0.006 seconds [static and dynamic dependencies]. Details - ImportResultOutputID=34ce5517aff988cae767ab5b8af728cd DependenciesID=8aff5f17ca1de4a4c1f56116d6b5301d StaticDependenciesID=714501948422b545a96f560ce1c64e51 
Number of updated asset objects reloaded before import = 0
Number of asset objects unloaded after import = 1
========================================================================
Received Import Request.
  Time of request: 2026-09-30T06:25:10.6435247Z
  Time since last request: 0.0007212 seconds.
  importAddress: GUID: d8bf8db74eccb004aa5ea02f70a0973f - Path: Assets/Twinsanity/Baked/Beach/Material_864 2.mat - Importer: ScriptedImporter/UnityEditor.QuickSearchModule:UnityEditor.Search:ASIAI0B
Importing 'GUID: d8bf8db74eccb004aa5ea02f70a0973f - Path: Assets/Twinsanity/Baked/Beach/Material_864 2.mat - Importer: ScriptedImporter/UnityEditor.QuickSearchModule:UnityEditor.Search:ASIAI0B' with importer (ScriptedImporter : UnityEditor.QuickSearchModule:UnityEditor.Search:ASIAI0B)
Imported 'GUID: d8bf8db74eccb004aa5ea02f70a0973f' -> (Import Result ID: '03ad7427ffc7eea8d800fa67bee248dd') in 0.008 seconds [static and dynamic dependencies]. Details - ImportResultOutputID=b537c1419853e711b9b1b6396277607d DependenciesID=8bbe94ef204c5523882e4ab63df30345 StaticDependenciesID=1b5ea405951853ddd84a57369d41bd9b 
Number of updated asset objects reloaded before import = 0
Number of asset objects unloaded after import = 2
========================================================================
Received Import Request.
  Time of request: 2026-09-30T06:25:10.6534161Z
  Time since last request: 0.0003926 seconds.
  importAddress: GUID: faec36f5c8067744d849f30126916552 - Path: Assets/Twinsanity/Baked/Beach/Pier_Scenery_Mesh_851 2.asset - Importer: ScriptedImporter/UnityEditor.QuickSearchModule:UnityEditor.Search:ASIAI0B
Importing 'GUID: faec36f5c8067744d849f30126916552 - Path: Assets/Twinsanity/Baked/Beach/Pier_Scenery_Mesh_851 2.asset - Importer: ScriptedImporter/UnityEditor.QuickSearchModule:UnityEditor.Search:ASIAI0B' with importer (ScriptedImporter : UnityEditor.QuickSearchModule:UnityEditor.Search:ASIAI0B)
Imported 'GUID: faec36f5c8067744d849f30126916552' -> (Import Result ID: 'eed8814452718696f2919058a6113fc9') in 0.007 seconds [static and dynamic dependencies]. Details - ImportResultOutputID=c41138d333b3e9dc5b655d8fcef8da76 DependenciesID=cc79c818f348a5caf2c62834895adbab StaticDependenciesID=3ff18541ed6fdd03d04ded7e9348b21a 
Number of updated asset objects reloaded before import = 0
Number of asset objects unloaded after import = 1
========================================================================
Received Import Request.
  Time of request: 2026-09-30T06:25:10.6617064Z
  Time since last request: 0.0007748 seconds.
  importAddress: GUID: 822b45f2415a5514e9999326e7d687e5 - Path: Assets/Twinsanity/Baked/Beach/Material_826 2.mat - Importer: ScriptedImporter/UnityEditor.QuickSearchModule:UnityEditor.Search:ASIAI0B
Importing 'GUID: 822b45f2415a5514e9999326e7d687e5 - Path: Assets/Twinsanity/Baked/Beach/Material_826 2.mat - Importer: ScriptedImporter/UnityEditor.QuickSearchModule:UnityEditor.Search:ASIAI0B' with importer (ScriptedImporter : UnityEditor.QuickSearchModule:UnityEditor.Search:ASIAI0B)
Imported 'GUID: 822b45f2415a5514e9999326e7d687e5' -> (Import Result ID: 'f8dfe452d9cb0aa5f444c26a39a44726') in 0.012 seconds [static and dynamic dependencies]. Details - ImportResultOutputID=873a0bb9e70316d0609f353059ba2ce2 DependenciesID=a1df6c215e6060a457126c0088772636 StaticDependenciesID=bec043b8720b3d8c48d47d3d2a5b8a09 
Number of updated asset objects reloaded before import = 0
Number of asset objects unloaded after import = 2
========================================================================
Received Import Request.
  Time of request: 2026-09-30T06:25:10.6750907Z
  Time since last request: 0.0006112 seconds.
  importAddress: GUID: 6a884de722324ad45b7c05319f32fc5c - Path: Assets/Twinsanity/Baked/Beach/Material_828 2.mat - Importer: ScriptedImporter/UnityEditor.QuickSearchModule:UnityEditor.Search:ASIAI0B
Importing 'GUID: 6a884de722324ad45b7c05319f32fc5c - Path: Assets/Twinsanity/Baked/Beach/Material_828 2.mat - Importer: ScriptedImporter/UnityEditor.QuickSearchModule:UnityEditor.Search:ASIAI0B' with importer (ScriptedImporter : UnityEditor.QuickSearchModule:UnityEditor.Search:ASIAI0B)
Imported 'GUID: 6a884de722324ad45b7c05319f32fc5c' -> (Import Result ID: 'ece14d460f3b1933cb552fdc849ef5fe') in 0.007 seconds [static and dynamic dependencies]. Details - ImportResultOutputID=22cd93e2ea4c29a7b31c9df715fe03d1 DependenciesID=dd2085a129e5b7b0c3e359abca978a26 StaticDependenciesID=d7f19ae1c8e90f4b17ab319df19d2ca2 
Number of updated asset objects reloaded before import = 0
Number of asset objects unloaded after import = 2
========================================================================
Received Import Request.
  Time of request: 2026-09-30T06:25:10.6830891Z
  Time since last request: 0.0006483 seconds.
  importAddress: GUID: 50eabab3cf9ca8649aa935f1ab5b18d7 - Path: Assets/Twinsanity/Baked/Beach/Hubd_Scenery_Mesh_829 2.asset - Importer: ScriptedImporter/UnityEditor.QuickSearchModule:UnityEditor.Search:ASIAI0B
Importing 'GUID: 50eabab3cf9ca8649aa935f1ab5b18d7 - Path: Assets/Twinsanity/Baked/Beach/Hubd_Scenery_Mesh_829 2.asset - Importer: ScriptedImporter/UnityEditor.QuickSearchModule:UnityEditor.Search:ASIAI0B' with importer (ScriptedImporter : UnityEditor.QuickSearchModule:UnityEditor.Search:ASIAI0B)
Imported 'GUID: 50eabab3cf9ca8649aa935f1ab5b18d7' -> (Import Result ID: '38e68d85cc400c274e5d2c1c2d556ff1') in 0.008 seconds [static and dynamic dependencies]. Details - ImportResultOutputID=508fa350b57e43db4ba794ad884f5f6c DependenciesID=69dd58825b0043ff441df664909a91f0 StaticDependenciesID=636c8419f1ca3b36e02313d3f03b2a9b 
Number of updated asset objects reloaded before import = 0
Number of asset objects unloaded after import = 1
========================================================================
Received Import Request.
  Time of request: 2026-09-30T06:25:10.692719Z
  Time since last request: 0.0005182 seconds.
  importAddress: GUID: f9a27f9e30138b7449956625c7a775fe - Path: Assets/Twinsanity/Baked/Beach/Pier_Scenery_Mesh_867 2.asset - Importer: ScriptedImporter/UnityEditor.QuickSearchModule:UnityEditor.Search:ASIAI0B
Importing 'GUID: f9a27f9e30138b7449956625c7a775fe - Path: Assets/Twinsanity/Baked/Beach/Pier_Scenery_Mesh_867 2.asset - Importer: ScriptedImporter/UnityEditor.QuickSearchModule:UnityEditor.Search:ASIAI0B' with importer (ScriptedImporter : UnityEditor.QuickSearchModule:UnityEditor.Search:ASIAI0B)
Imported 'GUID: f9a27f9e30138b7449956625c7a775fe' -> (Import Result ID: '4c37ce8984d3fa0117cf610bed14dc6f') in 0.008 seconds [static and dynamic dependencies]. Details - ImportResultOutputID=bc5409ceb560648ee015e7260d07bbe6 DependenciesID=b5e4d9ca0cdbb1554f4645fc6b4dbb74 StaticDependenciesID=e454362eccafc13cb49fbfe80e761094 
Number of updated asset objects reloaded before import = 0
Number of asset objects unloaded after import = 1
========================================================================
Received Import Request.
  Time of request: 2026-09-30T06:25:10.7022931Z
  Time since last request: 0.0006698 seconds.
  importAddress: GUID: e3429241d5021a44da59003734a5ba0f - Path: Assets/Twinsanity/Baked/Beach/Material_848 2.mat - Importer: ScriptedImporter/UnityEditor.QuickSearchModule:UnityEditor.Search:ASIAI0B
Importing 'GUID: e3429241d5021a44da59003734a5ba0f - Path: Assets/Twinsanity/Baked/Beach/Material_848 2.mat - Importer: ScriptedImporter/UnityEditor.QuickSearchModule:UnityEditor.Search:ASIAI0B' with importer (ScriptedImporter : UnityEditor.QuickSearchModule:UnityEditor.Search:ASIAI0B)
Imported 'GUID: e3429241d5021a44da59003734a5ba0f' -> (Import Result ID: 'f2d05571ea6064d80c899b87a5ffeb36') in 0.009 seconds [static and dynamic dependencies]. Details - ImportResultOutputID=0962cb8571c747d75f6b5338dd602bb5 DependenciesID=9f5fc0d6ef4687f31dc4adc5231d95ce StaticDependenciesID=157b5aed9897e5d1a70f3dab03169d08 
Number of updated asset objects reloaded before import = 0
Number of asset objects unloaded after import = 2
========================================================================
Received Import Request.
  Time of request: 2026-09-30T06:25:10.7121172Z
  Time since last request: 0.0005273 seconds.
  importAddress: GUID: a1bcc706dace3e3418ee0d765effb30e - Path: Assets/Twinsanity/Baked/Beach/Hubd_Scenery_Mesh_835 2.asset - Importer: ScriptedImporter/UnityEditor.QuickSearchModule:UnityEditor.Search:ASIAI0B
Importing 'GUID: a1bcc706dace3e3418ee0d765effb30e - Path: Assets/Twinsanity/Baked/Beach/Hubd_Scenery_Mesh_835 2.asset - Importer: ScriptedImporter/UnityEditor.QuickSearchModule:UnityEditor.Search:ASIAI0B' with importer (ScriptedImporter : UnityEditor.QuickSearchModule:UnityEditor.Search:ASIAI0B)
Imported 'GUID: a1bcc706dace3e3418ee0d765effb30e' -> (Import Result ID: '1ad63681c528a214f1e0e8b03e4f9b91') in 0.009 seconds [static and dynamic dependencies]. Details - ImportResultOutputID=7146519661238553485daeee0c6bef6f DependenciesID=d16fb3725d1b6147731ec66b4284f10a StaticDependenciesID=3bae7621edd487a03b8e4dd8efa59e42 
Number of updated asset objects reloaded before import = 0
Number of asset objects unloaded after import = 1
========================================================================
Received Import Request.
  Time of request: 2026-09-30T06:25:10.7226608Z
  Time since last request: 0.0006422 seconds.
  importAddress: GUID: 2142b4ac30731b04cb1682c48d7a9c74 - Path: Assets/Twinsanity/Baked/Beach/Hubd_Scenery_Mesh_837 2.asset - Importer: ScriptedImporter/UnityEditor.QuickSearchModule:UnityEditor.Search:ASIAI0B
Importing 'GUID: 2142b4ac30731b04cb1682c48d7a9c74 - Path: Assets/Twinsanity/Baked/Beach/Hubd_Scenery_Mesh_837 2.asset - Importer: ScriptedImporter/UnityEditor.QuickSearchModule:UnityEditor.Search:ASIAI0B' with importer (ScriptedImporter : UnityEditor.QuickSearchModule:UnityEditor.Search:ASIAI0B)
Imported 'GUID: 2142b4ac30731b04cb1682c48d7a9c74' -> (Import Result ID: 'dbf95f6d07382ce8c34a2f0656ccfed9') in 0.020 seconds [static and dynamic dependencies]. Details - ImportResultOutputID=570187426445d5bbffefefe0335776ad DependenciesID=16e847dee4c38015f5a67ecc0c486b64 StaticDependenciesID=f6e72851a8ed335cd5b0ec248ead4e3f 
Number of updated asset objects reloaded before import = 0
Number of asset objects unloaded after import = 1
========================================================================
Received Import Request.
  Time of request: 2026-09-30T06:25:10.7435657Z
  Time since last request: 0.0006434 seconds.
  importAddress: GUID: 07a78f59945c60f4482199cd24ec58f3 - Path: Assets/Twinsanity/Baked/Beach/Material_856 2.mat - Importer: ScriptedImporter/UnityEditor.QuickSearchModule:UnityEditor.Search:ASIAI0B
Importing 'GUID: 07a78f59945c60f4482199cd24ec58f3 - Path: Assets/Twinsanity/Baked/Beach/Material_856 2.mat - Importer: ScriptedImporter/UnityEditor.QuickSearchModule:UnityEditor.Search:ASIAI0B' with importer (ScriptedImporter : UnityEditor.QuickSearchModule:UnityEditor.Search:ASIAI0B)
Imported 'GUID: 07a78f59945c60f4482199cd24ec58f3' -> (Import Result ID: '68664d6701f6254fc0bda25e48816270') in 0.012 seconds [static and dynamic dependencies]. Details - ImportResultOutputID=358a4f35b618486de948b4918eb512d2 DependenciesID=c71faa155e7b74e47e74da39c55b8395 StaticDependenciesID=73129a9394300c37158d8b3f5223f45f 
Number of updated asset objects reloaded before import = 0
Number of asset objects unloaded after import = 2
========================================================================
Received Import Request.
  Time of request: 2026-09-30T06:25:10.7563802Z
  Time since last request: 0.0005596 seconds.
  importAddress: GUID: 9bc554a59a1d39d45adf94a48977da4b - Path: Assets/Twinsanity/Baked/Beach/Material_852 2.mat - Importer: ScriptedImporter/UnityEditor.QuickSearchModule:UnityEditor.Search:ASIAI0B
Importing 'GUID: 9bc554a59a1d39d45adf94a48977da4b - Path: Assets/Twinsanity/Baked/Beach/Material_852 2.mat - Importer: ScriptedImporter/UnityEditor.QuickSearchModule:UnityEditor.Search:ASIAI0B' with importer (ScriptedImporter : UnityEditor.QuickSearchModule:UnityEditor.Search:ASIAI0B)
Imported 'GUID: 9bc554a59a1d39d45adf94a48977da4b' -> (Import Result ID: '81f99ad738d2f11c4c68c2b0f37a4582') in 0.013 seconds [static and dynamic dependencies]. Details - ImportResultOutputID=898459af3bff573ed940c791b87156bd DependenciesID=d709b42b682e18ef0341db5631fce2fe StaticDependenciesID=3e5ae07b967caabfba10fffb086ada24 
Number of updated asset objects reloaded before import = 0
Number of asset objects unloaded after import = 2
========================================================================
Received Import Request.
  Time of request: 2026-09-30T06:25:10.7829168Z
  Time since last request: 0.013097 seconds.
  importAddress: GUID: ff892c281b29a9740b1fafe49dc4b019 - Path: Assets/Twinsanity/Baked/Beach/Material_942 2.mat - Importer: ScriptedImporter/UnityEditor.QuickSearchModule:UnityEditor.Search:ASIAI0B
Importing 'GUID: ff892c281b29a9740b1fafe49dc4b019 - Path: Assets/Twinsanity/Baked/Beach/Material_942 2.mat - Importer: ScriptedImporter/UnityEditor.QuickSearchModule:UnityEditor.Search:ASIAI0B' with importer (ScriptedImporter : UnityEditor.QuickSearchModule:UnityEditor.Search:ASIAI0B)
Imported 'GUID: ff892c281b29a9740b1fafe49dc4b019' -> (Import Result ID: '3c42c9fe7a736eab986d8a9cf8e93d51') in 0.009 seconds [static and dynamic dependencies]. Details - ImportResultOutputID=fc4e11d0f2838edc1fd09dfbe0d3e71c DependenciesID=721530e074ff9b2d132e4689d74878c3 StaticDependenciesID=30b678dc8949e47bb5d4f51d650524fc 
Number of updated asset objects reloaded before import = 0
Number of asset objects unloaded after import = 2
========================================================================
Received Import Request.
  Time of request: 2026-09-30T06:25:10.7943826Z
  Time since last request: 0.0018715 seconds.
  importAddress: GUID: d55c93071a8a2a44bb8540f7ab3adfd4 - Path: Assets/Twinsanity/Baked/Beach/Material_925 2.mat - Importer: ScriptedImporter/UnityEditor.QuickSearchModule:UnityEditor.Search:ASIAI0B
Importing 'GUID: d55c93071a8a2a44bb8540f7ab3adfd4 - Path: Assets/Twinsanity/Baked/Beach/Material_925 2.mat - Importer: ScriptedImporter/UnityEditor.QuickSearchModule:UnityEditor.Search:ASIAI0B' with importer (ScriptedImporter : UnityEditor.QuickSearchModule:UnityEditor.Search:ASIAI0B)
Imported 'GUID: d55c93071a8a2a44bb8540f7ab3adfd4' -> (Import Result ID: 'b263b8f37416f66a790c3189927ae012') in 0.008 seconds [static and dynamic dependencies]. Details - ImportResultOutputID=dcef788e9216f17112ca6df58c9e42b7 DependenciesID=2418bb8ec765857b86ca87a7dab5eab5 StaticDependenciesID=49dccc65ca3a86a143cfab62cb3b10d0 
Number of updated asset objects reloaded before import = 0
Number of asset objects unloaded after import = 2
========================================================================
Received Import Request.
  Time of request: 2026-09-30T06:25:10.8042324Z
  Time since last request: 0.0016178 seconds.
  importAddress: GUID: 9486a15a4d2a21f46a39ec10b165faf2 - Path: Assets/Twinsanity/Baked/Beach/Totemex_Scenery_Mesh_928 2.asset - Importer: ScriptedImporter/UnityEditor.QuickSearchModule:UnityEditor.Search:ASIAI0B
Importing 'GUID: 9486a15a4d2a21f46a39ec10b165faf2 - Path: Assets/Twinsanity/Baked/Beach/Totemex_Scenery_Mesh_928 2.asset - Importer: ScriptedImporter/UnityEditor.QuickSearchModule:UnityEditor.Search:ASIAI0B' with importer (ScriptedImporter : UnityEditor.QuickSearchModule:UnityEditor.Search:ASIAI0B)
Imported 'GUID: 9486a15a4d2a21f46a39ec10b165faf2' -> (Import Result ID: 'a6f0329c10c220525dbed6f8748534c5') in 0.008 seconds [static and dynamic dependencies]. Details - ImportResultOutputID=bee369ed3bab8407623a217ac6cf46c9 DependenciesID=f281189d23b4066fe36e620b86a5cf68 StaticDependenciesID=f96421d51c87bb0f96e84f578ede0f01 
Number of updated asset objects reloaded before import = 0
Number of asset objects unloaded after import = 1
========================================================================
Received Import Request.
  Time of request: 2026-09-30T06:25:10.8137455Z
  Time since last request: 0.0009177 seconds.
  importAddress: GUID: 243c1553a0a91e04db5dce71e787ee07 - Path: Assets/Twinsanity/Baked/Beach/bossarea_Collision_952 2.asset - Importer: ScriptedImporter/UnityEditor.QuickSearchModule:UnityEditor.Search:ASIAI0B
Importing 'GUID: 243c1553a0a91e04db5dce71e787ee07 - Path: Assets/Twinsanity/Baked/Beach/bossarea_Collision_952 2.asset - Importer: ScriptedImporter/UnityEditor.QuickSearchModule:UnityEditor.Search:ASIAI0B' with importer (ScriptedImporter : UnityEditor.QuickSearchModule:UnityEditor.Search:ASIAI0B)
Imported 'GUID: 243c1553a0a91e04db5dce71e787ee07' -> (Import Result ID: '811b1e2889663bd1b0a5ded46d194952') in 0.011 seconds [static and dynamic dependencies]. Details - ImportResultOutputID=86e8af23cdcc7e195bfeba72ed1fd525 DependenciesID=d2752ac0bc96bf6d6587e60828453874 StaticDependenciesID=e145a6a3b90c75f073969bf715b8e6f9 
Number of updated asset objects reloaded before import = 0
Number of asset objects unloaded after import = 1
========================================================================
Received Import Request.
  Time of request: 2026-09-30T06:25:10.8269369Z
  Time since last request: 0.0012972 seconds.
  importAddress: GUID: c9a03b7c6c1d6c84b87db74118b9dfbf - Path: Assets/Twinsanity/Baked/Beach/Material_930 2.mat - Importer: ScriptedImporter/UnityEditor.QuickSearchModule:UnityEditor.Search:ASIAI0B
Importing 'GUID: c9a03b7c6c1d6c84b87db74118b9dfbf - Path: Assets/Twinsanity/Baked/Beach/Material_930 2.mat - Importer: ScriptedImporter/UnityEditor.QuickSearchModule:UnityEditor.Search:ASIAI0B' with importer (ScriptedImporter : UnityEditor.QuickSearchModule:UnityEditor.Search:ASIAI0B)
Imported 'GUID: c9a03b7c6c1d6c84b87db74118b9dfbf' -> (Import Result ID: '47664d88bc40cc0c8d1bba9443711213') in 0.011 seconds [static and dynamic dependencies]. Details - ImportResultOutputID=e136d391f280cb7489a9ee1b46f33ef1 DependenciesID=9abb35be2132ce194edfdf5a28aa0029 StaticDependenciesID=630ac1add3cbd8562b25ac4074819347 
Number of updated asset objects reloaded before import = 0
Number of asset objects unloaded after import = 2
========================================================================
Received Import Request.
  Time of request: 2026-09-30T06:25:10.840283Z
  Time since last request: 0.0011276 seconds.
  importAddress: GUID: 1de7ea2566d6fbf44b40fa9835001bea - Path: Assets/Twinsanity/Baked/Beach/Pier_Scenery_Mesh_921 2.asset - Importer: ScriptedImporter/UnityEditor.QuickSearchModule:UnityEditor.Search:ASIAI0B
Importing 'GUID: 1de7ea2566d6fbf44b40fa9835001bea - Path: Assets/Twinsanity/Baked/Beach/Pier_Scenery_Mesh_921 2.asset - Importer: ScriptedImporter/UnityEditor.QuickSearchModule:UnityEditor.Search:ASIAI0B' with importer (ScriptedImporter : UnityEditor.QuickSearchModule:UnityEditor.Search:ASIAI0B)
Imported 'GUID: 1de7ea2566d6fbf44b40fa9835001bea' -> (Import Result ID: '6d35db6e2f43730c3c0d4cd0cad5bda3') in 0.007 seconds [static and dynamic dependencies]. Details - ImportResultOutputID=e4175a21ed1329dec4afece874c5b275 DependenciesID=3dcea53b65c98fc9b696f88faf45451c StaticDependenciesID=025be0e61f59a0170a737cc303230791 
Number of updated asset objects reloaded before import = 0
Number of asset objects unloaded after import = 1
========================================================================
Received Import Request.
  Time of request: 2026-09-30T06:25:10.8479113Z
  Time since last request: 0.0005478 seconds.
  importAddress: GUID: e8bf278f2c53c3f42ab86e743df94dcd - Path: Assets/Twinsanity/Baked/Beach/Hubboat2_Scenery_Mesh_945 2.asset - Importer: ScriptedImporter/UnityEditor.QuickSearchModule:UnityEditor.Search:ASIAI0B
Importing 'GUID: e8bf278f2c53c3f42ab86e743df94dcd - Path: Assets/Twinsanity/Baked/Beach/Hubboat2_Scenery_Mesh_945 2.asset - Importer: ScriptedImporter/UnityEditor.QuickSearchModule:UnityEditor.Search:ASIAI0B' with importer (ScriptedImporter : UnityEditor.QuickSearchModule:UnityEditor.Search:ASIAI0B)
Imported 'GUID: e8bf278f2c53c3f42ab86e743df94dcd' -> (Import Result ID: 'ac2c9475d3b5f0dd932e3345b9bd6f2d') in 0.004 seconds [static and dynamic dependencies]. Details - ImportResultOutputID=7966f51cd774852d3301cb376a0cf7af DependenciesID=c96f5201ef2fb12413b649466d5b340e StaticDependenciesID=6def66a321a7a0f9b50fda2c2e927419 
Number of updated asset objects reloaded before import = 0
Number of asset objects unloaded after import = 1
========================================================================
Received Import Request.
  Time of request: 2026-09-30T06:25:10.8531038Z
  Time since last request: 0.0005056 seconds.
  importAddress: GUID: da8372d52a3a6c04da24d2800c5898b7 - Path: Assets/Twinsanity/Baked/Beach/Pier_Scenery_Mesh_892 2.asset - Importer: ScriptedImporter/UnityEditor.QuickSearchModule:UnityEditor.Search:ASIAI0B
Importing 'GUID: da8372d52a3a6c04da24d2800c5898b7 - Path: Assets/Twinsanity/Baked/Beach/Pier_Scenery_Mesh_892 2.asset - Importer: ScriptedImporter/UnityEditor.QuickSearchModule:UnityEditor.Search:ASIAI0B' with importer (ScriptedImporter : UnityEditor.QuickSearchModule:UnityEditor.Search:ASIAI0B)
Imported 'GUID: da8372d52a3a6c04da24d2800c5898b7' -> (Import Result ID: '5f2740fe099597a4ee93c552789b5c7a') in 0.012 seconds [static and dynamic dependencies]. Details - ImportResultOutputID=59c81279762860e493e39bcfc44fb4c6 DependenciesID=3333a96f5937e909a7f1887364fa2385 StaticDependenciesID=fb21e2881ded8b1b2dfe65cee994310d 
Number of updated asset objects reloaded before import = 0
Number of asset objects unloaded after import = 1
========================================================================
Received Import Request.
  Time of request: 2026-09-30T06:25:10.8660426Z
  Time since last request: 0.0008986 seconds.
  importAddress: GUID: 2ff4b53bc8acf5b4aafec0d4afa0d2e0 - Path: Assets/Twinsanity/Baked/Beach/Material_898 2.mat - Importer: ScriptedImporter/UnityEditor.QuickSearchModule:UnityEditor.Search:ASIAI0B
Importing 'GUID: 2ff4b53bc8acf5b4aafec0d4afa0d2e0 - Path: Assets/Twinsanity/Baked/Beach/Material_898 2.mat - Importer: ScriptedImporter/UnityEditor.QuickSearchModule:UnityEditor.Search:ASIAI0B' with importer (ScriptedImporter : UnityEditor.QuickSearchModule:UnityEditor.Search:ASIAI0B)
Imported 'GUID: 2ff4b53bc8acf5b4aafec0d4afa0d2e0' -> (Import Result ID: '2d31addf4f01da3b1a4f8a742d157664') in 0.007 seconds [static and dynamic dependencies]. Details - ImportResultOutputID=afa80ded0cc28fbff789b5bda7a79aca DependenciesID=1a98c632f40cd96a550f467427168989 StaticDependenciesID=a0baaedfdb89631f39550e365e933416 
Number of updated asset objects reloaded before import = 0
Number of asset objects unloaded after import = 2
========================================================================
Received Import Request.
  Time of request: 2026-09-30T06:25:10.8740782Z
  Time since last request: 0.0004722 seconds.
  importAddress: GUID: dcf2d7fa52d0dae40a06f0ac0897630b - Path: Assets/Twinsanity/Baked/Beach/Pier_Scenery_Mesh_907 2.asset - Importer: ScriptedImporter/UnityEditor.QuickSearchModule:UnityEditor.Search:ASIAI0B
Importing 'GUID: dcf2d7fa52d0dae40a06f0ac0897630b - Path: Assets/Twinsanity/Baked/Beach/Pier_Scenery_Mesh_907 2.asset - Importer: ScriptedImporter/UnityEditor.QuickSearchModule:UnityEditor.Search:ASIAI0B' with importer (ScriptedImporter : UnityEditor.QuickSearchModule:UnityEditor.Search:ASIAI0B)
Imported 'GUID: dcf2d7fa52d0dae40a06f0ac0897630b' -> (Import Result ID: '526840a1f28360ba3e9bdf1b5cd276ea') in 0.008 seconds [static and dynamic dependencies]. Details - ImportResultOutputID=8e3715916f59aca959727ab7f3e61dbf DependenciesID=181c9dc121acb436ca60b2971d3cbb1c StaticDependenciesID=ff774c18f99b7b6428603ffbc5433fbc 
Number of updated asset objects reloaded before import = 0
Number of asset objects unloaded after import = 1
========================================================================
Received Import Request.
  Time of request: 2026-09-30T06:25:10.8854164Z
  Time since last request: 0.0020307 seconds.
  importAddress: GUID: 24b96a849e934ba47b51df27b6cae1b9 - Path: Assets/Twinsanity/Baked/Beach/Material_936 2.mat - Importer: ScriptedImporter/UnityEditor.QuickSearchModule:UnityEditor.Search:ASIAI0B
Importing 'GUID: 24b96a849e934ba47b51df27b6cae1b9 - Path: Assets/Twinsanity/Baked/Beach/Material_936 2.mat - Importer: ScriptedImporter/UnityEditor.QuickSearchModule:UnityEditor.Search:ASIAI0B' with importer (ScriptedImporter : UnityEditor.QuickSearchModule:UnityEditor.Search:ASIAI0B)
Imported 'GUID: 24b96a849e934ba47b51df27b6cae1b9' -> (Import Result ID: '73ede9b7362882b59070c09bbec9153d') in 0.010 seconds [static and dynamic dependencies]. Details - ImportResultOutputID=2caa76cdc9f08ed8ca3799e0fde9f07f DependenciesID=5705f3e06bd19ec96d009dd95b2ee954 StaticDependenciesID=b75ed4f17d29aba513c7e66b7bdfacfd 
Number of updated asset objects reloaded before import = 0
Number of asset objects unloaded after import = 2
========================================================================
Received Import Request.
  Time of request: 2026-09-30T06:25:10.8987438Z
  Time since last request: 0.0025227 seconds.
  importAddress: GUID: a8cca4296ca6b3b44a5097fd3d0ee7ab - Path: Assets/Twinsanity/Baked/Beach/Pier_Scenery_Mesh_893 2.asset - Importer: ScriptedImporter/UnityEditor.QuickSearchModule:UnityEditor.Search:ASIAI0B
Importing 'GUID: a8cca4296ca6b3b44a5097fd3d0ee7ab - Path: Assets/Twinsanity/Baked/Beach/Pier_Scenery_Mesh_893 2.asset - Importer: ScriptedImporter/UnityEditor.QuickSearchModule:UnityEditor.Search:ASIAI0B' with importer (ScriptedImporter : UnityEditor.QuickSearchModule:UnityEditor.Search:ASIAI0B)
Imported 'GUID: a8cca4296ca6b3b44a5097fd3d0ee7ab' -> (Import Result ID: '947efa9fca434f60ddc47c7834fdc3c6') in 0.007 seconds [static and dynamic dependencies]. Details - ImportResultOutputID=91c195cb8dea598deb23ccb13b775001 DependenciesID=4cf5797fbbbd2bdd0817061c288b88cb StaticDependenciesID=18cf2efa0d49faaf66df592a901e89ff 
Number of updated asset objects reloaded before import = 0
Number of asset objects unloaded after import = 1
========================================================================
Received Import Request.
  Time of request: 2026-09-30T06:25:10.9071725Z
  Time since last request: 0.0013928 seconds.
  importAddress: GUID: 59b8cddd5e5a8224b9dc603d715e395f - Path: Assets/Twinsanity/Baked/Beach/alwayson_Collision_953 2.asset - Importer: ScriptedImporter/UnityEditor.QuickSearchModule:UnityEditor.Search:ASIAI0B
Importing 'GUID: 59b8cddd5e5a8224b9dc603d715e395f - Path: Assets/Twinsanity/Baked/Beach/alwayson_Collision_953 2.asset - Importer: ScriptedImporter/UnityEditor.QuickSearchModule:UnityEditor.Search:ASIAI0B' with importer (ScriptedImporter : UnityEditor.QuickSearchModule:UnityEditor.Search:ASIAI0B)
Imported 'GUID: 59b8cddd5e5a8224b9dc603d715e395f' -> (Import Result ID: '9825a1aa4dd3ac313b8e4b9c157b6b5e') in 0.007 seconds [static and dynamic dependencies]. Details - ImportResultOutputID=f37b71d475accd95cc91e5b0896a5126 DependenciesID=8347280e9baf8a0f908093f8e741c3b5 StaticDependenciesID=58cd29a1b1db4ddf95f6fa871e3f0819 
Number of updated asset objects reloaded before import = 0
Number of asset objects unloaded after import = 1
========================================================================
Received Import Request.
  Time of request: 2026-09-30T06:25:10.9155399Z
  Time since last request: 0.001174 seconds.
  importAddress: GUID: e4f603767dbce2942b921ad2e5ba1e34 - Path: Assets/Twinsanity/Baked/Beach/Docent_Scenery_Mesh_929 2.asset - Importer: ScriptedImporter/UnityEditor.QuickSearchModule:UnityEditor.Search:ASIAI0B
Importing 'GUID: e4f603767dbce2942b921ad2e5ba1e34 - Path: Assets/Twinsanity/Baked/Beach/Docent_Scenery_Mesh_929 2.asset - Importer: ScriptedImporter/UnityEditor.QuickSearchModule:UnityEditor.Search:ASIAI0B' with importer (ScriptedImporter : UnityEditor.QuickSearchModule:UnityEditor.Search:ASIAI0B)
Imported 'GUID: e4f603767dbce2942b921ad2e5ba1e34' -> (Import Result ID: '31705087036f6f43f2ce8e9a3e41f7ce') in 0.007 seconds [static and dynamic dependencies]. Details - ImportResultOutputID=c7bb86873942d32f705ff772638ff7c8 DependenciesID=186bd9cffab85e6d0fb3744ef2bc3e13 StaticDependenciesID=6437734197d377ec5d23377d1bfc9451 
Number of updated asset objects reloaded before import = 0
Number of asset objects unloaded after import = 1
========================================================================
Received Import Request.
  Time of request: 2026-09-30T06:25:10.9239013Z
  Time since last request: 0.0006409 seconds.
  importAddress: GUID: c697956e62c1deb42bff7231132b302e - Path: Assets/Twinsanity/Baked/Beach/Hubboat1_Scenery_Mesh_939 2.asset - Importer: ScriptedImporter/UnityEditor.QuickSearchModule:UnityEditor.Search:ASIAI0B
Importing 'GUID: c697956e62c1deb42bff7231132b302e - Path: Assets/Twinsanity/Baked/Beach/Hubboat1_Scenery_Mesh_939 2.asset - Importer: ScriptedImporter/UnityEditor.QuickSearchModule:UnityEditor.Search:ASIAI0B' with importer (ScriptedImporter : UnityEditor.QuickSearchModule:UnityEditor.Search:ASIAI0B)
Imported 'GUID: c697956e62c1deb42bff7231132b302e' -> (Import Result ID: 'df0ad518b05246fd5fdb46242102683d') in 0.016 seconds [static and dynamic dependencies]. Details - ImportResultOutputID=4c6c5043e501ed7e0f9e63c9a849a153 DependenciesID=ba0a4b7344b497ad376500781ba6f30e StaticDependenciesID=aac359dc76f28b4f86cd5efd43ab7717 
Number of updated asset objects reloaded before import = 0
Number of asset objects unloaded after import = 1
========================================================================
Received Import Request.
  Time of request: 2026-09-30T06:25:10.9414038Z
  Time since last request: 0.0002875 seconds.
  importAddress: GUID: bc419e514517ba442abc9a870393979e - Path: Assets/Twinsanity/Baked/Beach/Material_923 2.mat - Importer: ScriptedImporter/UnityEditor.QuickSearchModule:UnityEditor.Search:ASIAI0B
Importing 'GUID: bc419e514517ba442abc9a870393979e - Path: Assets/Twinsanity/Baked/Beach/Material_923 2.mat - Importer: ScriptedImporter/UnityEditor.QuickSearchModule:UnityEditor.Search:ASIAI0B' with importer (ScriptedImporter : UnityEditor.QuickSearchModule:UnityEditor.Search:ASIAI0B)
Imported 'GUID: bc419e514517ba442abc9a870393979e' -> (Import Result ID: '74d580a1154a965393b7c774b82114fc') in 0.008 seconds [static and dynamic dependencies]. Details - ImportResultOutputID=cb36e598981293503e772bf36d86556c DependenciesID=ff14ed03c7850ae0676fe831e47aac25 StaticDependenciesID=dd4282a3d75f72eb50dcae37eeeb2b28 
Number of updated asset objects reloaded before import = 0
Number of asset objects unloaded after import = 2
========================================================================
Received Import Request.
  Time of request: 2026-09-30T06:25:10.9515844Z
  Time since last request: 0.0020567 seconds.
  importAddress: GUID: de82dad7d71568142b8f9d8bc13c4f26 - Path: Assets/Twinsanity/Baked/Beach/Hubboat2_Scenery_Mesh_947 2.asset - Importer: ScriptedImporter/UnityEditor.QuickSearchModule:UnityEditor.Search:ASIAI0B
Importing 'GUID: de82dad7d71568142b8f9d8bc13c4f26 - Path: Assets/Twinsanity/Baked/Beach/Hubboat2_Scenery_Mesh_947 2.asset - Importer: ScriptedImporter/UnityEditor.QuickSearchModule:UnityEditor.Search:ASIAI0B' with importer (ScriptedImporter : UnityEditor.QuickSearchModule:UnityEditor.Search:ASIAI0B)
Imported 'GUID: de82dad7d71568142b8f9d8bc13c4f26' -> (Import Result ID: 'f12669949d0d88a5a033f703d28a61d1') in 0.018 seconds [static and dynamic dependencies]. Details - ImportResultOutputID=1e7a9bf149330d179aa3fec99b185d01 DependenciesID=fbd6bcb98a69622157e8117b1eba2b5d StaticDependenciesID=510e368ed85741f52bce72e8764da0cf 
Number of updated asset objects reloaded before import = 0
Number of asset objects unloaded after import = 1
========================================================================
Received Import Request.
  Time of request: 2026-09-30T06:25:10.9709886Z
  Time since last request: 0.0005263 seconds.
  importAddress: GUID: c9bab85d534181f4eb788051bd42b2d4 - Path: Assets/Twinsanity/Baked/Beach/Pier_Scenery_Mesh_915 2.asset - Importer: ScriptedImporter/UnityEditor.QuickSearchModule:UnityEditor.Search:ASIAI0B
Importing 'GUID: c9bab85d534181f4eb788051bd42b2d4 - Path: Assets/Twinsanity/Baked/Beach/Pier_Scenery_Mesh_915 2.asset - Importer: ScriptedImporter/UnityEditor.QuickSearchModule:UnityEditor.Search:ASIAI0B' with importer (ScriptedImporter : UnityEditor.QuickSearchModule:UnityEditor.Search:ASIAI0B)
Imported 'GUID: c9bab85d534181f4eb788051bd42b2d4' -> (Import Result ID: '0b7b2f5fd8319b7abb5cf0a18194d979') in 0.007 seconds [static and dynamic dependencies]. Details - ImportResultOutputID=fa2d34f773a818506e0bf9345a2d884c DependenciesID=3ab3d588baa57a35a431437ea6799fca StaticDependenciesID=6d6d5ce6eac70b298c2c83c0f9c5ca36 
Number of updated asset objects reloaded before import = 0
Number of asset objects unloaded after import = 1
========================================================================
Received Import Request.
  Time of request: 2026-09-30T06:25:10.9785381Z
  Time since last request: 0.0004951 seconds.
  importAddress: GUID: 2bceb6a576fe2ae408f3719d3b0f7642 - Path: Assets/Twinsanity/Baked/Beach/Material_902 2.mat - Importer: ScriptedImporter/UnityEditor.QuickSearchModule:UnityEditor.Search:ASIAI0B
Importing 'GUID: 2bceb6a576fe2ae408f3719d3b0f7642 - Path: Assets/Twinsanity/Baked/Beach/Material_902 2.mat - Importer: ScriptedImporter/UnityEditor.QuickSearchModule:UnityEditor.Search:ASIAI0B' with importer (ScriptedImporter : UnityEditor.QuickSearchModule:UnityEditor.Search:ASIAI0B)
Imported 'GUID: 2bceb6a576fe2ae408f3719d3b0f7642' -> (Import Result ID: '1391b5a56b1adf80d154e927faf6389a') in 0.013 seconds [static and dynamic dependencies]. Details - ImportResultOutputID=c7f87ccc3828f6826ae01cb31e1023df DependenciesID=08855fd2bd1664201f971bc9e0dbfa68 StaticDependenciesID=98ec319ee3da4c43836b5963e808bc91 
Number of updated asset objects reloaded before import = 0
Number of asset objects unloaded after import = 2
========================================================================
Received Import Request.
  Time of request: 2026-09-30T06:25:10.9931201Z
  Time since last request: 0.0007729 seconds.
  importAddress: GUID: be2a20ea9eaaf7f4eb0fa4e5f118d5ca - Path: Assets/Twinsanity/Baked/Beach/Totemex_Scenery_Mesh_924 2.asset - Importer: ScriptedImporter/UnityEditor.QuickSearchModule:UnityEditor.Search:ASIAI0B
Importing 'GUID: be2a20ea9eaaf7f4eb0fa4e5f118d5ca - Path: Assets/Twinsanity/Baked/Beach/Totemex_Scenery_Mesh_924 2.asset - Importer: ScriptedImporter/UnityEditor.QuickSearchModule:UnityEditor.Search:ASIAI0B' with importer (ScriptedImporter : UnityEditor.QuickSearchModule:UnityEditor.Search:ASIAI0B)
Imported 'GUID: be2a20ea9eaaf7f4eb0fa4e5f118d5ca' -> (Import Result ID: '0e533cb9f3cd8abbcfc868f7619b016f') in 0.008 seconds [static and dynamic dependencies]. Details - ImportResultOutputID=6d95a935c7d16c496818c7cad83e404b DependenciesID=9b37a92fd294e37d0bb6efaeb00b5823 StaticDependenciesID=3f81cb01b94f3539904927b0c607a0d8 
Number of updated asset objects reloaded before import = 0
Number of asset objects unloaded after import = 1
========================================================================
Received Import Request.
  Time of request: 2026-09-30T06:25:11.0224294Z
  Time since last request: 0.0207992 seconds.
  importAddress: GUID: 3dc91f69be2bf974c9aa83ab8e1bd360 - Path: Assets/Twinsanity/Baked/Beach/Material_1001 2.mat - Importer: ScriptedImporter/UnityEditor.QuickSearchModule:UnityEditor.Search:ASIAI0B
Importing 'GUID: 3dc91f69be2bf974c9aa83ab8e1bd360 - Path: Assets/Twinsanity/Baked/Beach/Material_1001 2.mat - Importer: ScriptedImporter/UnityEditor.QuickSearchModule:UnityEditor.Search:ASIAI0B' with importer (ScriptedImporter : UnityEditor.QuickSearchModule:UnityEditor.Search:ASIAI0B)
Imported 'GUID: 3dc91f69be2bf974c9aa83ab8e1bd360' -> (Import Result ID: '60b67990416c66c2fe2ed1f56f5dc98b') in 0.010 seconds [static and dynamic dependencies]. Details - ImportResultOutputID=96241a4bb09e387b5ba3a2108f29c030 DependenciesID=e8936bf7fe7ae357c743eda2786ab72c StaticDependenciesID=128cdc06a7c71de5418ae95e5e1dbc72 
Number of updated asset objects reloaded before import = 0
Number of asset objects unloaded after import = 2
========================================================================
Received Import Request.
  Time of request: 2026-09-30T06:25:11.0331936Z
  Time since last request: 0.0005546 seconds.
  importAddress: GUID: 1a9143b4597a8c0439f60e64938d2034 - Path: Assets/Twinsanity/Baked/Beach/beach_62_AkuCrate_Mesh_983 2.asset - Importer: ScriptedImporter/UnityEditor.QuickSearchModule:UnityEditor.Search:ASIAI0B
Importing 'GUID: 1a9143b4597a8c0439f60e64938d2034 - Path: Assets/Twinsanity/Baked/Beach/beach_62_AkuCrate_Mesh_983 2.asset - Importer: ScriptedImporter/UnityEditor.QuickSearchModule:UnityEditor.Search:ASIAI0B' with importer (ScriptedImporter : UnityEditor.QuickSearchModule:UnityEditor.Search:ASIAI0B)
Imported 'GUID: 1a9143b4597a8c0439f60e64938d2034' -> (Import Result ID: '808ddfea315b946535bb8e5319f0c53d') in 0.007 seconds [static and dynamic dependencies]. Details - ImportResultOutputID=5a398f5474493e167ab0766bb4cbcbaa DependenciesID=35076252e596786e3590b3820f42fced StaticDependenciesID=3532f859b29febe962a38eb2f8abcc3d 
Number of updated asset objects reloaded before import = 0
Number of asset objects unloaded after import = 1
========================================================================
Received Import Request.
  Time of request: 2026-09-30T06:25:11.0415664Z
  Time since last request: 0.0005731 seconds.
  importAddress: GUID: 4439278e3bd78094eaef3873a2fe7f0c - Path: Assets/Twinsanity/Baked/Beach/huba_22_Wumpa_Mesh_1014 2.asset - Importer: ScriptedImporter/UnityEditor.QuickSearchModule:UnityEditor.Search:ASIAI0B
Importing 'GUID: 4439278e3bd78094eaef3873a2fe7f0c - Path: Assets/Twinsanity/Baked/Beach/huba_22_Wumpa_Mesh_1014 2.asset - Importer: ScriptedImporter/UnityEditor.QuickSearchModule:UnityEditor.Search:ASIAI0B' with importer (ScriptedImporter : UnityEditor.QuickSearchModule:UnityEditor.Search:ASIAI0B)
Imported 'GUID: 4439278e3bd78094eaef3873a2fe7f0c' -> (Import Result ID: '7c97e444f5e24b2783e5814e08947fd0') in 0.007 seconds [static and dynamic dependencies]. Details - ImportResultOutputID=f831b2ba2997af44345137bf8080714f DependenciesID=85f47f218f4b88ea66c9081d84a483f3 StaticDependenciesID=5ed88c9987578b7b85ea2a7d1a810dd5 
Number of updated asset objects reloaded before import = 0
Number of asset objects unloaded after import = 1
========================================================================
Received Import Request.
  Time of request: 2026-09-30T06:25:11.0495844Z
  Time since last request: 0.0006384 seconds.
  importAddress: GUID: 74e1a7a58e042a34eb953b376f7f5f7c - Path: Assets/Twinsanity/Baked/Beach/Material_969 2.mat - Importer: ScriptedImporter/UnityEditor.QuickSearchModule:UnityEditor.Search:ASIAI0B
Importing 'GUID: 74e1a7a58e042a34eb953b376f7f5f7c - Path: Assets/Twinsanity/Baked/Beach/Material_969 2.mat - Importer: ScriptedImporter/UnityEditor.QuickSearchModule:UnityEditor.Search:ASIAI0B' with importer (ScriptedImporter : UnityEditor.QuickSearchModule:UnityEditor.Search:ASIAI0B)
Imported 'GUID: 74e1a7a58e042a34eb953b376f7f5f7c' -> (Import Result ID: '392b67943c9944bc5c06f2a0c4b129aa') in 0.007 seconds [static and dynamic dependencies]. Details - ImportResultOutputID=3914d1e18fdcf1fb1315189d78093434 DependenciesID=885f6d6f739486dcfddd93abda809712 StaticDependenciesID=ca5051d5c5328a04b2c73361c222158e 
Number of updated asset objects reloaded before import = 0
Number of asset objects unloaded after import = 2
========================================================================
Received Import Request.
  Time of request: 2026-09-30T06:25:11.0572606Z
  Time since last request: 0.0003326 seconds.
  importAddress: GUID: 26c69ae7519ffb84a8f919a52af68940 - Path: Assets/Twinsanity/Baked/Beach/Material_967 2.mat - Importer: ScriptedImporter/UnityEditor.QuickSearchModule:UnityEditor.Search:ASIAI0B
Importing 'GUID: 26c69ae7519ffb84a8f919a52af68940 - Path: Assets/Twinsanity/Baked/Beach/Material_967 2.mat - Importer: ScriptedImporter/UnityEditor.QuickSearchModule:UnityEditor.Search:ASIAI0B' with importer (ScriptedImporter : UnityEditor.QuickSearchModule:UnityEditor.Search:ASIAI0B)
Imported 'GUID: 26c69ae7519ffb84a8f919a52af68940' -> (Import Result ID: '26f28e3628532c810c55473b17ea9fbb') in 0.007 seconds [static and dynamic dependencies]. Details - ImportResultOutputID=82aa32b579ca0da8ab861346b87af72c DependenciesID=107af4b902975e5b8f130ace770ef08c StaticDependenciesID=8e0d7524d5a750e3e0010f6ef3a34c5a 
Number of updated asset objects reloaded before import = 0
Number of asset objects unloaded after import = 2
========================================================================
Received Import Request.
  Time of request: 2026-09-30T06:25:11.0648331Z
  Time since last request: 0.0005488 seconds.
  importAddress: GUID: 0ac464e6211e245409c3edcbef6f51e8 - Path: Assets/Twinsanity/Baked/Beach/beach_2_TntCrate_Mesh_970 2.asset - Importer: ScriptedImporter/UnityEditor.QuickSearchModule:UnityEditor.Search:ASIAI0B
Importing 'GUID: 0ac464e6211e245409c3edcbef6f51e8 - Path: Assets/Twinsanity/Baked/Beach/beach_2_TntCrate_Mesh_970 2.asset - Importer: ScriptedImporter/UnityEditor.QuickSearchModule:UnityEditor.Search:ASIAI0B' with importer (ScriptedImporter : UnityEditor.QuickSearchModule:UnityEditor.Search:ASIAI0B)
Imported 'GUID: 0ac464e6211e245409c3edcbef6f51e8' -> (Import Result ID: '1081120accaf5a888f9b295d4cb11246') in 0.004 seconds [static and dynamic dependencies]. Details - ImportResultOutputID=dc5d743c412e34f8bfa232ad4c39b283 DependenciesID=d662bdba4db195fdd861a81b3da920ea StaticDependenciesID=bbac9a21002fc1e2101dd0bf19b96cae 
Number of updated asset objects reloaded before import = 0
Number of asset objects unloaded after import = 1
========================================================================
Received Import Request.
  Time of request: 2026-09-30T06:25:11.0699379Z
  Time since last request: 0.0004059 seconds.
  importAddress: GUID: 96e56a0d6a12858498f71d2a67be0af5 - Path: Assets/Twinsanity/Baked/Beach/huba_21_Wumpa_Mesh_1010 2.asset - Importer: ScriptedImporter/UnityEditor.QuickSearchModule:UnityEditor.Search:ASIAI0B
Importing 'GUID: 96e56a0d6a12858498f71d2a67be0af5 - Path: Assets/Twinsanity/Baked/Beach/huba_21_Wumpa_Mesh_1010 2.asset - Importer: ScriptedImporter/UnityEditor.QuickSearchModule:UnityEditor.Search:ASIAI0B' with importer (ScriptedImporter : UnityEditor.QuickSearchModule:UnityEditor.Search:ASIAI0B)
Imported 'GUID: 96e56a0d6a12858498f71d2a67be0af5' -> (Import Result ID: '319b04a249008d5b872bfc8eec3c4bb8') in 0.007 seconds [static and dynamic dependencies]. Details - ImportResultOutputID=2a580dd704101787cbbe1f012b3436fc DependenciesID=45dcc8fd8ae54bb2d6e1005b4a84866b StaticDependenciesID=e371f65e2d756a9975939f601cf8203a 
Number of updated asset objects reloaded before import = 0
Number of asset objects unloaded after import = 1
========================================================================
Received Import Request.
  Time of request: 2026-09-30T06:25:11.0780655Z
  Time since last request: 0.0003337 seconds.
  importAddress: GUID: 27b38d143f1f85e4c98e6ec347683c2a - Path: Assets/Twinsanity/Baked/Beach/hubc_Collision_957 2.asset - Importer: ScriptedImporter/UnityEditor.QuickSearchModule:UnityEditor.Search:ASIAI0B
Importing 'GUID: 27b38d143f1f85e4c98e6ec347683c2a - Path: Assets/Twinsanity/Baked/Beach/hubc_Collision_957 2.asset - Importer: ScriptedImporter/UnityEditor.QuickSearchModule:UnityEditor.Search:ASIAI0B' with importer (ScriptedImporter : UnityEditor.QuickSearchModule:UnityEditor.Search:ASIAI0B)
Imported 'GUID: 27b38d143f1f85e4c98e6ec347683c2a' -> (Import Result ID: '935524eae8dc2152e44b17bced05053c') in 0.007 seconds [static and dynamic dependencies]. Details - ImportResultOutputID=b413d57aa7ba4a0eaa2e0d8f12605552 DependenciesID=662fae9b00fe6e7fbe4d3fd3340ed206 StaticDependenciesID=678448e3defa17a60d7a1875fc0d7b73 
Number of updated asset objects reloaded before import = 0
Number of asset objects unloaded after import = 1
========================================================================
Received Import Request.
  Time of request: 2026-09-30T06:25:11.0863842Z
  Time since last request: 0.0005105 seconds.
  importAddress: GUID: 8042ff1351fd9a943b7ba20a3efbc0e5 - Path: Assets/Twinsanity/Baked/Beach/huba_22_Wumpa_Mesh_1015 2.asset - Importer: ScriptedImporter/UnityEditor.QuickSearchModule:UnityEditor.Search:ASIAI0B
Importing 'GUID: 8042ff1351fd9a943b7ba20a3efbc0e5 - Path: Assets/Twinsanity/Baked/Beach/huba_22_Wumpa_Mesh_1015 2.asset - Importer: ScriptedImporter/UnityEditor.QuickSearchModule:UnityEditor.Search:ASIAI0B' with importer (ScriptedImporter : UnityEditor.QuickSearchModule:UnityEditor.Search:ASIAI0B)
Imported 'GUID: 8042ff1351fd9a943b7ba20a3efbc0e5' -> (Import Result ID: 'ccc030ff9bb8ee2baaaafb3500b456e1') in 0.006 seconds [static and dynamic dependencies]. Details - ImportResultOutputID=28a5e76931553fc783d6a3d7fca2b351 DependenciesID=1560f6e468abc2439b104492ebae1e78 StaticDependenciesID=f2231f5a5ec4fa850b0ddd5e16a04d21 
Number of updated asset objects reloaded before import = 0
Number of asset objects unloaded after import = 1
========================================================================
Received Import Request.
  Time of request: 2026-09-30T06:25:11.094071Z
  Time since last request: 0.0015467 seconds.
  importAddress: GUID: c8d9df18d25ea9b4aa6bae117ef17dce - Path: Assets/Twinsanity/Baked/Beach/beach_10_GemBlue_Mesh_972 2.asset - Importer: ScriptedImporter/UnityEditor.QuickSearchModule:UnityEditor.Search:ASIAI0B
Importing 'GUID: c8d9df18d25ea9b4aa6bae117ef17dce - Path: Assets/Twinsanity/Baked/Beach/beach_10_GemBlue_Mesh_972 2.asset - Importer: ScriptedImporter/UnityEditor.QuickSearchModule:UnityEditor.Search:ASIAI0B' with importer (ScriptedImporter : UnityEditor.QuickSearchModule:UnityEditor.Search:ASIAI0B)
Imported 'GUID: c8d9df18d25ea9b4aa6bae117ef17dce' -> (Import Result ID: '887807b9fd16769557260c7f302cad8c') in 0.006 seconds [static and dynamic dependencies]. Details - ImportResultOutputID=00bc4cab5522d84fce2161bb9a184f13 DependenciesID=f2aa2cbd330923ada201dc08b0253a48 StaticDependenciesID=8f418e3d79e54913ee29abf252918db5 
Number of updated asset objects reloaded before import = 0
Number of asset objects unloaded after import = 1
========================================================================
Received Import Request.
  Time of request: 2026-09-30T06:25:11.1016316Z
  Time since last request: 0.0005799 seconds.
  importAddress: GUID: 60a467f955919404ca8a1c0c57db2692 - Path: Assets/Twinsanity/Baked/Beach/huba_13_BasicCrate_Mesh_992 2.asset - Importer: ScriptedImporter/UnityEditor.QuickSearchModule:UnityEditor.Search:ASIAI0B
Importing 'GUID: 60a467f955919404ca8a1c0c57db2692 - Path: Assets/Twinsanity/Baked/Beach/huba_13_BasicCrate_Mesh_992 2.asset - Importer: ScriptedImporter/UnityEditor.QuickSearchModule:UnityEditor.Search:ASIAI0B' with importer (ScriptedImporter : UnityEditor.QuickSearchModule:UnityEditor.Search:ASIAI0B)
Imported 'GUID: 60a467f955919404ca8a1c0c57db2692' -> (Import Result ID: 'f24e9164ff48276a971f7cbf8577c625') in 0.009 seconds [static and dynamic dependencies]. Details - ImportResultOutputID=71036899da85347b4dea304a99f44a1c DependenciesID=09d2621e46e7b385069ee9ba2edea30b StaticDependenciesID=386a919a53883fd19dfbcbe0521fe273 
Number of updated asset objects reloaded before import = 0
Number of asset objects unloaded after import = 1
========================================================================
Received Import Request.
  Time of request: 2026-09-30T06:25:11.1112397Z
  Time since last request: 0.000591 seconds.
  importAddress: GUID: 495cbd12535f5bc43a5a0f7d88826dc4 - Path: Assets/Twinsanity/Baked/Beach/huba_22_Wumpa_Mesh_1013 2.asset - Importer: ScriptedImporter/UnityEditor.QuickSearchModule:UnityEditor.Search:ASIAI0B
Importing 'GUID: 495cbd12535f5bc43a5a0f7d88826dc4 - Path: Assets/Twinsanity/Baked/Beach/huba_22_Wumpa_Mesh_1013 2.asset - Importer: ScriptedImporter/UnityEditor.QuickSearchModule:UnityEditor.Search:ASIAI0B' with importer (ScriptedImporter : UnityEditor.QuickSearchModule:UnityEditor.Search:ASIAI0B)
Imported 'GUID: 495cbd12535f5bc43a5a0f7d88826dc4' -> (Import Result ID: '7dea053010273d73307d8a76016bf390') in 0.005 seconds [static and dynamic dependencies]. Details - ImportResultOutputID=b47e17ac724f0115f7bd7df5cec07fcb DependenciesID=e4352438c2f40fbc9b963a11a1f55235 StaticDependenciesID=d638d6d40b645a87c9c70b4090dddcdd 
Number of updated asset objects reloaded before import = 0
Number of asset objects unloaded after import = 1
========================================================================
Received Import Request.
  Time of request: 2026-09-30T06:25:11.1175859Z
  Time since last request: 0.0004902 seconds.
  importAddress: GUID: f4c49bc0e1525e64c969810537fc3c29 - Path: Assets/Twinsanity/Baked/Beach/beach_62_AkuCrate_Mesh_980 2.asset - Importer: ScriptedImporter/UnityEditor.QuickSearchModule:UnityEditor.Search:ASIAI0B
Importing 'GUID: f4c49bc0e1525e64c969810537fc3c29 - Path: Assets/Twinsanity/Baked/Beach/beach_62_AkuCrate_Mesh_980 2.asset - Importer: ScriptedImporter/UnityEditor.QuickSearchModule:UnityEditor.Search:ASIAI0B' with importer (ScriptedImporter : UnityEditor.QuickSearchModule:UnityEditor.Search:ASIAI0B)
Imported 'GUID: f4c49bc0e1525e64c969810537fc3c29' -> (Import Result ID: '54456cb59b3a900863a80bd73c2b449f') in 0.006 seconds [static and dynamic dependencies]. Details - ImportResultOutputID=e700d8ddfbdc56555965684f07e6c1f3 DependenciesID=0ab9c066a5e4f18fca0fcc94ef9ca591 StaticDependenciesID=ce15c176cc512e8af99c17ebd3177602 
Number of updated asset objects reloaded before import = 0
Number of asset objects unloaded after import = 1
========================================================================
Received Import Request.
  Time of request: 2026-09-30T06:25:11.124716Z
  Time since last request: 0.0004851 seconds.
  importAddress: GUID: 76b0e1e8108cfbc4d80c8b1fbdfbaca0 - Path: Assets/Twinsanity/Baked/Beach/hubboat1_Collision_962 2.asset - Importer: ScriptedImporter/UnityEditor.QuickSearchModule:UnityEditor.Search:ASIAI0B
Importing 'GUID: 76b0e1e8108cfbc4d80c8b1fbdfbaca0 - Path: Assets/Twinsanity/Baked/Beach/hubboat1_Collision_962 2.asset - Importer: ScriptedImporter/UnityEditor.QuickSearchModule:UnityEditor.Search:ASIAI0B' with importer (ScriptedImporter : UnityEditor.QuickSearchModule:UnityEditor.Search:ASIAI0B)
Imported 'GUID: 76b0e1e8108cfbc4d80c8b1fbdfbaca0' -> (Import Result ID: '038c9acf87ebef2567d1939c4d2b64b7') in 0.010 seconds [static and dynamic dependencies]. Details - ImportResultOutputID=a5fdae441cbf329f4e05123f023f0f79 DependenciesID=6eda53ec03fc0ad52b0d3e2f13ac08b9 StaticDependenciesID=85fad96adb091748dd7ad2604c44a583 
Number of updated asset objects reloaded before import = 0
Number of asset objects unloaded after import = 1
========================================================================
Received Import Request.
  Time of request: 2026-09-30T06:25:11.1362012Z
  Time since last request: 0.0009958 seconds.
  importAddress: GUID: a3e5e9b28b893924e9bb6bc54e62d986 - Path: Assets/Twinsanity/Baked/Beach/huba_22_Wumpa_Mesh_1011 2.asset - Importer: ScriptedImporter/UnityEditor.QuickSearchModule:UnityEditor.Search:ASIAI0B
Importing 'GUID: a3e5e9b28b893924e9bb6bc54e62d986 - Path: Assets/Twinsanity/Baked/Beach/huba_22_Wumpa_Mesh_1011 2.asset - Importer: ScriptedImporter/UnityEditor.QuickSearchModule:UnityEditor.Search:ASIAI0B' with importer (ScriptedImporter : UnityEditor.QuickSearchModule:UnityEditor.Search:ASIAI0B)
Imported 'GUID: a3e5e9b28b893924e9bb6bc54e62d986' -> (Import Result ID: '640bc33874f3cfdd943423e636f8b105') in 0.009 seconds [static and dynamic dependencies]. Details - ImportResultOutputID=129de6ee98c22bb1c8b144ce7efca69c DependenciesID=6b711f23cb69602fd355e41383fe2dcf StaticDependenciesID=180645ac4e4176309c3d95d901cdb391 
Number of updated asset objects reloaded before import = 0
Number of asset objects unloaded after import = 1
========================================================================
Received Import Request.
  Time of request: 2026-09-30T06:25:11.1470914Z
  Time since last request: 0.0012421 seconds.
  importAddress: GUID: 578beb6d667846c428718b3f97003678 - Path: Assets/Twinsanity/Baked/Beach/beach_62_AkuCrate_Mesh_982 2.asset - Importer: ScriptedImporter/UnityEditor.QuickSearchModule:UnityEditor.Search:ASIAI0B
Importing 'GUID: 578beb6d667846c428718b3f97003678 - Path: Assets/Twinsanity/Baked/Beach/beach_62_AkuCrate_Mesh_982 2.asset - Importer: ScriptedImporter/UnityEditor.QuickSearchModule:UnityEditor.Search:ASIAI0B' with importer (ScriptedImporter : UnityEditor.QuickSearchModule:UnityEditor.Search:ASIAI0B)
Imported 'GUID: 578beb6d667846c428718b3f97003678' -> (Import Result ID: 'ce3ec1b336e085a240e6ef3bb455d6ce') in 0.006 seconds [static and dynamic dependencies]. Details - ImportResultOutputID=29c73a15acc4e2b7954342e437adf9db DependenciesID=357c3c19e4e2ae44a627fedd062a7a20 StaticDependenciesID=88541097b6c94e5dd03a9cad026d262c 
Number of updated asset objects reloaded before import = 0
Number of asset objects unloaded after import = 1
========================================================================
Received Import Request.
  Time of request: 2026-09-30T06:25:11.1544457Z
  Time since last request: 0.0004887 seconds.
  importAddress: GUID: 74189911ca7c92849b74f1556ed4372c - Path: Assets/Twinsanity/Baked/Beach/huba_20_Wumpa_Mesh_1004 2.asset - Importer: ScriptedImporter/UnityEditor.QuickSearchModule:UnityEditor.Search:ASIAI0B
Importing 'GUID: 74189911ca7c92849b74f1556ed4372c - Path: Assets/Twinsanity/Baked/Beach/huba_20_Wumpa_Mesh_1004 2.asset - Importer: ScriptedImporter/UnityEditor.QuickSearchModule:UnityEditor.Search:ASIAI0B' with importer (ScriptedImporter : UnityEditor.QuickSearchModule:UnityEditor.Search:ASIAI0B)
Imported 'GUID: 74189911ca7c92849b74f1556ed4372c' -> (Import Result ID: '038f963915b70df8a773a155821a28f2') in 0.005 seconds [static and dynamic dependencies]. Details - ImportResultOutputID=fa89cc8ddcb43a875470a728184eefef DependenciesID=be0a62cfa90aa177920741a5f703a69e StaticDependenciesID=87b7a8ce74ca0ebff435795664fdb45b 
Number of updated asset objects reloaded before import = 0
Number of asset objects unloaded after import = 1
========================================================================
Received Import Request.
  Time of request: 2026-09-30T06:25:11.1605349Z
  Time since last request: 0.0005306 seconds.
  importAddress: GUID: c036d972a45343246a9dd6f3b0fdd907 - Path: Assets/Twinsanity/Baked/Beach/highpath_Collision_956 2.asset - Importer: ScriptedImporter/UnityEditor.QuickSearchModule:UnityEditor.Search:ASIAI0B
Importing 'GUID: c036d972a45343246a9dd6f3b0fdd907 - Path: Assets/Twinsanity/Baked/Beach/highpath_Collision_956 2.asset - Importer: ScriptedImporter/UnityEditor.QuickSearchModule:UnityEditor.Search:ASIAI0B' with importer (ScriptedImporter : UnityEditor.QuickSearchModule:UnityEditor.Search:ASIAI0B)
Imported 'GUID: c036d972a45343246a9dd6f3b0fdd907' -> (Import Result ID: 'de9934e4bf25ad9bc3031ba22b958d8f') in 0.009 seconds [static and dynamic dependencies]. Details - ImportResultOutputID=7dbb887154b1fe80c7edd1a2b4352b40 DependenciesID=5b4462852ffd350486caa61da5395468 StaticDependenciesID=e1db75c8ab50d9b455d119265e734dc8 
Number of updated asset objects reloaded before import = 0
Number of asset objects unloaded after import = 1
========================================================================
Received Import Request.
  Time of request: 2026-09-30T06:25:11.1702764Z
  Time since last request: 0.0007261 seconds.
  importAddress: GUID: 022bf26e20c52d14b90ddae6086e542b - Path: Assets/Twinsanity/Baked/Beach/Material_1003 2.mat - Importer: ScriptedImporter/UnityEditor.QuickSearchModule:UnityEditor.Search:ASIAI0B
Importing 'GUID: 022bf26e20c52d14b90ddae6086e542b - Path: Assets/Twinsanity/Baked/Beach/Material_1003 2.mat - Importer: ScriptedImporter/UnityEditor.QuickSearchModule:UnityEditor.Search:ASIAI0B' with importer (ScriptedImporter : UnityEditor.QuickSearchModule:UnityEditor.Search:ASIAI0B)
Imported 'GUID: 022bf26e20c52d14b90ddae6086e542b' -> (Import Result ID: 'c34ba504897a32f5bc9d5ed1f0bd91de') in 0.008 seconds [static and dynamic dependencies]. Details - ImportResultOutputID=93c1ef54c5ce9d36284ea71b4a6a2528 DependenciesID=bd26c45bbb065916311135ff1fc8ea7b StaticDependenciesID=e507b28423c08de6ca5f8e7a04be7291 
Number of updated asset objects reloaded before import = 0
Number of asset objects unloaded after import = 2
========================================================================
Received Import Request.
  Time of request: 2026-09-30T06:25:11.1788838Z
  Time since last request: 0.0005704 seconds.
  importAddress: GUID: a49abdd3fb3e1174d92f91ecc5db8aba - Path: Assets/Twinsanity/Baked/Beach/beach_10_GemBlue_Mesh_974 2.asset - Importer: ScriptedImporter/UnityEditor.QuickSearchModule:UnityEditor.Search:ASIAI0B
Importing 'GUID: a49abdd3fb3e1174d92f91ecc5db8aba - Path: Assets/Twinsanity/Baked/Beach/beach_10_GemBlue_Mesh_974 2.asset - Importer: ScriptedImporter/UnityEditor.QuickSearchModule:UnityEditor.Search:ASIAI0B' with importer (ScriptedImporter : UnityEditor.QuickSearchModule:UnityEditor.Search:ASIAI0B)
Imported 'GUID: a49abdd3fb3e1174d92f91ecc5db8aba' -> (Import Result ID: '00e6dd61b7463ea628ffd8c01d63c1ba') in 0.006 seconds [static and dynamic dependencies]. Details - ImportResultOutputID=497e73723845aa31341c0fa0fe005c9e DependenciesID=6f3f1ee66f0587ed35e500b8232aac08 StaticDependenciesID=82a5e55bb85834c5e638f164688f7761 
Number of updated asset objects reloaded before import = 0
Number of asset objects unloaded after import = 1
========================================================================
Received Import Request.
  Time of request: 2026-09-30T06:25:11.1865149Z
  Time since last request: 0.0006452 seconds.
  importAddress: GUID: 6c173cdbc0d466547a19100b749ff4c9 - Path: Assets/Twinsanity/Baked/Beach/bossarea_34_ExtraLifeCrate_Mesh_986 2.asset - Importer: ScriptedImporter/UnityEditor.QuickSearchModule:UnityEditor.Search:ASIAI0B
Importing 'GUID: 6c173cdbc0d466547a19100b749ff4c9 - Path: Assets/Twinsanity/Baked/Beach/bossarea_34_ExtraLifeCrate_Mesh_986 2.asset - Importer: ScriptedImporter/UnityEditor.QuickSearchModule:UnityEditor.Search:ASIAI0B' with importer (ScriptedImporter : UnityEditor.QuickSearchModule:UnityEditor.Search:ASIAI0B)
Imported 'GUID: 6c173cdbc0d466547a19100b749ff4c9' -> (Import Result ID: '2919094c4184a3d1e3e59424ed23e820') in 0.005 seconds [static and dynamic dependencies]. Details - ImportResultOutputID=9828ccdb634b4fb7e0898ee01fc925a6 DependenciesID=9f20d4c0c64a60b0d7071eb8fece1d2a StaticDependenciesID=fba95e108858eece067d65261d1601ed 
Number of updated asset objects reloaded before import = 0
Number of asset objects unloaded after import = 1
========================================================================
Received Import Request.
  Time of request: 2026-09-30T06:25:11.1929227Z
  Time since last request: 0.0006435 seconds.
  importAddress: GUID: 87b03304486d8924dbc92f0494cd6d72 - Path: Assets/Twinsanity/Baked/Beach/Material_975 2.mat - Importer: ScriptedImporter/UnityEditor.QuickSearchModule:UnityEditor.Search:ASIAI0B
Importing 'GUID: 87b03304486d8924dbc92f0494cd6d72 - Path: Assets/Twinsanity/Baked/Beach/Material_975 2.mat - Importer: ScriptedImporter/UnityEditor.QuickSearchModule:UnityEditor.Search:ASIAI0B' with importer (ScriptedImporter : UnityEditor.QuickSearchModule:UnityEditor.Search:ASIAI0B)
Imported 'GUID: 87b03304486d8924dbc92f0494cd6d72' -> (Import Result ID: 'b990772a220b9a12adbdc00896c6a994') in 0.006 seconds [static and dynamic dependencies]. Details - ImportResultOutputID=535eb4df63d83133519800a34f713a26 DependenciesID=1dbcb4d7456814c55ba47164dcb30f11 StaticDependenciesID=29c329dd777d283469591b42fc764d65 
Number of updated asset objects reloaded before import = 0
Number of asset objects unloaded after import = 2
========================================================================
Received Import Request.
  Time of request: 2026-09-30T06:25:24.4032867Z
  Time since last request: 13.2034156 seconds.
  importAddress: GUID: 28e55f60c6d5ad54bba966a8f3d28f33 - Path: Assets/Twinsanity/Baked/Beach/hubb_26_Wumpa_Mesh_1048 2.asset - Importer: ScriptedImporter/UnityEditor.QuickSearchModule:UnityEditor.Search:ASIAI0B
Importing 'GUID: 28e55f60c6d5ad54bba966a8f3d28f33 - Path: Assets/Twinsanity/Baked/Beach/hubb_26_Wumpa_Mesh_1048 2.asset - Importer: ScriptedImporter/UnityEditor.QuickSearchModule:UnityEditor.Search:ASIAI0B' with importer (ScriptedImporter : UnityEditor.QuickSearchModule:UnityEditor.Search:ASIAI0B)
Imported 'GUID: 28e55f60c6d5ad54bba966a8f3d28f33' -> (Import Result ID: '71802707f43f913ced21827dc3dca6cd') in 0.015 seconds [static and dynamic dependencies]. Details - ImportResultOutputID=401979200a133decde98451c39ef9083 DependenciesID=ecaa9a074fe1c000461cbc761dd5309e StaticDependenciesID=db9d3a5d73ad100e418ff99c7e8e08a3 
Number of updated asset objects reloaded before import = 0
Number of asset objects unloaded after import = 1
========================================================================
Received Import Request.
  Time of request: 2026-09-30T06:25:24.4196008Z
  Time since last request: 0.0001805 seconds.
  importAddress: GUID: 3da18d8587d352244892c5ee6dc2d321 - Path: Assets/Twinsanity/Baked/Beach/highpath_10_NitroCrate_Mesh_1072 2.asset - Importer: ScriptedImporter/UnityEditor.QuickSearchModule:UnityEditor.Search:ASIAI0B
Importing 'GUID: 3da18d8587d352244892c5ee6dc2d321 - Path: Assets/Twinsanity/Baked/Beach/highpath_10_NitroCrate_Mesh_1072 2.asset - Importer: ScriptedImporter/UnityEditor.QuickSearchModule:UnityEditor.Search:ASIAI0B' with importer (ScriptedImporter : UnityEditor.QuickSearchModule:UnityEditor.Search:ASIAI0B)
Imported 'GUID: 3da18d8587d352244892c5ee6dc2d321' -> (Import Result ID: '0a2e788a8a565b761a87b569de8b089b') in 0.014 seconds [static and dynamic dependencies]. Details - ImportResultOutputID=e5fef1a43dc727458a6ec4e37df4ec84 DependenciesID=ad328bd4d9a1acb220603af68faf46f2 StaticDependenciesID=76230e6db2b9b56fe0b4b5d5cdc8e287 
Number of updated asset objects reloaded before import = 0
Number of asset objects unloaded after import = 1
========================================================================
Received Import Request.
  Time of request: 2026-09-30T06:25:24.4349897Z
  Time since last request: 0.0005222 seconds.
  importAddress: GUID: c576f556186a53143bd6d8c5f69fd86f - Path: Assets/Twinsanity/Baked/Beach/highpath_9_NitroCrate_Mesh_1070 2.asset - Importer: ScriptedImporter/UnityEditor.QuickSearchModule:UnityEditor.Search:ASIAI0B
Importing 'GUID: c576f556186a53143bd6d8c5f69fd86f - Path: Assets/Twinsanity/Baked/Beach/highpath_9_NitroCrate_Mesh_1070 2.asset - Importer: ScriptedImporter/UnityEditor.QuickSearchModule:UnityEditor.Search:ASIAI0B' with importer (ScriptedImporter : UnityEditor.QuickSearchModule:UnityEditor.Search:ASIAI0B)
Imported 'GUID: c576f556186a53143bd6d8c5f69fd86f' -> (Import Result ID: '9b3eb45358b11470dc11079c5b2531ee') in 0.007 seconds [static and dynamic dependencies]. Details - ImportResultOutputID=41536d1397810591bb71383fcc0f361d DependenciesID=dfa4ed8f801acfd665ce1f4a0a5ea1c1 StaticDependenciesID=aad17cad51f27021e66c356811c50deb 
Number of updated asset objects reloaded before import = 0
Number of asset objects unloaded after import = 1
========================================================================
Received Import Request.
  Time of request: 2026-09-30T06:25:24.4438941Z
  Time since last request: 0.0009962 seconds.
  importAddress: GUID: 0d9e4a4cdd9f5c543baa039f0de59f5d - Path: Assets/Twinsanity/Baked/Beach/hubb_24_Wumpa_Mesh_1038 2.asset - Importer: ScriptedImporter/UnityEditor.QuickSearchModule:UnityEditor.Search:ASIAI0B
Importing 'GUID: 0d9e4a4cdd9f5c543baa039f0de59f5d - Path: Assets/Twinsanity/Baked/Beach/hubb_24_Wumpa_Mesh_1038 2.asset - Importer: ScriptedImporter/UnityEditor.QuickSearchModule:UnityEditor.Search:ASIAI0B' with importer (ScriptedImporter : UnityEditor.QuickSearchModule:UnityEditor.Search:ASIAI0B)
Imported 'GUID: 0d9e4a4cdd9f5c543baa039f0de59f5d' -> (Import Result ID: 'd3f99611b43bb4c370d7aa2c4620826e') in 0.006 seconds [static and dynamic dependencies]. Details - ImportResultOutputID=c026b94aebe2af61e23edfd8a4b5099d DependenciesID=60132f22800c17dfbe696d5123e20619 StaticDependenciesID=a0c63679432c8e750646cdf3f3d8860c 
Number of updated asset objects reloaded before import = 0
Number of asset objects unloaded after import = 1
========================================================================
Received Import Request.
  Time of request: 2026-09-30T06:25:24.4513094Z
  Time since last request: 0.0006645 seconds.
  importAddress: GUID: f8959346b8f13824186f8b12b822ccc1 - Path: Assets/Twinsanity/Baked/Beach/hubb_21_Wumpa_Mesh_1024 2.asset - Importer: ScriptedImporter/UnityEditor.QuickSearchModule:UnityEditor.Search:ASIAI0B
Importing 'GUID: f8959346b8f13824186f8b12b822ccc1 - Path: Assets/Twinsanity/Baked/Beach/hubb_21_Wumpa_Mesh_1024 2.asset - Importer: ScriptedImporter/UnityEditor.QuickSearchModule:UnityEditor.Search:ASIAI0B' with importer (ScriptedImporter : UnityEditor.QuickSearchModule:UnityEditor.Search:ASIAI0B)
Imported 'GUID: f8959346b8f13824186f8b12b822ccc1' -> (Import Result ID: 'd0b210e79a3aecbd10d7085d7e8f097b') in 0.007 seconds [static and dynamic dependencies]. Details - ImportResultOutputID=77005f940744835af8b50e2f9af9f11f DependenciesID=1d54810b9817fe8e75f2df2d5b5de52c StaticDependenciesID=b5c5263c2e6de15817721a3dd04aee3e 
Number of updated asset objects reloaded before import = 0
Number of asset objects unloaded after import = 1
========================================================================
Received Import Request.
  Time of request: 2026-09-30T06:25:24.4602985Z
  Time since last request: 0.0010537 seconds.
  importAddress: GUID: d2b3c76682883ae4c9ef0dce65dae0f5 - Path: Assets/Twinsanity/Baked/Beach/hubb_1_CheckpointCrate_Mesh_1021 2.asset - Importer: ScriptedImporter/UnityEditor.QuickSearchModule:UnityEditor.Search:ASIAI0B
Importing 'GUID: d2b3c76682883ae4c9ef0dce65dae0f5 - Path: Assets/Twinsanity/Baked/Beach/hubb_1_CheckpointCrate_Mesh_1021 2.asset - Importer: ScriptedImporter/UnityEditor.QuickSearchModule:UnityEditor.Search:ASIAI0B' with importer (ScriptedImporter : UnityEditor.QuickSearchModule:UnityEditor.Search:ASIAI0B)
Imported 'GUID: d2b3c76682883ae4c9ef0dce65dae0f5' -> (Import Result ID: '0ab33d6f56476b2e54ede8d6716e3e75') in 0.009 seconds [static and dynamic dependencies]. Details - ImportResultOutputID=381a69bc46fc0c60f3e4142fa9cb5af2 DependenciesID=86ec399f5cead110f1ea17d9069f3828 StaticDependenciesID=ce17358e8bcfb9acaa9c627fdc97e32a 
Number of updated asset objects reloaded before import = 0
Number of asset objects unloaded after import = 1
========================================================================
Received Import Request.
  Time of request: 2026-09-30T06:25:24.4707407Z
  Time since last request: 0.0005682 seconds.
  importAddress: GUID: b536a360de7dba54bbd0599b4c4b4f0e - Path: Assets/Twinsanity/Baked/Beach/hubb_23_Wumpa_Mesh_1037 2.asset - Importer: ScriptedImporter/UnityEditor.QuickSearchModule:UnityEditor.Search:ASIAI0B
Importing 'GUID: b536a360de7dba54bbd0599b4c4b4f0e - Path: Assets/Twinsanity/Baked/Beach/hubb_23_Wumpa_Mesh_1037 2.asset - Importer: ScriptedImporter/UnityEditor.QuickSearchModule:UnityEditor.Search:ASIAI0B' with importer (ScriptedImporter : UnityEditor.QuickSearchModule:UnityEditor.Search:ASIAI0B)
Imported 'GUID: b536a360de7dba54bbd0599b4c4b4f0e' -> (Import Result ID: 'bb7f49c4d52397accbcd557b6618daee') in 0.006 seconds [static and dynamic dependencies]. Details - ImportResultOutputID=3f732217d4f4a58d4c29ac2965371d0d DependenciesID=9f64b9eb8819382d67e6b798869b78da StaticDependenciesID=6170c15358b4e14685cb0b6a25ac14cc 
Number of updated asset objects reloaded before import = 0
Number of asset objects unloaded after import = 1
========================================================================
Received Import Request.
  Time of request: 2026-09-30T06:25:24.4783064Z
  Time since last request: 0.0006978 seconds.
  importAddress: GUID: cc714631c6448934a83b62373fb9fe4b - Path: Assets/Twinsanity/Baked/Beach/hubb_26_Wumpa_Mesh_1050 2.asset - Importer: ScriptedImporter/UnityEditor.QuickSearchModule:UnityEditor.Search:ASIAI0B
Importing 'GUID: cc714631c6448934a83b62373fb9fe4b - Path: Assets/Twinsanity/Baked/Beach/hubb_26_Wumpa_Mesh_1050 2.asset - Importer: ScriptedImporter/UnityEditor.QuickSearchModule:UnityEditor.Search:ASIAI0B' with importer (ScriptedImporter : UnityEditor.QuickSearchModule:UnityEditor.Search:ASIAI0B)
Imported 'GUID: cc714631c6448934a83b62373fb9fe4b' -> (Import Result ID: '42bc14c1f3d3f7fec993088507c8a6cc') in 0.006 seconds [static and dynamic dependencies]. Details - ImportResultOutputID=7c0721271cfe0ccaf64c995f803a9cf8 DependenciesID=cb9cbce433c86cbde0fc4de402906474 StaticDependenciesID=2e18e86002d407a54f696ba459ff8443 
Number of updated asset objects reloaded before import = 0
Number of asset objects unloaded after import = 1
========================================================================
Received Import Request.
  Time of request: 2026-09-30T06:25:24.4858456Z
  Time since last request: 0.0011959 seconds.
  importAddress: GUID: 2b07024cfb2fda5429e175e5b5b590f5 - Path: Assets/Twinsanity/Baked/Beach/highpath_8_NitroCrate_Mesh_1068 2.asset - Importer: ScriptedImporter/UnityEditor.QuickSearchModule:UnityEditor.Search:ASIAI0B
Importing 'GUID: 2b07024cfb2fda5429e175e5b5b590f5 - Path: Assets/Twinsanity/Baked/Beach/highpath_8_NitroCrate_Mesh_1068 2.asset - Importer: ScriptedImporter/UnityEditor.QuickSearchModule:UnityEditor.Search:ASIAI0B' with importer (ScriptedImporter : UnityEditor.QuickSearchModule:UnityEditor.Search:ASIAI0B)
Imported 'GUID: 2b07024cfb2fda5429e175e5b5b590f5' -> (Import Result ID: 'a1f29c426004e705e79de95af8f830d3') in 0.007 seconds [static and dynamic dependencies]. Details - ImportResultOutputID=ac0b5f05a18d7e9ebe8c969f87217538 DependenciesID=51b210e86a045ce0da259c703d065368 StaticDependenciesID=a6d5927eb64fd0af1f170a0e219d2b16 
Number of updated asset objects reloaded before import = 0
Number of asset objects unloaded after import = 1
========================================================================
Received Import Request.
  Time of request: 2026-09-30T06:25:24.4940648Z
  Time since last request: 0.0005483 seconds.
  importAddress: GUID: 6786274f4bfc72f44b183128fde4a162 - Path: Assets/Twinsanity/Baked/Beach/highpath_17_BasicCrate_Mesh_1081 2.asset - Importer: ScriptedImporter/UnityEditor.QuickSearchModule:UnityEditor.Search:ASIAI0B
Importing 'GUID: 6786274f4bfc72f44b183128fde4a162 - Path: Assets/Twinsanity/Baked/Beach/highpath_17_BasicCrate_Mesh_1081 2.asset - Importer: ScriptedImporter/UnityEditor.QuickSearchModule:UnityEditor.Search:ASIAI0B' with importer (ScriptedImporter : UnityEditor.QuickSearchModule:UnityEditor.Search:ASIAI0B)
Imported 'GUID: 6786274f4bfc72f44b183128fde4a162' -> (Import Result ID: '8778125610ce3127f7e9df2b44f4066b') in 0.008 seconds [static and dynamic dependencies]. Details - ImportResultOutputID=a1117025dda6bf1a98f7f5cc2a4b47c4 DependenciesID=ab61e94343d32db5e77a58d7bdb7ccb9 StaticDependenciesID=e4d94b4a41ae7687250ee2691e5543a3 
Number of updated asset objects reloaded before import = 0
Number of asset objects unloaded after import = 1
========================================================================
Received Import Request.
  Time of request: 2026-09-30T06:25:24.5027435Z
  Time since last request: 0.0005398 seconds.
  importAddress: GUID: bafa68d5686aba04b94db37abd710781 - Path: Assets/Twinsanity/Baked/Beach/highpath_11_BasicCrate_Mesh_1074 2.asset - Importer: ScriptedImporter/UnityEditor.QuickSearchModule:UnityEditor.Search:ASIAI0B
Importing 'GUID: bafa68d5686aba04b94db37abd710781 - Path: Assets/Twinsanity/Baked/Beach/highpath_11_BasicCrate_Mesh_1074 2.asset - Importer: ScriptedImporter/UnityEditor.QuickSearchModule:UnityEditor.Search:ASIAI0B' with importer (ScriptedImporter : UnityEditor.QuickSearchModule:UnityEditor.Search:ASIAI0B)
Imported 'GUID: bafa68d5686aba04b94db37abd710781' -> (Import Result ID: 'e012ff3747cf2ea5ca356f56267604d4') in 0.006 seconds [static and dynamic dependencies]. Details - ImportResultOutputID=1c1aafb43d5f0a9d481a06a5176c4f76 DependenciesID=6a3e205a8fec33e196ba939b7c70cb2f StaticDependenciesID=626173c05e0f2e42e246b9c9634d2cb0 
Number of updated asset objects reloaded before import = 0
Number of asset objects unloaded after import = 1
========================================================================
Received Import Request.
  Time of request: 2026-09-30T06:25:24.5099487Z
  Time since last request: 0.0003748 seconds.
  importAddress: GUID: dad747fad8591f34e95c0ad4ddb71c3a - Path: Assets/Twinsanity/Baked/Beach/highpath_12_BasicCrate_Mesh_1075 2.asset - Importer: ScriptedImporter/UnityEditor.QuickSearchModule:UnityEditor.Search:ASIAI0B
Importing 'GUID: dad747fad8591f34e95c0ad4ddb71c3a - Path: Assets/Twinsanity/Baked/Beach/highpath_12_BasicCrate_Mesh_1075 2.asset - Importer: ScriptedImporter/UnityEditor.QuickSearchModule:UnityEditor.Search:ASIAI0B' with importer (ScriptedImporter : UnityEditor.QuickSearchModule:UnityEditor.Search:ASIAI0B)
Imported 'GUID: dad747fad8591f34e95c0ad4ddb71c3a' -> (Import Result ID: 'f9d26e8f1d83dc1146e09d7752904fde') in 0.007 seconds [static and dynamic dependencies]. Details - ImportResultOutputID=dfd59ba16e249df3eb37eada49a58371 DependenciesID=fe27f92d8f20522cd8040d3a7f82d517 StaticDependenciesID=14f32784e926efa9a94931e86b97d219 
Number of updated asset objects reloaded before import = 0
Number of asset objects unloaded after import = 1
========================================================================
Received Import Request.
  Time of request: 2026-09-30T06:25:24.5185368Z
  Time since last request: 0.0006163 seconds.
  importAddress: GUID: fe1dc36cda5bc72428fa0ae8c5b661b1 - Path: Assets/Twinsanity/Baked/Beach/highpath_5_BasicCrate_Mesh_1063 2.asset - Importer: ScriptedImporter/UnityEditor.QuickSearchModule:UnityEditor.Search:ASIAI0B
Importing 'GUID: fe1dc36cda5bc72428fa0ae8c5b661b1 - Path: Assets/Twinsanity/Baked/Beach/highpath_5_BasicCrate_Mesh_1063 2.asset - Importer: ScriptedImporter/UnityEditor.QuickSearchModule:UnityEditor.Search:ASIAI0B' with importer (ScriptedImporter : UnityEditor.QuickSearchModule:UnityEditor.Search:ASIAI0B)
Imported 'GUID: fe1dc36cda5bc72428fa0ae8c5b661b1' -> (Import Result ID: 'b1cac3b3830f5033f755d098798787a2') in 0.006 seconds [static and dynamic dependencies]. Details - ImportResultOutputID=3b463fa62f7e066d82855f7a066e7da4 DependenciesID=6929d16f52371a8b340099c974f6f598 StaticDependenciesID=5c1ef88de41a02405e461cc55283b4f7 
Number of updated asset objects reloaded before import = 0
Number of asset objects unloaded after import = 1
========================================================================
Received Import Request.
  Time of request: 2026-09-30T06:25:24.5265887Z
  Time since last request: 0.0009503 seconds.
  importAddress: GUID: b6ae0977390822d4fb466d762a5ed5ed - Path: Assets/Twinsanity/Baked/Beach/hubb_24_Wumpa_Mesh_1041 2.asset - Importer: ScriptedImporter/UnityEditor.QuickSearchModule:UnityEditor.Search:ASIAI0B
Importing 'GUID: b6ae0977390822d4fb466d762a5ed5ed - Path: Assets/Twinsanity/Baked/Beach/hubb_24_Wumpa_Mesh_1041 2.asset - Importer: ScriptedImporter/UnityEditor.QuickSearchModule:UnityEditor.Search:ASIAI0B' with importer (ScriptedImporter : UnityEditor.QuickSearchModule:UnityEditor.Search:ASIAI0B)
Imported 'GUID: b6ae0977390822d4fb466d762a5ed5ed' -> (Import Result ID: 'ffcdf6ca011b3308505059e4b557e9b2') in 0.006 seconds [static and dynamic dependencies]. Details - ImportResultOutputID=333a682f30ad21d4dde3c7c024ca75d5 DependenciesID=23291dfba2f6dd34ebea36af6694cfd2 StaticDependenciesID=4cf167d44328d16e0694841042ba40ff 
Number of updated asset objects reloaded before import = 0
Number of asset objects unloaded after import = 1
========================================================================
Received Import Request.
  Time of request: 2026-09-30T06:25:24.534737Z
  Time since last request: 0.0005335 seconds.
  importAddress: GUID: 8c40d806ac1e94e43842562bc4e29235 - Path: Assets/Twinsanity/Baked/Beach/highpath_0_BasicCrate_Mesh_1057 2.asset - Importer: ScriptedImporter/UnityEditor.QuickSearchModule:UnityEditor.Search:ASIAI0B
Importing 'GUID: 8c40d806ac1e94e43842562bc4e29235 - Path: Assets/Twinsanity/Baked/Beach/highpath_0_BasicCrate_Mesh_1057 2.asset - Importer: ScriptedImporter/UnityEditor.QuickSearchModule:UnityEditor.Search:ASIAI0B' with importer (ScriptedImporter : UnityEditor.QuickSearchModule:UnityEditor.Search:ASIAI0B)
Imported 'GUID: 8c40d806ac1e94e43842562bc4e29235' -> (Import Result ID: '9ba415d950a338e5bac13c10918c6c54') in 0.006 seconds [static and dynamic dependencies]. Details - ImportResultOutputID=8062e7fb493970a49f9e69a0e877ef9b DependenciesID=71a1ec8f0844c347c370f3bbda94c612 StaticDependenciesID=1abedc25f3b6840753f4633086a09d19 
Number of updated asset objects reloaded before import = 0
Number of asset objects unloaded after import = 1
========================================================================
Received Import Request.
  Time of request: 2026-09-30T06:25:24.5419593Z
  Time since last request: 0.000697 seconds.
  importAddress: GUID: 1cc1937ec32471b409f6d99c104b212c - Path: Assets/Twinsanity/Baked/Beach/hubb_25_Wumpa_Mesh_1047 2.asset - Importer: ScriptedImporter/UnityEditor.QuickSearchModule:UnityEditor.Search:ASIAI0B
Importing 'GUID: 1cc1937ec32471b409f6d99c104b212c - Path: Assets/Twinsanity/Baked/Beach/hubb_25_Wumpa_Mesh_1047 2.asset - Importer: ScriptedImporter/UnityEditor.QuickSearchModule:UnityEditor.Search:ASIAI0B' with importer (ScriptedImporter : UnityEditor.QuickSearchModule:UnityEditor.Search:ASIAI0B)
Imported 'GUID: 1cc1937ec32471b409f6d99c104b212c' -> (Import Result ID: 'cce199f9572b64e713ba597d4cb0e124') in 0.007 seconds [static and dynamic dependencies]. Details - ImportResultOutputID=fb0a7ce9b343f04170c5b29414b52d22 DependenciesID=e7e81f18b2b22c8b02f2b905b58896f4 StaticDependenciesID=0de9bea1bd6c5a458f9300d161b226bb 
Number of updated asset objects reloaded before import = 0
Number of asset objects unloaded after import = 1
========================================================================
Received Import Request.
  Time of request: 2026-09-30T06:25:24.5524564Z
  Time since last request: 0.0009956 seconds.
  importAddress: GUID: 5fce1b36ebec4be449e284847c34735e - Path: Assets/Twinsanity/Baked/Beach/hubb_24_Wumpa_Mesh_1042 2.asset - Importer: ScriptedImporter/UnityEditor.QuickSearchModule:UnityEditor.Search:ASIAI0B
Importing 'GUID: 5fce1b36ebec4be449e284847c34735e - Path: Assets/Twinsanity/Baked/Beach/hubb_24_Wumpa_Mesh_1042 2.asset - Importer: ScriptedImporter/UnityEditor.QuickSearchModule:UnityEditor.Search:ASIAI0B' with importer (ScriptedImporter : UnityEditor.QuickSearchModule:UnityEditor.Search:ASIAI0B)
Imported 'GUID: 5fce1b36ebec4be449e284847c34735e' -> (Import Result ID: 'aaca5e740fde2e1dcd6319440f1f6562') in 0.007 seconds [static and dynamic dependencies]. Details - ImportResultOutputID=b2a3878b729f29c098a025bb827f7a1c DependenciesID=346f1f76768c7a0aae35e531454d3337 StaticDependenciesID=1523a90c109fccaf5af0a661631dae08 
Number of updated asset objects reloaded before import = 0
Number of asset objects unloaded after import = 1
========================================================================
Received Import Request.
  Time of request: 2026-09-30T06:25:24.5606666Z
  Time since last request: 0.0009493 seconds.
  importAddress: GUID: 56173b42a0634e949823bfa7e2548bb9 - Path: Assets/Twinsanity/Baked/Beach/highpath_4_BasicCrate_Mesh_1062 2.asset - Importer: ScriptedImporter/UnityEditor.QuickSearchModule:UnityEditor.Search:ASIAI0B
Importing 'GUID: 56173b42a0634e949823bfa7e2548bb9 - Path: Assets/Twinsanity/Baked/Beach/highpath_4_BasicCrate_Mesh_1062 2.asset - Importer: ScriptedImporter/UnityEditor.QuickSearchModule:UnityEditor.Search:ASIAI0B' with importer (ScriptedImporter : UnityEditor.QuickSearchModule:UnityEditor.Search:ASIAI0B)
Imported 'GUID: 56173b42a0634e949823bfa7e2548bb9' -> (Import Result ID: '1cef31a632f4afe078a22f628dee4d26') in 0.008 seconds [static and dynamic dependencies]. Details - ImportResultOutputID=7bb1c73a009cb94cc691a19997635f17 DependenciesID=8d1523718079041313929e4fe23d064b StaticDependenciesID=a2299019ffa98dd520543a18089c155c 
Number of updated asset objects reloaded before import = 0
Number of asset objects unloaded after import = 1
========================================================================
Received Import Request.
  Time of request: 2026-09-30T06:25:24.569706Z
  Time since last request: 0.0005841 seconds.
  importAddress: GUID: d4a21a504a76c864bae17df8097d4d8f - Path: Assets/Twinsanity/Baked/Beach/highpath_8_NitroCrate_Mesh_1066 2.asset - Importer: ScriptedImporter/UnityEditor.QuickSearchModule:UnityEditor.Search:ASIAI0B
Importing 'GUID: d4a21a504a76c864bae17df8097d4d8f - Path: Assets/Twinsanity/Baked/Beach/highpath_8_NitroCrate_Mesh_1066 2.asset - Importer: ScriptedImporter/UnityEditor.QuickSearchModule:UnityEditor.Search:ASIAI0B' with importer (ScriptedImporter : UnityEditor.QuickSearchModule:UnityEditor.Search:ASIAI0B)
Imported 'GUID: d4a21a504a76c864bae17df8097d4d8f' -> (Import Result ID: '5475b9d98a325e7ee22313edc889cc11') in 0.011 seconds [static and dynamic dependencies]. Details - ImportResultOutputID=6538cf8146f9a89a1b7c478404b32bb1 DependenciesID=819aef30906381d4903f50b81eeb08d6 StaticDependenciesID=f41768f3e15f3edfaecf5eed2b11221c 
Number of updated asset objects reloaded before import = 0
Number of asset objects unloaded after import = 1
========================================================================
Received Import Request.
  Time of request: 2026-09-30T06:25:24.5825427Z
  Time since last request: 0.0012679 seconds.
  importAddress: GUID: 523c38d637cb5d94a9aa873258087cb5 - Path: Assets/Twinsanity/Baked/Beach/hubb_21_Wumpa_Mesh_1023 2.asset - Importer: ScriptedImporter/UnityEditor.QuickSearchModule:UnityEditor.Search:ASIAI0B
Importing 'GUID: 523c38d637cb5d94a9aa873258087cb5 - Path: Assets/Twinsanity/Baked/Beach/hubb_21_Wumpa_Mesh_1023 2.asset - Importer: ScriptedImporter/UnityEditor.QuickSearchModule:UnityEditor.Search:ASIAI0B' with importer (ScriptedImporter : UnityEditor.QuickSearchModule:UnityEditor.Search:ASIAI0B)
Imported 'GUID: 523c38d637cb5d94a9aa873258087cb5' -> (Import Result ID: '5ee1da67e17e6a457bafbf4c419847f8') in 0.007 seconds [static and dynamic dependencies]. Details - ImportResultOutputID=1cfef3ee742644e90787f29ed9d4aeea DependenciesID=81e69d823e7bcfed39ab9de994e2dec2 StaticDependenciesID=50165c020fd37c0d4f690a11276095ad 
Number of updated asset objects reloaded before import = 0
Number of asset objects unloaded after import = 1
========================================================================
Received Import Request.
  Time of request: 2026-09-30T06:25:24.5904687Z
  Time since last request: 0.0006275 seconds.
  importAddress: GUID: 5c06a889989f8f04c811c868b844ef66 - Path: Assets/Twinsanity/Baked/Beach/hubb_25_Wumpa_Mesh_1044 2.asset - Importer: ScriptedImporter/UnityEditor.QuickSearchModule:UnityEditor.Search:ASIAI0B
Importing 'GUID: 5c06a889989f8f04c811c868b844ef66 - Path: Assets/Twinsanity/Baked/Beach/hubb_25_Wumpa_Mesh_1044 2.asset - Importer: ScriptedImporter/UnityEditor.QuickSearchModule:UnityEditor.Search:ASIAI0B' with importer (ScriptedImporter : UnityEditor.QuickSearchModule:UnityEditor.Search:ASIAI0B)
Imported 'GUID: 5c06a889989f8f04c811c868b844ef66' -> (Import Result ID: 'd971edd35c1aeac14a5fcbe928658a12') in 0.007 seconds [static and dynamic dependencies]. Details - ImportResultOutputID=13fd3c013da3b563193814fc826bf408 DependenciesID=2745e984159e37eacd7be0dccadc74d3 StaticDependenciesID=ecf0bad8c9b403a70da93db46a92fb17 
Number of updated asset objects reloaded before import = 0
Number of asset objects unloaded after import = 1
========================================================================
Received Import Request.
  Time of request: 2026-09-30T06:25:24.5982461Z
  Time since last request: 0.0005893 seconds.
  importAddress: GUID: 13001bc2de0064949abafcef9f64c768 - Path: Assets/Twinsanity/Baked/Beach/hubb_26_Wumpa_Mesh_1049 2.asset - Importer: ScriptedImporter/UnityEditor.QuickSearchModule:UnityEditor.Search:ASIAI0B
Importing 'GUID: 13001bc2de0064949abafcef9f64c768 - Path: Assets/Twinsanity/Baked/Beach/hubb_26_Wumpa_Mesh_1049 2.asset - Importer: ScriptedImporter/UnityEditor.QuickSearchModule:UnityEditor.Search:ASIAI0B' with importer (ScriptedImporter : UnityEditor.QuickSearchModule:UnityEditor.Search:ASIAI0B)
Imported 'GUID: 13001bc2de0064949abafcef9f64c768' -> (Import Result ID: '723d9cfe74a7fe4e5feba5320373386e') in 0.013 seconds [static and dynamic dependencies]. Details - ImportResultOutputID=ce114d48ced19aef7647192f8cc10a85 DependenciesID=cf7b12c64da979e2eb4c3c0441ad9990 StaticDependenciesID=d8459612969f8d88746cd99209036bde 
Number of updated asset objects reloaded before import = 0
Number of asset objects unloaded after import = 1
========================================================================
Received Import Request.
  Time of request: 2026-09-30T06:25:24.6849239Z
  Time since last request: 0.0722436 seconds.
  importAddress: GUID: befeb2e7c3e23184ebcfc99075bcedc3 - Path: Assets/Twinsanity/Baked/Beach/highpath_27_NitroCrate_Mesh_1093 2.asset - Importer: ScriptedImporter/UnityEditor.QuickSearchModule:UnityEditor.Search:ASIAI0B
Importing 'GUID: befeb2e7c3e23184ebcfc99075bcedc3 - Path: Assets/Twinsanity/Baked/Beach/highpath_27_NitroCrate_Mesh_1093 2.asset - Importer: ScriptedImporter/UnityEditor.QuickSearchModule:UnityEditor.Search:ASIAI0B' with importer (ScriptedImporter : UnityEditor.QuickSearchModule:UnityEditor.Search:ASIAI0B)
Imported 'GUID: befeb2e7c3e23184ebcfc99075bcedc3' -> (Import Result ID: '54be9000032e4dbeeac45327a8387aa5') in 0.068 seconds [static and dynamic dependencies]. Details - ImportResultOutputID=4b32f4a2981ed5a1c2233030557b392d DependenciesID=25beca1cea0ff8fa1f731b842bbacd44 StaticDependenciesID=467ca9fb276b062aea62795fc8830412 
Number of updated asset objects reloaded before import = 0
Number of asset objects unloaded after import = 1
========================================================================
Received Import Request.
  Time of request: 2026-09-30T06:25:24.7664204Z
  Time since last request: 0.0079734 seconds.
  importAddress: GUID: a3cc386acff68694a8b8e00ca9cebeed - Path: Assets/Twinsanity/Baked/Beach/highpath_30_TntCrate_Mesh_1098 2.asset - Importer: ScriptedImporter/UnityEditor.QuickSearchModule:UnityEditor.Search:ASIAI0B
Importing 'GUID: a3cc386acff68694a8b8e00ca9cebeed - Path: Assets/Twinsanity/Baked/Beach/highpath_30_TntCrate_Mesh_1098 2.asset - Importer: ScriptedImporter/UnityEditor.QuickSearchModule:UnityEditor.Search:ASIAI0B' with importer (ScriptedImporter : UnityEditor.QuickSearchModule:UnityEditor.Search:ASIAI0B)
Imported 'GUID: a3cc386acff68694a8b8e00ca9cebeed' -> (Import Result ID: 'aa2014449961febc3be58112e9e80cbb') in 0.069 seconds [static and dynamic dependencies]. Details - ImportResultOutputID=6e5fa85a518fa929dcfbc3b6dc0ea4a7 DependenciesID=f4e0497e4c966c7b5b973c76b13d955d StaticDependenciesID=020d5d516229372835a0554d68cab66a 
Number of updated asset objects reloaded before import = 0
Number of asset objects unloaded after import = 1
========================================================================
Received Import Request.
  Time of request: 2026-09-30T06:25:24.8526368Z
  Time since last request: 0.014941 seconds.
  importAddress: GUID: e87b2e753c5195942b21b9e4dae6b008 - Path: Assets/Twinsanity/Baked/Beach/highpath_34_Wumpa_Mesh_1116 2.asset - Importer: ScriptedImporter/UnityEditor.QuickSearchModule:UnityEditor.Search:ASIAI0B
Importing 'GUID: e87b2e753c5195942b21b9e4dae6b008 - Path: Assets/Twinsanity/Baked/Beach/highpath_34_Wumpa_Mesh_1116 2.asset - Importer: ScriptedImporter/UnityEditor.QuickSearchModule:UnityEditor.Search:ASIAI0B' with importer (ScriptedImporter : UnityEditor.QuickSearchModule:UnityEditor.Search:ASIAI0B)
Imported 'GUID: e87b2e753c5195942b21b9e4dae6b008' -> (Import Result ID: '5a912dbf21c54f7fe991e19fb6563c44') in 0.017 seconds [static and dynamic dependencies]. Details - ImportResultOutputID=418c37aac08a9c6317e0e3946483ac27 DependenciesID=334a6d252eaf05d0b3dbf2711e10984b StaticDependenciesID=74bfe95477b51808ea955362e7a668a8 
Number of updated asset objects reloaded before import = 0
Number of asset objects unloaded after import = 1
========================================================================
Received Import Request.
  Time of request: 2026-09-30T06:25:24.8766659Z
  Time since last request: 0.0008882 seconds.
  importAddress: GUID: 9dd17419b2cf4e5418811147feb6784f - Path: Assets/Twinsanity/Baked/Beach/highpath_36_Wumpa_Mesh_1124 2.asset - Importer: ScriptedImporter/UnityEditor.QuickSearchModule:UnityEditor.Search:ASIAI0B
Importing 'GUID: 9dd17419b2cf4e5418811147feb6784f - Path: Assets/Twinsanity/Baked/Beach/highpath_36_Wumpa_Mesh_1124 2.asset - Importer: ScriptedImporter/UnityEditor.QuickSearchModule:UnityEditor.Search:ASIAI0B' with importer (ScriptedImporter : UnityEditor.QuickSearchModule:UnityEditor.Search:ASIAI0B)
Imported 'GUID: 9dd17419b2cf4e5418811147feb6784f' -> (Import Result ID: '5adcbc610e72f910fe331a42f9dd6ff3') in 0.018 seconds [static and dynamic dependencies]. Details - ImportResultOutputID=ead780102ac2bc715fc67dbf6c058884 DependenciesID=8fee2ecfbf32e9b5c93c629c33d1d6c8 StaticDependenciesID=7fbeb076e07b6d02c1135f407fca36e8 
Number of updated asset objects reloaded before import = 0
Number of asset objects unloaded after import = 1
========================================================================
Received Import Request.
  Time of request: 2026-09-30T06:25:24.9009612Z
  Time since last request: 0.0012399 seconds.
  importAddress: GUID: 355c15ce092464247b5607b98171bc1d - Path: Assets/Twinsanity/Baked/Beach/highpath_34_Wumpa_Mesh_1114 2.asset - Importer: ScriptedImporter/UnityEditor.QuickSearchModule:UnityEditor.Search:ASIAI0B
Importing 'GUID: 355c15ce092464247b5607b98171bc1d - Path: Assets/Twinsanity/Baked/Beach/highpath_34_Wumpa_Mesh_1114 2.asset - Importer: ScriptedImporter/UnityEditor.QuickSearchModule:UnityEditor.Search:ASIAI0B' with importer (ScriptedImporter : UnityEditor.QuickSearchModule:UnityEditor.Search:ASIAI0B)
Imported 'GUID: 355c15ce092464247b5607b98171bc1d' -> (Import Result ID: 'da7b66977ebb8a4863f083ca89cc7051') in 0.017 seconds [static and dynamic dependencies]. Details - ImportResultOutputID=8717e034c99e9532fc634776e3b2c4b8 DependenciesID=d5e55100a0d4e238340964a8c10b2ff7 StaticDependenciesID=ca6ce051d349c55d43029f825811b7be 
Number of updated asset objects reloaded before import = 0
Number of asset objects unloaded after import = 1
========================================================================
Received Import Request.
  Time of request: 2026-09-30T06:25:24.9462528Z
  Time since last request: 0.0180696 seconds.
  importAddress: GUID: e8a57dbb73baf014bb2775f4a74cc7ee - Path: Assets/Twinsanity/Baked/Beach/highpath_43_Wumpa_Mesh_1131 2.asset - Importer: ScriptedImporter/UnityEditor.QuickSearchModule:UnityEditor.Search:ASIAI0B
Importing 'GUID: e8a57dbb73baf014bb2775f4a74cc7ee - Path: Assets/Twinsanity/Baked/Beach/highpath_43_Wumpa_Mesh_1131 2.asset - Importer: ScriptedImporter/UnityEditor.QuickSearchModule:UnityEditor.Search:ASIAI0B' with importer (ScriptedImporter : UnityEditor.QuickSearchModule:UnityEditor.Search:ASIAI0B)
Imported 'GUID: e8a57dbb73baf014bb2775f4a74cc7ee' -> (Import Result ID: 'f28d1626490b03edfec70a66e26404ae') in 0.045 seconds [static and dynamic dependencies]. Details - ImportResultOutputID=a41d5043486d641da719683e469392eb DependenciesID=6c758af2bc44e6d542fbe995bba9a935 StaticDependenciesID=0ea25ecb80775389f78d633e4b0b5ad1 
Number of updated asset objects reloaded before import = 0
Number of asset objects unloaded after import = 1
========================================================================
Received Import Request.
  Time of request: 2026-09-30T06:25:24.9950804Z
  Time since last request: 0.0010672 seconds.
  importAddress: GUID: d8d6ed7e1497d9644aa3128adba0836c - Path: Assets/Twinsanity/Baked/Beach/highpath_21_CheckpointCrate_Mesh_1087 2.asset - Importer: ScriptedImporter/UnityEditor.QuickSearchModule:UnityEditor.Search:ASIAI0B
Importing 'GUID: d8d6ed7e1497d9644aa3128adba0836c - Path: Assets/Twinsanity/Baked/Beach/highpath_21_CheckpointCrate_Mesh_1087 2.asset - Importer: ScriptedImporter/UnityEditor.QuickSearchModule:UnityEditor.Search:ASIAI0B' with importer (ScriptedImporter : UnityEditor.QuickSearchModule:UnityEditor.Search:ASIAI0B)
Imported 'GUID: d8d6ed7e1497d9644aa3128adba0836c' -> (Import Result ID: '6beb2ac38c0bcd27d0767b3103e1dc7c') in 0.019 seconds [static and dynamic dependencies]. Details - ImportResultOutputID=11ba3b55c37768e4d1b6b0762751767b DependenciesID=2ab3d4bcb5dc0187fdd36caf5a4a4943 StaticDependenciesID=028165327469a7de9a1669046ba98ea2 
Number of updated asset objects reloaded before import = 0
Number of asset objects unloaded after import = 1
========================================================================
Received Import Request.
  Time of request: 2026-09-30T06:25:25.0200024Z
  Time since last request: 0.0029512 seconds.
  importAddress: GUID: bfed5cfc757ec054db0164585b127e25 - Path: Assets/Twinsanity/Baked/Beach/highpath_20_NitroCrate_Mesh_1085 2.asset - Importer: ScriptedImporter/UnityEditor.QuickSearchModule:UnityEditor.Search:ASIAI0B
Importing 'GUID: bfed5cfc757ec054db0164585b127e25 - Path: Assets/Twinsanity/Baked/Beach/highpath_20_NitroCrate_Mesh_1085 2.asset - Importer: ScriptedImporter/UnityEditor.QuickSearchModule:UnityEditor.Search:ASIAI0B' with importer (ScriptedImporter : UnityEditor.QuickSearchModule:UnityEditor.Search:ASIAI0B)
Imported 'GUID: bfed5cfc757ec054db0164585b127e25' -> (Import Result ID: 'c12b923eaa46bbb8019c50d073cab796') in 0.017 seconds [static and dynamic dependencies]. Details - ImportResultOutputID=3886b65b74d814e2a63aee31caca7544 DependenciesID=f87c3c26ae95f3e12cfe22456ecdf003 StaticDependenciesID=0303e2602cdb0174daac2e0482d17a0b 
Number of updated asset objects reloaded before import = 0
Number of asset objects unloaded after import = 1
========================================================================
Received Import Request.
  Time of request: 2026-09-30T06:25:25.0432131Z
  Time since last request: 0.0053745 seconds.
  importAddress: GUID: 712c2022911487b44a5672608634383b - Path: Assets/Twinsanity/Baked/Beach/Material_1145 2.mat - Importer: ScriptedImporter/UnityEditor.QuickSearchModule:UnityEditor.Search:ASIAI0B
Importing 'GUID: 712c2022911487b44a5672608634383b - Path: Assets/Twinsanity/Baked/Beach/Material_1145 2.mat - Importer: ScriptedImporter/UnityEditor.QuickSearchModule:UnityEditor.Search:ASIAI0B' with importer (ScriptedImporter : UnityEditor.QuickSearchModule:UnityEditor.Search:ASIAI0B)
Imported 'GUID: 712c2022911487b44a5672608634383b' -> (Import Result ID: 'def55feb3e1836e2a17afd73ea25bf45') in 0.028 seconds [static and dynamic dependencies]. Details - ImportResultOutputID=ebb9b36057bfe4e8fccaa61bc30afef8 DependenciesID=bc5790a2dc96c0fd3c3f0f402521b830 StaticDependenciesID=fb1d786ca6540831bfe6b5df4c1ca0bf 
Number of updated asset objects reloaded before import = 0
Number of asset objects unloaded after import = 2
========================================================================
Received Import Request.
  Time of request: 2026-09-30T06:25:25.0751653Z
  Time since last request: 0.0011477 seconds.
  importAddress: GUID: 10c76a324794f344da7d9a18ad03b95d - Path: Assets/Twinsanity/Baked/Beach/highpath_29_NitroCrate_Mesh_1097 2.asset - Importer: ScriptedImporter/UnityEditor.QuickSearchModule:UnityEditor.Search:ASIAI0B
Importing 'GUID: 10c76a324794f344da7d9a18ad03b95d - Path: Assets/Twinsanity/Baked/Beach/highpath_29_NitroCrate_Mesh_1097 2.asset - Importer: ScriptedImporter/UnityEditor.QuickSearchModule:UnityEditor.Search:ASIAI0B' with importer (ScriptedImporter : UnityEditor.QuickSearchModule:UnityEditor.Search:ASIAI0B)
Imported 'GUID: 10c76a324794f344da7d9a18ad03b95d' -> (Import Result ID: '9ca33ba3db09198b33c841aa60985dce') in 0.018 seconds [static and dynamic dependencies]. Details - ImportResultOutputID=eebc8a183cc7045f0f36e31862a5bb34 DependenciesID=51aa34c1443ef89d39a4357fdddee402 StaticDependenciesID=c4ae310678e6f623e7fdc5fea52d282f 
Number of updated asset objects reloaded before import = 0
Number of asset objects unloaded after import = 1
========================================================================
Received Import Request.
  Time of request: 2026-09-30T06:25:25.095622Z
  Time since last request: 0.0019699 seconds.
  importAddress: GUID: 398920be0f7f17844a5d106226468e55 - Path: Assets/Twinsanity/Baked/Beach/Material_1143 2.mat - Importer: ScriptedImporter/UnityEditor.QuickSearchModule:UnityEditor.Search:ASIAI0B
Importing 'GUID: 398920be0f7f17844a5d106226468e55 - Path: Assets/Twinsanity/Baked/Beach/Material_1143 2.mat - Importer: ScriptedImporter/UnityEditor.QuickSearchModule:UnityEditor.Search:ASIAI0B' with importer (ScriptedImporter : UnityEditor.QuickSearchModule:UnityEditor.Search:ASIAI0B)
Imported 'GUID: 398920be0f7f17844a5d106226468e55' -> (Import Result ID: '9e70570b3e3f1dfe8fc7e7812b1f28f1') in 0.017 seconds [static and dynamic dependencies]. Details - ImportResultOutputID=3e8d7b2a3d020f6a76b894db959dead5 DependenciesID=4c51eae16dae597f5ad1ecfe468effe8 StaticDependenciesID=4dfab03c4de9c7b1b0b8100cdeff8c1e 
Number of updated asset objects reloaded before import = 0
Number of asset objects unloaded after import = 2
========================================================================
Received Import Request.
  Time of request: 2026-09-30T06:25:25.1186597Z
  Time since last request: 0.0038195 seconds.
  importAddress: GUID: 6be0cfaffc3376b43acf2756353d5086 - Path: Assets/Twinsanity/Baked/Beach/highpath_32_Wumpa_Mesh_1103 2.asset - Importer: ScriptedImporter/UnityEditor.QuickSearchModule:UnityEditor.Search:ASIAI0B
Importing 'GUID: 6be0cfaffc3376b43acf2756353d5086 - Path: Assets/Twinsanity/Baked/Beach/highpath_32_Wumpa_Mesh_1103 2.asset - Importer: ScriptedImporter/UnityEditor.QuickSearchModule:UnityEditor.Search:ASIAI0B' with importer (ScriptedImporter : UnityEditor.QuickSearchModule:UnityEditor.Search:ASIAI0B)
Imported 'GUID: 6be0cfaffc3376b43acf2756353d5086' -> (Import Result ID: 'ecaf1392bc0c8c572a7611ae43571f59') in 0.023 seconds [static and dynamic dependencies]. Details - ImportResultOutputID=0ccafd7e3b38b402f2b9d5a2cb8fe403 DependenciesID=bc7c5d4ae9d976b83980541e93daf2ea StaticDependenciesID=29f7c4659aa36f9ebe145317148b3ffc 
Number of updated asset objects reloaded before import = 0
Number of asset objects unloaded after import = 1
========================================================================
Received Import Request.
  Time of request: 2026-09-30T06:25:25.1687861Z
  Time since last request: 0.0063677 seconds.
  importAddress: GUID: d12b13b63a261b146b3e9413bd10b9d4 - Path: Assets/Twinsanity/Baked/Beach/highpath_35_Wumpa_Mesh_1119 2.asset - Importer: ScriptedImporter/UnityEditor.QuickSearchModule:UnityEditor.Search:ASIAI0B
Importing 'GUID: d12b13b63a261b146b3e9413bd10b9d4 - Path: Assets/Twinsanity/Baked/Beach/highpath_35_Wumpa_Mesh_1119 2.asset - Importer: ScriptedImporter/UnityEditor.QuickSearchModule:UnityEditor.Search:ASIAI0B' with importer (ScriptedImporter : UnityEditor.QuickSearchModule:UnityEditor.Search:ASIAI0B)
Imported 'GUID: d12b13b63a261b146b3e9413bd10b9d4' -> (Import Result ID: 'ed80a4542cdb25c25ee0e6e49b00956c') in 0.021 seconds [static and dynamic dependencies]. Details - ImportResultOutputID=1670cd05a257687089abe55612a43772 DependenciesID=19cbcbb0347969782c7626892623f075 StaticDependenciesID=c699c1d09a60412497823e61be074717 
Number of updated asset objects reloaded before import = 0
Number of asset objects unloaded after import = 1
========================================================================
Received Import Request.
  Time of request: 2026-09-30T06:25:25.199495Z
  Time since last request: 0.0023343 seconds.
  importAddress: GUID: 9540720cdda748147a4435d8280af72b - Path: Assets/Twinsanity/Baked/Beach/highpath_36_Wumpa_Mesh_1126 2.asset - Importer: ScriptedImporter/UnityEditor.QuickSearchModule:UnityEditor.Search:ASIAI0B
Importing 'GUID: 9540720cdda748147a4435d8280af72b - Path: Assets/Twinsanity/Baked/Beach/highpath_36_Wumpa_Mesh_1126 2.asset - Importer: ScriptedImporter/UnityEditor.QuickSearchModule:UnityEditor.Search:ASIAI0B' with importer (ScriptedImporter : UnityEditor.QuickSearchModule:UnityEditor.Search:ASIAI0B)
Imported 'GUID: 9540720cdda748147a4435d8280af72b' -> (Import Result ID: '580ace5a0b307188a7c8f7a19ab83b4f') in 0.016 seconds [static and dynamic dependencies]. Details - ImportResultOutputID=2064407734dafef5b986999fde0b091c DependenciesID=093137ff2312837668e0e7511e56631d StaticDependenciesID=531184d54ee5fa6d51c86c61f6c8fcbb 
Number of updated asset objects reloaded before import = 0
Number of asset objects unloaded after import = 1
========================================================================
Received Import Request.
  Time of request: 2026-09-30T06:25:25.219543Z
  Time since last request: 0.0004975 seconds.
  importAddress: GUID: 64d603d6dcd71964c8bdfa450b3da961 - Path: Assets/Twinsanity/Baked/Beach/highpath_35_Wumpa_Mesh_1118 2.asset - Importer: ScriptedImporter/UnityEditor.QuickSearchModule:UnityEditor.Search:ASIAI0B
Importing 'GUID: 64d603d6dcd71964c8bdfa450b3da961 - Path: Assets/Twinsanity/Baked/Beach/highpath_35_Wumpa_Mesh_1118 2.asset - Importer: ScriptedImporter/UnityEditor.QuickSearchModule:UnityEditor.Search:ASIAI0B' with importer (ScriptedImporter : UnityEditor.QuickSearchModule:UnityEditor.Search:ASIAI0B)
Imported 'GUID: 64d603d6dcd71964c8bdfa450b3da961' -> (Import Result ID: '356479c18d303b25cf7d18bbd9e9a8c6') in 0.023 seconds [static and dynamic dependencies]. Details - ImportResultOutputID=88c94be869a8b9d967dd9b1ec519dc6b DependenciesID=379b3ee0ba8922dc45197ef6c8cae02e StaticDependenciesID=84ef5c2a0899c2ff3857c687f960e640 
Number of updated asset objects reloaded before import = 0
Number of asset objects unloaded after import = 1
========================================================================
Received Import Request.
  Time of request: 2026-09-30T06:25:25.2495275Z
  Time since last request: 0.005158 seconds.
  importAddress: GUID: d8ec9e65c159cae42a75f3b6aecd3d95 - Path: Assets/Twinsanity/Baked/Beach/hubd_32_Crystal_Mesh_1144 2.asset - Importer: ScriptedImporter/UnityEditor.QuickSearchModule:UnityEditor.Search:ASIAI0B
Importing 'GUID: d8ec9e65c159cae42a75f3b6aecd3d95 - Path: Assets/Twinsanity/Baked/Beach/hubd_32_Crystal_Mesh_1144 2.asset - Importer: ScriptedImporter/UnityEditor.QuickSearchModule:UnityEditor.Search:ASIAI0B' with importer (ScriptedImporter : UnityEditor.QuickSearchModule:UnityEditor.Search:ASIAI0B)
Imported 'GUID: d8ec9e65c159cae42a75f3b6aecd3d95' -> (Import Result ID: 'b2403033d183358d197225b599a7b397') in 0.055 seconds [static and dynamic dependencies]. Details - ImportResultOutputID=046b7cdb0350ebaec8979d048450538e DependenciesID=e00e6ed406d79dfcc62759c2549cbb6d StaticDependenciesID=dde3e3816c43a3d72f867f832a91a02a 
Number of updated asset objects reloaded before import = 0
Number of asset objects unloaded after import = 1
========================================================================
Received Import Request.
  Time of request: 2026-09-30T06:25:25.3300241Z
  Time since last request: 0.0121792 seconds.
  importAddress: GUID: 9a03a30a887146f4fa1e7c93fe9149c9 - Path: Assets/Twinsanity/Baked/Beach/highpath_25_NitroCrate_Mesh_1089 2.asset - Importer: ScriptedImporter/UnityEditor.QuickSearchModule:UnityEditor.Search:ASIAI0B
Importing 'GUID: 9a03a30a887146f4fa1e7c93fe9149c9 - Path: Assets/Twinsanity/Baked/Beach/highpath_25_NitroCrate_Mesh_1089 2.asset - Importer: ScriptedImporter/UnityEditor.QuickSearchModule:UnityEditor.Search:ASIAI0B' with importer (ScriptedImporter : UnityEditor.QuickSearchModule:UnityEditor.Search:ASIAI0B)
Imported 'GUID: 9a03a30a887146f4fa1e7c93fe9149c9' -> (Import Result ID: '6f04cfca1b09c43b5d3e2edf47bcaba6') in 0.020 seconds [static and dynamic dependencies]. Details - ImportResultOutputID=5c92fbe1b9e613427febc6d159843169 DependenciesID=2ad89c764b11e2ef6a83eb4e3c262baf StaticDependenciesID=09f785a8823af6c9ff15aef8acc2fd86 
Number of updated asset objects reloaded before import = 0
Number of asset objects unloaded after import = 1
========================================================================
Received Import Request.
  Time of request: 2026-09-30T06:25:25.3527348Z
  Time since last request: 0.0020282 seconds.
  importAddress: GUID: b56e6515941acc748a01e736c8243268 - Path: Assets/Twinsanity/Baked/Beach/highpath_35_Wumpa_Mesh_1120 2.asset - Importer: ScriptedImporter/UnityEditor.QuickSearchModule:UnityEditor.Search:ASIAI0B
Importing 'GUID: b56e6515941acc748a01e736c8243268 - Path: Assets/Twinsanity/Baked/Beach/highpath_35_Wumpa_Mesh_1120 2.asset - Importer: ScriptedImporter/UnityEditor.QuickSearchModule:UnityEditor.Search:ASIAI0B' with importer (ScriptedImporter : UnityEditor.QuickSearchModule:UnityEditor.Search:ASIAI0B)
Imported 'GUID: b56e6515941acc748a01e736c8243268' -> (Import Result ID: '6c32fc0de5ccde65067c0e7872220a52') in 0.010 seconds [static and dynamic dependencies]. Details - ImportResultOutputID=9c834363cb335e35129f465f0a26e37c DependenciesID=2ffbfbca4e862699394a6cff979ddeff StaticDependenciesID=62c6b74d910c492027a09eb1b0657bef 
Number of updated asset objects reloaded before import = 0
Number of asset objects unloaded after import = 1
========================================================================
Received Import Request.
  Time of request: 2026-09-30T06:25:25.3756983Z
  Time since last request: 0.0078804 seconds.
  importAddress: GUID: 2541adb7560043549a2b160c8c786a8b - Path: Assets/Twinsanity/Baked/Beach/highpath_33_Wumpa_Mesh_1111 2.asset - Importer: ScriptedImporter/UnityEditor.QuickSearchModule:UnityEditor.Search:ASIAI0B
Importing 'GUID: 2541adb7560043549a2b160c8c786a8b - Path: Assets/Twinsanity/Baked/Beach/highpath_33_Wumpa_Mesh_1111 2.asset - Importer: ScriptedImporter/UnityEditor.QuickSearchModule:UnityEditor.Search:ASIAI0B' with importer (ScriptedImporter : UnityEditor.QuickSearchModule:UnityEditor.Search:ASIAI0B)
Imported 'GUID: 2541adb7560043549a2b160c8c786a8b' -> (Import Result ID: '2408588d88c2125f40ccb77f15e38ae7') in 0.017 seconds [static and dynamic dependencies]. Details - ImportResultOutputID=faa577077e94f57ebbd0ee2eab7ab085 DependenciesID=e66e813393aefbc6c3c00547268e5ed5 StaticDependenciesID=0abc600e55055458d9156bab17c66cb6 
Number of updated asset objects reloaded before import = 0
Number of asset objects unloaded after import = 1
========================================================================
Received Import Request.
  Time of request: 2026-09-30T06:25:25.3940219Z
  Time since last request: 0.0006595 seconds.
  importAddress: GUID: 5226284ad9a51634f8af3d9a67bdfdf5 - Path: Assets/Twinsanity/Baked/Beach/highpath_33_Wumpa_Mesh_1109 2.asset - Importer: ScriptedImporter/UnityEditor.QuickSearchModule:UnityEditor.Search:ASIAI0B
Importing 'GUID: 5226284ad9a51634f8af3d9a67bdfdf5 - Path: Assets/Twinsanity/Baked/Beach/highpath_33_Wumpa_Mesh_1109 2.asset - Importer: ScriptedImporter/UnityEditor.QuickSearchModule:UnityEditor.Search:ASIAI0B' with importer (ScriptedImporter : UnityEditor.QuickSearchModule:UnityEditor.Search:ASIAI0B)
Imported 'GUID: 5226284ad9a51634f8af3d9a67bdfdf5' -> (Import Result ID: '54eccd011a0eb99636b3e3f0080757e9') in 0.008 seconds [static and dynamic dependencies]. Details - ImportResultOutputID=c92c8d764ef68679db8a9f8261a7c358 DependenciesID=3cce7d61be9af0e9e239664e2c7ec3e1 StaticDependenciesID=78e75c32cabedf5f4aeb4b36c2ce5f36 
Number of updated asset objects reloaded before import = 0
Number of asset objects unloaded after import = 1
========================================================================
Received Import Request.
  Time of request: 2026-09-30T06:25:25.4051454Z
  Time since last request: 0.0001588 seconds.
  importAddress: GUID: 020f1d02002e3214cbb545c057376d50 - Path: Assets/Twinsanity/Baked/Beach/highpath_20_NitroCrate_Mesh_1084 2.asset - Importer: ScriptedImporter/UnityEditor.QuickSearchModule:UnityEditor.Search:ASIAI0B
Importing 'GUID: 020f1d02002e3214cbb545c057376d50 - Path: Assets/Twinsanity/Baked/Beach/highpath_20_NitroCrate_Mesh_1084 2.asset - Importer: ScriptedImporter/UnityEditor.QuickSearchModule:UnityEditor.Search:ASIAI0B' with importer (ScriptedImporter : UnityEditor.QuickSearchModule:UnityEditor.Search:ASIAI0B)
Imported 'GUID: 020f1d02002e3214cbb545c057376d50' -> (Import Result ID: 'c2f1f4aea0e29096cd88005dacb10f66') in 0.033 seconds [static and dynamic dependencies]. Details - ImportResultOutputID=c5bf5f3152ab34ee570d3fe8c56c95da DependenciesID=d67a0fc3afc2694eca2674490f0f6e05 StaticDependenciesID=5b077533a715d8225a2059f9617094cf 
Number of updated asset objects reloaded before import = 0
Number of asset objects unloaded after import = 1
========================================================================
Received Import Request.
  Time of request: 2026-09-30T06:25:25.5006525Z
  Time since last request: 0.0614984 seconds.
  importAddress: GUID: b45ceefd10c74d44b86094221192003d - Path: Assets/Twinsanity/Baked/Beach/Material_1160 2.mat - Importer: ScriptedImporter/UnityEditor.QuickSearchModule:UnityEditor.Search:ASIAI0B
Importing 'GUID: b45ceefd10c74d44b86094221192003d - Path: Assets/Twinsanity/Baked/Beach/Material_1160 2.mat - Importer: ScriptedImporter/UnityEditor.QuickSearchModule:UnityEditor.Search:ASIAI0B' with importer (ScriptedImporter : UnityEditor.QuickSearchModule:UnityEditor.Search:ASIAI0B)
Imported 'GUID: b45ceefd10c74d44b86094221192003d' -> (Import Result ID: 'bae6c3325f0aa809db956e676e9f62f8') in 0.070 seconds [static and dynamic dependencies]. Details - ImportResultOutputID=16cac23eda6dcc0f3f40b3e2ff66a772 DependenciesID=2b291b9b783f3a36ef2e30ed6e622f0a StaticDependenciesID=aa6464c6a40f9c5fa9c9fd24aa3e0f8a 
Number of updated asset objects reloaded before import = 0
Number of asset objects unloaded after import = 2
========================================================================
Received Import Request.
  Time of request: 2026-09-30T06:25:25.5950836Z
  Time since last request: 0.0070158 seconds.
  importAddress: GUID: f9ab7b4a2d3c49688021e15dbc4c24b4 - Path: Assets/Twinsanity/Scenes/BeachLevel.unity - Importer: ScriptedImporter/UnityEditor.QuickSearchModule:UnityEditor.Search:ASIAI0B
Importing 'GUID: f9ab7b4a2d3c49688021e15dbc4c24b4 - Path: Assets/Twinsanity/Scenes/BeachLevel.unity - Importer: ScriptedImporter/UnityEditor.QuickSearchModule:UnityEditor.Search:ASIAI0B' with importer (ScriptedImporter : UnityEditor.QuickSearchModule:UnityEditor.Search:ASIAI0B)
Imported 'GUID: f9ab7b4a2d3c49688021e15dbc4c24b4' -> (Import Result ID: '9f5f292153e30716da663b2a18790c70') in 0.387 seconds [static and dynamic dependencies]. Details - ImportResultOutputID=e98e72f3f3ab8b85096574b7626ba49a DependenciesID=f33c7191665fd5376f8709dd5e5e225d StaticDependenciesID=c87a1e1fd0156b320bb630661cb7a628 
Number of updated asset objects reloaded before import = 0
Number of asset objects unloaded after import = 1
========================================================================
Received Prepare
AcceleratorClientConnectionCallback - disconnected - :0
Unloading 0 Unused Serialized files (Serialized files now loaded: 0)
Unloading 501 unused Assets / (139.8 KB). Loaded Objects now: 1207.
Memory consumption went from 192.5 MB to 192.3 MB.
Total: 11.097700 ms (FindLiveObjects: 0.355000 ms CreateObjectMapping: 0.134100 ms MarkObjects: 10.197200 ms  DeleteObjects: 0.179600 ms)

Prepare: number of updated asset objects reloaded= 0
========================================================================
Received Prepare
AcceleratorClientConnectionCallback - disconnected - :0
[Licensing::Client] Successfully resolved entitlement details
Begin MonoManager ReloadAssembly
Native extension for WindowsStandalone target not found
Native extension for WebGL target not found
[Package Manager] Failed to launch server process. Reason: Unity was launched with the -noUpm command-line argument
[Package Manager] Unable to send message (not connected to server process).
[Package Manager] Cannot connect to Unity Package Manager local server
ScheduleIndexationOnStartup MainProcess:False IndexOnStartup:True
Scripting: successfully reloaded assembly
- Finished resetting the current domain, in  0.649 seconds
Domain Reload Profiling: 1512ms
	BeginReloadAssembly (412ms)
		DisableScriptedObjects (15ms)
		CreateAndSetChildDomain (58ms)
	RebuildCommonClasses (19ms)
	RebuildNativeTypeToScriptingClass (31ms)
	initialDomainReloadingComplete (73ms)
	LoadAllAssembliesAndSetupDomain (327ms)
		LoadAssemblies (390ms)
		TypeCache.Refresh (9ms)
		AnalyzeDomain (25ms)
			BuildScriptInfoCaches (22ms)
	FinalizeReload (650ms)
		SetupLoadedEditorAssemblies (0ms)
			LogAssemblyErrors (3ms)
			InitializePlatformSupportModulesInManaged (3ms)
			BeforeProcessingInitializeOnLoad (162ms)
			ProcessInitializeOnLoadAttributes (130ms)
			ProcessInitializeOnLoadMethodAttributes (64ms)
			AfterProcessingInitializeOnLoad (14ms)
		AwakeInstancesAfterBackupRestoration (16ms)
Unloading 0 Unused Serialized files (Serialized files now loaded: 0)
Unloading 501 unused Assets / (131.8 KB). Loaded Objects now: 1207.
Memory consumption went from 192.1 MB to 192.0 MB.
Total: 4.741600 ms (FindLiveObjects: 0.258900 ms CreateObjectMapping: 0.023300 ms MarkObjects: 4.163500 ms  DeleteObjects: 0.122200 ms)

Prepare: number of updated asset objects reloaded= 0
========================================================================
Received Prepare
AcceleratorClientConnectionCallback - disconnected - :0
Begin MonoManager ReloadAssembly
Native extension for WindowsStandalone target not found
Native extension for WebGL target not found
[Package Manager] Failed to launch server process. Reason: Unity was launched with the -noUpm command-line argument
[Package Manager] Unable to send message (not connected to server process).
[Package Manager] Cannot connect to Unity Package Manager local server
ScheduleIndexationOnStartup MainProcess:False IndexOnStartup:True
Scripting: successfully reloaded assembly
- Finished resetting the current domain, in  0.547 seconds
Domain Reload Profiling: 1213ms
	BeginReloadAssembly (294ms)
		DisableScriptedObjects (12ms)
		CreateAndSetChildDomain (43ms)
	RebuildCommonClasses (14ms)
	RebuildNativeTypeToScriptingClass (30ms)
	initialDomainReloadingComplete (60ms)
	LoadAllAssembliesAndSetupDomain (267ms)
		LoadAssemblies (285ms)
		TypeCache.Refresh (6ms)
		AnalyzeDomain (3ms)
	FinalizeReload (548ms)
		SetupLoadedEditorAssemblies (0ms)
			LogAssemblyErrors (3ms)
			InitializePlatformSupportModulesInManaged (3ms)
			BeforeProcessingInitializeOnLoad (145ms)
			ProcessInitializeOnLoadAttributes (92ms)
			ProcessInitializeOnLoadMethodAttributes (56ms)
			AfterProcessingInitializeOnLoad (14ms)
		AwakeInstancesAfterBackupRestoration (13ms)
Unloading 0 Unused Serialized files (Serialized files now loaded: 0)
Unloading 501 unused Assets / (153.5 KB). Loaded Objects now: 1207.
Memory consumption went from 192.3 MB to 192.1 MB.
Total: 5.345900 ms (FindLiveObjects: 0.305600 ms CreateObjectMapping: 0.043700 ms MarkObjects: 4.542200 ms  DeleteObjects: 0.218800 ms)

Prepare: number of updated asset objects reloaded= 0
========================================================================
Received Prepare
AcceleratorClientConnectionCallback - disconnected - :0
Unloading 0 Unused Serialized files (Serialized files now loaded: 0)
Unloading 501 unused Assets / (68.6 KB). Loaded Objects now: 1207.
Memory consumption went from 192.7 MB to 192.6 MB.
Total: 36.300500 ms (FindLiveObjects: 1.053900 ms CreateObjectMapping: 0.106400 ms MarkObjects: 34.695400 ms  DeleteObjects: 0.225800 ms)

Prepare: number of updated asset objects reloaded= 0
========================================================================
Received Prepare
AcceleratorClientConnectionCallback - disconnected - :0
[Licensing::Client] Successfully resolved entitlement details
Begin MonoManager ReloadAssembly
Native extension for WindowsStandalone target not found
Native extension for WebGL target not found
[Package Manager] Failed to launch server process. Reason: Unity was launched with the -noUpm command-line argument
[Package Manager] Unable to send message (not connected to server process).
[Package Manager] Cannot connect to Unity Package Manager local server
ScheduleIndexationOnStartup MainProcess:False IndexOnStartup:True
Scripting: successfully reloaded assembly
- Finished resetting the current domain, in  0.560 seconds
Domain Reload Profiling: 1462ms
	BeginReloadAssembly (463ms)
		DisableScriptedObjects (36ms)
		CreateAndSetChildDomain (70ms)
	RebuildCommonClasses (11ms)
	RebuildNativeTypeToScriptingClass (21ms)
	initialDomainReloadingComplete (72ms)
	LoadAllAssembliesAndSetupDomain (334ms)
		LoadAssemblies (388ms)
		TypeCache.Refresh (10ms)
		AnalyzeDomain (22ms)
			BuildScriptInfoCaches (18ms)
	FinalizeReload (561ms)
		SetupLoadedEditorAssemblies (0ms)
			InitializePlatformSupportModulesInManaged (3ms)
			BeforeProcessingInitializeOnLoad (149ms)
			ProcessInitializeOnLoadAttributes (109ms)
			ProcessInitializeOnLoadMethodAttributes (43ms)
			AfterProcessingInitializeOnLoad (10ms)
		AwakeInstancesAfterBackupRestoration (12ms)
Unloading 0 Unused Serialized files (Serialized files now loaded: 0)
Unloading 501 unused Assets / (207.6 KB). Loaded Objects now: 1207.
Memory consumption went from 192.6 MB to 192.4 MB.
Total: 5.165700 ms (FindLiveObjects: 0.270200 ms CreateObjectMapping: 0.021700 ms MarkObjects: 4.438900 ms  DeleteObjects: 0.228900 ms)

Prepare: number of updated asset objects reloaded= 0
========================================================================
Received Prepare
AcceleratorClientConnectionCallback - disconnected - :0
Begin MonoManager ReloadAssembly
Native extension for WindowsStandalone target not found
Native extension for WebGL target not found
[Package Manager] Failed to launch server process. Reason: Unity was launched with the -noUpm command-line argument
[Package Manager] Unable to send message (not connected to server process).
[Package Manager] Cannot connect to Unity Package Manager local server
ScheduleIndexationOnStartup MainProcess:False IndexOnStartup:True
Scripting: successfully reloaded assembly
- Finished resetting the current domain, in  0.564 seconds
Domain Reload Profiling: 1236ms
	BeginReloadAssembly (292ms)
		DisableScriptedObjects (15ms)
		CreateAndSetChildDomain (40ms)
	RebuildCommonClasses (12ms)
	RebuildNativeTypeToScriptingClass (21ms)
	initialDomainReloadingComplete (68ms)
	LoadAllAssembliesAndSetupDomain (277ms)
		LoadAssemblies (279ms)
		TypeCache.Refresh (5ms)
		AnalyzeDomain (3ms)
	FinalizeReload (565ms)
		SetupLoadedEditorAssemblies (0ms)
			LogAssemblyErrors (3ms)
			InitializePlatformSupportModulesInManaged (3ms)
			BeforeProcessingInitializeOnLoad (149ms)
			ProcessInitializeOnLoadAttributes (115ms)
			ProcessInitializeOnLoadMethodAttributes (51ms)
			AfterProcessingInitializeOnLoad (10ms)
		AwakeInstancesAfterBackupRestoration (10ms)
Unloading 0 Unused Serialized files (Serialized files now loaded: 0)
Unloading 501 unused Assets / (141.7 KB). Loaded Objects now: 1207.
Memory consumption went from 192.8 MB to 192.7 MB.
Total: 6.293400 ms (FindLiveObjects: 0.306000 ms CreateObjectMapping: 0.029000 ms MarkObjects: 5.589100 ms  DeleteObjects: 0.173700 ms)

Prepare: number of updated asset objects reloaded= 0
========================================================================
Received Prepare
AcceleratorClientConnectionCallback - disconnected - :0
Unloading 0 Unused Serialized files (Serialized files now loaded: 0)
Unloading 501 unused Assets / (76.4 KB). Loaded Objects now: 1207.
Memory consumption went from 193.2 MB to 193.2 MB.
Total: 7.092900 ms (FindLiveObjects: 0.390700 ms CreateObjectMapping: 0.034700 ms MarkObjects: 6.274700 ms  DeleteObjects: 0.146300 ms)

Prepare: number of updated asset objects reloaded= 0
========================================================================
Received Prepare
AcceleratorClientConnectionCallback - disconnected - :0
[Licensing::Client] Successfully resolved entitlement details
Begin MonoManager ReloadAssembly
Native extension for WindowsStandalone target not found
Native extension for WebGL target not found
[Package Manager] Failed to launch server process. Reason: Unity was launched with the -noUpm command-line argument
[Package Manager] Unable to send message (not connected to server process).
[Package Manager] Cannot connect to Unity Package Manager local server
ScheduleIndexationOnStartup MainProcess:False IndexOnStartup:True
Scripting: successfully reloaded assembly
- Finished resetting the current domain, in  0.574 seconds
Domain Reload Profiling: 1408ms
	BeginReloadAssembly (366ms)
		DisableScriptedObjects (19ms)
		CreateAndSetChildDomain (52ms)
	RebuildCommonClasses (19ms)
	RebuildNativeTypeToScriptingClass (29ms)
	initialDomainReloadingComplete (77ms)
	LoadAllAssembliesAndSetupDomain (341ms)
		LoadAssemblies (320ms)
		TypeCache.Refresh (10ms)
		AnalyzeDomain (19ms)
			BuildScriptInfoCaches (17ms)
	FinalizeReload (576ms)
		SetupLoadedEditorAssemblies (0ms)
			LogAssemblyErrors (3ms)
			InitializePlatformSupportModulesInManaged (3ms)
			BeforeProcessingInitializeOnLoad (150ms)
			ProcessInitializeOnLoadAttributes (114ms)
			ProcessInitializeOnLoadMethodAttributes (50ms)
			AfterProcessingInitializeOnLoad (11ms)
			EditorAssembliesLoaded (3ms)
		AwakeInstancesAfterBackupRestoration (12ms)
Unloading 0 Unused Serialized files (Serialized files now loaded: 0)
Unloading 501 unused Assets / (136.9 KB). Loaded Objects now: 1207.
Memory consumption went from 193.2 MB to 193.1 MB.
Total: 5.621600 ms (FindLiveObjects: 0.373500 ms CreateObjectMapping: 0.028000 ms MarkObjects: 4.817100 ms  DeleteObjects: 0.187500 ms)

Prepare: number of updated asset objects reloaded= 0
========================================================================
Received Prepare
AcceleratorClientConnectionCallback - disconnected - :0
[Licensing::Client] Successfully resolved entitlement details
Begin MonoManager ReloadAssembly
Native extension for WindowsStandalone target not found
Native extension for WebGL target not found
[Package Manager] Failed to launch server process. Reason: Unity was launched with the -noUpm command-line argument
[Package Manager] Unable to send message (not connected to server process).
[Package Manager] Cannot connect to Unity Package Manager local server
ScheduleIndexationOnStartup MainProcess:False IndexOnStartup:True
Scripting: successfully reloaded assembly
- Finished resetting the current domain, in  0.628 seconds
Domain Reload Profiling: 1356ms
	BeginReloadAssembly (306ms)
		DisableScriptedObjects (15ms)
		CreateAndSetChildDomain (39ms)
	RebuildCommonClasses (15ms)
	RebuildNativeTypeToScriptingClass (28ms)
	initialDomainReloadingComplete (69ms)
	LoadAllAssembliesAndSetupDomain (310ms)
		LoadAssemblies (290ms)
		TypeCache.Refresh (6ms)
		AnalyzeDomain (3ms)
	FinalizeReload (629ms)
		SetupLoadedEditorAssemblies (0ms)
			LogAssemblyErrors (4ms)
			InitializePlatformSupportModulesInManaged (3ms)
			BeforeProcessingInitializeOnLoad (164ms)
			ProcessInitializeOnLoadAttributes (105ms)
			ProcessInitializeOnLoadMethodAttributes (47ms)
			AfterProcessingInitializeOnLoad (11ms)
		AwakeInstancesAfterBackupRestoration (14ms)
Unloading 0 Unused Serialized files (Serialized files now loaded: 0)
Unloading 501 unused Assets / (99.5 KB). Loaded Objects now: 1207.
Memory consumption went from 193.4 MB to 193.3 MB.
Total: 7.091200 ms (FindLiveObjects: 0.409200 ms CreateObjectMapping: 0.101200 ms MarkObjects: 6.196200 ms  DeleteObjects: 0.162000 ms)

Prepare: number of updated asset objects reloaded= 0
========================================================================
Received Prepare
AcceleratorClientConnectionCallback - disconnected - :0
[Licensing::Client] Successfully resolved entitlement details
Begin MonoManager ReloadAssembly
Native extension for WindowsStandalone target not found
Native extension for WebGL target not found
[Package Manager] Failed to launch server process. Reason: Unity was launched with the -noUpm command-line argument
[Package Manager] Unable to send message (not connected to server process).
[Package Manager] Cannot connect to Unity Package Manager local server
ScheduleIndexationOnStartup MainProcess:False IndexOnStartup:True
Scripting: successfully reloaded assembly
- Finished resetting the current domain, in  0.580 seconds
Domain Reload Profiling: 1291ms
	BeginReloadAssembly (308ms)
		DisableScriptedObjects (14ms)
		CreateAndSetChildDomain (47ms)
	RebuildCommonClasses (13ms)
	RebuildNativeTypeToScriptingClass (23ms)
	initialDomainReloadingComplete (72ms)
	LoadAllAssembliesAndSetupDomain (292ms)
		LoadAssemblies (292ms)
		TypeCache.Refresh (6ms)
		AnalyzeDomain (2ms)
	FinalizeReload (582ms)
		SetupLoadedEditorAssemblies (0ms)
			LogAssemblyErrors (3ms)
			InitializePlatformSupportModulesInManaged (3ms)
			BeforeProcessingInitializeOnLoad (154ms)
			ProcessInitializeOnLoadAttributes (110ms)
			ProcessInitializeOnLoadMethodAttributes (45ms)
			AfterProcessingInitializeOnLoad (13ms)
		AwakeInstancesAfterBackupRestoration (11ms)
Unloading 0 Unused Serialized files (Serialized files now loaded: 0)
Unloading 501 unused Assets / (112.5 KB). Loaded Objects now: 1207.
Memory consumption went from 193.6 MB to 193.5 MB.
Total: 5.307100 ms (FindLiveObjects: 0.306300 ms CreateObjectMapping: 0.032000 ms MarkObjects: 4.649800 ms  DeleteObjects: 0.130700 ms)

Prepare: number of updated asset objects reloaded= 0
========================================================================
Received Prepare
AcceleratorClientConnectionCallback - disconnected - :0
Unloading 0 Unused Serialized files (Serialized files now loaded: 0)
Unloading 501 unused Assets / (183.5 KB). Loaded Objects now: 1207.
Memory consumption went from 194.0 MB to 193.8 MB.
Total: 7.097100 ms (FindLiveObjects: 0.376000 ms CreateObjectMapping: 0.030100 ms MarkObjects: 6.191100 ms  DeleteObjects: 0.249500 ms)

Prepare: number of updated asset objects reloaded= 0
========================================================================
Received Prepare
AcceleratorClientConnectionCallback - disconnected - :0
[Licensing::Client] Successfully resolved entitlement details
Begin MonoManager ReloadAssembly
Native extension for WindowsStandalone target not found
Native extension for WebGL target not found
[Package Manager] Failed to launch server process. Reason: Unity was launched with the -noUpm command-line argument
[Package Manager] Unable to send message (not connected to server process).
[Package Manager] Cannot connect to Unity Package Manager local server
ScheduleIndexationOnStartup MainProcess:False IndexOnStartup:True
Scripting: successfully reloaded assembly
- Finished resetting the current domain, in  0.745 seconds
Domain Reload Profiling: 1554ms
	BeginReloadAssembly (340ms)
		DisableScriptedObjects (13ms)
		CreateAndSetChildDomain (60ms)
	RebuildCommonClasses (12ms)
	RebuildNativeTypeToScriptingClass (21ms)
	initialDomainReloadingComplete (71ms)
	LoadAllAssembliesAndSetupDomain (363ms)
		LoadAssemblies (303ms)
		TypeCache.Refresh (10ms)
		AnalyzeDomain (29ms)
			BuildScriptInfoCaches (25ms)
	FinalizeReload (747ms)
		SetupLoadedEditorAssemblies (0ms)
			LogAssemblyErrors (3ms)
			InitializePlatformSupportModulesInManaged (3ms)
			BeforeProcessingInitializeOnLoad (177ms)
			ProcessInitializeOnLoadAttributes (128ms)
			ProcessInitializeOnLoadMethodAttributes (82ms)
			AfterProcessingInitializeOnLoad (19ms)
		AwakeInstancesAfterBackupRestoration (20ms)
Unloading 0 Unused Serialized files (Serialized files now loaded: 0)
Unloading 501 unused Assets / (112.3 KB). Loaded Objects now: 1207.
Memory consumption went from 194.2 MB to 194.1 MB.
Total: 7.470000 ms (FindLiveObjects: 0.352500 ms CreateObjectMapping: 0.027300 ms MarkObjects: 6.633800 ms  DeleteObjects: 0.218000 ms)

Prepare: number of updated asset objects reloaded= 0
========================================================================
Received Prepare
AcceleratorClientConnectionCallback - disconnected - :0
Begin MonoManager ReloadAssembly
Native extension for WindowsStandalone target not found
Native extension for WebGL target not found
[Package Manager] Failed to launch server process. Reason: Unity was launched with the -noUpm command-line argument
[Package Manager] Unable to send message (not connected to server process).
[Package Manager] Cannot connect to Unity Package Manager local server
ScheduleIndexationOnStartup MainProcess:False IndexOnStartup:True
Scripting: successfully reloaded assembly
- Finished resetting the current domain, in  0.802 seconds
Domain Reload Profiling: 1712ms
	BeginReloadAssembly (381ms)
		DisableScriptedObjects (20ms)
		CreateAndSetChildDomain (59ms)
	RebuildCommonClasses (17ms)
	RebuildNativeTypeToScriptingClass (39ms)
	initialDomainReloadingComplete (82ms)
	LoadAllAssembliesAndSetupDomain (388ms)
		LoadAssemblies (359ms)
		TypeCache.Refresh (8ms)
		AnalyzeDomain (4ms)
	FinalizeReload (805ms)
		SetupLoadedEditorAssemblies (0ms)
			LogAssemblyErrors (3ms)
			InitializePlatformSupportModulesInManaged (5ms)
			BeforeProcessingInitializeOnLoad (230ms)
			ProcessInitializeOnLoadAttributes (158ms)
			ProcessInitializeOnLoadMethodAttributes (59ms)
			AfterProcessingInitializeOnLoad (12ms)
		AwakeInstancesAfterBackupRestoration (15ms)
Unloading 0 Unused Serialized files (Serialized files now loaded: 0)
Unloading 501 unused Assets / (240.8 KB). Loaded Objects now: 1207.
Memory consumption went from 195.1 MB to 194.9 MB.
Total: 9.980600 ms (FindLiveObjects: 0.510100 ms CreateObjectMapping: 0.083500 ms MarkObjects: 8.400400 ms  DeleteObjects: 0.690100 ms)

Prepare: number of updated asset objects reloaded= 0
Editor requested this worker to shutdown with reason: Editor is closing down
AssetImportWorkerClient::OnTransportError - code=2 error=End of file
AcceleratorClientConnectionCallback - disconnected - :0
AssetImportWorker is now disconnected from the server
Process exiting
[ExitDontLaunchBugReporter] Exiting without the bug reporter. Application will exit with return code 0
