[Licensing::Module] Trying to connect to existing licensing client channel...
Built from '6000.6/staging' branch; Version is '6000.6.3f1 (45d8eee7de74) revision 4577518'; Using compiler version '194234433'; Build Type 'Release'
OS: 'Windows 11  (10.0.26100) CoreSingleLanguage' Language: 'en' Physical Memory: 32506 MB
BatchMode: 1, IsHumanControllingUs: 0, StartBugReporterOnCrash: 0, Is64bit: 1
[Licensing::IpcConnector] Successfully connected to: "LicenseClient-eonvw" at "2026-10-03T23:02:16.8878934Z"
System  architecture: x64
Process architecture: x64
Date: 2026-10-03T23:02:16Z
[Licensing::Client] Code 10 while verifying Licensing Client signature (process Id: 758392, path: "C:/Program Files/Unity Hub/UnityLicensingClient_V1/Unity.Licensing.Client.exe")
[Licensing::Module] LicensingClient has failed validation; ignoring
[Licensing::Client] Handshaking with LicensingClient:
  Version:                 1.18.3+d7ffd15
  Session Id:              b903c684a2e24ef1866cfba6fc7e294d
  Correlation Id:          a5ae695d69d203898fbcfacc6c3d1b03
  External correlation Id: 6302867561673039521
  Machine Id:              HJKSOXajvVm0mGT1RtspIzejp2w=
[Licensing::Module] Successfully connected to LicensingClient on channel: "LicenseClient-eonvw" (connect: 0.00s, validation: 0.00s, handshake: 0.09s)
[Licensing::IpcConnector] Successfully connected to: "LicenseClient-eonvw-notifications" at "2026-10-03T23:02:16.9766891Z"
[Licensing::Module] Licensing Background thread has ended after 0.09s

COMMAND LINE ARGUMENTS:
C:\Program Files\Unity\Hub\Editor\6000.6.3f1\Editor\Unity.exe
-adb2
-batchMode
-noUpm
-name
AssetImportWorkerHW0
-projectPath
C:/Users/eonvw/source/repos/Project-Twinsanity
-logFile
Logs/AssetImportWorkerHW0.log
-srvPort
57769
-parentPid
780136
-analyticsCloudUserId
anonymous
-analyticsLocalProjectId
de7e37bef6af25d48b067d341c89eaa4
-editorAnalyticsEnabled
1
-cbmEditorLicense
4fafb3cc360ecb2be29c92e08f4814634d9e9948
-cbmMachineId
HJKSOXajvVm0mGT1RtspIzejp2w=
-licensingIpc
LicenseClient-eonvw
-noDiagnosticSwitchPersistentStore
-job-worker-count
5
-background-job-worker-count
8
-asset-garbage-collectors
1
-force-d3d12
-name
AssetImport
Successfully changed project path to: C:/Users/eonvw/source/repos/Project-Twinsanity
C:/Users/eonvw/source/repos/Project-Twinsanity
[UnityMemory] Configuration Parameters - Can be set up in boot.config
    "memorysetup-temp-allocator-size-gi-baking-worker=262144"
    "memorysetup-temp-allocator-size-gi-baking-worker=262144"
    "memorysetup-temp-allocator-size-gi-baking-worker=262144"
    "memorysetup-temp-allocator-size-gi-baking-worker=262144"
    "memorysetup-temp-allocator-size-gi-baking-worker=262144"
    "memorysetup-temp-allocator-size-nav-mesh-worker=65536"
    "memorysetup-temp-allocator-size-audio-worker=65536"
    "memorysetup-temp-allocator-size-cloud-worker=32768"
    "memorysetup-temp-allocator-size-gfx=262144"
    "memorysetup-remapper-allocator-initial-capacity=32768"
    "memorysetup-temp-allocator-size-preload-manager=33554432"
    "memorysetup-allocator-temp-initial-block-size-main=262144"
    "memorysetup-allocator-temp-initial-block-size-worker=262144"
    "memorysetup-temp-allocator-size-job-worker=262144"
    "memorysetup-temp-allocator-size-background-worker=32768"
    "memorysetup-bucket-allocator-granularity=16"
    "memorysetup-bucket-allocator-bucket-count=8"
    "memorysetup-bucket-allocator-block-size=33554432"
    "memorysetup-bucket-allocator-block-count=8"
    "memorysetup-main-allocator-block-size=16777216"
    "memorysetup-thread-allocator-block-size=16777216"
    "memorysetup-main-allocator-mimalloc-enabled=1"
    "memorysetup-gfx-main-allocator-block-size=16777216"
    "memorysetup-gfx-thread-allocator-block-size=16777216"
    "memorysetup-cache-allocator-block-size=4194304"
    "memorysetup-typetree-allocator-block-size=2097152"
    "memorysetup-profiler-bucket-allocator-granularity=16"
    "memorysetup-profiler-bucket-allocator-bucket-count=8"
    "memorysetup-profiler-bucket-allocator-block-size=33554432"
    "memorysetup-profiler-bucket-allocator-block-count=8"
    "memorysetup-profiler-allocator-block-size=16777216"
    "memorysetup-profiler-editor-allocator-block-size=1048576"
    "memorysetup-temp-allocator-size-main=16777216"
    "memorysetup-job-temp-allocator-block-size=2097152"
    "memorysetup-job-temp-allocator-block-size-background=1048576"
    "memorysetup-job-temp-allocator-reduction-small-platforms=262144"
Player connection [174720]  Target information:

Player connection [174720]  * "[IP] 192.168.3.7 [Port] 0 [Flags] 2 [Guid] 2375607357 [EditorId] 2375607357 [Version] 1048832 [Id] WindowsEditor(7,LAPTOP-1I15P7FG) [Debug] 1 [PackageName] WindowsEditor [ProjectName] Editor" 

Player connection [174720]  * "[IP] 10.185.89.24 [Port] 0 [Flags] 2 [Guid] 2375607357 [EditorId] 2375607357 [Version] 1048832 [Id] WindowsEditor(7,LAPTOP-1I15P7FG) [Debug] 1 [PackageName] WindowsEditor [ProjectName] Editor" 

Player connection [174720] Host joined multi-casting on [225.0.0.222:54997]...
Player connection [174720] Host joined alternative multi-casting on [225.0.0.222:34997]...
JobSystem: Creating JobQueue using job-worker-count value 5
Input System module state changed to: Initialized.
[Physics::Module] Initialized fallback backend.
[Physics::Module] Id: 0xdecafbad
Library Redirect Path: Library/
Initialising UDS system complete:
  - System type: Client
  - Resource namespace: c3461644d780cfe5a7dec9d3fcd3aebe
  - Shared memory size: 1073741824
  - Command buffer id: 1052576
  - Command buffer size: 8192
  - Hashmap size: 4194304
  - Service connected: true
  - Service working directory: Library/DataStore/
[Physics::Module] Selected backend (deferred post-plugins).
[Physics::Module] Name: PhysX
[Physics::Module] Id: 0xf2b8ea05
[Physics::Module] SDK Version: 4.1.2
[Physics::Module] Integration Version: 1.0.0
[Physics::Module] Threading Mode: Multi-Threaded
Initialize engine version: 6000.6.3f1 (45d8eee7de74)
[EntityIdStore] init: VM path (explicit commit), pageSize=4096, blockCount=1048576, entitiesPerBlock=256, slots reserved=4294967296 bytes
[Subsystems] Discovering subsystems at path C:/Program Files/Unity/Hub/Editor/6000.6.3f1/Editor/Data/Resources/UnitySubsystems
[Subsystems] Discovering subsystems at path C:/Users/eonvw/source/repos/Project-Twinsanity/Assets
Forcing GfxDevice: Direct3D 12
GfxDevice: creating device client; kGfxThreadingModeNonThreaded
d3d12: failed to query info queue interface (0x80004002).
Direct3D:
    Version:         Direct3D 12 [level 12.2]
    Renderer:        NVIDIA GeForce RTX 3050 Laptop GPU (ID=0x25a2)
    Vendor:          NVIDIA
    VRAM:            3962 MB
    App VRAM Budget: 3367 MB
    Driver:          32.0.16.1714
Initialize mono
Mono path[0] = 'C:/Program Files/Unity/Hub/Editor/6000.6.3f1/Editor/Data/Managed'
Mono path[1] = 'C:/Program Files/Unity/Hub/Editor/6000.6.3f1/Editor/Data/BCLExtensions/runtime/netstandard2.1'
Mono path[2] = 'C:/Program Files/Unity/Hub/Editor/6000.6.3f1/Editor/Data/MonoBleedingEdge/lib/mono/unityjit-win32'
Mono config path = 'C:/Program Files/Unity/Hub/Editor/6000.6.3f1/Editor/Data/MonoBleedingEdge/etc'
Using monoOptions --debugger-agent=transport=dt_socket,embedding=1,server=y,suspend=n,address=127.0.0.1:56792
CodeReloadManager initialized
Begin MonoManager ReloadAssembly
Registering precompiled unity dll's ...
Register platform support module: C:/Program Files/Unity/Hub/Editor/6000.6.3f1/Editor/Data/PlaybackEngines/WebGLSupport/UnityEditor.WebGL.Extensions.dll
Register platform support module: C:/Program Files/Unity/Hub/Editor/6000.6.3f1/Editor/Data/PlaybackEngines/WindowsStandaloneSupport/UnityEditor.WindowsStandalone.Extensions.dll
Registered in 0.003644 seconds.
Native extension for WindowsStandalone target not found
Native extension for WebGL target not found
Package Manager log level set to [2]
[Package Manager] Failed to launch server process. Reason: Unity was launched with the -noUpm command-line argument
[Package Manager] Unable to send message (not connected to server process).
[Package Manager] Cannot connect to Unity Package Manager local server
ScheduleIndexationOnStartup MainProcess:False IndexOnStartup:True
Scripting: successfully reloaded assembly
- Finished resetting the current domain, in  0.791 seconds
Domain Reload Profiling: 1821ms
	BeginReloadAssembly (249ms)
	RebuildCommonClasses (7ms)
	RebuildNativeTypeToScriptingClass (24ms)
	initialDomainReloadingComplete (130ms)
	LoadAllAssembliesAndSetupDomain (619ms)
		LoadAssemblies (243ms)
		TypeCache.Refresh (447ms)
			TypeCache.ScanAssembly (419ms)
		AnalyzeDomain (1ms)
	FinalizeReload (792ms)
		SetupLoadedEditorAssemblies (0ms)
			LogAssemblyErrors (3ms)
			InitializePlatformSupportModulesInManaged (4ms)
			BeforeProcessingInitializeOnLoad (215ms)
			ProcessInitializeOnLoadAttributes (173ms)
			ProcessInitializeOnLoadMethodAttributes (276ms)
Initializing Unity extensions:
[Licensing::Client] Successfully resolved entitlement details
[Licensing::Module] License group:
  Id: 5646382-UnityPersXXXX
  Product: Unity Personal
  Type: Assigned
  Expiration: Unlimited
========================================================================
Worker process is ready to serve import requests
Import Worker Mode flag is 0x00
Begin MonoManager ReloadAssembly
Native extension for WindowsStandalone target not found
Native extension for WebGL target not found
[Package Manager] Failed to launch server process. Reason: Unity was launched with the -noUpm command-line argument
[Package Manager] Unable to send message (not connected to server process).
[Package Manager] Cannot connect to Unity Package Manager local server
ScheduleIndexationOnStartup MainProcess:False IndexOnStartup:True
Scripting: successfully reloaded assembly
- Finished resetting the current domain, in  0.630 seconds
Domain Reload Profiling: 1357ms
	BeginReloadAssembly (260ms)
		DisableScriptedObjects (11ms)
		CreateAndSetChildDomain (39ms)
	RebuildCommonClasses (20ms)
	RebuildNativeTypeToScriptingClass (31ms)
	initialDomainReloadingComplete (79ms)
	LoadAllAssembliesAndSetupDomain (337ms)
		LoadAssemblies (249ms)
		TypeCache.Refresh (26ms)
			TypeCache.ScanAssembly (14ms)
		AnalyzeDomain (11ms)
			BuildScriptInfoCaches (9ms)
	FinalizeReload (631ms)
		SetupLoadedEditorAssemblies (0ms)
			LogAssemblyErrors (3ms)
			InitializePlatformSupportModulesInManaged (3ms)
			BeforeProcessingInitializeOnLoad (173ms)
			ProcessInitializeOnLoadAttributes (121ms)
			ProcessInitializeOnLoadMethodAttributes (54ms)
			AfterProcessingInitializeOnLoad (12ms)
		AwakeInstancesAfterBackupRestoration (12ms)
AcceleratorClientConnectionCallback - disconnected - :0
Launched and connected shader compiler UnityShaderCompiler.exe after 0.01 seconds
Unloading 0 Unused Serialized files (Serialized files now loaded: 0)
Unloading 508 unused Assets / (169.2 KB). Loaded Objects now: 1212.
Memory consumption went from 193.8 MB to 193.7 MB.
Total: 5.349400 ms (FindLiveObjects: 0.447600 ms CreateObjectMapping: 0.055600 ms MarkObjects: 4.451200 ms  DeleteObjects: 0.235800 ms)

========================================================================
Received Prepare
AcceleratorClientConnectionCallback - disconnected - :0
Unloading 0 Unused Serialized files (Serialized files now loaded: 0)
Unloading 0 unused Assets / (0 B). Loaded Objects now: 1212.
Memory consumption went from 192.5 MB to 192.5 MB.
Total: 5.783100 ms (FindLiveObjects: 0.219700 ms CreateObjectMapping: 0.012100 ms MarkObjects: 5.385300 ms  DeleteObjects: 0.005500 ms)

Prepare: number of updated asset objects reloaded= 0
========================================================================
Received Import Request.
  Time of request: 2026-10-03T23:02:26.0060012Z
  Time since last request: 356271.96875090000685 seconds.
  importAddress: GUID: a8590c89f9ca9c14d90f9b3b46271a69 - Path: Assets/Twinsanity/Baked/Beach/Beach_Scenery_Mesh_2 3.asset - Importer: ScriptedImporter/UnityEditor.QuickSearchModule:UnityEditor.Search:ASIAI0B
Importing 'GUID: a8590c89f9ca9c14d90f9b3b46271a69 - Path: Assets/Twinsanity/Baked/Beach/Beach_Scenery_Mesh_2 3.asset - Importer: ScriptedImporter/UnityEditor.QuickSearchModule:UnityEditor.Search:ASIAI0B' with importer (ScriptedImporter : UnityEditor.QuickSearchModule:UnityEditor.Search:ASIAI0B)
Imported 'GUID: a8590c89f9ca9c14d90f9b3b46271a69' -> (Import Result ID: '270c70ff011c49514eb7b7cfd973e66c') in 0.148 seconds [static and dynamic dependencies]. Details - ImportResultOutputID=9dcc85dc1b9282ccfc3bd7ab4e509199 DependenciesID=d64431d9008ff5a75d131b99a7aeb864 StaticDependenciesID=d716bf4e3105882cc5bff15321bd5c2f 
Number of updated asset objects reloaded before import = 0
Number of asset objects unloaded after import = 1
========================================================================
Received Import Request.
  Time of request: 2026-10-03T23:02:26.1684567Z
  Time since last request: 0.0125744 seconds.
  importAddress: GUID: 403f410c63f06c5428f37fc2d5c37916 - Path: Assets/Twinsanity/Baked/Beach/Beach_Scenery_Mesh_16 3.asset - Importer: ScriptedImporter/UnityEditor.QuickSearchModule:UnityEditor.Search:ASIAI0B
Importing 'GUID: 403f410c63f06c5428f37fc2d5c37916 - Path: Assets/Twinsanity/Baked/Beach/Beach_Scenery_Mesh_16 3.asset - Importer: ScriptedImporter/UnityEditor.QuickSearchModule:UnityEditor.Search:ASIAI0B' with importer (ScriptedImporter : UnityEditor.QuickSearchModule:UnityEditor.Search:ASIAI0B)
Imported 'GUID: 403f410c63f06c5428f37fc2d5c37916' -> (Import Result ID: '3e26a3e7ab64ea3143b4455016f44e12') in 0.016 seconds [static and dynamic dependencies]. Details - ImportResultOutputID=07e6e7587753838ce244bfdcdba93a51 DependenciesID=d2b0ec6000fb95eff9b83366a2f4a216 StaticDependenciesID=b16ce37f407cdce8ed14486b996766bb 
Number of updated asset objects reloaded before import = 0
Number of asset objects unloaded after import = 1
========================================================================
Received Import Request.
  Time of request: 2026-10-03T23:02:26.1854518Z
  Time since last request: 0.0006242 seconds.
  importAddress: GUID: af1a259e1b0337b4c8a028316d7ff42d - Path: Assets/Twinsanity/Baked/Beach/Beach_Scenery_Mesh_9 3.asset - Importer: ScriptedImporter/UnityEditor.QuickSearchModule:UnityEditor.Search:ASIAI0B
Importing 'GUID: af1a259e1b0337b4c8a028316d7ff42d - Path: Assets/Twinsanity/Baked/Beach/Beach_Scenery_Mesh_9 3.asset - Importer: ScriptedImporter/UnityEditor.QuickSearchModule:UnityEditor.Search:ASIAI0B' with importer (ScriptedImporter : UnityEditor.QuickSearchModule:UnityEditor.Search:ASIAI0B)
Imported 'GUID: af1a259e1b0337b4c8a028316d7ff42d' -> (Import Result ID: '4a11f2552c983bb242349db8b586c542') in 0.006 seconds [static and dynamic dependencies]. Details - ImportResultOutputID=2196c67ad5765893f504e6d6a54df5fe DependenciesID=06dfde295bea87842972cc36234ef147 StaticDependenciesID=f084f1627bd462fb4fc74d50639b8277 
Number of updated asset objects reloaded before import = 0
Number of asset objects unloaded after import = 1
========================================================================
Received Import Request.
  Time of request: 2026-10-03T23:02:26.1922288Z
  Time since last request: 0.0005784 seconds.
  importAddress: GUID: bb50913b68152834aa37db338514fa3c - Path: Assets/Twinsanity/Baked/Beach/Beach_Scenery_Mesh_61 3.asset - Importer: ScriptedImporter/UnityEditor.QuickSearchModule:UnityEditor.Search:ASIAI0B
Importing 'GUID: bb50913b68152834aa37db338514fa3c - Path: Assets/Twinsanity/Baked/Beach/Beach_Scenery_Mesh_61 3.asset - Importer: ScriptedImporter/UnityEditor.QuickSearchModule:UnityEditor.Search:ASIAI0B' with importer (ScriptedImporter : UnityEditor.QuickSearchModule:UnityEditor.Search:ASIAI0B)
Imported 'GUID: bb50913b68152834aa37db338514fa3c' -> (Import Result ID: 'fed9a3ad2fc129da6f6a084f88d4cec7') in 0.006 seconds [static and dynamic dependencies]. Details - ImportResultOutputID=838cfb7f3c65d0452f91d670fc10e650 DependenciesID=221197909d1919acd42e3069778e694d StaticDependenciesID=028aaa983b46c11b91697f9df75823e6 
Number of updated asset objects reloaded before import = 0
Number of asset objects unloaded after import = 1
========================================================================
Received Import Request.
  Time of request: 2026-10-03T23:02:26.200005Z
  Time since last request: 0.0006935 seconds.
  importAddress: GUID: 17bf45fcbae9f3b4fa665b5f522c64bd - Path: Assets/Twinsanity/Baked/Beach/Beach_Scenery_Mesh_21 3.asset - Importer: ScriptedImporter/UnityEditor.QuickSearchModule:UnityEditor.Search:ASIAI0B
Importing 'GUID: 17bf45fcbae9f3b4fa665b5f522c64bd - Path: Assets/Twinsanity/Baked/Beach/Beach_Scenery_Mesh_21 3.asset - Importer: ScriptedImporter/UnityEditor.QuickSearchModule:UnityEditor.Search:ASIAI0B' with importer (ScriptedImporter : UnityEditor.QuickSearchModule:UnityEditor.Search:ASIAI0B)
Imported 'GUID: 17bf45fcbae9f3b4fa665b5f522c64bd' -> (Import Result ID: '229a012af859a6600bd9471512b445a0') in 0.006 seconds [static and dynamic dependencies]. Details - ImportResultOutputID=0459b39e04f11f1eb3222a587a8ab709 DependenciesID=beb79d778188baf14f82aa7632adf558 StaticDependenciesID=5d5b4cae290e633952b8cbb1b3b6f16d 
Number of updated asset objects reloaded before import = 0
Number of asset objects unloaded after import = 1
========================================================================
Received Import Request.
  Time of request: 2026-10-03T23:02:26.2076148Z
  Time since last request: 0.0007327 seconds.
  importAddress: GUID: f419415ca6a617a4e98bec5c62d4b5d2 - Path: Assets/Twinsanity/Baked/Beach/Material_53 3.mat - Importer: ScriptedImporter/UnityEditor.QuickSearchModule:UnityEditor.Search:ASIAI0B
Importing 'GUID: f419415ca6a617a4e98bec5c62d4b5d2 - Path: Assets/Twinsanity/Baked/Beach/Material_53 3.mat - Importer: ScriptedImporter/UnityEditor.QuickSearchModule:UnityEditor.Search:ASIAI0B' with importer (ScriptedImporter : UnityEditor.QuickSearchModule:UnityEditor.Search:ASIAI0B)
Imported 'GUID: f419415ca6a617a4e98bec5c62d4b5d2' -> (Import Result ID: '11555e49da93a7a3a069b56bcb80cbd5') in 0.033 seconds [static and dynamic dependencies]. Details - ImportResultOutputID=695124df8659d1c9ffcd9679f5c65a93 DependenciesID=e76ed189e95e92ed52417a7199eb7c70 StaticDependenciesID=dfa82ec41d3265c1ab8a409575fe7d02 
Number of updated asset objects reloaded before import = 0
Number of asset objects unloaded after import = 2
========================================================================
Received Import Request.
  Time of request: 2026-10-03T23:02:26.2447614Z
  Time since last request: 0.0033977 seconds.
  importAddress: GUID: 19b69249327c0c140bfa0fd5807507f7 - Path: Assets/Twinsanity/Baked/Beach/Material_34 3.mat - Importer: ScriptedImporter/UnityEditor.QuickSearchModule:UnityEditor.Search:ASIAI0B
Importing 'GUID: 19b69249327c0c140bfa0fd5807507f7 - Path: Assets/Twinsanity/Baked/Beach/Material_34 3.mat - Importer: ScriptedImporter/UnityEditor.QuickSearchModule:UnityEditor.Search:ASIAI0B' with importer (ScriptedImporter : UnityEditor.QuickSearchModule:UnityEditor.Search:ASIAI0B)
Imported 'GUID: 19b69249327c0c140bfa0fd5807507f7' -> (Import Result ID: '3032b621282b77553b56a73c29f8a9d4') in 0.010 seconds [static and dynamic dependencies]. Details - ImportResultOutputID=caa22893f432142dec51ae8637b14954 DependenciesID=c08e5ebaaab1913408695b3cd0a027e6 StaticDependenciesID=5de76e69f19d5b4a1de7df35280020ba 
Number of updated asset objects reloaded before import = 0
Number of asset objects unloaded after import = 2
========================================================================
Received Import Request.
  Time of request: 2026-10-03T23:02:26.258064Z
  Time since last request: 0.001289 seconds.
  importAddress: GUID: bfb374a8ec0a5324eb1efbb82ec1057a - Path: Assets/Twinsanity/Baked/Beach/Beach_Scenery_Mesh_23 3.asset - Importer: ScriptedImporter/UnityEditor.QuickSearchModule:UnityEditor.Search:ASIAI0B
Importing 'GUID: bfb374a8ec0a5324eb1efbb82ec1057a - Path: Assets/Twinsanity/Baked/Beach/Beach_Scenery_Mesh_23 3.asset - Importer: ScriptedImporter/UnityEditor.QuickSearchModule:UnityEditor.Search:ASIAI0B' with importer (ScriptedImporter : UnityEditor.QuickSearchModule:UnityEditor.Search:ASIAI0B)
Imported 'GUID: bfb374a8ec0a5324eb1efbb82ec1057a' -> (Import Result ID: '4278da4feef57824dc930e3ece0ac781') in 0.006 seconds [static and dynamic dependencies]. Details - ImportResultOutputID=fb32e2167b367420fd2cf11f519e43e8 DependenciesID=d4206f923b564c7805892f8552064280 StaticDependenciesID=76d0361a93994a7494f08479cf5e2c31 
Number of updated asset objects reloaded before import = 0
Number of asset objects unloaded after import = 1
========================================================================
Received Import Request.
  Time of request: 2026-10-03T23:02:26.2659949Z
  Time since last request: 0.000756 seconds.
  importAddress: GUID: 31dbb42a0efcee848ad73939fb25ed93 - Path: Assets/Twinsanity/Baked/Beach/Material_6 3.mat - Importer: ScriptedImporter/UnityEditor.QuickSearchModule:UnityEditor.Search:ASIAI0B
Importing 'GUID: 31dbb42a0efcee848ad73939fb25ed93 - Path: Assets/Twinsanity/Baked/Beach/Material_6 3.mat - Importer: ScriptedImporter/UnityEditor.QuickSearchModule:UnityEditor.Search:ASIAI0B' with importer (ScriptedImporter : UnityEditor.QuickSearchModule:UnityEditor.Search:ASIAI0B)
Imported 'GUID: 31dbb42a0efcee848ad73939fb25ed93' -> (Import Result ID: '890d97eee15a0c513049d1490a9a937f') in 0.007 seconds [static and dynamic dependencies]. Details - ImportResultOutputID=2c96c928897628d6f758067a7cec07d5 DependenciesID=a1084ad384522f4492b37f020f2cd4a8 StaticDependenciesID=ebfd38ac19ccbd26431a7268557aa15d 
Number of updated asset objects reloaded before import = 0
Number of asset objects unloaded after import = 2
========================================================================
Received Import Request.
  Time of request: 2026-10-03T23:02:26.2740785Z
  Time since last request: 0.0005714 seconds.
  importAddress: GUID: df350ac020c491c448b6a65bf7791eb1 - Path: Assets/Twinsanity/Baked/Beach/Material_49 3.mat - Importer: ScriptedImporter/UnityEditor.QuickSearchModule:UnityEditor.Search:ASIAI0B
Importing 'GUID: df350ac020c491c448b6a65bf7791eb1 - Path: Assets/Twinsanity/Baked/Beach/Material_49 3.mat - Importer: ScriptedImporter/UnityEditor.QuickSearchModule:UnityEditor.Search:ASIAI0B' with importer (ScriptedImporter : UnityEditor.QuickSearchModule:UnityEditor.Search:ASIAI0B)
Imported 'GUID: df350ac020c491c448b6a65bf7791eb1' -> (Import Result ID: '95788e925a61886bb375ccf5dc2b0f9c') in 0.007 seconds [static and dynamic dependencies]. Details - ImportResultOutputID=0b41261196591897a0ff19fa699def4d DependenciesID=6ba433ab0e607ad32692fc3016d2b26d StaticDependenciesID=8e8dd1fc34e5c62f8c0e730245a79618 
Number of updated asset objects reloaded before import = 0
Number of asset objects unloaded after import = 2
========================================================================
Received Import Request.
  Time of request: 2026-10-03T23:02:26.28198Z
  Time since last request: 0.0005845 seconds.
  importAddress: GUID: c20af1ae90171ed4ea4a6f59f2a1a8db - Path: Assets/Twinsanity/Baked/Beach/Beach_Scenery_Mesh_38 3.asset - Importer: ScriptedImporter/UnityEditor.QuickSearchModule:UnityEditor.Search:ASIAI0B
Importing 'GUID: c20af1ae90171ed4ea4a6f59f2a1a8db - Path: Assets/Twinsanity/Baked/Beach/Beach_Scenery_Mesh_38 3.asset - Importer: ScriptedImporter/UnityEditor.QuickSearchModule:UnityEditor.Search:ASIAI0B' with importer (ScriptedImporter : UnityEditor.QuickSearchModule:UnityEditor.Search:ASIAI0B)
Imported 'GUID: c20af1ae90171ed4ea4a6f59f2a1a8db' -> (Import Result ID: 'eadc30bfce224d5546268d09840e975a') in 0.007 seconds [static and dynamic dependencies]. Details - ImportResultOutputID=30eaff708dcc34a32b5c2c851671c1d6 DependenciesID=1617b2ad6bd4e5ae34a9890f3b02b142 StaticDependenciesID=c00cfa30929b930231be991c212363ad 
Number of updated asset objects reloaded before import = 0
Number of asset objects unloaded after import = 1
========================================================================
Received Import Request.
  Time of request: 2026-10-03T23:02:26.2905981Z
  Time since last request: 0.0015367 seconds.
  importAddress: GUID: cafbd19ef95a30b4dba2be9fa220bc1a - Path: Assets/Twinsanity/Baked/Beach/Beach_Scenery_Mesh_22 3.asset - Importer: ScriptedImporter/UnityEditor.QuickSearchModule:UnityEditor.Search:ASIAI0B
Importing 'GUID: cafbd19ef95a30b4dba2be9fa220bc1a - Path: Assets/Twinsanity/Baked/Beach/Beach_Scenery_Mesh_22 3.asset - Importer: ScriptedImporter/UnityEditor.QuickSearchModule:UnityEditor.Search:ASIAI0B' with importer (ScriptedImporter : UnityEditor.QuickSearchModule:UnityEditor.Search:ASIAI0B)
Imported 'GUID: cafbd19ef95a30b4dba2be9fa220bc1a' -> (Import Result ID: 'a830fdd056056e97440788577f45f306') in 0.006 seconds [static and dynamic dependencies]. Details - ImportResultOutputID=768d4cf9ff24a57b783fde29c98de500 DependenciesID=adc31fc4f1f4cf97ba6b463cdbd9ed01 StaticDependenciesID=007af9b7de2bba21be65f8e58fca388d 
Number of updated asset objects reloaded before import = 0
Number of asset objects unloaded after import = 1
========================================================================
Received Import Request.
  Time of request: 2026-10-03T23:02:26.2984764Z
  Time since last request: 0.000864 seconds.
  importAddress: GUID: 73cd0c6935605cc46b812234f1d0d01d - Path: Assets/Twinsanity/Baked/Beach/Beach_Scenery_Mesh_17 3.asset - Importer: ScriptedImporter/UnityEditor.QuickSearchModule:UnityEditor.Search:ASIAI0B
Importing 'GUID: 73cd0c6935605cc46b812234f1d0d01d - Path: Assets/Twinsanity/Baked/Beach/Beach_Scenery_Mesh_17 3.asset - Importer: ScriptedImporter/UnityEditor.QuickSearchModule:UnityEditor.Search:ASIAI0B' with importer (ScriptedImporter : UnityEditor.QuickSearchModule:UnityEditor.Search:ASIAI0B)
Imported 'GUID: 73cd0c6935605cc46b812234f1d0d01d' -> (Import Result ID: '289f44f63b070df84096479b3af6ff4b') in 0.008 seconds [static and dynamic dependencies]. Details - ImportResultOutputID=f06ea9ac5378692e37e64b75cc2a4859 DependenciesID=83b0ab911869792a0ce8ab8ab3a230e0 StaticDependenciesID=72b32123a1659c5e19ffd32f8f618772 
Number of updated asset objects reloaded before import = 0
Number of asset objects unloaded after import = 1
========================================================================
Received Import Request.
  Time of request: 2026-10-03T23:02:26.3076715Z
  Time since last request: 0.0009895 seconds.
  importAddress: GUID: c41d09e0273fc6f4bb1d7b094ae4b2c1 - Path: Assets/Twinsanity/Baked/Beach/Material_8 3.mat - Importer: ScriptedImporter/UnityEditor.QuickSearchModule:UnityEditor.Search:ASIAI0B
Importing 'GUID: c41d09e0273fc6f4bb1d7b094ae4b2c1 - Path: Assets/Twinsanity/Baked/Beach/Material_8 3.mat - Importer: ScriptedImporter/UnityEditor.QuickSearchModule:UnityEditor.Search:ASIAI0B' with importer (ScriptedImporter : UnityEditor.QuickSearchModule:UnityEditor.Search:ASIAI0B)
Imported 'GUID: c41d09e0273fc6f4bb1d7b094ae4b2c1' -> (Import Result ID: '7d20c20bde9e9de6fa4141e23c50459e') in 0.009 seconds [static and dynamic dependencies]. Details - ImportResultOutputID=51a65d73b895a57a1841d5924d149781 DependenciesID=7615d4494874dc403e2c18d924a56956 StaticDependenciesID=afbebadca05b65ff57abfebf8934ec9a 
Number of updated asset objects reloaded before import = 0
Number of asset objects unloaded after import = 2
========================================================================
Received Import Request.
  Time of request: 2026-10-03T23:02:26.3181877Z
  Time since last request: 0.0006847 seconds.
  importAddress: GUID: ebf511ede818f4243924e64d6cd7dc40 - Path: Assets/Twinsanity/Baked/Beach/Material_45 3.mat - Importer: ScriptedImporter/UnityEditor.QuickSearchModule:UnityEditor.Search:ASIAI0B
Importing 'GUID: ebf511ede818f4243924e64d6cd7dc40 - Path: Assets/Twinsanity/Baked/Beach/Material_45 3.mat - Importer: ScriptedImporter/UnityEditor.QuickSearchModule:UnityEditor.Search:ASIAI0B' with importer (ScriptedImporter : UnityEditor.QuickSearchModule:UnityEditor.Search:ASIAI0B)
Imported 'GUID: ebf511ede818f4243924e64d6cd7dc40' -> (Import Result ID: '48e499b8f09e543910ff76910ecb9e49') in 0.008 seconds [static and dynamic dependencies]. Details - ImportResultOutputID=1fa878c870a02299b9b50344c5c04505 DependenciesID=c70c46d14895762d71e27ece138b09c6 StaticDependenciesID=507ea66855dfd721d1ce311debbb7c07 
Number of updated asset objects reloaded before import = 0
Number of asset objects unloaded after import = 2
========================================================================
Received Import Request.
  Time of request: 2026-10-03T23:02:26.3275373Z
  Time since last request: 0.0008298 seconds.
  importAddress: GUID: 70eae5f689b941d439d8c6f5d6ca0a8e - Path: Assets/Twinsanity/Baked/Beach/Beach_Scenery_Mesh_52 3.asset - Importer: ScriptedImporter/UnityEditor.QuickSearchModule:UnityEditor.Search:ASIAI0B
Importing 'GUID: 70eae5f689b941d439d8c6f5d6ca0a8e - Path: Assets/Twinsanity/Baked/Beach/Beach_Scenery_Mesh_52 3.asset - Importer: ScriptedImporter/UnityEditor.QuickSearchModule:UnityEditor.Search:ASIAI0B' with importer (ScriptedImporter : UnityEditor.QuickSearchModule:UnityEditor.Search:ASIAI0B)
Imported 'GUID: 70eae5f689b941d439d8c6f5d6ca0a8e' -> (Import Result ID: '5a5c761656cac25461cc703e650b0586') in 0.015 seconds [static and dynamic dependencies]. Details - ImportResultOutputID=54dc58a7893457465f15f6a1c577930d DependenciesID=4a89b4130469d8edf300be8b29ec1ba4 StaticDependenciesID=f985a76e0f381ef14e45280bd8675bce 
Number of updated asset objects reloaded before import = 0
Number of asset objects unloaded after import = 1
========================================================================
Received Import Request.
  Time of request: 2026-10-03T23:02:26.3437958Z
  Time since last request: 0.0007369 seconds.
  importAddress: GUID: 113dedef813bb384e97a84a7679b4aa3 - Path: Assets/Twinsanity/Baked/Beach/Material_10 3.mat - Importer: ScriptedImporter/UnityEditor.QuickSearchModule:UnityEditor.Search:ASIAI0B
Importing 'GUID: 113dedef813bb384e97a84a7679b4aa3 - Path: Assets/Twinsanity/Baked/Beach/Material_10 3.mat - Importer: ScriptedImporter/UnityEditor.QuickSearchModule:UnityEditor.Search:ASIAI0B' with importer (ScriptedImporter : UnityEditor.QuickSearchModule:UnityEditor.Search:ASIAI0B)
Imported 'GUID: 113dedef813bb384e97a84a7679b4aa3' -> (Import Result ID: '6877fd711e2452311210e6f04140eaae') in 0.008 seconds [static and dynamic dependencies]. Details - ImportResultOutputID=e8c8d786d69367419f4dbe05bc9db6c9 DependenciesID=ffd92be3d560d12c3e8c297adaf2b460 StaticDependenciesID=3140a66d21474de3940f4550fc6d554d 
Number of updated asset objects reloaded before import = 0
Number of asset objects unloaded after import = 2
========================================================================
Received Import Request.
  Time of request: 2026-10-03T23:02:26.3527182Z
  Time since last request: 0.0006097 seconds.
  importAddress: GUID: 1f1dcd13357174f4684a79cac892d2ff - Path: Assets/Twinsanity/Baked/Beach/Beach_Scenery_Mesh_48 3.asset - Importer: ScriptedImporter/UnityEditor.QuickSearchModule:UnityEditor.Search:ASIAI0B
Importing 'GUID: 1f1dcd13357174f4684a79cac892d2ff - Path: Assets/Twinsanity/Baked/Beach/Beach_Scenery_Mesh_48 3.asset - Importer: ScriptedImporter/UnityEditor.QuickSearchModule:UnityEditor.Search:ASIAI0B' with importer (ScriptedImporter : UnityEditor.QuickSearchModule:UnityEditor.Search:ASIAI0B)
Imported 'GUID: 1f1dcd13357174f4684a79cac892d2ff' -> (Import Result ID: 'a1cb4a4289dee243162176576ed1c968') in 0.005 seconds [static and dynamic dependencies]. Details - ImportResultOutputID=2b810db604d3ee3af074332ef8ef5356 DependenciesID=9f132ea872b2286d85056576ee288070 StaticDependenciesID=7fd51d630757ca3544557363e1d53734 
Number of updated asset objects reloaded before import = 0
Number of asset objects unloaded after import = 1
========================================================================
Received Import Request.
  Time of request: 2026-10-03T23:02:26.3592002Z
  Time since last request: 0.0006012 seconds.
  importAddress: GUID: 6aa7957ea0cc3164c81152bdfeeedc64 - Path: Assets/Twinsanity/Baked/Beach/Beach_Scenery_Mesh_33 3.asset - Importer: ScriptedImporter/UnityEditor.QuickSearchModule:UnityEditor.Search:ASIAI0B
Importing 'GUID: 6aa7957ea0cc3164c81152bdfeeedc64 - Path: Assets/Twinsanity/Baked/Beach/Beach_Scenery_Mesh_33 3.asset - Importer: ScriptedImporter/UnityEditor.QuickSearchModule:UnityEditor.Search:ASIAI0B' with importer (ScriptedImporter : UnityEditor.QuickSearchModule:UnityEditor.Search:ASIAI0B)
Imported 'GUID: 6aa7957ea0cc3164c81152bdfeeedc64' -> (Import Result ID: '0f657391d635607aba5704a02a8aa8f7') in 0.005 seconds [static and dynamic dependencies]. Details - ImportResultOutputID=74b56972ef6c96b5024c5b6b5b4df6cf DependenciesID=05f285c74872f1948951f2e0964bb1dc StaticDependenciesID=252381944cb11cd0333f4dcdc82b095c 
Number of updated asset objects reloaded before import = 0
Number of asset objects unloaded after import = 1
========================================================================
Received Import Request.
  Time of request: 2026-10-03T23:02:26.3654117Z
  Time since last request: 0.0005611 seconds.
  importAddress: GUID: 3fe113ffc1f4f4b4eadf7b2aee5170b9 - Path: Assets/Twinsanity/Baked/Beach/Beach_Scenery_Mesh_28 3.asset - Importer: ScriptedImporter/UnityEditor.QuickSearchModule:UnityEditor.Search:ASIAI0B
Importing 'GUID: 3fe113ffc1f4f4b4eadf7b2aee5170b9 - Path: Assets/Twinsanity/Baked/Beach/Beach_Scenery_Mesh_28 3.asset - Importer: ScriptedImporter/UnityEditor.QuickSearchModule:UnityEditor.Search:ASIAI0B' with importer (ScriptedImporter : UnityEditor.QuickSearchModule:UnityEditor.Search:ASIAI0B)
Imported 'GUID: 3fe113ffc1f4f4b4eadf7b2aee5170b9' -> (Import Result ID: '699f89672954b61e1e12f1ba1b3a23e6') in 0.012 seconds [static and dynamic dependencies]. Details - ImportResultOutputID=a982d2823691c4f59767676a460d72b4 DependenciesID=b4d7d8242d33d40df1fd40856a364bb8 StaticDependenciesID=4b834919ea1320c551e0512d443c07a3 
Number of updated asset objects reloaded before import = 0
Number of asset objects unloaded after import = 1
========================================================================
Received Import Request.
  Time of request: 2026-10-03T23:02:26.3785561Z
  Time since last request: 0.0007775 seconds.
  importAddress: GUID: a0ef01c5be803194c9189d805dd3d638 - Path: Assets/Twinsanity/Baked/Beach/Material_4 3.mat - Importer: ScriptedImporter/UnityEditor.QuickSearchModule:UnityEditor.Search:ASIAI0B
Importing 'GUID: a0ef01c5be803194c9189d805dd3d638 - Path: Assets/Twinsanity/Baked/Beach/Material_4 3.mat - Importer: ScriptedImporter/UnityEditor.QuickSearchModule:UnityEditor.Search:ASIAI0B' with importer (ScriptedImporter : UnityEditor.QuickSearchModule:UnityEditor.Search:ASIAI0B)
Imported 'GUID: a0ef01c5be803194c9189d805dd3d638' -> (Import Result ID: '8c37863a5fcb427945b96260510721cb') in 0.007 seconds [static and dynamic dependencies]. Details - ImportResultOutputID=36ee437250745bf97061c900870b8883 DependenciesID=ff11b1398c4633c9be138a35d08902c8 StaticDependenciesID=e9ffe5a3c3da04f2961f0992b50d40b1 
Number of updated asset objects reloaded before import = 0
Number of asset objects unloaded after import = 2
========================================================================
Received Import Request.
  Time of request: 2026-10-03T23:02:26.3872044Z
  Time since last request: 0.0006474 seconds.
  importAddress: GUID: 498a7b736d9815c4aba15288509e5d8e - Path: Assets/Twinsanity/Baked/Beach/Beach_Scenery_Mesh_13 3.asset - Importer: ScriptedImporter/UnityEditor.QuickSearchModule:UnityEditor.Search:ASIAI0B
Importing 'GUID: 498a7b736d9815c4aba15288509e5d8e - Path: Assets/Twinsanity/Baked/Beach/Beach_Scenery_Mesh_13 3.asset - Importer: ScriptedImporter/UnityEditor.QuickSearchModule:UnityEditor.Search:ASIAI0B' with importer (ScriptedImporter : UnityEditor.QuickSearchModule:UnityEditor.Search:ASIAI0B)
Imported 'GUID: 498a7b736d9815c4aba15288509e5d8e' -> (Import Result ID: '86e3f2d6b650321693bfc38d9849491e') in 0.006 seconds [static and dynamic dependencies]. Details - ImportResultOutputID=1d3d60d21bb8e341c71cfb7dcf4abbe3 DependenciesID=ff9639d4460b24bd1e780425d9ab8273 StaticDependenciesID=311120d008719e02df39ad9fe6ae8b4b 
Number of updated asset objects reloaded before import = 0
Number of asset objects unloaded after import = 1
========================================================================
Received Import Request.
  Time of request: 2026-10-03T23:02:26.3943652Z
  Time since last request: 0.000739 seconds.
  importAddress: GUID: 1bb3c914ab5607b4d827a0704d589be8 - Path: Assets/Twinsanity/Baked/Beach/Material_1 3.mat - Importer: ScriptedImporter/UnityEditor.QuickSearchModule:UnityEditor.Search:ASIAI0B
Importing 'GUID: 1bb3c914ab5607b4d827a0704d589be8 - Path: Assets/Twinsanity/Baked/Beach/Material_1 3.mat - Importer: ScriptedImporter/UnityEditor.QuickSearchModule:UnityEditor.Search:ASIAI0B' with importer (ScriptedImporter : UnityEditor.QuickSearchModule:UnityEditor.Search:ASIAI0B)
Imported 'GUID: 1bb3c914ab5607b4d827a0704d589be8' -> (Import Result ID: '5160afec7b0c727fef7e19cd4a79f2d9') in 0.008 seconds [static and dynamic dependencies]. Details - ImportResultOutputID=cc2c6c30c6891b1345c58058272cae82 DependenciesID=9903cababf7dce97e5ea42a14e09d4be StaticDependenciesID=86500f00731d43136be90b58dd78400c 
Number of updated asset objects reloaded before import = 0
Number of asset objects unloaded after import = 2
========================================================================
Received Import Request.
  Time of request: 2026-10-03T23:02:26.403774Z
  Time since last request: 0.0005341 seconds.
  importAddress: GUID: f9ab7b4a2d3c49688021e15dbc4c24b4 - Path: Assets/Twinsanity/Scenes/BeachLevel.unity - Importer: ScriptedImporter/UnityEditor.QuickSearchModule:UnityEditor.Search:ASIAI0B
Importing 'GUID: f9ab7b4a2d3c49688021e15dbc4c24b4 - Path: Assets/Twinsanity/Scenes/BeachLevel.unity - Importer: ScriptedImporter/UnityEditor.QuickSearchModule:UnityEditor.Search:ASIAI0B' with importer (ScriptedImporter : UnityEditor.QuickSearchModule:UnityEditor.Search:ASIAI0B)
Imported 'GUID: f9ab7b4a2d3c49688021e15dbc4c24b4' -> (Import Result ID: 'fb3cdefec28cae61402acf2e71658d68') in 0.162 seconds [static and dynamic dependencies]. Details - ImportResultOutputID=8d0ea6bd33a3dd5ea1c6fa2d137dceb4 DependenciesID=f63ac73b39cd01c72ead321dad8fdbf9 StaticDependenciesID=7eb7edf34be777ca5bcc6e3c9cce3098 
Number of updated asset objects reloaded before import = 0
Number of asset objects unloaded after import = 1
========================================================================
Received Import Request.
  Time of request: 2026-10-03T23:02:26.566694Z
  Time since last request: 0.0007006 seconds.
  importAddress: GUID: 5797724cb61bd5640b87f7a8629799b2 - Path: Assets/Twinsanity/Baked/Beach/Material_14 3.mat - Importer: ScriptedImporter/UnityEditor.QuickSearchModule:UnityEditor.Search:ASIAI0B
Importing 'GUID: 5797724cb61bd5640b87f7a8629799b2 - Path: Assets/Twinsanity/Baked/Beach/Material_14 3.mat - Importer: ScriptedImporter/UnityEditor.QuickSearchModule:UnityEditor.Search:ASIAI0B' with importer (ScriptedImporter : UnityEditor.QuickSearchModule:UnityEditor.Search:ASIAI0B)
Imported 'GUID: 5797724cb61bd5640b87f7a8629799b2' -> (Import Result ID: '02200e6a682b001a4065b3b9af4bde0d') in 0.006 seconds [static and dynamic dependencies]. Details - ImportResultOutputID=0b3cf0cf4442f417f5ff4f06cbbef292 DependenciesID=a2abad40c1de7bf7ca52ea9405f04581 StaticDependenciesID=599397ea5a8ac914b50cd193fcd25f6a 
Number of updated asset objects reloaded before import = 0
Number of asset objects unloaded after import = 2
========================================================================
Received Import Request.
  Time of request: 2026-10-03T23:02:26.5739664Z
  Time since last request: 0.0005095 seconds.
  importAddress: GUID: 0bd51577b3c04d74c93a18937b73d6e6 - Path: Assets/Twinsanity/Resources/Characters/CrashPlayerModel.asset - Importer: ScriptedImporter/UnityEditor.QuickSearchModule:UnityEditor.Search:ASIAI0B
Importing 'GUID: 0bd51577b3c04d74c93a18937b73d6e6 - Path: Assets/Twinsanity/Resources/Characters/CrashPlayerModel.asset - Importer: ScriptedImporter/UnityEditor.QuickSearchModule:UnityEditor.Search:ASIAI0B' with importer (ScriptedImporter : UnityEditor.QuickSearchModule:UnityEditor.Search:ASIAI0B)
Imported 'GUID: 0bd51577b3c04d74c93a18937b73d6e6' -> (Import Result ID: '19670fa8d73bfa0f9e62205b2ba9f7c9') in 0.105 seconds [static and dynamic dependencies]. Details - ImportResultOutputID=37306eee59af80a7ee4de7d82fa614f6 DependenciesID=5c6e4848de29f30a46f524b627c9b0f1 StaticDependenciesID=d9e30397e3dd6ec07088e48d084e96b8 
Number of updated asset objects reloaded before import = 0
Number of asset objects unloaded after import = 50
========================================================================
Received Import Request.
  Time of request: 2026-10-03T23:02:26.6810167Z
  Time since last request: 0.0003956 seconds.
  importAddress: GUID: 27676ef26aa15574985e51d65fbe77bc - Path: Assets/Twinsanity/Baked/Beach/Beach_Scenery_Mesh_7 3.asset - Importer: ScriptedImporter/UnityEditor.QuickSearchModule:UnityEditor.Search:ASIAI0B
Importing 'GUID: 27676ef26aa15574985e51d65fbe77bc - Path: Assets/Twinsanity/Baked/Beach/Beach_Scenery_Mesh_7 3.asset - Importer: ScriptedImporter/UnityEditor.QuickSearchModule:UnityEditor.Search:ASIAI0B' with importer (ScriptedImporter : UnityEditor.QuickSearchModule:UnityEditor.Search:ASIAI0B)
Imported 'GUID: 27676ef26aa15574985e51d65fbe77bc' -> (Import Result ID: '36dcd915b0acece14d06efa24e4b1d44') in 0.007 seconds [static and dynamic dependencies]. Details - ImportResultOutputID=1ce06e78a9e1d0a7d477339c1d014591 DependenciesID=b7a875fb3ceb95a45c04ddddfde54f1f StaticDependenciesID=13a6f11a149a83f4a578b72be1b48a60 
Number of updated asset objects reloaded before import = 0
Number of asset objects unloaded after import = 1
========================================================================
Received Import Request.
  Time of request: 2026-10-03T23:02:26.6895257Z
  Time since last request: 0.0006123 seconds.
  importAddress: GUID: 994443e1e8f63dd4e8ac3552418cc261 - Path: Assets/Twinsanity/Baked/Beach/Material_47 3.mat - Importer: ScriptedImporter/UnityEditor.QuickSearchModule:UnityEditor.Search:ASIAI0B
Importing 'GUID: 994443e1e8f63dd4e8ac3552418cc261 - Path: Assets/Twinsanity/Baked/Beach/Material_47 3.mat - Importer: ScriptedImporter/UnityEditor.QuickSearchModule:UnityEditor.Search:ASIAI0B' with importer (ScriptedImporter : UnityEditor.QuickSearchModule:UnityEditor.Search:ASIAI0B)
Imported 'GUID: 994443e1e8f63dd4e8ac3552418cc261' -> (Import Result ID: '77aef9299949d90e7f05512be56af412') in 0.008 seconds [static and dynamic dependencies]. Details - ImportResultOutputID=bf2f57dbe3f35869bef18f568c2280c8 DependenciesID=ec625d509dea551d22627e54bf4b5a3e StaticDependenciesID=05ed6e22fbd81e8d7d195a85466bd2c3 
Number of updated asset objects reloaded before import = 0
Number of asset objects unloaded after import = 2
========================================================================
Received Import Request.
  Time of request: 2026-10-03T23:02:26.6983466Z
  Time since last request: 0.0005916 seconds.
  importAddress: GUID: 82c1ce54b37da6646a22a2156746f57f - Path: Assets/Twinsanity/Baked/Beach/Material_57 3.mat - Importer: ScriptedImporter/UnityEditor.QuickSearchModule:UnityEditor.Search:ASIAI0B
Importing 'GUID: 82c1ce54b37da6646a22a2156746f57f - Path: Assets/Twinsanity/Baked/Beach/Material_57 3.mat - Importer: ScriptedImporter/UnityEditor.QuickSearchModule:UnityEditor.Search:ASIAI0B' with importer (ScriptedImporter : UnityEditor.QuickSearchModule:UnityEditor.Search:ASIAI0B)
Imported 'GUID: 82c1ce54b37da6646a22a2156746f57f' -> (Import Result ID: '8230b9f3cb8f791f2e1aa1fd26b7ecb2') in 0.005 seconds [static and dynamic dependencies]. Details - ImportResultOutputID=1c0ce30e904b64a979f38f18aed378fc DependenciesID=3e218d83bfdbefe07c4c2161b4775969 StaticDependenciesID=35c8498ae8e3db9dcf744a27c5f3de2a 
Number of updated asset objects reloaded before import = 0
Number of asset objects unloaded after import = 2
========================================================================
Received Import Request.
  Time of request: 2026-10-03T23:02:26.7046305Z
  Time since last request: 0.0005664 seconds.
  importAddress: GUID: e225a20a9eb285b419d475ac381a1b31 - Path: Assets/Twinsanity/Baked/Beach/Beach_Scenery_Mesh_27 3.asset - Importer: ScriptedImporter/UnityEditor.QuickSearchModule:UnityEditor.Search:ASIAI0B
Importing 'GUID: e225a20a9eb285b419d475ac381a1b31 - Path: Assets/Twinsanity/Baked/Beach/Beach_Scenery_Mesh_27 3.asset - Importer: ScriptedImporter/UnityEditor.QuickSearchModule:UnityEditor.Search:ASIAI0B' with importer (ScriptedImporter : UnityEditor.QuickSearchModule:UnityEditor.Search:ASIAI0B)
Imported 'GUID: e225a20a9eb285b419d475ac381a1b31' -> (Import Result ID: '07ec2239de92308e0984a5a43aaa0c0e') in 0.007 seconds [static and dynamic dependencies]. Details - ImportResultOutputID=d28d96744de613c7eb91a32d634059cd DependenciesID=1333d42e3abe46113e7cd8d22f284c05 StaticDependenciesID=e27f8401782bcdfb23cee62ea8989185 
Number of updated asset objects reloaded before import = 0
Number of asset objects unloaded after import = 1
========================================================================
Received Import Request.
  Time of request: 2026-10-03T23:02:26.7130184Z
  Time since last request: 0.0006649 seconds.
  importAddress: GUID: 129ccd535ca43a64eb2f80803bea96dc - Path: Assets/Twinsanity/Baked/Beach/Beach_Scenery_Mesh_40 3.asset - Importer: ScriptedImporter/UnityEditor.QuickSearchModule:UnityEditor.Search:ASIAI0B
Importing 'GUID: 129ccd535ca43a64eb2f80803bea96dc - Path: Assets/Twinsanity/Baked/Beach/Beach_Scenery_Mesh_40 3.asset - Importer: ScriptedImporter/UnityEditor.QuickSearchModule:UnityEditor.Search:ASIAI0B' with importer (ScriptedImporter : UnityEditor.QuickSearchModule:UnityEditor.Search:ASIAI0B)
Imported 'GUID: 129ccd535ca43a64eb2f80803bea96dc' -> (Import Result ID: 'b1d35c2d29ac3b69f02d53048fa16ba7') in 0.008 seconds [static and dynamic dependencies]. Details - ImportResultOutputID=fb7a7952cf605e705baddaf4019b5e68 DependenciesID=927c3f5fe6a565a1f12ad6330a911021 StaticDependenciesID=9ce3193f9ba0967e98e877314462d4c5 
Number of updated asset objects reloaded before import = 0
Number of asset objects unloaded after import = 1
========================================================================
Received Import Request.
  Time of request: 2026-10-03T23:02:26.7226145Z
  Time since last request: 0.0006159 seconds.
  importAddress: GUID: 7f26af1612413f74a82beeda7e6b2203 - Path: Assets/Twinsanity/Baked/Beach/Beach_Scenery_Mesh_42 3.asset - Importer: ScriptedImporter/UnityEditor.QuickSearchModule:UnityEditor.Search:ASIAI0B
Importing 'GUID: 7f26af1612413f74a82beeda7e6b2203 - Path: Assets/Twinsanity/Baked/Beach/Beach_Scenery_Mesh_42 3.asset - Importer: ScriptedImporter/UnityEditor.QuickSearchModule:UnityEditor.Search:ASIAI0B' with importer (ScriptedImporter : UnityEditor.QuickSearchModule:UnityEditor.Search:ASIAI0B)
Imported 'GUID: 7f26af1612413f74a82beeda7e6b2203' -> (Import Result ID: '7a9906d9e61a5e07a5836dc33eb63de4') in 0.009 seconds [static and dynamic dependencies]. Details - ImportResultOutputID=b8bff02a05b05f58500ecc3c607bfca1 DependenciesID=c8baa13cad3b50656e5ba0f780ed25fd StaticDependenciesID=1672a036c788ecc0fb1a54bd221ce2a9 
Number of updated asset objects reloaded before import = 0
Number of asset objects unloaded after import = 1
========================================================================
Received Import Request.
  Time of request: 2026-10-03T23:02:26.7324342Z
  Time since last request: 0.0007714 seconds.
  importAddress: GUID: 24e8f5029f117d74ca57990e944ca19f - Path: Assets/Twinsanity/Baked/Beach/Beach_Scenery_Mesh_46 3.asset - Importer: ScriptedImporter/UnityEditor.QuickSearchModule:UnityEditor.Search:ASIAI0B
Importing 'GUID: 24e8f5029f117d74ca57990e944ca19f - Path: Assets/Twinsanity/Baked/Beach/Beach_Scenery_Mesh_46 3.asset - Importer: ScriptedImporter/UnityEditor.QuickSearchModule:UnityEditor.Search:ASIAI0B' with importer (ScriptedImporter : UnityEditor.QuickSearchModule:UnityEditor.Search:ASIAI0B)
Imported 'GUID: 24e8f5029f117d74ca57990e944ca19f' -> (Import Result ID: 'a55f9c1ec4a555e4d444bc6b1b03d2cf') in 0.006 seconds [static and dynamic dependencies]. Details - ImportResultOutputID=fcaa67e586e804923ce8ec6bda2229f4 DependenciesID=ad4a6bc84360987c965f0a2df21670b3 StaticDependenciesID=70db5e518e5bc73c1873a5bb92d497e8 
Number of updated asset objects reloaded before import = 0
Number of asset objects unloaded after import = 1
========================================================================
Received Import Request.
  Time of request: 2026-10-03T23:02:26.7393302Z
  Time since last request: 0.0006879 seconds.
  importAddress: GUID: 7acbc86b90a9448429da106e27d2f376 - Path: Assets/Twinsanity/Baked/Beach/Beach_Scenery_Mesh_25 3.asset - Importer: ScriptedImporter/UnityEditor.QuickSearchModule:UnityEditor.Search:ASIAI0B
Importing 'GUID: 7acbc86b90a9448429da106e27d2f376 - Path: Assets/Twinsanity/Baked/Beach/Beach_Scenery_Mesh_25 3.asset - Importer: ScriptedImporter/UnityEditor.QuickSearchModule:UnityEditor.Search:ASIAI0B' with importer (ScriptedImporter : UnityEditor.QuickSearchModule:UnityEditor.Search:ASIAI0B)
Imported 'GUID: 7acbc86b90a9448429da106e27d2f376' -> (Import Result ID: '8493e3f38979cc5465a65a77c4e15919') in 0.009 seconds [static and dynamic dependencies]. Details - ImportResultOutputID=b18c785bcdfbbfc5b42b1a7637a86076 DependenciesID=33e114a4a65cb835865e7ea1b6667880 StaticDependenciesID=eb3941f5d3669ee79969f1a5032e7505 
Number of updated asset objects reloaded before import = 0
Number of asset objects unloaded after import = 1
========================================================================
Received Import Request.
  Time of request: 2026-10-03T23:02:26.7501598Z
  Time since last request: 0.0009086 seconds.
  importAddress: GUID: 61afcc59859bde548aa0fd41534476c7 - Path: Assets/Twinsanity/Baked/Beach/Material_51 3.mat - Importer: ScriptedImporter/UnityEditor.QuickSearchModule:UnityEditor.Search:ASIAI0B
Importing 'GUID: 61afcc59859bde548aa0fd41534476c7 - Path: Assets/Twinsanity/Baked/Beach/Material_51 3.mat - Importer: ScriptedImporter/UnityEditor.QuickSearchModule:UnityEditor.Search:ASIAI0B' with importer (ScriptedImporter : UnityEditor.QuickSearchModule:UnityEditor.Search:ASIAI0B)
Imported 'GUID: 61afcc59859bde548aa0fd41534476c7' -> (Import Result ID: '9bf69ba6ce5b9879724840df767c3199') in 0.009 seconds [static and dynamic dependencies]. Details - ImportResultOutputID=f6a83d0ede4a058a30873e062721d96f DependenciesID=9f1b607aa6f41fba7a3eafb1a32b53b2 StaticDependenciesID=d3b6ecf6ea6717a912959c91410b68c4 
Number of updated asset objects reloaded before import = 0
Number of asset objects unloaded after import = 2
========================================================================
Received Import Request.
  Time of request: 2026-10-03T23:02:26.7598473Z
  Time since last request: 0.0006055 seconds.
  importAddress: GUID: 7f295962f7c4dcd4295632740d577ca8 - Path: Assets/Twinsanity/Baked/Beach/Beach_Scenery_Mesh_11 3.asset - Importer: ScriptedImporter/UnityEditor.QuickSearchModule:UnityEditor.Search:ASIAI0B
Importing 'GUID: 7f295962f7c4dcd4295632740d577ca8 - Path: Assets/Twinsanity/Baked/Beach/Beach_Scenery_Mesh_11 3.asset - Importer: ScriptedImporter/UnityEditor.QuickSearchModule:UnityEditor.Search:ASIAI0B' with importer (ScriptedImporter : UnityEditor.QuickSearchModule:UnityEditor.Search:ASIAI0B)
Imported 'GUID: 7f295962f7c4dcd4295632740d577ca8' -> (Import Result ID: '548671389b0ba01ad576b338775fc24b') in 0.005 seconds [static and dynamic dependencies]. Details - ImportResultOutputID=9313a4b9c1271c57b62f57393c52ebf6 DependenciesID=880978e6803020ea008bf83fba5e5fef StaticDependenciesID=2cab3283959488398c43de90b587a9a4 
Number of updated asset objects reloaded before import = 0
Number of asset objects unloaded after import = 1
========================================================================
Received Import Request.
  Time of request: 2026-10-03T23:02:26.7656984Z
  Time since last request: 0.0006108 seconds.
  importAddress: GUID: eed69cbfcb777b14881041fbc1014a8f - Path: Assets/Twinsanity/Baked/Beach/Beach_Scenery_Mesh_31 3.asset - Importer: ScriptedImporter/UnityEditor.QuickSearchModule:UnityEditor.Search:ASIAI0B
Importing 'GUID: eed69cbfcb777b14881041fbc1014a8f - Path: Assets/Twinsanity/Baked/Beach/Beach_Scenery_Mesh_31 3.asset - Importer: ScriptedImporter/UnityEditor.QuickSearchModule:UnityEditor.Search:ASIAI0B' with importer (ScriptedImporter : UnityEditor.QuickSearchModule:UnityEditor.Search:ASIAI0B)
Imported 'GUID: eed69cbfcb777b14881041fbc1014a8f' -> (Import Result ID: 'b4a0cc4ecf0c6aa10fe7a9c5bc0d3c4f') in 0.006 seconds [static and dynamic dependencies]. Details - ImportResultOutputID=d9d8c01bda16ead617a701a1f968e794 DependenciesID=0b8a9778cdeab2a1badb73c413e7b86e StaticDependenciesID=b3b7bb11b74a742d734a6921b1d36c0e 
Number of updated asset objects reloaded before import = 0
Number of asset objects unloaded after import = 1
========================================================================
Received Import Request.
  Time of request: 2026-10-03T23:02:26.7728831Z
  Time since last request: 0.000631 seconds.
  importAddress: GUID: 0356df8301bcdfb4ca574d02634c1e5d - Path: Assets/Twinsanity/Baked/Beach/Beach_Scenery_Mesh_35 3.asset - Importer: ScriptedImporter/UnityEditor.QuickSearchModule:UnityEditor.Search:ASIAI0B
Importing 'GUID: 0356df8301bcdfb4ca574d02634c1e5d - Path: Assets/Twinsanity/Baked/Beach/Beach_Scenery_Mesh_35 3.asset - Importer: ScriptedImporter/UnityEditor.QuickSearchModule:UnityEditor.Search:ASIAI0B' with importer (ScriptedImporter : UnityEditor.QuickSearchModule:UnityEditor.Search:ASIAI0B)
Imported 'GUID: 0356df8301bcdfb4ca574d02634c1e5d' -> (Import Result ID: 'f593337731186fe3da30e1325296036f') in 0.007 seconds [static and dynamic dependencies]. Details - ImportResultOutputID=4b5d9371e247fd341b195dbc5cb5ead7 DependenciesID=f5d282788cd829c11ebe7c98b03db6c0 StaticDependenciesID=9d5dacfbba1b113d4f8b7b9339606293 
Number of updated asset objects reloaded before import = 0
Number of asset objects unloaded after import = 1
========================================================================
Received Import Request.
  Time of request: 2026-10-03T23:02:26.7807677Z
  Time since last request: 0.0006781 seconds.
  importAddress: GUID: 9801fcfe95e9fe54aab9f1a58ee075a2 - Path: Assets/Twinsanity/Baked/Beach/Beach_Scenery_Mesh_32 3.asset - Importer: ScriptedImporter/UnityEditor.QuickSearchModule:UnityEditor.Search:ASIAI0B
Importing 'GUID: 9801fcfe95e9fe54aab9f1a58ee075a2 - Path: Assets/Twinsanity/Baked/Beach/Beach_Scenery_Mesh_32 3.asset - Importer: ScriptedImporter/UnityEditor.QuickSearchModule:UnityEditor.Search:ASIAI0B' with importer (ScriptedImporter : UnityEditor.QuickSearchModule:UnityEditor.Search:ASIAI0B)
Imported 'GUID: 9801fcfe95e9fe54aab9f1a58ee075a2' -> (Import Result ID: 'ec3208b20fc263da61699b3ad211fa39') in 0.006 seconds [static and dynamic dependencies]. Details - ImportResultOutputID=327f268da56534bb5f63a1d53080286b DependenciesID=f81d064ee0e093b5d0dd0b33a29ccad5 StaticDependenciesID=8b098add81e614bdc89dccef29e8f07c 
Number of updated asset objects reloaded before import = 0
Number of asset objects unloaded after import = 1
========================================================================
Received Import Request.
  Time of request: 2026-10-03T23:02:26.7874884Z
  Time since last request: 0.000515 seconds.
  importAddress: GUID: 1abccce33430fdd4595e15ece252bd25 - Path: Assets/Twinsanity/Baked/Beach/Material_55 3.mat - Importer: ScriptedImporter/UnityEditor.QuickSearchModule:UnityEditor.Search:ASIAI0B
Importing 'GUID: 1abccce33430fdd4595e15ece252bd25 - Path: Assets/Twinsanity/Baked/Beach/Material_55 3.mat - Importer: ScriptedImporter/UnityEditor.QuickSearchModule:UnityEditor.Search:ASIAI0B' with importer (ScriptedImporter : UnityEditor.QuickSearchModule:UnityEditor.Search:ASIAI0B)
Imported 'GUID: 1abccce33430fdd4595e15ece252bd25' -> (Import Result ID: '7b8ea45c44286b4decd1674c54fc2cf5') in 0.006 seconds [static and dynamic dependencies]. Details - ImportResultOutputID=b3eebf16655b084b7577b939e964a77d DependenciesID=084b264ccdf4d32161ca0f32a7468a55 StaticDependenciesID=f9080216cfff2f7a2922a690f7d334c9 
Number of updated asset objects reloaded before import = 0
Number of asset objects unloaded after import = 2
========================================================================
Received Import Request.
  Time of request: 2026-10-03T23:02:26.7945191Z
  Time since last request: 0.0005105 seconds.
  importAddress: GUID: 8d37c4b87c6882343879d2ec7e8dcb09 - Path: Assets/Twinsanity/Baked/Beach/Beach_Scenery_Mesh_5 3.asset - Importer: ScriptedImporter/UnityEditor.QuickSearchModule:UnityEditor.Search:ASIAI0B
Importing 'GUID: 8d37c4b87c6882343879d2ec7e8dcb09 - Path: Assets/Twinsanity/Baked/Beach/Beach_Scenery_Mesh_5 3.asset - Importer: ScriptedImporter/UnityEditor.QuickSearchModule:UnityEditor.Search:ASIAI0B' with importer (ScriptedImporter : UnityEditor.QuickSearchModule:UnityEditor.Search:ASIAI0B)
Imported 'GUID: 8d37c4b87c6882343879d2ec7e8dcb09' -> (Import Result ID: '68d1f7d9811377647c74159e922776c0') in 0.007 seconds [static and dynamic dependencies]. Details - ImportResultOutputID=5e5cd532e1b77ca6e49bdfd786051f99 DependenciesID=4d191ca3e515398b7143469bcf7f0336 StaticDependenciesID=f933538d5fc7e76d41c7ac66835b37d6 
Number of updated asset objects reloaded before import = 0
Number of asset objects unloaded after import = 1
========================================================================
Received Import Request.
  Time of request: 2026-10-03T23:02:26.8023396Z
  Time since last request: 0.0005788 seconds.
  importAddress: GUID: 06b8b1c722cd2614c9be0f497ad3a672 - Path: Assets/Twinsanity/Baked/Beach/Beach_Scenery_Mesh_30 3.asset - Importer: ScriptedImporter/UnityEditor.QuickSearchModule:UnityEditor.Search:ASIAI0B
Importing 'GUID: 06b8b1c722cd2614c9be0f497ad3a672 - Path: Assets/Twinsanity/Baked/Beach/Beach_Scenery_Mesh_30 3.asset - Importer: ScriptedImporter/UnityEditor.QuickSearchModule:UnityEditor.Search:ASIAI0B' with importer (ScriptedImporter : UnityEditor.QuickSearchModule:UnityEditor.Search:ASIAI0B)
Imported 'GUID: 06b8b1c722cd2614c9be0f497ad3a672' -> (Import Result ID: 'ea527c5b8e12a372e6e3c500d6ae5894') in 0.006 seconds [static and dynamic dependencies]. Details - ImportResultOutputID=4581df48d8be64744d563e41b4cabf7c DependenciesID=6dcc168148dd845186ab61168c9d4512 StaticDependenciesID=aba8530d2b06742e1632479a331a4eac 
Number of updated asset objects reloaded before import = 0
Number of asset objects unloaded after import = 1
========================================================================
Received Import Request.
  Time of request: 2026-10-03T23:02:26.8090604Z
  Time since last request: 0.0005981 seconds.
  importAddress: GUID: dca9a94c2cec2bd4c9625082994422e3 - Path: Assets/Twinsanity/Baked/Beach/Material_43 3.mat - Importer: ScriptedImporter/UnityEditor.QuickSearchModule:UnityEditor.Search:ASIAI0B
Importing 'GUID: dca9a94c2cec2bd4c9625082994422e3 - Path: Assets/Twinsanity/Baked/Beach/Material_43 3.mat - Importer: ScriptedImporter/UnityEditor.QuickSearchModule:UnityEditor.Search:ASIAI0B' with importer (ScriptedImporter : UnityEditor.QuickSearchModule:UnityEditor.Search:ASIAI0B)
Imported 'GUID: dca9a94c2cec2bd4c9625082994422e3' -> (Import Result ID: 'd0e17fb705182d1e5026fa3d78257b2e') in 0.006 seconds [static and dynamic dependencies]. Details - ImportResultOutputID=6a519065bbc53ce90e481f1e4f7b92df DependenciesID=22268f3d255fcffdcb5e7deadcef90ec StaticDependenciesID=003c69ba824bf2440864c2484d038f1e 
Number of updated asset objects reloaded before import = 0
Number of asset objects unloaded after import = 2
========================================================================
Received Import Request.
  Time of request: 2026-10-03T23:02:26.816332Z
  Time since last request: 0.0005737 seconds.
  importAddress: GUID: a40ca11c744718f41b553293da914e40 - Path: Assets/Twinsanity/Baked/Beach/Beach_Scenery_Mesh_44 3.asset - Importer: ScriptedImporter/UnityEditor.QuickSearchModule:UnityEditor.Search:ASIAI0B
Importing 'GUID: a40ca11c744718f41b553293da914e40 - Path: Assets/Twinsanity/Baked/Beach/Beach_Scenery_Mesh_44 3.asset - Importer: ScriptedImporter/UnityEditor.QuickSearchModule:UnityEditor.Search:ASIAI0B' with importer (ScriptedImporter : UnityEditor.QuickSearchModule:UnityEditor.Search:ASIAI0B)
Imported 'GUID: a40ca11c744718f41b553293da914e40' -> (Import Result ID: 'f7efa45aca2334d46ea65cd83f74b7c5') in 0.005 seconds [static and dynamic dependencies]. Details - ImportResultOutputID=cc96fbcb926ff04416d16f925b66dada DependenciesID=b100c4ecde734f92766fa1f29a0f0650 StaticDependenciesID=eded957a8768a23f0a681114cc034385 
Number of updated asset objects reloaded before import = 0
Number of asset objects unloaded after import = 1
========================================================================
Received Import Request.
  Time of request: 2026-10-03T23:02:26.8228003Z
  Time since last request: 0.0004891 seconds.
  importAddress: GUID: d5f1ece45d405b440b46b420c7aed941 - Path: Assets/Twinsanity/Baked/Beach/Beach_Scenery_Mesh_26 3.asset - Importer: ScriptedImporter/UnityEditor.QuickSearchModule:UnityEditor.Search:ASIAI0B
Importing 'GUID: d5f1ece45d405b440b46b420c7aed941 - Path: Assets/Twinsanity/Baked/Beach/Beach_Scenery_Mesh_26 3.asset - Importer: ScriptedImporter/UnityEditor.QuickSearchModule:UnityEditor.Search:ASIAI0B' with importer (ScriptedImporter : UnityEditor.QuickSearchModule:UnityEditor.Search:ASIAI0B)
Imported 'GUID: d5f1ece45d405b440b46b420c7aed941' -> (Import Result ID: '6674440d6746d9dae65f0f23463ac791') in 0.005 seconds [static and dynamic dependencies]. Details - ImportResultOutputID=032595e2fce86d91084917bdb0789218 DependenciesID=dfa0ce2333b6feea2a6b530091101735 StaticDependenciesID=9353dd5c6d017420f0ec180aa3b1e08f 
Number of updated asset objects reloaded before import = 0
Number of asset objects unloaded after import = 1
========================================================================
Received Import Request.
  Time of request: 2026-10-03T23:02:26.8285609Z
  Time since last request: 0.000535 seconds.
  importAddress: GUID: e1f211b173180cc4ab3ce8c2805eb066 - Path: Assets/Twinsanity/Baked/Beach/Beach_Scenery_Mesh_60 3.asset - Importer: ScriptedImporter/UnityEditor.QuickSearchModule:UnityEditor.Search:ASIAI0B
Importing 'GUID: e1f211b173180cc4ab3ce8c2805eb066 - Path: Assets/Twinsanity/Baked/Beach/Beach_Scenery_Mesh_60 3.asset - Importer: ScriptedImporter/UnityEditor.QuickSearchModule:UnityEditor.Search:ASIAI0B' with importer (ScriptedImporter : UnityEditor.QuickSearchModule:UnityEditor.Search:ASIAI0B)
Imported 'GUID: e1f211b173180cc4ab3ce8c2805eb066' -> (Import Result ID: 'ae201c7a4bf997e10ca39081082ece69') in 0.004 seconds [static and dynamic dependencies]. Details - ImportResultOutputID=2e012c6e439df834f89e4faccc3d5bbf DependenciesID=891ebd1cae503c5fdef5794c789a7cc3 StaticDependenciesID=1d9a5007de33bdb56074d33f9846e368 
Number of updated asset objects reloaded before import = 0
Number of asset objects unloaded after import = 1
========================================================================
Received Import Request.
  Time of request: 2026-10-03T23:02:26.8336549Z
  Time since last request: 0.0005519 seconds.
  importAddress: GUID: f231cabd90c5d794985c447826dbb340 - Path: Assets/Twinsanity/Baked/Beach/Beach_Scenery_Mesh_37 3.asset - Importer: ScriptedImporter/UnityEditor.QuickSearchModule:UnityEditor.Search:ASIAI0B
Importing 'GUID: f231cabd90c5d794985c447826dbb340 - Path: Assets/Twinsanity/Baked/Beach/Beach_Scenery_Mesh_37 3.asset - Importer: ScriptedImporter/UnityEditor.QuickSearchModule:UnityEditor.Search:ASIAI0B' with importer (ScriptedImporter : UnityEditor.QuickSearchModule:UnityEditor.Search:ASIAI0B)
Imported 'GUID: f231cabd90c5d794985c447826dbb340' -> (Import Result ID: 'cbe100d5b724a03a4e606aefd8243545') in 0.007 seconds [static and dynamic dependencies]. Details - ImportResultOutputID=53af1c8c5c313efbb7bd0d244bd38703 DependenciesID=9ccfe1e1083d457e476a0de9985817f4 StaticDependenciesID=98e304ff5c5a8aa38da576ce82448110 
Number of updated asset objects reloaded before import = 0
Number of asset objects unloaded after import = 1
========================================================================
Received Import Request.
  Time of request: 2026-10-03T23:02:26.8425973Z
  Time since last request: 0.0009848 seconds.
  importAddress: GUID: eeb34b7d4804920458f0fc97487d0a26 - Path: Assets/Twinsanity/Baked/Beach/Beach_Scenery_Mesh_0 3.asset - Importer: ScriptedImporter/UnityEditor.QuickSearchModule:UnityEditor.Search:ASIAI0B
Importing 'GUID: eeb34b7d4804920458f0fc97487d0a26 - Path: Assets/Twinsanity/Baked/Beach/Beach_Scenery_Mesh_0 3.asset - Importer: ScriptedImporter/UnityEditor.QuickSearchModule:UnityEditor.Search:ASIAI0B' with importer (ScriptedImporter : UnityEditor.QuickSearchModule:UnityEditor.Search:ASIAI0B)
Imported 'GUID: eeb34b7d4804920458f0fc97487d0a26' -> (Import Result ID: 'b14b7d5cd39f81cf9ba7d4a8f970afd2') in 0.005 seconds [static and dynamic dependencies]. Details - ImportResultOutputID=3cfcdc7179078c277d7b3af6a644af33 DependenciesID=b4027139e2f1072e10e73bb22836f62c StaticDependenciesID=d532df7c41e13adf49780827a2f3dc08 
Number of updated asset objects reloaded before import = 0
Number of asset objects unloaded after import = 1
========================================================================
Received Import Request.
  Time of request: 2026-10-03T23:02:26.8490016Z
  Time since last request: 0.0007231 seconds.
  importAddress: GUID: 553a637a6ff54a84c971d1c345eee2d8 - Path: Assets/Twinsanity/Baked/Beach/Beach_Scenery_Mesh_19 3.asset - Importer: ScriptedImporter/UnityEditor.QuickSearchModule:UnityEditor.Search:ASIAI0B
Importing 'GUID: 553a637a6ff54a84c971d1c345eee2d8 - Path: Assets/Twinsanity/Baked/Beach/Beach_Scenery_Mesh_19 3.asset - Importer: ScriptedImporter/UnityEditor.QuickSearchModule:UnityEditor.Search:ASIAI0B' with importer (ScriptedImporter : UnityEditor.QuickSearchModule:UnityEditor.Search:ASIAI0B)
Imported 'GUID: 553a637a6ff54a84c971d1c345eee2d8' -> (Import Result ID: 'b6dd62048779f2ec25231cde44389252') in 0.008 seconds [static and dynamic dependencies]. Details - ImportResultOutputID=dd047be1cccd4f4047a82674b05f2eda DependenciesID=3e7256ce66a0a5ed7d23a020440bcfc6 StaticDependenciesID=318bf2d180bd88ae846dfc30c5638e6d 
Number of updated asset objects reloaded before import = 0
Number of asset objects unloaded after import = 1
========================================================================
Received Import Request.
  Time of request: 2026-10-03T23:02:26.8581026Z
  Time since last request: 0.0006893 seconds.
  importAddress: GUID: 8eeceecc5509ad444b1a71869918ef3b - Path: Assets/Twinsanity/Baked/Beach/Beach_Scenery_Mesh_50 3.asset - Importer: ScriptedImporter/UnityEditor.QuickSearchModule:UnityEditor.Search:ASIAI0B
Importing 'GUID: 8eeceecc5509ad444b1a71869918ef3b - Path: Assets/Twinsanity/Baked/Beach/Beach_Scenery_Mesh_50 3.asset - Importer: ScriptedImporter/UnityEditor.QuickSearchModule:UnityEditor.Search:ASIAI0B' with importer (ScriptedImporter : UnityEditor.QuickSearchModule:UnityEditor.Search:ASIAI0B)
Imported 'GUID: 8eeceecc5509ad444b1a71869918ef3b' -> (Import Result ID: 'ecdaff134ce62ad94bfa0d1875a49d43') in 0.005 seconds [static and dynamic dependencies]. Details - ImportResultOutputID=2945f249449d05142240ab73cd10f815 DependenciesID=e88eab451576c2aded0e3c2711274aee StaticDependenciesID=1ae49cd25404e4463bbf2f9a26faead7 
Number of updated asset objects reloaded before import = 0
Number of asset objects unloaded after import = 1
========================================================================
Received Import Request.
  Time of request: 2026-10-03T23:02:26.8646625Z
  Time since last request: 0.0007377 seconds.
  importAddress: GUID: b4f8d5d6d0b94db4d9adb1f11da5ba78 - Path: Assets/Twinsanity/Baked/Beach/Beach_Scenery_Mesh_20 3.asset - Importer: ScriptedImporter/UnityEditor.QuickSearchModule:UnityEditor.Search:ASIAI0B
Importing 'GUID: b4f8d5d6d0b94db4d9adb1f11da5ba78 - Path: Assets/Twinsanity/Baked/Beach/Beach_Scenery_Mesh_20 3.asset - Importer: ScriptedImporter/UnityEditor.QuickSearchModule:UnityEditor.Search:ASIAI0B' with importer (ScriptedImporter : UnityEditor.QuickSearchModule:UnityEditor.Search:ASIAI0B)
Imported 'GUID: b4f8d5d6d0b94db4d9adb1f11da5ba78' -> (Import Result ID: 'ecde5380b9f0439c0ea17abd0593b52f') in 0.007 seconds [static and dynamic dependencies]. Details - ImportResultOutputID=f8db17515b31cca766bea92008501a90 DependenciesID=ab0da0b20f788b752ea44c0f9e3d40db StaticDependenciesID=5abb9edfb619c3a1447c29831a2a30ba 
Number of updated asset objects reloaded before import = 0
Number of asset objects unloaded after import = 1
========================================================================
Received Import Request.
  Time of request: 2026-10-03T23:02:26.8729677Z
  Time since last request: 0.0005678 seconds.
  importAddress: GUID: a4469e259a36e4e4183a3b7df497b9b3 - Path: Assets/Twinsanity/Baked/Beach/Material_29 3.mat - Importer: ScriptedImporter/UnityEditor.QuickSearchModule:UnityEditor.Search:ASIAI0B
Importing 'GUID: a4469e259a36e4e4183a3b7df497b9b3 - Path: Assets/Twinsanity/Baked/Beach/Material_29 3.mat - Importer: ScriptedImporter/UnityEditor.QuickSearchModule:UnityEditor.Search:ASIAI0B' with importer (ScriptedImporter : UnityEditor.QuickSearchModule:UnityEditor.Search:ASIAI0B)
Imported 'GUID: a4469e259a36e4e4183a3b7df497b9b3' -> (Import Result ID: 'c498b2f84d8035b1174b292538490fd9') in 0.005 seconds [static and dynamic dependencies]. Details - ImportResultOutputID=c4d0d6df995f589da73dac0280dcc8d8 DependenciesID=632774ca85a294b333edf42c5fbcc2f3 StaticDependenciesID=912a28c400ba298cb7ec3be609ad7ecb 
Number of updated asset objects reloaded before import = 0
Number of asset objects unloaded after import = 2
========================================================================
Received Import Request.
  Time of request: 2026-10-03T23:02:26.8791779Z
  Time since last request: 0.0004927 seconds.
  importAddress: GUID: ff25e5f97b64d2b419b1743e0ae67dda - Path: Assets/Twinsanity/Baked/Beach/Material_24 3.mat - Importer: ScriptedImporter/UnityEditor.QuickSearchModule:UnityEditor.Search:ASIAI0B
Importing 'GUID: ff25e5f97b64d2b419b1743e0ae67dda - Path: Assets/Twinsanity/Baked/Beach/Material_24 3.mat - Importer: ScriptedImporter/UnityEditor.QuickSearchModule:UnityEditor.Search:ASIAI0B' with importer (ScriptedImporter : UnityEditor.QuickSearchModule:UnityEditor.Search:ASIAI0B)
Imported 'GUID: ff25e5f97b64d2b419b1743e0ae67dda' -> (Import Result ID: '36312d29c0b7ddca2650c7d7ea84a8db') in 0.006 seconds [static and dynamic dependencies]. Details - ImportResultOutputID=417c172725da06beb425e04839e05fca DependenciesID=9efe55e31fe14dfab5ee8d38f6ec8409 StaticDependenciesID=5763594e919fae72ebc28e7ea404a0ea 
Number of updated asset objects reloaded before import = 0
Number of asset objects unloaded after import = 2
========================================================================
Received Import Request.
  Time of request: 2026-10-03T23:02:26.8863849Z
  Time since last request: 0.0005455 seconds.
  importAddress: GUID: f9ca2828c6b5bb341b1c33c4471128a8 - Path: Assets/Twinsanity/Baked/Beach/Material_18 3.mat - Importer: ScriptedImporter/UnityEditor.QuickSearchModule:UnityEditor.Search:ASIAI0B
Importing 'GUID: f9ca2828c6b5bb341b1c33c4471128a8 - Path: Assets/Twinsanity/Baked/Beach/Material_18 3.mat - Importer: ScriptedImporter/UnityEditor.QuickSearchModule:UnityEditor.Search:ASIAI0B' with importer (ScriptedImporter : UnityEditor.QuickSearchModule:UnityEditor.Search:ASIAI0B)
Imported 'GUID: f9ca2828c6b5bb341b1c33c4471128a8' -> (Import Result ID: '5b43479d1c9ca9f8ecb8a1bbed48c452') in 0.005 seconds [static and dynamic dependencies]. Details - ImportResultOutputID=f7e4449eb8fdae6ca936dc2c345c79d0 DependenciesID=dbcd865831f156781d14a2e57307c3f1 StaticDependenciesID=fde5080b971f799a98fd9b5cb6f6aa26 
Number of updated asset objects reloaded before import = 0
Number of asset objects unloaded after import = 2
========================================================================
Received Import Request.
  Time of request: 2026-10-03T23:02:26.8919493Z
  Time since last request: 0.0005545 seconds.
  importAddress: GUID: e0fdc983620e60948a90e19ad42edc51 - Path: Assets/Twinsanity/Baked/Beach/Beach_Scenery_Mesh_15 3.asset - Importer: ScriptedImporter/UnityEditor.QuickSearchModule:UnityEditor.Search:ASIAI0B
Importing 'GUID: e0fdc983620e60948a90e19ad42edc51 - Path: Assets/Twinsanity/Baked/Beach/Beach_Scenery_Mesh_15 3.asset - Importer: ScriptedImporter/UnityEditor.QuickSearchModule:UnityEditor.Search:ASIAI0B' with importer (ScriptedImporter : UnityEditor.QuickSearchModule:UnityEditor.Search:ASIAI0B)
Imported 'GUID: e0fdc983620e60948a90e19ad42edc51' -> (Import Result ID: '2e4b8d474a04bb42e770a0d7f3fd650f') in 0.005 seconds [static and dynamic dependencies]. Details - ImportResultOutputID=0bf4bd065d7782b3840fa38133e376f1 DependenciesID=fc70e44da15c9d5ebf98cf8d965b5d1e StaticDependenciesID=7fd8a67ac91416f24a0aea4ac77663c9 
Number of updated asset objects reloaded before import = 0
Number of asset objects unloaded after import = 1
========================================================================
Received Import Request.
  Time of request: 2026-10-03T23:02:26.9016847Z
  Time since last request: 0.0002501 seconds.
  importAddress: GUID: 8c66b4bf93ed1d1479e33b5cbdf6d1da - Path: Assets/Twinsanity/Baked/Beach/Beach_Scenery_Mesh_54 3.asset - Importer: ScriptedImporter/UnityEditor.QuickSearchModule:UnityEditor.Search:ASIAI0B
Importing 'GUID: 8c66b4bf93ed1d1479e33b5cbdf6d1da - Path: Assets/Twinsanity/Baked/Beach/Beach_Scenery_Mesh_54 3.asset - Importer: ScriptedImporter/UnityEditor.QuickSearchModule:UnityEditor.Search:ASIAI0B' with importer (ScriptedImporter : UnityEditor.QuickSearchModule:UnityEditor.Search:ASIAI0B)
Imported 'GUID: 8c66b4bf93ed1d1479e33b5cbdf6d1da' -> (Import Result ID: 'fa651cdfeac0bc66ff7f9bb3f9b95e9c') in 0.005 seconds [static and dynamic dependencies]. Details - ImportResultOutputID=ad779d25310729f807a34c4c48233d03 DependenciesID=0f6cd5238b9c157c0b2d7361c84f9828 StaticDependenciesID=8f151f2ce2929df1015d3acd04cb11eb 
Number of updated asset objects reloaded before import = 0
Number of asset objects unloaded after import = 1
========================================================================
Received Import Request.
  Time of request: 2026-10-03T23:02:26.9087324Z
  Time since last request: 0.0008492 seconds.
  importAddress: GUID: 14048d24b5b2a794ca97c93db473973e - Path: Assets/Twinsanity/Baked/Beach/Beach_Scenery_Mesh_3 3.asset - Importer: ScriptedImporter/UnityEditor.QuickSearchModule:UnityEditor.Search:ASIAI0B
Importing 'GUID: 14048d24b5b2a794ca97c93db473973e - Path: Assets/Twinsanity/Baked/Beach/Beach_Scenery_Mesh_3 3.asset - Importer: ScriptedImporter/UnityEditor.QuickSearchModule:UnityEditor.Search:ASIAI0B' with importer (ScriptedImporter : UnityEditor.QuickSearchModule:UnityEditor.Search:ASIAI0B)
Imported 'GUID: 14048d24b5b2a794ca97c93db473973e' -> (Import Result ID: '29f60a19c1c62c8b38d602074c27cdda') in 0.006 seconds [static and dynamic dependencies]. Details - ImportResultOutputID=a5b8eac03e47e4f92b4f1f7607efb89e DependenciesID=90e53a5b7c1b14235681407c2dec9aa1 StaticDependenciesID=113cd30efef748c0bf86a038c413eda8 
Number of updated asset objects reloaded before import = 0
Number of asset objects unloaded after import = 1
========================================================================
Received Import Request.
  Time of request: 2026-10-03T23:02:26.9155093Z
  Time since last request: 0.0005884 seconds.
  importAddress: GUID: c10f30d72b62e4e4891810d0ef039c3d - Path: Assets/Twinsanity/Baked/Beach/Material_12 3.mat - Importer: ScriptedImporter/UnityEditor.QuickSearchModule:UnityEditor.Search:ASIAI0B
Importing 'GUID: c10f30d72b62e4e4891810d0ef039c3d - Path: Assets/Twinsanity/Baked/Beach/Material_12 3.mat - Importer: ScriptedImporter/UnityEditor.QuickSearchModule:UnityEditor.Search:ASIAI0B' with importer (ScriptedImporter : UnityEditor.QuickSearchModule:UnityEditor.Search:ASIAI0B)
Imported 'GUID: c10f30d72b62e4e4891810d0ef039c3d' -> (Import Result ID: 'ebdd9477eb9e05196a006203f358214e') in 0.005 seconds [static and dynamic dependencies]. Details - ImportResultOutputID=69ebd9be25b6be82ca679dc38e071648 DependenciesID=a163b023d9cdb4ff96f1c5c9974706a2 StaticDependenciesID=cc84708152737df04f5415ed015f2641 
Number of updated asset objects reloaded before import = 0
Number of asset objects unloaded after import = 2
========================================================================
Received Import Request.
  Time of request: 2026-10-03T23:02:26.9212906Z
  Time since last request: 0.0005322 seconds.
  importAddress: GUID: 01475335d6cc5794ea89103f332887cf - Path: Assets/Twinsanity/Baked/Beach/Beach_Scenery_Mesh_56 3.asset - Importer: ScriptedImporter/UnityEditor.QuickSearchModule:UnityEditor.Search:ASIAI0B
Importing 'GUID: 01475335d6cc5794ea89103f332887cf - Path: Assets/Twinsanity/Baked/Beach/Beach_Scenery_Mesh_56 3.asset - Importer: ScriptedImporter/UnityEditor.QuickSearchModule:UnityEditor.Search:ASIAI0B' with importer (ScriptedImporter : UnityEditor.QuickSearchModule:UnityEditor.Search:ASIAI0B)
Imported 'GUID: 01475335d6cc5794ea89103f332887cf' -> (Import Result ID: 'a8e220515cbd2b7c2e3507d52b115419') in 0.005 seconds [static and dynamic dependencies]. Details - ImportResultOutputID=c5bebe95bda35a462e55f8355277ec22 DependenciesID=c631dbc2490e4ed7ad9f28377600ce86 StaticDependenciesID=e416efcfdfa9245415786c11e361af02 
Number of updated asset objects reloaded before import = 0
Number of asset objects unloaded after import = 1
========================================================================
Received Import Request.
  Time of request: 2026-10-03T23:02:26.9270408Z
  Time since last request: 0.0005822 seconds.
  importAddress: GUID: c2495e95792230f4681b4c63a64646bf - Path: Assets/Twinsanity/Baked/Beach/Material_39 3.mat - Importer: ScriptedImporter/UnityEditor.QuickSearchModule:UnityEditor.Search:ASIAI0B
Importing 'GUID: c2495e95792230f4681b4c63a64646bf - Path: Assets/Twinsanity/Baked/Beach/Material_39 3.mat - Importer: ScriptedImporter/UnityEditor.QuickSearchModule:UnityEditor.Search:ASIAI0B' with importer (ScriptedImporter : UnityEditor.QuickSearchModule:UnityEditor.Search:ASIAI0B)
Imported 'GUID: c2495e95792230f4681b4c63a64646bf' -> (Import Result ID: '923edde372d88042c08c18a9a8bc302a') in 0.008 seconds [static and dynamic dependencies]. Details - ImportResultOutputID=b56425afb1b7ce8a13a76ad163326afb DependenciesID=b7f1fe0c5b303dd9c3883241df0a51f9 StaticDependenciesID=6358a5cc44d21dd3da87714fd2daf212 
Number of updated asset objects reloaded before import = 0
Number of asset objects unloaded after import = 2
========================================================================
Received Import Request.
  Time of request: 2026-10-03T23:02:26.9358696Z
  Time since last request: 0.0005623 seconds.
  importAddress: GUID: c6a698ea8549dcf44aec8c078b6f98f2 - Path: Assets/Twinsanity/Baked/Beach/Material_36 3.mat - Importer: ScriptedImporter/UnityEditor.QuickSearchModule:UnityEditor.Search:ASIAI0B
Importing 'GUID: c6a698ea8549dcf44aec8c078b6f98f2 - Path: Assets/Twinsanity/Baked/Beach/Material_36 3.mat - Importer: ScriptedImporter/UnityEditor.QuickSearchModule:UnityEditor.Search:ASIAI0B' with importer (ScriptedImporter : UnityEditor.QuickSearchModule:UnityEditor.Search:ASIAI0B)
Imported 'GUID: c6a698ea8549dcf44aec8c078b6f98f2' -> (Import Result ID: 'cfa305d184046ef28e5cae95200d6fc5') in 0.005 seconds [static and dynamic dependencies]. Details - ImportResultOutputID=a66157d3f8c33026f37dcd36a416dc6d DependenciesID=41c97f560e880b134e2b439430afe947 StaticDependenciesID=65bda1224718ffe72fec8c782daca24e 
Number of updated asset objects reloaded before import = 0
Number of asset objects unloaded after import = 2
========================================================================
Received Import Request.
  Time of request: 2026-10-03T23:02:26.9421564Z
  Time since last request: 0.0005935 seconds.
  importAddress: GUID: f607bb072ea45554dafed33726ead4c5 - Path: Assets/Twinsanity/Baked/Beach/Material_41 3.mat - Importer: ScriptedImporter/UnityEditor.QuickSearchModule:UnityEditor.Search:ASIAI0B
Importing 'GUID: f607bb072ea45554dafed33726ead4c5 - Path: Assets/Twinsanity/Baked/Beach/Material_41 3.mat - Importer: ScriptedImporter/UnityEditor.QuickSearchModule:UnityEditor.Search:ASIAI0B' with importer (ScriptedImporter : UnityEditor.QuickSearchModule:UnityEditor.Search:ASIAI0B)
Imported 'GUID: f607bb072ea45554dafed33726ead4c5' -> (Import Result ID: 'dced04c6ba0645b55210d62d9098f44b') in 0.007 seconds [static and dynamic dependencies]. Details - ImportResultOutputID=2ad315697d53b52a923a1a9822421696 DependenciesID=24e12f3c291901a79670cbc3b645e56c StaticDependenciesID=f0156b07dc1dd23ded9d437b0802d192 
Number of updated asset objects reloaded before import = 0
Number of asset objects unloaded after import = 2
========================================================================
Received Import Request.
  Time of request: 2026-10-03T23:02:26.95022Z
  Time since last request: 0.0006455 seconds.
  importAddress: GUID: 5665121b6619e8f45befdaf7b6002447 - Path: Assets/Twinsanity/Baked/Beach/Beach_Scenery_Mesh_58 3.asset - Importer: ScriptedImporter/UnityEditor.QuickSearchModule:UnityEditor.Search:ASIAI0B
Importing 'GUID: 5665121b6619e8f45befdaf7b6002447 - Path: Assets/Twinsanity/Baked/Beach/Beach_Scenery_Mesh_58 3.asset - Importer: ScriptedImporter/UnityEditor.QuickSearchModule:UnityEditor.Search:ASIAI0B' with importer (ScriptedImporter : UnityEditor.QuickSearchModule:UnityEditor.Search:ASIAI0B)
Imported 'GUID: 5665121b6619e8f45befdaf7b6002447' -> (Import Result ID: '7084c69f2bf2fcce9a70c4dee08289be') in 0.005 seconds [static and dynamic dependencies]. Details - ImportResultOutputID=d7d5024deb45b7c32849103bc6e68d07 DependenciesID=47eccdd89c1989dbccd2c3fc5260f2e5 StaticDependenciesID=f2e70b6695e0291a18d155fd2852b13a 
Number of updated asset objects reloaded before import = 0
Number of asset objects unloaded after import = 1
========================================================================
Received Import Request.
  Time of request: 2026-10-03T23:02:26.955877Z
  Time since last request: 0.0006383 seconds.
  importAddress: GUID: ad91aea63bb74384cacb32cdaf627820 - Path: Assets/Twinsanity/Baked/Beach/Material_59 3.mat - Importer: ScriptedImporter/UnityEditor.QuickSearchModule:UnityEditor.Search:ASIAI0B
Importing 'GUID: ad91aea63bb74384cacb32cdaf627820 - Path: Assets/Twinsanity/Baked/Beach/Material_59 3.mat - Importer: ScriptedImporter/UnityEditor.QuickSearchModule:UnityEditor.Search:ASIAI0B' with importer (ScriptedImporter : UnityEditor.QuickSearchModule:UnityEditor.Search:ASIAI0B)
Imported 'GUID: ad91aea63bb74384cacb32cdaf627820' -> (Import Result ID: '4fc0bdb2eb2029cb7a77b2ed969f9ce9') in 0.005 seconds [static and dynamic dependencies]. Details - ImportResultOutputID=78b441cc7d8151fc616bd89f33233bf9 DependenciesID=41db30e7d5558e470862196ef2f85c00 StaticDependenciesID=47998f3b541c59ca0ee584169937c988 
Number of updated asset objects reloaded before import = 0
Number of asset objects unloaded after import = 2
========================================================================
Received Import Request.
  Time of request: 2026-10-03T23:02:26.9930518Z
  Time since last request: 0.0314357 seconds.
  importAddress: GUID: 1f5b8fc02bba60d42ac9d552e5bb1eb2 - Path: Assets/Twinsanity/Baked/Beach/Material_66 3.mat - Importer: ScriptedImporter/UnityEditor.QuickSearchModule:UnityEditor.Search:ASIAI0B
Importing 'GUID: 1f5b8fc02bba60d42ac9d552e5bb1eb2 - Path: Assets/Twinsanity/Baked/Beach/Material_66 3.mat - Importer: ScriptedImporter/UnityEditor.QuickSearchModule:UnityEditor.Search:ASIAI0B' with importer (ScriptedImporter : UnityEditor.QuickSearchModule:UnityEditor.Search:ASIAI0B)
Imported 'GUID: 1f5b8fc02bba60d42ac9d552e5bb1eb2' -> (Import Result ID: '565d5a9c1a7e225a33581565a9057257') in 0.006 seconds [static and dynamic dependencies]. Details - ImportResultOutputID=20a5f9b13c81a434496a3ad70f884eff DependenciesID=e7fe106d8e29e7da9b5dfc4d72f3e005 StaticDependenciesID=8b0ce4e8c4f9a310a0a5b1266471661e 
Number of updated asset objects reloaded before import = 0
Number of asset objects unloaded after import = 2
========================================================================
Received Import Request.
  Time of request: 2026-10-03T23:02:27.0006069Z
  Time since last request: 0.0006317 seconds.
  importAddress: GUID: 91fbbf8206a44d549a2dc012066c1002 - Path: Assets/Twinsanity/Baked/Beach/Material_73 3.mat - Importer: ScriptedImporter/UnityEditor.QuickSearchModule:UnityEditor.Search:ASIAI0B
Importing 'GUID: 91fbbf8206a44d549a2dc012066c1002 - Path: Assets/Twinsanity/Baked/Beach/Material_73 3.mat - Importer: ScriptedImporter/UnityEditor.QuickSearchModule:UnityEditor.Search:ASIAI0B' with importer (ScriptedImporter : UnityEditor.QuickSearchModule:UnityEditor.Search:ASIAI0B)
Imported 'GUID: 91fbbf8206a44d549a2dc012066c1002' -> (Import Result ID: 'e959d821cf5c4065dba21da35b287a0d') in 0.005 seconds [static and dynamic dependencies]. Details - ImportResultOutputID=c2a3df00e426b9d375f65578dd68e6b3 DependenciesID=047161b4fbed140d65a630e2488984dc StaticDependenciesID=b181860a14e42cf0df3c359ff7460d6c 
Number of updated asset objects reloaded before import = 0
Number of asset objects unloaded after import = 2
========================================================================
Received Import Request.
  Time of request: 2026-10-03T23:02:27.0069125Z
  Time since last request: 0.0005897 seconds.
  importAddress: GUID: 171bacd9901b4f141bddcddb37d0bc88 - Path: Assets/Twinsanity/Baked/Beach/Material_69 3.mat - Importer: ScriptedImporter/UnityEditor.QuickSearchModule:UnityEditor.Search:ASIAI0B
Importing 'GUID: 171bacd9901b4f141bddcddb37d0bc88 - Path: Assets/Twinsanity/Baked/Beach/Material_69 3.mat - Importer: ScriptedImporter/UnityEditor.QuickSearchModule:UnityEditor.Search:ASIAI0B' with importer (ScriptedImporter : UnityEditor.QuickSearchModule:UnityEditor.Search:ASIAI0B)
Imported 'GUID: 171bacd9901b4f141bddcddb37d0bc88' -> (Import Result ID: 'a42e4b85595f7e8987894a726ff2fe52') in 0.005 seconds [static and dynamic dependencies]. Details - ImportResultOutputID=fc47d3d130532234f8301d61ef8102fa DependenciesID=0a6d8eb8c2e1cea81fc9e90336b3c1fa StaticDependenciesID=141d7bd3c865174f1cd9b8bc597876b0 
Number of updated asset objects reloaded before import = 0
Number of asset objects unloaded after import = 2
========================================================================
Received Import Request.
  Time of request: 2026-10-03T23:02:27.013001Z
  Time since last request: 0.0005289 seconds.
  importAddress: GUID: 01db9635cffa88e4c9fc8d88eb24be1f - Path: Assets/Twinsanity/Baked/Beach/Beach_Scenery_Mesh_121 3.asset - Importer: ScriptedImporter/UnityEditor.QuickSearchModule:UnityEditor.Search:ASIAI0B
Importing 'GUID: 01db9635cffa88e4c9fc8d88eb24be1f - Path: Assets/Twinsanity/Baked/Beach/Beach_Scenery_Mesh_121 3.asset - Importer: ScriptedImporter/UnityEditor.QuickSearchModule:UnityEditor.Search:ASIAI0B' with importer (ScriptedImporter : UnityEditor.QuickSearchModule:UnityEditor.Search:ASIAI0B)
Imported 'GUID: 01db9635cffa88e4c9fc8d88eb24be1f' -> (Import Result ID: '4952fbf8acc1d6558cd62c7e61cfc1b6') in 0.005 seconds [static and dynamic dependencies]. Details - ImportResultOutputID=6498e94c78173f59bfd8c46da0fce7ad DependenciesID=822b779070172842b5781718b86ad93d StaticDependenciesID=4128a15b7bd629f1b3969844208c2891 
Number of updated asset objects reloaded before import = 0
Number of asset objects unloaded after import = 1
========================================================================
Received Import Request.
  Time of request: 2026-10-03T23:02:27.0186789Z
  Time since last request: 0.0006116 seconds.
  importAddress: GUID: 00076550c7e769045b1a71e4b006293f - Path: Assets/Twinsanity/Baked/Beach/Beach_Scenery_Mesh_105 3.asset - Importer: ScriptedImporter/UnityEditor.QuickSearchModule:UnityEditor.Search:ASIAI0B
Importing 'GUID: 00076550c7e769045b1a71e4b006293f - Path: Assets/Twinsanity/Baked/Beach/Beach_Scenery_Mesh_105 3.asset - Importer: ScriptedImporter/UnityEditor.QuickSearchModule:UnityEditor.Search:ASIAI0B' with importer (ScriptedImporter : UnityEditor.QuickSearchModule:UnityEditor.Search:ASIAI0B)
Imported 'GUID: 00076550c7e769045b1a71e4b006293f' -> (Import Result ID: 'f2a68815ef65f95549c461778e4570ce') in 0.008 seconds [static and dynamic dependencies]. Details - ImportResultOutputID=7333f9bd2db2065fcca81248dc768086 DependenciesID=f0e2b5062cfcd2339b9cc9d8622f410f StaticDependenciesID=8a6d608a5be10f2f046f95738852bbe2 
Number of updated asset objects reloaded before import = 0
Number of asset objects unloaded after import = 1
========================================================================
Received Import Request.
  Time of request: 2026-10-03T23:02:27.0280638Z
  Time since last request: 0.0008535 seconds.
  importAddress: GUID: 70530f3d7facd8a49be3ecddbad42526 - Path: Assets/Twinsanity/Baked/Beach/Beach_Scenery_Mesh_82 3.asset - Importer: ScriptedImporter/UnityEditor.QuickSearchModule:UnityEditor.Search:ASIAI0B
Importing 'GUID: 70530f3d7facd8a49be3ecddbad42526 - Path: Assets/Twinsanity/Baked/Beach/Beach_Scenery_Mesh_82 3.asset - Importer: ScriptedImporter/UnityEditor.QuickSearchModule:UnityEditor.Search:ASIAI0B' with importer (ScriptedImporter : UnityEditor.QuickSearchModule:UnityEditor.Search:ASIAI0B)
Imported 'GUID: 70530f3d7facd8a49be3ecddbad42526' -> (Import Result ID: '29638f870638456818b45dfca36648e9') in 0.006 seconds [static and dynamic dependencies]. Details - ImportResultOutputID=8b00315877f0128f900709ea2b38583e DependenciesID=01f3fda311785b6f76b14d2b3025b711 StaticDependenciesID=889608fbb671e6ad06600c99fdc7ab3c 
Number of updated asset objects reloaded before import = 0
Number of asset objects unloaded after import = 1
========================================================================
Received Import Request.
  Time of request: 2026-10-03T23:02:27.0355092Z
  Time since last request: 0.0006098 seconds.
  importAddress: GUID: 3b3f555b93d7935488859569c2fd2e2c - Path: Assets/Twinsanity/Baked/Beach/Beach_Scenery_Mesh_117 3.asset - Importer: ScriptedImporter/UnityEditor.QuickSearchModule:UnityEditor.Search:ASIAI0B
Importing 'GUID: 3b3f555b93d7935488859569c2fd2e2c - Path: Assets/Twinsanity/Baked/Beach/Beach_Scenery_Mesh_117 3.asset - Importer: ScriptedImporter/UnityEditor.QuickSearchModule:UnityEditor.Search:ASIAI0B' with importer (ScriptedImporter : UnityEditor.QuickSearchModule:UnityEditor.Search:ASIAI0B)
Imported 'GUID: 3b3f555b93d7935488859569c2fd2e2c' -> (Import Result ID: '733172afb41ee8930f564b057bf3bc5e') in 0.006 seconds [static and dynamic dependencies]. Details - ImportResultOutputID=bd89038f4fcf762af853fcdabae112a5 DependenciesID=f777c5c18d7a5d7fe777e76ad1857a8e StaticDependenciesID=388c354bf1c29ba1c035085f9ca775c4 
Number of updated asset objects reloaded before import = 0
Number of asset objects unloaded after import = 1
========================================================================
Received Import Request.
  Time of request: 2026-10-03T23:02:27.0430038Z
  Time since last request: 0.0008672 seconds.
  importAddress: GUID: ab65ca2363c1e79488c9c9ff019280a0 - Path: Assets/Twinsanity/Baked/Beach/Material_100 3.mat - Importer: ScriptedImporter/UnityEditor.QuickSearchModule:UnityEditor.Search:ASIAI0B
Importing 'GUID: ab65ca2363c1e79488c9c9ff019280a0 - Path: Assets/Twinsanity/Baked/Beach/Material_100 3.mat - Importer: ScriptedImporter/UnityEditor.QuickSearchModule:UnityEditor.Search:ASIAI0B' with importer (ScriptedImporter : UnityEditor.QuickSearchModule:UnityEditor.Search:ASIAI0B)
Imported 'GUID: ab65ca2363c1e79488c9c9ff019280a0' -> (Import Result ID: '6396c918899f679dceef4d3cbfa96ec1') in 0.008 seconds [static and dynamic dependencies]. Details - ImportResultOutputID=83db514d3d99a691f58b08a8659f1440 DependenciesID=fad3dfcd2a1369644da8a937aef8b257 StaticDependenciesID=112fbf74649f07d915b5dd3e4753f75b 
Number of updated asset objects reloaded before import = 0
Number of asset objects unloaded after import = 2
========================================================================
Received Import Request.
  Time of request: 2026-10-03T23:02:27.0522955Z
  Time since last request: 0.0006845 seconds.
  importAddress: GUID: 9d91b7113d25d6c41ab04847668aa99a - Path: Assets/Twinsanity/Baked/Beach/Beach_Scenery_Mesh_74 3.asset - Importer: ScriptedImporter/UnityEditor.QuickSearchModule:UnityEditor.Search:ASIAI0B
Importing 'GUID: 9d91b7113d25d6c41ab04847668aa99a - Path: Assets/Twinsanity/Baked/Beach/Beach_Scenery_Mesh_74 3.asset - Importer: ScriptedImporter/UnityEditor.QuickSearchModule:UnityEditor.Search:ASIAI0B' with importer (ScriptedImporter : UnityEditor.QuickSearchModule:UnityEditor.Search:ASIAI0B)
Imported 'GUID: 9d91b7113d25d6c41ab04847668aa99a' -> (Import Result ID: 'de8f09af2b2f6481fb74c77f8d0945c7') in 0.008 seconds [static and dynamic dependencies]. Details - ImportResultOutputID=25f9597c8de1d5f389203902e5c0cab2 DependenciesID=0ddb8675c5d294a28808a7b83983ea5d StaticDependenciesID=e25f434c2dcc4abb3e41695da6b3f1fd 
Number of updated asset objects reloaded before import = 0
Number of asset objects unloaded after import = 1
========================================================================
Received Import Request.
  Time of request: 2026-10-03T23:02:27.0615904Z
  Time since last request: 0.000828 seconds.
  importAddress: GUID: 9e99bd0729a816448915a7cb961066de - Path: Assets/Twinsanity/Baked/Beach/Material_115 3.mat - Importer: ScriptedImporter/UnityEditor.QuickSearchModule:UnityEditor.Search:ASIAI0B
Importing 'GUID: 9e99bd0729a816448915a7cb961066de - Path: Assets/Twinsanity/Baked/Beach/Material_115 3.mat - Importer: ScriptedImporter/UnityEditor.QuickSearchModule:UnityEditor.Search:ASIAI0B' with importer (ScriptedImporter : UnityEditor.QuickSearchModule:UnityEditor.Search:ASIAI0B)
Imported 'GUID: 9e99bd0729a816448915a7cb961066de' -> (Import Result ID: 'd241569644cf7a80e9f990fa0a6ce1c6') in 0.007 seconds [static and dynamic dependencies]. Details - ImportResultOutputID=9b123a55880533be62800157b07436e8 DependenciesID=3233411d34902dc30794c0ecfdbb858c StaticDependenciesID=79dde682d755408d08e01f5506ce2c26 
Number of updated asset objects reloaded before import = 0
Number of asset objects unloaded after import = 2
========================================================================
Received Import Request.
  Time of request: 2026-10-03T23:02:27.0697172Z
  Time since last request: 0.0008406 seconds.
  importAddress: GUID: 751d090dc36088e4e896734c8d7e741c - Path: Assets/Twinsanity/Baked/Beach/Beach_Scenery_Mesh_116 3.asset - Importer: ScriptedImporter/UnityEditor.QuickSearchModule:UnityEditor.Search:ASIAI0B
Importing 'GUID: 751d090dc36088e4e896734c8d7e741c - Path: Assets/Twinsanity/Baked/Beach/Beach_Scenery_Mesh_116 3.asset - Importer: ScriptedImporter/UnityEditor.QuickSearchModule:UnityEditor.Search:ASIAI0B' with importer (ScriptedImporter : UnityEditor.QuickSearchModule:UnityEditor.Search:ASIAI0B)
Imported 'GUID: 751d090dc36088e4e896734c8d7e741c' -> (Import Result ID: '54cecc722cfd1e8ce904f319e51e2918') in 0.007 seconds [static and dynamic dependencies]. Details - ImportResultOutputID=96a20674ce106aa9cef0da4585d74a6d DependenciesID=8bfb0bc70e5406b2ad4ac35dc49c7a81 StaticDependenciesID=5925c660d7a22ea189a12e7451770ba1 
Number of updated asset objects reloaded before import = 0
Number of asset objects unloaded after import = 1
========================================================================
Received Import Request.
  Time of request: 2026-10-03T23:02:27.0791298Z
  Time since last request: 0.0006053 seconds.
  importAddress: GUID: 4855173af615bac4f94d4cd3e1baecbf - Path: Assets/Twinsanity/Baked/Beach/Beach_Scenery_Mesh_67 3.asset - Importer: ScriptedImporter/UnityEditor.QuickSearchModule:UnityEditor.Search:ASIAI0B
Importing 'GUID: 4855173af615bac4f94d4cd3e1baecbf - Path: Assets/Twinsanity/Baked/Beach/Beach_Scenery_Mesh_67 3.asset - Importer: ScriptedImporter/UnityEditor.QuickSearchModule:UnityEditor.Search:ASIAI0B' with importer (ScriptedImporter : UnityEditor.QuickSearchModule:UnityEditor.Search:ASIAI0B)
Imported 'GUID: 4855173af615bac4f94d4cd3e1baecbf' -> (Import Result ID: 'c0047aadbfeb0d0eb70055f59f05abef') in 0.005 seconds [static and dynamic dependencies]. Details - ImportResultOutputID=171ef59c86785478cc315fab48b668c3 DependenciesID=8ae5e112ccf439d50d59242948a610e7 StaticDependenciesID=c62c4416b31c9a26201031ef8cdabaa4 
Number of updated asset objects reloaded before import = 0
Number of asset objects unloaded after import = 1
========================================================================
Received Import Request.
  Time of request: 2026-10-03T23:02:27.0854709Z
  Time since last request: 0.0007634 seconds.
  importAddress: GUID: 4babb609094de124db73c0a9ba23e87d - Path: Assets/Twinsanity/Baked/Beach/Beach_Scenery_Mesh_118 3.asset - Importer: ScriptedImporter/UnityEditor.QuickSearchModule:UnityEditor.Search:ASIAI0B
Importing 'GUID: 4babb609094de124db73c0a9ba23e87d - Path: Assets/Twinsanity/Baked/Beach/Beach_Scenery_Mesh_118 3.asset - Importer: ScriptedImporter/UnityEditor.QuickSearchModule:UnityEditor.Search:ASIAI0B' with importer (ScriptedImporter : UnityEditor.QuickSearchModule:UnityEditor.Search:ASIAI0B)
Imported 'GUID: 4babb609094de124db73c0a9ba23e87d' -> (Import Result ID: 'ffcca6f490da51414db529a839a4ef95') in 0.005 seconds [static and dynamic dependencies]. Details - ImportResultOutputID=4257c160453b4facfed08a39ece49bd7 DependenciesID=38098911aab5c684dbe61aec8a4c0266 StaticDependenciesID=2c57b199e8cf7ed98d9d5d9182ba9d57 
Number of updated asset objects reloaded before import = 0
Number of asset objects unloaded after import = 1
========================================================================
Received Import Request.
  Time of request: 2026-10-03T23:02:27.0915951Z
  Time since last request: 0.0008419 seconds.
  importAddress: GUID: d7a5fea959c64804a8b99fd1c31fe529 - Path: Assets/Twinsanity/Baked/Beach/Beach_Scenery_Mesh_109 3.asset - Importer: ScriptedImporter/UnityEditor.QuickSearchModule:UnityEditor.Search:ASIAI0B
Importing 'GUID: d7a5fea959c64804a8b99fd1c31fe529 - Path: Assets/Twinsanity/Baked/Beach/Beach_Scenery_Mesh_109 3.asset - Importer: ScriptedImporter/UnityEditor.QuickSearchModule:UnityEditor.Search:ASIAI0B' with importer (ScriptedImporter : UnityEditor.QuickSearchModule:UnityEditor.Search:ASIAI0B)
Imported 'GUID: d7a5fea959c64804a8b99fd1c31fe529' -> (Import Result ID: '456ad6606c763feccc775f80feb70036') in 0.005 seconds [static and dynamic dependencies]. Details - ImportResultOutputID=441d81dda4173c5c4b2dab4426428cc2 DependenciesID=c0219a60e4300f281fdec7e1c2064692 StaticDependenciesID=4e5f9845a0383589606564cecdd80662 
Number of updated asset objects reloaded before import = 0
Number of asset objects unloaded after import = 1
========================================================================
Received Import Request.
  Time of request: 2026-10-03T23:02:27.097898Z
  Time since last request: 0.0007107 seconds.
  importAddress: GUID: a523f256522370d45a52c18a6f9f4b0a - Path: Assets/Twinsanity/Baked/Beach/Beach_Scenery_Mesh_76 3.asset - Importer: ScriptedImporter/UnityEditor.QuickSearchModule:UnityEditor.Search:ASIAI0B
Importing 'GUID: a523f256522370d45a52c18a6f9f4b0a - Path: Assets/Twinsanity/Baked/Beach/Beach_Scenery_Mesh_76 3.asset - Importer: ScriptedImporter/UnityEditor.QuickSearchModule:UnityEditor.Search:ASIAI0B' with importer (ScriptedImporter : UnityEditor.QuickSearchModule:UnityEditor.Search:ASIAI0B)
Imported 'GUID: a523f256522370d45a52c18a6f9f4b0a' -> (Import Result ID: 'a8fba2d79630c31dc119f02d5a10f249') in 0.008 seconds [static and dynamic dependencies]. Details - ImportResultOutputID=edeafbd79e4c56c7f8d915d00166e791 DependenciesID=6a5913984efef87ac19be8e513f35cd9 StaticDependenciesID=476a9261315fd9747e340f79f95a4e73 
Number of updated asset objects reloaded before import = 0
Number of asset objects unloaded after import = 1
========================================================================
Received Import Request.
  Time of request: 2026-10-03T23:02:27.1068674Z
  Time since last request: 0.000733 seconds.
  importAddress: GUID: 87018d4ebde45bd4ba9ee155321f5351 - Path: Assets/Twinsanity/Baked/Beach/Material_75 3.mat - Importer: ScriptedImporter/UnityEditor.QuickSearchModule:UnityEditor.Search:ASIAI0B
Importing 'GUID: 87018d4ebde45bd4ba9ee155321f5351 - Path: Assets/Twinsanity/Baked/Beach/Material_75 3.mat - Importer: ScriptedImporter/UnityEditor.QuickSearchModule:UnityEditor.Search:ASIAI0B' with importer (ScriptedImporter : UnityEditor.QuickSearchModule:UnityEditor.Search:ASIAI0B)
Imported 'GUID: 87018d4ebde45bd4ba9ee155321f5351' -> (Import Result ID: '98420f72fd4d31f42c376b0479046fc4') in 0.006 seconds [static and dynamic dependencies]. Details - ImportResultOutputID=5c77de0d9fba8e1a8658a5d07425608d DependenciesID=c617305bd884d11cbd9cbfeb4bea8694 StaticDependenciesID=58d445fe6fd3fdaec2232ec474b85d82 
Number of updated asset objects reloaded before import = 0
Number of asset objects unloaded after import = 2
========================================================================
Received Import Request.
  Time of request: 2026-10-03T23:02:27.113924Z
  Time since last request: 0.0006312 seconds.
  importAddress: GUID: 46da9f983a9b36347b09ab63134bb44d - Path: Assets/Twinsanity/Baked/Beach/Beach_Scenery_Mesh_78 3.asset - Importer: ScriptedImporter/UnityEditor.QuickSearchModule:UnityEditor.Search:ASIAI0B
Importing 'GUID: 46da9f983a9b36347b09ab63134bb44d - Path: Assets/Twinsanity/Baked/Beach/Beach_Scenery_Mesh_78 3.asset - Importer: ScriptedImporter/UnityEditor.QuickSearchModule:UnityEditor.Search:ASIAI0B' with importer (ScriptedImporter : UnityEditor.QuickSearchModule:UnityEditor.Search:ASIAI0B)
Imported 'GUID: 46da9f983a9b36347b09ab63134bb44d' -> (Import Result ID: 'fb64eeee0f95bfbfc55e8963cc4de71d') in 0.006 seconds [static and dynamic dependencies]. Details - ImportResultOutputID=d4ea261413bef96dc5184c56bc767755 DependenciesID=6965e60cd29f96e15eb95cb18f43e847 StaticDependenciesID=e654d7185ee82281e55ad5250b6b27b8 
Number of updated asset objects reloaded before import = 0
Number of asset objects unloaded after import = 1
========================================================================
Received Import Request.
  Time of request: 2026-10-03T23:02:27.1214328Z
  Time since last request: 0.0006569 seconds.
  importAddress: GUID: 4f1b6172cfaa2f04ab351c1fc84d4906 - Path: Assets/Twinsanity/Baked/Beach/Material_98 3.mat - Importer: ScriptedImporter/UnityEditor.QuickSearchModule:UnityEditor.Search:ASIAI0B
Importing 'GUID: 4f1b6172cfaa2f04ab351c1fc84d4906 - Path: Assets/Twinsanity/Baked/Beach/Material_98 3.mat - Importer: ScriptedImporter/UnityEditor.QuickSearchModule:UnityEditor.Search:ASIAI0B' with importer (ScriptedImporter : UnityEditor.QuickSearchModule:UnityEditor.Search:ASIAI0B)
Imported 'GUID: 4f1b6172cfaa2f04ab351c1fc84d4906' -> (Import Result ID: 'ca2c7cfb604f61561d323f4487eea975') in 0.007 seconds [static and dynamic dependencies]. Details - ImportResultOutputID=23cc1e1ae7eeddb13d79221c4463ad02 DependenciesID=a0980b201abce3d6fc87172bc4c2d3b6 StaticDependenciesID=ef9fb0a77c74c51c4c0d7f4a2f7adced 
Number of updated asset objects reloaded before import = 0
Number of asset objects unloaded after import = 2
========================================================================
Received Import Request.
  Time of request: 2026-10-03T23:02:27.1295805Z
  Time since last request: 0.0005339 seconds.
  importAddress: GUID: 85f8802d6d901ae438dce5e48bded8c1 - Path: Assets/Twinsanity/Baked/Beach/Beach_Scenery_Mesh_114 3.asset - Importer: ScriptedImporter/UnityEditor.QuickSearchModule:UnityEditor.Search:ASIAI0B
Importing 'GUID: 85f8802d6d901ae438dce5e48bded8c1 - Path: Assets/Twinsanity/Baked/Beach/Beach_Scenery_Mesh_114 3.asset - Importer: ScriptedImporter/UnityEditor.QuickSearchModule:UnityEditor.Search:ASIAI0B' with importer (ScriptedImporter : UnityEditor.QuickSearchModule:UnityEditor.Search:ASIAI0B)
Imported 'GUID: 85f8802d6d901ae438dce5e48bded8c1' -> (Import Result ID: 'c2e2ca4393de63d69ea682124aea0977') in 0.006 seconds [static and dynamic dependencies]. Details - ImportResultOutputID=df6aa1c33b093dd77b48a657cc4a58d9 DependenciesID=a2d6609fadff330e806af0e157ccdeb0 StaticDependenciesID=070e0ca7099bf8595e069feea94dfb8c 
Number of updated asset objects reloaded before import = 0
Number of asset objects unloaded after import = 1
========================================================================
Received Import Request.
  Time of request: 2026-10-03T23:02:27.1361308Z
  Time since last request: 0.0005743 seconds.
  importAddress: GUID: 072615d64f202fd4bb7731ab9e7b1f71 - Path: Assets/Twinsanity/Baked/Beach/Material_71 3.mat - Importer: ScriptedImporter/UnityEditor.QuickSearchModule:UnityEditor.Search:ASIAI0B
Importing 'GUID: 072615d64f202fd4bb7731ab9e7b1f71 - Path: Assets/Twinsanity/Baked/Beach/Material_71 3.mat - Importer: ScriptedImporter/UnityEditor.QuickSearchModule:UnityEditor.Search:ASIAI0B' with importer (ScriptedImporter : UnityEditor.QuickSearchModule:UnityEditor.Search:ASIAI0B)
Imported 'GUID: 072615d64f202fd4bb7731ab9e7b1f71' -> (Import Result ID: '61016af217a4e9d044608a9f3627fdfc') in 0.006 seconds [static and dynamic dependencies]. Details - ImportResultOutputID=cfd2d1c34ae4e969469f16e055b119b4 DependenciesID=3f386a4f7ea71866908daf1c231abf97 StaticDependenciesID=dea11f36f1c33112dee5af079b2e9c9c 
Number of updated asset objects reloaded before import = 0
Number of asset objects unloaded after import = 2
========================================================================
Received Import Request.
  Time of request: 2026-10-03T23:02:27.1430463Z
  Time since last request: 0.0005599 seconds.
  importAddress: GUID: 15061c715b9d44743999f5d8f845059d - Path: Assets/Twinsanity/Baked/Beach/Beach_Scenery_Mesh_101 3.asset - Importer: ScriptedImporter/UnityEditor.QuickSearchModule:UnityEditor.Search:ASIAI0B
Importing 'GUID: 15061c715b9d44743999f5d8f845059d - Path: Assets/Twinsanity/Baked/Beach/Beach_Scenery_Mesh_101 3.asset - Importer: ScriptedImporter/UnityEditor.QuickSearchModule:UnityEditor.Search:ASIAI0B' with importer (ScriptedImporter : UnityEditor.QuickSearchModule:UnityEditor.Search:ASIAI0B)
Imported 'GUID: 15061c715b9d44743999f5d8f845059d' -> (Import Result ID: 'f6c65a9284f3f49ce46c1bf0ed137c49') in 0.006 seconds [static and dynamic dependencies]. Details - ImportResultOutputID=b6b8b004fe4e1af49e59f424dacf06ba DependenciesID=204b8a6bfff5e83323f01c8fb6e65d1b StaticDependenciesID=d11f7d23dbf0eb340fb20dc2ac5b5d95 
Number of updated asset objects reloaded before import = 0
Number of asset objects unloaded after import = 1
========================================================================
Received Import Request.
  Time of request: 2026-10-03T23:02:27.1505784Z
  Time since last request: 0.0005935 seconds.
  importAddress: GUID: b4769429a3f76fe47b700bcf615b58d2 - Path: Assets/Twinsanity/Baked/Beach/Material_124 3.mat - Importer: ScriptedImporter/UnityEditor.QuickSearchModule:UnityEditor.Search:ASIAI0B
Importing 'GUID: b4769429a3f76fe47b700bcf615b58d2 - Path: Assets/Twinsanity/Baked/Beach/Material_124 3.mat - Importer: ScriptedImporter/UnityEditor.QuickSearchModule:UnityEditor.Search:ASIAI0B' with importer (ScriptedImporter : UnityEditor.QuickSearchModule:UnityEditor.Search:ASIAI0B)
Imported 'GUID: b4769429a3f76fe47b700bcf615b58d2' -> (Import Result ID: '110fd8b9e4630babd6b6247a72cb39fc') in 0.005 seconds [static and dynamic dependencies]. Details - ImportResultOutputID=5326c4329cf92ca7d0b2015495b12709 DependenciesID=fbf2d0b17e0de0c1cf6b354b36a3282b StaticDependenciesID=4a99a0459748e498914b8cdfe293f132 
Number of updated asset objects reloaded before import = 0
Number of asset objects unloaded after import = 2
========================================================================
Received Import Request.
  Time of request: 2026-10-03T23:02:27.156403Z
  Time since last request: 0.000509 seconds.
  importAddress: GUID: 6ccb46d89d6e7754caa4a6a99d1c0eab - Path: Assets/Twinsanity/Baked/Beach/Beach_Scenery_Mesh_90 3.asset - Importer: ScriptedImporter/UnityEditor.QuickSearchModule:UnityEditor.Search:ASIAI0B
Importing 'GUID: 6ccb46d89d6e7754caa4a6a99d1c0eab - Path: Assets/Twinsanity/Baked/Beach/Beach_Scenery_Mesh_90 3.asset - Importer: ScriptedImporter/UnityEditor.QuickSearchModule:UnityEditor.Search:ASIAI0B' with importer (ScriptedImporter : UnityEditor.QuickSearchModule:UnityEditor.Search:ASIAI0B)
Imported 'GUID: 6ccb46d89d6e7754caa4a6a99d1c0eab' -> (Import Result ID: '02ae17a28a85817aea1d29f0633e573e') in 0.005 seconds [static and dynamic dependencies]. Details - ImportResultOutputID=ef4529fd1d58096504443652b29cd0b2 DependenciesID=d9a3b6a02ccef42fe9816b9bcb449dc0 StaticDependenciesID=bb41bc0374292185fdf3bc673fb1d09e 
Number of updated asset objects reloaded before import = 0
Number of asset objects unloaded after import = 1
========================================================================
Received Import Request.
  Time of request: 2026-10-03T23:02:27.1620056Z
  Time since last request: 0.0004833 seconds.
  importAddress: GUID: 2cf52342e91654c4f96875ba0942d328 - Path: Assets/Twinsanity/Baked/Beach/Beach_Scenery_Mesh_68 3.asset - Importer: ScriptedImporter/UnityEditor.QuickSearchModule:UnityEditor.Search:ASIAI0B
Importing 'GUID: 2cf52342e91654c4f96875ba0942d328 - Path: Assets/Twinsanity/Baked/Beach/Beach_Scenery_Mesh_68 3.asset - Importer: ScriptedImporter/UnityEditor.QuickSearchModule:UnityEditor.Search:ASIAI0B' with importer (ScriptedImporter : UnityEditor.QuickSearchModule:UnityEditor.Search:ASIAI0B)
Imported 'GUID: 2cf52342e91654c4f96875ba0942d328' -> (Import Result ID: '51b40cae4099da59f0aeb38b81f7ca94') in 0.006 seconds [static and dynamic dependencies]. Details - ImportResultOutputID=32bd08dc795039565d94056a4e843b08 DependenciesID=048e60c2de63d500006706f994537bd2 StaticDependenciesID=563d3352c88513e837df57ab8f7af902 
Number of updated asset objects reloaded before import = 0
Number of asset objects unloaded after import = 1
========================================================================
Received Import Request.
  Time of request: 2026-10-03T23:02:27.1695175Z
  Time since last request: 0.000656 seconds.
  importAddress: GUID: ca82667c5c74f62428075a01c604912e - Path: Assets/Twinsanity/Baked/Beach/Beach_Scenery_Mesh_95 3.asset - Importer: ScriptedImporter/UnityEditor.QuickSearchModule:UnityEditor.Search:ASIAI0B
Importing 'GUID: ca82667c5c74f62428075a01c604912e - Path: Assets/Twinsanity/Baked/Beach/Beach_Scenery_Mesh_95 3.asset - Importer: ScriptedImporter/UnityEditor.QuickSearchModule:UnityEditor.Search:ASIAI0B' with importer (ScriptedImporter : UnityEditor.QuickSearchModule:UnityEditor.Search:ASIAI0B)
Imported 'GUID: ca82667c5c74f62428075a01c604912e' -> (Import Result ID: '598025dedd80133892bce82d640dc29f') in 0.005 seconds [static and dynamic dependencies]. Details - ImportResultOutputID=f6737ec26780630733084a0a5c7ac2f0 DependenciesID=66f0c1220f2690695534b9709c779331 StaticDependenciesID=7e1880f148b75038d318bc0d6eb63e2d 
Number of updated asset objects reloaded before import = 0
Number of asset objects unloaded after import = 1
========================================================================
Received Import Request.
  Time of request: 2026-10-03T23:02:27.1755336Z
  Time since last request: 0.0005515 seconds.
  importAddress: GUID: 231cbe71a794c644e9d20c028ddbc773 - Path: Assets/Twinsanity/Baked/Beach/Beach_Scenery_Mesh_65 3.asset - Importer: ScriptedImporter/UnityEditor.QuickSearchModule:UnityEditor.Search:ASIAI0B
Importing 'GUID: 231cbe71a794c644e9d20c028ddbc773 - Path: Assets/Twinsanity/Baked/Beach/Beach_Scenery_Mesh_65 3.asset - Importer: ScriptedImporter/UnityEditor.QuickSearchModule:UnityEditor.Search:ASIAI0B' with importer (ScriptedImporter : UnityEditor.QuickSearchModule:UnityEditor.Search:ASIAI0B)
Imported 'GUID: 231cbe71a794c644e9d20c028ddbc773' -> (Import Result ID: '464803be6d2c3efd60d6d7dd668f16dd') in 0.005 seconds [static and dynamic dependencies]. Details - ImportResultOutputID=cdf05d6732184cce12da3458458fa74e DependenciesID=380584aa8207a896960279586c7cb78f StaticDependenciesID=433d01dc441fafdc2289c9d4164c1369 
Number of updated asset objects reloaded before import = 0
Number of asset objects unloaded after import = 1
========================================================================
Received Import Request.
  Time of request: 2026-10-03T23:02:27.1813758Z
  Time since last request: 0.0006016 seconds.
  importAddress: GUID: 3fed314cc2157d548bb61e4deeb8dd9f - Path: Assets/Twinsanity/Baked/Beach/Material_111 3.mat - Importer: ScriptedImporter/UnityEditor.QuickSearchModule:UnityEditor.Search:ASIAI0B
Importing 'GUID: 3fed314cc2157d548bb61e4deeb8dd9f - Path: Assets/Twinsanity/Baked/Beach/Material_111 3.mat - Importer: ScriptedImporter/UnityEditor.QuickSearchModule:UnityEditor.Search:ASIAI0B' with importer (ScriptedImporter : UnityEditor.QuickSearchModule:UnityEditor.Search:ASIAI0B)
Imported 'GUID: 3fed314cc2157d548bb61e4deeb8dd9f' -> (Import Result ID: 'b460b3271dcd5e3402f96228ecb0dad5') in 0.005 seconds [static and dynamic dependencies]. Details - ImportResultOutputID=b52650a27c2fd1df6e95b01259236340 DependenciesID=f8ee6a237eec23795350682c90bdbc1d StaticDependenciesID=1043beab6779ee98b10f7179fd948b89 
Number of updated asset objects reloaded before import = 0
Number of asset objects unloaded after import = 2
========================================================================
Received Import Request.
  Time of request: 2026-10-03T23:02:27.1870168Z
  Time since last request: 0.0005452 seconds.
  importAddress: GUID: ed2eb1b72b6f33242aa9230aa5d545cc - Path: Assets/Twinsanity/Baked/Beach/Material_102 3.mat - Importer: ScriptedImporter/UnityEditor.QuickSearchModule:UnityEditor.Search:ASIAI0B
Importing 'GUID: ed2eb1b72b6f33242aa9230aa5d545cc - Path: Assets/Twinsanity/Baked/Beach/Material_102 3.mat - Importer: ScriptedImporter/UnityEditor.QuickSearchModule:UnityEditor.Search:ASIAI0B' with importer (ScriptedImporter : UnityEditor.QuickSearchModule:UnityEditor.Search:ASIAI0B)
Imported 'GUID: ed2eb1b72b6f33242aa9230aa5d545cc' -> (Import Result ID: '0398b2ba213ef838cc19458e5209b793') in 0.005 seconds [static and dynamic dependencies]. Details - ImportResultOutputID=86b63bb77880fce127488d1e49f6792e DependenciesID=1b7e8aa8db1453249a75f62eaf69f22f StaticDependenciesID=69213b8bfb3f193ddaed3bf638777d1e 
Number of updated asset objects reloaded before import = 0
Number of asset objects unloaded after import = 2
========================================================================
Received Import Request.
  Time of request: 2026-10-03T23:02:27.1927877Z
  Time since last request: 0.0006286 seconds.
  importAddress: GUID: e3df929f6f75ae7498e8f3b08dece521 - Path: Assets/Twinsanity/Baked/Beach/Material_87 3.mat - Importer: ScriptedImporter/UnityEditor.QuickSearchModule:UnityEditor.Search:ASIAI0B
Importing 'GUID: e3df929f6f75ae7498e8f3b08dece521 - Path: Assets/Twinsanity/Baked/Beach/Material_87 3.mat - Importer: ScriptedImporter/UnityEditor.QuickSearchModule:UnityEditor.Search:ASIAI0B' with importer (ScriptedImporter : UnityEditor.QuickSearchModule:UnityEditor.Search:ASIAI0B)
Imported 'GUID: e3df929f6f75ae7498e8f3b08dece521' -> (Import Result ID: 'f97f4a7b73fae3bfed6327bb25b20c74') in 0.006 seconds [static and dynamic dependencies]. Details - ImportResultOutputID=b96308c08b1a3b2813151323eee336d9 DependenciesID=4cf71dc65d3f33786041a6769e54397e StaticDependenciesID=66580b481e8e959baaf07843eae4f349 
Number of updated asset objects reloaded before import = 0
Number of asset objects unloaded after import = 2
========================================================================
Received Import Request.
  Time of request: 2026-10-03T23:02:27.1996722Z
  Time since last request: 0.0006591 seconds.
  importAddress: GUID: 4022e85939a881445b38ce29cce92874 - Path: Assets/Twinsanity/Baked/Beach/Beach_Scenery_Mesh_103 3.asset - Importer: ScriptedImporter/UnityEditor.QuickSearchModule:UnityEditor.Search:ASIAI0B
Importing 'GUID: 4022e85939a881445b38ce29cce92874 - Path: Assets/Twinsanity/Baked/Beach/Beach_Scenery_Mesh_103 3.asset - Importer: ScriptedImporter/UnityEditor.QuickSearchModule:UnityEditor.Search:ASIAI0B' with importer (ScriptedImporter : UnityEditor.QuickSearchModule:UnityEditor.Search:ASIAI0B)
Imported 'GUID: 4022e85939a881445b38ce29cce92874' -> (Import Result ID: 'e03148a44a5a4ff5c93a8443eb9278f6') in 0.004 seconds [static and dynamic dependencies]. Details - ImportResultOutputID=a42881acd47182bc56d9af6214aab5de DependenciesID=44c7905a71b00bad08c8864e74fe9572 StaticDependenciesID=a95d0b4fbaef6ebceb18e1f482a04062 
Number of updated asset objects reloaded before import = 0
Number of asset objects unloaded after import = 1
========================================================================
Received Import Request.
  Time of request: 2026-10-03T23:02:27.2050461Z
  Time since last request: 0.0006498 seconds.
  importAddress: GUID: 755d647c8b773864183754da4df0ab62 - Path: Assets/Twinsanity/Baked/Beach/Material_79 3.mat - Importer: ScriptedImporter/UnityEditor.QuickSearchModule:UnityEditor.Search:ASIAI0B
Importing 'GUID: 755d647c8b773864183754da4df0ab62 - Path: Assets/Twinsanity/Baked/Beach/Material_79 3.mat - Importer: ScriptedImporter/UnityEditor.QuickSearchModule:UnityEditor.Search:ASIAI0B' with importer (ScriptedImporter : UnityEditor.QuickSearchModule:UnityEditor.Search:ASIAI0B)
Imported 'GUID: 755d647c8b773864183754da4df0ab62' -> (Import Result ID: '0dc25ab25b36b7fe66168682acc0445c') in 0.006 seconds [static and dynamic dependencies]. Details - ImportResultOutputID=03f387b39921f51a3b696e2bd253a349 DependenciesID=4f2c5bdd479b18fa8057bbc27c547fcf StaticDependenciesID=dae0eeeec525504ec7c1a2cf085b3643 
Number of updated asset objects reloaded before import = 0
Number of asset objects unloaded after import = 2
========================================================================
Received Import Request.
  Time of request: 2026-10-03T23:02:27.2116824Z
  Time since last request: 0.0004536 seconds.
  importAddress: GUID: d8bf44b5f518c0d4a944c890fa66509f - Path: Assets/Twinsanity/Baked/Beach/Beach_Scenery_Mesh_125 3.asset - Importer: ScriptedImporter/UnityEditor.QuickSearchModule:UnityEditor.Search:ASIAI0B
Importing 'GUID: d8bf44b5f518c0d4a944c890fa66509f - Path: Assets/Twinsanity/Baked/Beach/Beach_Scenery_Mesh_125 3.asset - Importer: ScriptedImporter/UnityEditor.QuickSearchModule:UnityEditor.Search:ASIAI0B' with importer (ScriptedImporter : UnityEditor.QuickSearchModule:UnityEditor.Search:ASIAI0B)
Imported 'GUID: d8bf44b5f518c0d4a944c890fa66509f' -> (Import Result ID: '4e55ed188e446f999226b54089797aaf') in 0.005 seconds [static and dynamic dependencies]. Details - ImportResultOutputID=b479048b700a81618fd785bb54dc0027 DependenciesID=8e31e107f06aed68e492d84ab9e247cb StaticDependenciesID=7ba606056021bf999a20d5d250ac4b64 
Number of updated asset objects reloaded before import = 0
Number of asset objects unloaded after import = 1
========================================================================
Received Import Request.
  Time of request: 2026-10-03T23:02:27.2173016Z
  Time since last request: 0.0005973 seconds.
  importAddress: GUID: 5be06f1a6c692ba43be557f6368d10e9 - Path: Assets/Twinsanity/Baked/Beach/Material_62 3.mat - Importer: ScriptedImporter/UnityEditor.QuickSearchModule:UnityEditor.Search:ASIAI0B
Importing 'GUID: 5be06f1a6c692ba43be557f6368d10e9 - Path: Assets/Twinsanity/Baked/Beach/Material_62 3.mat - Importer: ScriptedImporter/UnityEditor.QuickSearchModule:UnityEditor.Search:ASIAI0B' with importer (ScriptedImporter : UnityEditor.QuickSearchModule:UnityEditor.Search:ASIAI0B)
Imported 'GUID: 5be06f1a6c692ba43be557f6368d10e9' -> (Import Result ID: '8408276b413dd327cc3295148565d439') in 0.006 seconds [static and dynamic dependencies]. Details - ImportResultOutputID=dfd2e8f292a4ef3b394bb952b07239cd DependenciesID=63bca509ee084f23133e8619fadf9041 StaticDependenciesID=1bf18d971a521f0f17702d58cf772888 
Number of updated asset objects reloaded before import = 0
Number of asset objects unloaded after import = 2
========================================================================
Received Import Request.
  Time of request: 2026-10-03T23:02:27.2239809Z
  Time since last request: 0.0004964 seconds.
  importAddress: GUID: f6c5309d77ada6647a0ff0783b8e1cdf - Path: Assets/Twinsanity/Baked/Beach/Beach_Scenery_Mesh_112 3.asset - Importer: ScriptedImporter/UnityEditor.QuickSearchModule:UnityEditor.Search:ASIAI0B
Importing 'GUID: f6c5309d77ada6647a0ff0783b8e1cdf - Path: Assets/Twinsanity/Baked/Beach/Beach_Scenery_Mesh_112 3.asset - Importer: ScriptedImporter/UnityEditor.QuickSearchModule:UnityEditor.Search:ASIAI0B' with importer (ScriptedImporter : UnityEditor.QuickSearchModule:UnityEditor.Search:ASIAI0B)
Imported 'GUID: f6c5309d77ada6647a0ff0783b8e1cdf' -> (Import Result ID: 'e692b4c8dc6aa4ec22250f9125fad85b') in 0.006 seconds [static and dynamic dependencies]. Details - ImportResultOutputID=04ea302d845e2a7dac501f52b3d6d283 DependenciesID=e1f05780b370718b76aa3deb98726f76 StaticDependenciesID=70af5b6c93b53d00bdc21c03a7dbea67 
Number of updated asset objects reloaded before import = 0
Number of asset objects unloaded after import = 1
========================================================================
Received Import Request.
  Time of request: 2026-10-03T23:02:27.2312009Z
  Time since last request: 0.0005701 seconds.
  importAddress: GUID: 2589579e4fffbdd4588b99862dbcfcbb - Path: Assets/Twinsanity/Baked/Beach/Beach_Scenery_Mesh_86 3.asset - Importer: ScriptedImporter/UnityEditor.QuickSearchModule:UnityEditor.Search:ASIAI0B
Importing 'GUID: 2589579e4fffbdd4588b99862dbcfcbb - Path: Assets/Twinsanity/Baked/Beach/Beach_Scenery_Mesh_86 3.asset - Importer: ScriptedImporter/UnityEditor.QuickSearchModule:UnityEditor.Search:ASIAI0B' with importer (ScriptedImporter : UnityEditor.QuickSearchModule:UnityEditor.Search:ASIAI0B)
Imported 'GUID: 2589579e4fffbdd4588b99862dbcfcbb' -> (Import Result ID: '48d7c2e77eb776ea1eb3036d638b3eff') in 0.008 seconds [static and dynamic dependencies]. Details - ImportResultOutputID=bc5043e607480c3d1e1f1c7dadc6d99d DependenciesID=9e3082b945a60531ad957a080f71965d StaticDependenciesID=f7c3d9d99151f5d2d039d29d08d659b5 
Number of updated asset objects reloaded before import = 0
Number of asset objects unloaded after import = 1
========================================================================
Received Import Request.
  Time of request: 2026-10-03T23:02:27.2402302Z
  Time since last request: 0.0007022 seconds.
  importAddress: GUID: a335f6f3a479b5f4c9fa19085d56f4fc - Path: Assets/Twinsanity/Baked/Beach/Beach_Scenery_Mesh_120 3.asset - Importer: ScriptedImporter/UnityEditor.QuickSearchModule:UnityEditor.Search:ASIAI0B
Importing 'GUID: a335f6f3a479b5f4c9fa19085d56f4fc - Path: Assets/Twinsanity/Baked/Beach/Beach_Scenery_Mesh_120 3.asset - Importer: ScriptedImporter/UnityEditor.QuickSearchModule:UnityEditor.Search:ASIAI0B' with importer (ScriptedImporter : UnityEditor.QuickSearchModule:UnityEditor.Search:ASIAI0B)
Imported 'GUID: a335f6f3a479b5f4c9fa19085d56f4fc' -> (Import Result ID: 'b50e8a72a72e46ddeef5ee2b869cbb81') in 0.007 seconds [static and dynamic dependencies]. Details - ImportResultOutputID=008e79109994f3ca7b5a7388e717f0b9 DependenciesID=a8cd4e5f4cf2e6638f344c0ba98945c6 StaticDependenciesID=5aa4eabee368c38a17ae9fc5df0ab2f2 
Number of updated asset objects reloaded before import = 0
Number of asset objects unloaded after import = 1
========================================================================
Received Import Request.
  Time of request: 2026-10-03T23:02:27.2485234Z
  Time since last request: 0.0006933 seconds.
  importAddress: GUID: ac8c105af68a1c64ba39a642ded1972b - Path: Assets/Twinsanity/Baked/Beach/Beach_Scenery_Mesh_83 3.asset - Importer: ScriptedImporter/UnityEditor.QuickSearchModule:UnityEditor.Search:ASIAI0B
Importing 'GUID: ac8c105af68a1c64ba39a642ded1972b - Path: Assets/Twinsanity/Baked/Beach/Beach_Scenery_Mesh_83 3.asset - Importer: ScriptedImporter/UnityEditor.QuickSearchModule:UnityEditor.Search:ASIAI0B' with importer (ScriptedImporter : UnityEditor.QuickSearchModule:UnityEditor.Search:ASIAI0B)
Imported 'GUID: ac8c105af68a1c64ba39a642ded1972b' -> (Import Result ID: 'dfd89f0bef334f9fbcd93845e9d5c4c4') in 0.005 seconds [static and dynamic dependencies]. Details - ImportResultOutputID=00a15ba691fb75291e57554a6c2f994c DependenciesID=671adbc977de55441c818a7071e5f93e StaticDependenciesID=28aba69ecdebd6821563f53e04b52d47 
Number of updated asset objects reloaded before import = 0
Number of asset objects unloaded after import = 1
========================================================================
Received Import Request.
  Time of request: 2026-10-03T23:02:27.2543114Z
  Time since last request: 0.0005934 seconds.
  importAddress: GUID: f3182ae3c9bb4754f923f2e080741540 - Path: Assets/Twinsanity/Baked/Beach/Material_113 3.mat - Importer: ScriptedImporter/UnityEditor.QuickSearchModule:UnityEditor.Search:ASIAI0B
Importing 'GUID: f3182ae3c9bb4754f923f2e080741540 - Path: Assets/Twinsanity/Baked/Beach/Material_113 3.mat - Importer: ScriptedImporter/UnityEditor.QuickSearchModule:UnityEditor.Search:ASIAI0B' with importer (ScriptedImporter : UnityEditor.QuickSearchModule:UnityEditor.Search:ASIAI0B)
Imported 'GUID: f3182ae3c9bb4754f923f2e080741540' -> (Import Result ID: '6e4a332af82496b21f2b011d0ad7807f') in 0.006 seconds [static and dynamic dependencies]. Details - ImportResultOutputID=10760f50cdb7dedfc4535f163cf178c0 DependenciesID=1ef73e1d5cef871f0c33b8f413b2603e StaticDependenciesID=bac43d5c36bb4fb24b3428e839d6f639 
Number of updated asset objects reloaded before import = 0
Number of asset objects unloaded after import = 2
========================================================================
Received Import Request.
  Time of request: 2026-10-03T23:02:27.2610456Z
  Time since last request: 0.0005941 seconds.
  importAddress: GUID: e9fb93cc2bac11a4b98ae55b699c8e9e - Path: Assets/Twinsanity/Baked/Beach/Beach_Scenery_Mesh_99 3.asset - Importer: ScriptedImporter/UnityEditor.QuickSearchModule:UnityEditor.Search:ASIAI0B
Importing 'GUID: e9fb93cc2bac11a4b98ae55b699c8e9e - Path: Assets/Twinsanity/Baked/Beach/Beach_Scenery_Mesh_99 3.asset - Importer: ScriptedImporter/UnityEditor.QuickSearchModule:UnityEditor.Search:ASIAI0B' with importer (ScriptedImporter : UnityEditor.QuickSearchModule:UnityEditor.Search:ASIAI0B)
Imported 'GUID: e9fb93cc2bac11a4b98ae55b699c8e9e' -> (Import Result ID: 'd7a88e39efe543f43d4288aff9dc5087') in 0.005 seconds [static and dynamic dependencies]. Details - ImportResultOutputID=03930ddeffe4862e2ebdb99e735d5c57 DependenciesID=bc9eaddc9a5399245d02195799cc67d1 StaticDependenciesID=25d8e9d6eada6ca7888007fdbff93347 
Number of updated asset objects reloaded before import = 0
Number of asset objects unloaded after import = 1
========================================================================
Received Import Request.
  Time of request: 2026-10-03T23:02:27.2673594Z
  Time since last request: 0.0005515 seconds.
  importAddress: GUID: ace3681421c39024184de5082417a4b5 - Path: Assets/Twinsanity/Baked/Beach/Beach_Scenery_Mesh_81 3.asset - Importer: ScriptedImporter/UnityEditor.QuickSearchModule:UnityEditor.Search:ASIAI0B
Importing 'GUID: ace3681421c39024184de5082417a4b5 - Path: Assets/Twinsanity/Baked/Beach/Beach_Scenery_Mesh_81 3.asset - Importer: ScriptedImporter/UnityEditor.QuickSearchModule:UnityEditor.Search:ASIAI0B' with importer (ScriptedImporter : UnityEditor.QuickSearchModule:UnityEditor.Search:ASIAI0B)
Imported 'GUID: ace3681421c39024184de5082417a4b5' -> (Import Result ID: '3cce0a792c343bd0609686f5cb61b86d') in 0.006 seconds [static and dynamic dependencies]. Details - ImportResultOutputID=711dabe88e7343c685645877f5ccf826 DependenciesID=9ab7961f971d02a8e05793f766ea8c7e StaticDependenciesID=0482a969a91beeae1c5b5e6ac1696d1f 
Number of updated asset objects reloaded before import = 0
Number of asset objects unloaded after import = 1
========================================================================
Received Import Request.
  Time of request: 2026-10-03T23:02:27.2743187Z
  Time since last request: 0.0006372 seconds.
  importAddress: GUID: 7545f89079e3c494a95146fffb04c499 - Path: Assets/Twinsanity/Baked/Beach/Beach_Scenery_Mesh_93 3.asset - Importer: ScriptedImporter/UnityEditor.QuickSearchModule:UnityEditor.Search:ASIAI0B
Importing 'GUID: 7545f89079e3c494a95146fffb04c499 - Path: Assets/Twinsanity/Baked/Beach/Beach_Scenery_Mesh_93 3.asset - Importer: ScriptedImporter/UnityEditor.QuickSearchModule:UnityEditor.Search:ASIAI0B' with importer (ScriptedImporter : UnityEditor.QuickSearchModule:UnityEditor.Search:ASIAI0B)
Imported 'GUID: 7545f89079e3c494a95146fffb04c499' -> (Import Result ID: '015643297daac40785dce95922ba5503') in 0.006 seconds [static and dynamic dependencies]. Details - ImportResultOutputID=4dd1275a18c2af729ae370b4e4ed4529 DependenciesID=c78869196ac2116f86bc319b6c9a19cf StaticDependenciesID=2179dd28966ed965405612954a2f0d14 
Number of updated asset objects reloaded before import = 0
Number of asset objects unloaded after import = 1
========================================================================
Received Import Request.
  Time of request: 2026-10-03T23:02:27.2810253Z
  Time since last request: 0.0005715 seconds.
  importAddress: GUID: 69bbe5406cfc7be40a975e700f0cbcff - Path: Assets/Twinsanity/Baked/Beach/Beach_Scenery_Mesh_108 3.asset - Importer: ScriptedImporter/UnityEditor.QuickSearchModule:UnityEditor.Search:ASIAI0B
Importing 'GUID: 69bbe5406cfc7be40a975e700f0cbcff - Path: Assets/Twinsanity/Baked/Beach/Beach_Scenery_Mesh_108 3.asset - Importer: ScriptedImporter/UnityEditor.QuickSearchModule:UnityEditor.Search:ASIAI0B' with importer (ScriptedImporter : UnityEditor.QuickSearchModule:UnityEditor.Search:ASIAI0B)
Imported 'GUID: 69bbe5406cfc7be40a975e700f0cbcff' -> (Import Result ID: 'f5a196cbbc74942de3a024654809d615') in 0.004 seconds [static and dynamic dependencies]. Details - ImportResultOutputID=815b044bb2694261be1d81e89b40a2bf DependenciesID=cad368d9e137e47c29a1242a9f240f02 StaticDependenciesID=df5ed4c4ceabf363f548e3c8c867ee31 
Number of updated asset objects reloaded before import = 0
Number of asset objects unloaded after import = 1
========================================================================
Received Import Request.
  Time of request: 2026-10-03T23:02:27.2865167Z
  Time since last request: 0.0006105 seconds.
  importAddress: GUID: 1c1d07f9b1c4aa943a9a1cd9e6c75fe7 - Path: Assets/Twinsanity/Baked/Beach/Beach_Scenery_Mesh_88 3.asset - Importer: ScriptedImporter/UnityEditor.QuickSearchModule:UnityEditor.Search:ASIAI0B
Importing 'GUID: 1c1d07f9b1c4aa943a9a1cd9e6c75fe7 - Path: Assets/Twinsanity/Baked/Beach/Beach_Scenery_Mesh_88 3.asset - Importer: ScriptedImporter/UnityEditor.QuickSearchModule:UnityEditor.Search:ASIAI0B' with importer (ScriptedImporter : UnityEditor.QuickSearchModule:UnityEditor.Search:ASIAI0B)
Imported 'GUID: 1c1d07f9b1c4aa943a9a1cd9e6c75fe7' -> (Import Result ID: '937ef2c8ce61c9375347d27fedc412e9') in 0.005 seconds [static and dynamic dependencies]. Details - ImportResultOutputID=14b161bca4d28ff9b476552fa178df9e DependenciesID=7cc9b0d355efbd5b41713dd803af4e2b StaticDependenciesID=023525d06a85fb86aab5fcd907eace57 
Number of updated asset objects reloaded before import = 0
Number of asset objects unloaded after import = 1
========================================================================
Received Import Request.
  Time of request: 2026-10-03T23:02:27.2922017Z
  Time since last request: 0.000654 seconds.
  importAddress: GUID: e992f124bc1a6f1429accf59d672dd1b - Path: Assets/Twinsanity/Baked/Beach/Material_94 3.mat - Importer: ScriptedImporter/UnityEditor.QuickSearchModule:UnityEditor.Search:ASIAI0B
Importing 'GUID: e992f124bc1a6f1429accf59d672dd1b - Path: Assets/Twinsanity/Baked/Beach/Material_94 3.mat - Importer: ScriptedImporter/UnityEditor.QuickSearchModule:UnityEditor.Search:ASIAI0B' with importer (ScriptedImporter : UnityEditor.QuickSearchModule:UnityEditor.Search:ASIAI0B)
Imported 'GUID: e992f124bc1a6f1429accf59d672dd1b' -> (Import Result ID: 'dfdb5b8b6b04d52cd067beaceb20dbe0') in 0.006 seconds [static and dynamic dependencies]. Details - ImportResultOutputID=914060e6a03f058c6b53b03f9c4746d8 DependenciesID=9873d07dee7a01602480252b786cf05b StaticDependenciesID=2247be4c4990978489f92fa4ab27f22d 
Number of updated asset objects reloaded before import = 0
Number of asset objects unloaded after import = 2
========================================================================
Received Import Request.
  Time of request: 2026-10-03T23:02:27.2990151Z
  Time since last request: 0.0005826 seconds.
  importAddress: GUID: 6e61ebdc6fe4ed442beb45e06df50c10 - Path: Assets/Twinsanity/Baked/Beach/Beach_Scenery_Mesh_119 3.asset - Importer: ScriptedImporter/UnityEditor.QuickSearchModule:UnityEditor.Search:ASIAI0B
Importing 'GUID: 6e61ebdc6fe4ed442beb45e06df50c10 - Path: Assets/Twinsanity/Baked/Beach/Beach_Scenery_Mesh_119 3.asset - Importer: ScriptedImporter/UnityEditor.QuickSearchModule:UnityEditor.Search:ASIAI0B' with importer (ScriptedImporter : UnityEditor.QuickSearchModule:UnityEditor.Search:ASIAI0B)
Imported 'GUID: 6e61ebdc6fe4ed442beb45e06df50c10' -> (Import Result ID: 'f3f23c2f1603101bcd46ad44db02dbe7') in 0.007 seconds [static and dynamic dependencies]. Details - ImportResultOutputID=617e872bb79687ad4437dce158de2fdf DependenciesID=a8780da09e4e46170ff07f3e9bbc85cd StaticDependenciesID=3331551a69c86652d0a5e9d956f78890 
Number of updated asset objects reloaded before import = 0
Number of asset objects unloaded after import = 1
========================================================================
Received Import Request.
  Time of request: 2026-10-03T23:02:27.3073944Z
  Time since last request: 0.0007033 seconds.
  importAddress: GUID: 6e97225cbeb22f44f93a6fff3e341aae - Path: Assets/Twinsanity/Baked/Beach/Beach_Scenery_Mesh_77 3.asset - Importer: ScriptedImporter/UnityEditor.QuickSearchModule:UnityEditor.Search:ASIAI0B
Importing 'GUID: 6e97225cbeb22f44f93a6fff3e341aae - Path: Assets/Twinsanity/Baked/Beach/Beach_Scenery_Mesh_77 3.asset - Importer: ScriptedImporter/UnityEditor.QuickSearchModule:UnityEditor.Search:ASIAI0B' with importer (ScriptedImporter : UnityEditor.QuickSearchModule:UnityEditor.Search:ASIAI0B)
Imported 'GUID: 6e97225cbeb22f44f93a6fff3e341aae' -> (Import Result ID: 'e276505a72ae123567911267e2ada13e') in 0.005 seconds [static and dynamic dependencies]. Details - ImportResultOutputID=6b85d97d61227530a9443569300b2332 DependenciesID=66b44a62f594341b1fde61c1fcfae059 StaticDependenciesID=86e0e26d4d9eedb094893ca40b522414 
Number of updated asset objects reloaded before import = 0
Number of asset objects unloaded after import = 1
========================================================================
Received Import Request.
  Time of request: 2026-10-03T23:02:27.3136568Z
  Time since last request: 0.0006045 seconds.
  importAddress: GUID: 1b358c70b4cd2284da5e2739d6560186 - Path: Assets/Twinsanity/Baked/Beach/Beach_Scenery_Mesh_72 3.asset - Importer: ScriptedImporter/UnityEditor.QuickSearchModule:UnityEditor.Search:ASIAI0B
Importing 'GUID: 1b358c70b4cd2284da5e2739d6560186 - Path: Assets/Twinsanity/Baked/Beach/Beach_Scenery_Mesh_72 3.asset - Importer: ScriptedImporter/UnityEditor.QuickSearchModule:UnityEditor.Search:ASIAI0B' with importer (ScriptedImporter : UnityEditor.QuickSearchModule:UnityEditor.Search:ASIAI0B)
Imported 'GUID: 1b358c70b4cd2284da5e2739d6560186' -> (Import Result ID: 'a0dd4ade8730fb61b56638c18f58b41e') in 0.007 seconds [static and dynamic dependencies]. Details - ImportResultOutputID=403122a5b8788a7a1b4d52092ca966bf DependenciesID=a4ec34bb46fcb80d487b04f03fca6248 StaticDependenciesID=1a272d0ca3e33639340cf841d4bed1d3 
Number of updated asset objects reloaded before import = 0
Number of asset objects unloaded after import = 1
========================================================================
Received Import Request.
  Time of request: 2026-10-03T23:02:27.3217698Z
  Time since last request: 0.0005492 seconds.
  importAddress: GUID: fe0cd91b091d62b42bbff456f15916f5 - Path: Assets/Twinsanity/Baked/Beach/Material_91 3.mat - Importer: ScriptedImporter/UnityEditor.QuickSearchModule:UnityEditor.Search:ASIAI0B
Importing 'GUID: fe0cd91b091d62b42bbff456f15916f5 - Path: Assets/Twinsanity/Baked/Beach/Material_91 3.mat - Importer: ScriptedImporter/UnityEditor.QuickSearchModule:UnityEditor.Search:ASIAI0B' with importer (ScriptedImporter : UnityEditor.QuickSearchModule:UnityEditor.Search:ASIAI0B)
Imported 'GUID: fe0cd91b091d62b42bbff456f15916f5' -> (Import Result ID: '2c3f1957b29073fe3ffe3ad8067826fc') in 0.006 seconds [static and dynamic dependencies]. Details - ImportResultOutputID=15fb9b906917d83f1554a1cc921106e9 DependenciesID=84629c69851c9410425dcb82d9569925 StaticDependenciesID=9799bc4245e259a495f360f02b4159f0 
Number of updated asset objects reloaded before import = 0
Number of asset objects unloaded after import = 2
========================================================================
Received Import Request.
  Time of request: 2026-10-03T23:02:27.3288199Z
  Time since last request: 0.0005443 seconds.
  importAddress: GUID: 2a7148acebc13a442a46a4eda054a0b0 - Path: Assets/Twinsanity/Baked/Beach/Beach_Scenery_Mesh_97 3.asset - Importer: ScriptedImporter/UnityEditor.QuickSearchModule:UnityEditor.Search:ASIAI0B
Importing 'GUID: 2a7148acebc13a442a46a4eda054a0b0 - Path: Assets/Twinsanity/Baked/Beach/Beach_Scenery_Mesh_97 3.asset - Importer: ScriptedImporter/UnityEditor.QuickSearchModule:UnityEditor.Search:ASIAI0B' with importer (ScriptedImporter : UnityEditor.QuickSearchModule:UnityEditor.Search:ASIAI0B)
Imported 'GUID: 2a7148acebc13a442a46a4eda054a0b0' -> (Import Result ID: '17e94f838103268c6fbe198b43deaefd') in 0.007 seconds [static and dynamic dependencies]. Details - ImportResultOutputID=228e6ec6c8bcb6047c1006ba2d330511 DependenciesID=e0e78f18b67f8cdc1607ee281e3c1dfb StaticDependenciesID=206316f1e32450e3c2a54c3a370fa7b1 
Number of updated asset objects reloaded before import = 0
Number of asset objects unloaded after import = 1
========================================================================
Received Import Request.
  Time of request: 2026-10-03T23:02:27.3370286Z
  Time since last request: 0.0007914 seconds.
  importAddress: GUID: 0a585b71f80db734cbf1d4e927e68078 - Path: Assets/Twinsanity/Baked/Beach/Beach_Scenery_Mesh_63 3.asset - Importer: ScriptedImporter/UnityEditor.QuickSearchModule:UnityEditor.Search:ASIAI0B
Importing 'GUID: 0a585b71f80db734cbf1d4e927e68078 - Path: Assets/Twinsanity/Baked/Beach/Beach_Scenery_Mesh_63 3.asset - Importer: ScriptedImporter/UnityEditor.QuickSearchModule:UnityEditor.Search:ASIAI0B' with importer (ScriptedImporter : UnityEditor.QuickSearchModule:UnityEditor.Search:ASIAI0B)
Imported 'GUID: 0a585b71f80db734cbf1d4e927e68078' -> (Import Result ID: 'eb6b05652581b162b6ecaf78d23cff12') in 0.007 seconds [static and dynamic dependencies]. Details - ImportResultOutputID=06c5daf5ed8a509090a7b48ed3b6d66a DependenciesID=0b943aa1a27d1c20862ab46c9f8eea54 StaticDependenciesID=e9588b52d529776246bded84c56cebf1 
Number of updated asset objects reloaded before import = 0
Number of asset objects unloaded after import = 1
========================================================================
Received Import Request.
  Time of request: 2026-10-03T23:02:27.3450204Z
  Time since last request: 0.0007512 seconds.
  importAddress: GUID: 60c89182a08e28a4ebc15ecc856f9efc - Path: Assets/Twinsanity/Baked/Beach/Material_89 3.mat - Importer: ScriptedImporter/UnityEditor.QuickSearchModule:UnityEditor.Search:ASIAI0B
Importing 'GUID: 60c89182a08e28a4ebc15ecc856f9efc - Path: Assets/Twinsanity/Baked/Beach/Material_89 3.mat - Importer: ScriptedImporter/UnityEditor.QuickSearchModule:UnityEditor.Search:ASIAI0B' with importer (ScriptedImporter : UnityEditor.QuickSearchModule:UnityEditor.Search:ASIAI0B)
Imported 'GUID: 60c89182a08e28a4ebc15ecc856f9efc' -> (Import Result ID: 'f4d88d09ac1da02d89375237cc983dca') in 0.006 seconds [static and dynamic dependencies]. Details - ImportResultOutputID=6427c246d76bbf4f33d0266886163b24 DependenciesID=5b4ee40b00889c97e2573766e4bc9516 StaticDependenciesID=d2d9b3f9c1a8836b8c31d5e206665598 
Number of updated asset objects reloaded before import = 0
Number of asset objects unloaded after import = 2
========================================================================
Received Import Request.
  Time of request: 2026-10-03T23:02:27.3519554Z
  Time since last request: 0.000583 seconds.
  importAddress: GUID: a1d5063840d403f469d1aadc664f0ec1 - Path: Assets/Twinsanity/Baked/Beach/Material_64 3.mat - Importer: ScriptedImporter/UnityEditor.QuickSearchModule:UnityEditor.Search:ASIAI0B
Importing 'GUID: a1d5063840d403f469d1aadc664f0ec1 - Path: Assets/Twinsanity/Baked/Beach/Material_64 3.mat - Importer: ScriptedImporter/UnityEditor.QuickSearchModule:UnityEditor.Search:ASIAI0B' with importer (ScriptedImporter : UnityEditor.QuickSearchModule:UnityEditor.Search:ASIAI0B)
Imported 'GUID: a1d5063840d403f469d1aadc664f0ec1' -> (Import Result ID: '8474812ca7faec8766f64f1afd94bfdf') in 0.006 seconds [static and dynamic dependencies]. Details - ImportResultOutputID=1f6e9b2063568c02375a124a39b74d70 DependenciesID=2dd190ba9d23dcb7e90dcbf6c57a5f45 StaticDependenciesID=f3b6997d60447b2d31f37a91aac399da 
Number of updated asset objects reloaded before import = 0
Number of asset objects unloaded after import = 2
========================================================================
Received Import Request.
  Time of request: 2026-10-03T23:02:27.3587203Z
  Time since last request: 0.0005317 seconds.
  importAddress: GUID: 1874a71684471b24899fbb7d1b2052d0 - Path: Assets/Twinsanity/Baked/Beach/Material_122 3.mat - Importer: ScriptedImporter/UnityEditor.QuickSearchModule:UnityEditor.Search:ASIAI0B
Importing 'GUID: 1874a71684471b24899fbb7d1b2052d0 - Path: Assets/Twinsanity/Baked/Beach/Material_122 3.mat - Importer: ScriptedImporter/UnityEditor.QuickSearchModule:UnityEditor.Search:ASIAI0B' with importer (ScriptedImporter : UnityEditor.QuickSearchModule:UnityEditor.Search:ASIAI0B)
Imported 'GUID: 1874a71684471b24899fbb7d1b2052d0' -> (Import Result ID: 'bf37aab60120087d0a8e75b0ebd24027') in 0.006 seconds [static and dynamic dependencies]. Details - ImportResultOutputID=f9db6959e9e4fdc632d07ca682093cbe DependenciesID=cc08bea55b9ac3f3dad1822f7ea3c0dc StaticDependenciesID=fe367fd36df0fde97f5d802e6b3445ea 
Number of updated asset objects reloaded before import = 0
Number of asset objects unloaded after import = 2
========================================================================
Received Import Request.
  Time of request: 2026-10-03T23:02:27.3656073Z
  Time since last request: 0.0006501 seconds.
  importAddress: GUID: 930ccd9572c6dd142a565f3ed1f4cbe9 - Path: Assets/Twinsanity/Baked/Beach/Beach_Scenery_Mesh_70 3.asset - Importer: ScriptedImporter/UnityEditor.QuickSearchModule:UnityEditor.Search:ASIAI0B
Importing 'GUID: 930ccd9572c6dd142a565f3ed1f4cbe9 - Path: Assets/Twinsanity/Baked/Beach/Beach_Scenery_Mesh_70 3.asset - Importer: ScriptedImporter/UnityEditor.QuickSearchModule:UnityEditor.Search:ASIAI0B' with importer (ScriptedImporter : UnityEditor.QuickSearchModule:UnityEditor.Search:ASIAI0B)
Imported 'GUID: 930ccd9572c6dd142a565f3ed1f4cbe9' -> (Import Result ID: '9a3dce36333682b43dc88579b4f78cf1') in 0.006 seconds [static and dynamic dependencies]. Details - ImportResultOutputID=b675d39d418128baf28a03d3cada465e DependenciesID=4bbc6a82776708cc71010f31671b9bac StaticDependenciesID=c57117623eb4c733ddf30877e3dff4ae 
Number of updated asset objects reloaded before import = 0
Number of asset objects unloaded after import = 1
========================================================================
Received Import Request.
  Time of request: 2026-10-03T23:02:27.3726057Z
  Time since last request: 0.0006802 seconds.
  importAddress: GUID: 5d2f4ffe44454c44793bfdbe4fa1d4c0 - Path: Assets/Twinsanity/Baked/Beach/Beach_Scenery_Mesh_106 3.asset - Importer: ScriptedImporter/UnityEditor.QuickSearchModule:UnityEditor.Search:ASIAI0B
Importing 'GUID: 5d2f4ffe44454c44793bfdbe4fa1d4c0 - Path: Assets/Twinsanity/Baked/Beach/Beach_Scenery_Mesh_106 3.asset - Importer: ScriptedImporter/UnityEditor.QuickSearchModule:UnityEditor.Search:ASIAI0B' with importer (ScriptedImporter : UnityEditor.QuickSearchModule:UnityEditor.Search:ASIAI0B)
Imported 'GUID: 5d2f4ffe44454c44793bfdbe4fa1d4c0' -> (Import Result ID: 'f5875520e66f75d4425b9756810f6820') in 0.007 seconds [static and dynamic dependencies]. Details - ImportResultOutputID=7af9f76821a39419c2103abeecee503e DependenciesID=2579a9fe7d592d1ec91beb5683b70cc0 StaticDependenciesID=f7ce88ad0c19815f01bade4e6569e142 
Number of updated asset objects reloaded before import = 0
Number of asset objects unloaded after import = 1
========================================================================
Received Import Request.
  Time of request: 2026-10-03T23:02:27.3803872Z
  Time since last request: 0.0006379 seconds.
  importAddress: GUID: 76177176f72642d4a90799f6a21cba0c - Path: Assets/Twinsanity/Baked/Beach/Material_96 3.mat - Importer: ScriptedImporter/UnityEditor.QuickSearchModule:UnityEditor.Search:ASIAI0B
Importing 'GUID: 76177176f72642d4a90799f6a21cba0c - Path: Assets/Twinsanity/Baked/Beach/Material_96 3.mat - Importer: ScriptedImporter/UnityEditor.QuickSearchModule:UnityEditor.Search:ASIAI0B' with importer (ScriptedImporter : UnityEditor.QuickSearchModule:UnityEditor.Search:ASIAI0B)
Imported 'GUID: 76177176f72642d4a90799f6a21cba0c' -> (Import Result ID: '08531fc3fa27d6621a4796b6a6790588') in 0.007 seconds [static and dynamic dependencies]. Details - ImportResultOutputID=fe8889f0013b99630bb57fd7162ceb6c DependenciesID=7871e92ced101ddc30a62d80900e2011 StaticDependenciesID=cd1fef7506b7329856e7b26a8c06886b 
Number of updated asset objects reloaded before import = 0
Number of asset objects unloaded after import = 2
========================================================================
Received Import Request.
  Time of request: 2026-10-03T23:02:27.3894327Z
  Time since last request: 0.0007432 seconds.
  importAddress: GUID: 2d8a047f335f9af4f808ddcf5885a0e0 - Path: Assets/Twinsanity/Baked/Beach/Material_104 3.mat - Importer: ScriptedImporter/UnityEditor.QuickSearchModule:UnityEditor.Search:ASIAI0B
Importing 'GUID: 2d8a047f335f9af4f808ddcf5885a0e0 - Path: Assets/Twinsanity/Baked/Beach/Material_104 3.mat - Importer: ScriptedImporter/UnityEditor.QuickSearchModule:UnityEditor.Search:ASIAI0B' with importer (ScriptedImporter : UnityEditor.QuickSearchModule:UnityEditor.Search:ASIAI0B)
Imported 'GUID: 2d8a047f335f9af4f808ddcf5885a0e0' -> (Import Result ID: '46a4b4f64cd33a7fc409cd00885a1698') in 0.008 seconds [static and dynamic dependencies]. Details - ImportResultOutputID=7f1e7d4623de63ac2cabde933f882aac DependenciesID=0a08b34ca3478015ecf788cc21c5190a StaticDependenciesID=ff93e2c793917cb78f17846120d3cd07 
Number of updated asset objects reloaded before import = 0
Number of asset objects unloaded after import = 2
========================================================================
Received Import Request.
  Time of request: 2026-10-03T23:02:27.3981232Z
  Time since last request: 0.0004724 seconds.
  importAddress: GUID: 5185af9f3d34e4f4eab4d3c29ae59179 - Path: Assets/Twinsanity/Baked/Beach/Beach_Scenery_Mesh_110 3.asset - Importer: ScriptedImporter/UnityEditor.QuickSearchModule:UnityEditor.Search:ASIAI0B
Importing 'GUID: 5185af9f3d34e4f4eab4d3c29ae59179 - Path: Assets/Twinsanity/Baked/Beach/Beach_Scenery_Mesh_110 3.asset - Importer: ScriptedImporter/UnityEditor.QuickSearchModule:UnityEditor.Search:ASIAI0B' with importer (ScriptedImporter : UnityEditor.QuickSearchModule:UnityEditor.Search:ASIAI0B)
Imported 'GUID: 5185af9f3d34e4f4eab4d3c29ae59179' -> (Import Result ID: '67601f7ac41e38516bc6bc492621f985') in 0.006 seconds [static and dynamic dependencies]. Details - ImportResultOutputID=4cc7cc2704133703ad1685e1c1261e1d DependenciesID=96c79af9c6b32fd064beb07c4c3f479f StaticDependenciesID=1c7ed16df3445f8758cac3865ce6927d 
Number of updated asset objects reloaded before import = 0
Number of asset objects unloaded after import = 1
========================================================================
Received Import Request.
  Time of request: 2026-10-03T23:02:27.4050354Z
  Time since last request: 0.0005886 seconds.
  importAddress: GUID: 25c11f428a5a78f4887a7273cb796db5 - Path: Assets/Twinsanity/Baked/Beach/Beach_Scenery_Mesh_80 3.asset - Importer: ScriptedImporter/UnityEditor.QuickSearchModule:UnityEditor.Search:ASIAI0B
Importing 'GUID: 25c11f428a5a78f4887a7273cb796db5 - Path: Assets/Twinsanity/Baked/Beach/Beach_Scenery_Mesh_80 3.asset - Importer: ScriptedImporter/UnityEditor.QuickSearchModule:UnityEditor.Search:ASIAI0B' with importer (ScriptedImporter : UnityEditor.QuickSearchModule:UnityEditor.Search:ASIAI0B)
Imported 'GUID: 25c11f428a5a78f4887a7273cb796db5' -> (Import Result ID: '2ddc2bac752dc4361736b1932a95afaa') in 0.006 seconds [static and dynamic dependencies]. Details - ImportResultOutputID=b2945462921433e55d3f629109ba9ce0 DependenciesID=697cda71af93a826ffa07018c6fb9d29 StaticDependenciesID=5758e101ca70f89db310b0f2123dd98d 
Number of updated asset objects reloaded before import = 0
Number of asset objects unloaded after import = 1
========================================================================
Received Import Request.
  Time of request: 2026-10-03T23:02:27.4117678Z
  Time since last request: 0.0005789 seconds.
  importAddress: GUID: e7825f1ad39ba52438fc27e4b464756d - Path: Assets/Twinsanity/Baked/Beach/Beach_Scenery_Mesh_107 3.asset - Importer: ScriptedImporter/UnityEditor.QuickSearchModule:UnityEditor.Search:ASIAI0B
Importing 'GUID: e7825f1ad39ba52438fc27e4b464756d - Path: Assets/Twinsanity/Baked/Beach/Beach_Scenery_Mesh_107 3.asset - Importer: ScriptedImporter/UnityEditor.QuickSearchModule:UnityEditor.Search:ASIAI0B' with importer (ScriptedImporter : UnityEditor.QuickSearchModule:UnityEditor.Search:ASIAI0B)
Imported 'GUID: e7825f1ad39ba52438fc27e4b464756d' -> (Import Result ID: 'df310d6ef1738cf060e3d8ac77114617') in 0.005 seconds [static and dynamic dependencies]. Details - ImportResultOutputID=24af6abdd5ccb21acbd99fa8f2515e7e DependenciesID=e3ada1267dc0d43ca01867d93bc4e846 StaticDependenciesID=cc88a3e778d1ab38e0c93e6811f70451 
Number of updated asset objects reloaded before import = 0
Number of asset objects unloaded after import = 1
========================================================================
Received Import Request.
  Time of request: 2026-10-03T23:02:27.4184582Z
  Time since last request: 0.0006248 seconds.
  importAddress: GUID: 078cd299dffde24438d32f775a119094 - Path: Assets/Twinsanity/Baked/Beach/Beach_Scenery_Mesh_84 3.asset - Importer: ScriptedImporter/UnityEditor.QuickSearchModule:UnityEditor.Search:ASIAI0B
Importing 'GUID: 078cd299dffde24438d32f775a119094 - Path: Assets/Twinsanity/Baked/Beach/Beach_Scenery_Mesh_84 3.asset - Importer: ScriptedImporter/UnityEditor.QuickSearchModule:UnityEditor.Search:ASIAI0B' with importer (ScriptedImporter : UnityEditor.QuickSearchModule:UnityEditor.Search:ASIAI0B)
Imported 'GUID: 078cd299dffde24438d32f775a119094' -> (Import Result ID: '462410f7c0f32883b38ce70f6dfa5a6b') in 0.004 seconds [static and dynamic dependencies]. Details - ImportResultOutputID=d630f50fe77aefe336a82302801ce1a6 DependenciesID=bc58a2453eab3c520962a99f1c708bab StaticDependenciesID=0a94b55444275491a8abca0194e215f5 
Number of updated asset objects reloaded before import = 0
Number of asset objects unloaded after import = 1
========================================================================
Received Import Request.
  Time of request: 2026-10-03T23:02:27.4237945Z
  Time since last request: 0.0005492 seconds.
  importAddress: GUID: 4ca577898f255634cad67405e7b823fe - Path: Assets/Twinsanity/Baked/Beach/Beach_Scenery_Mesh_123 3.asset - Importer: ScriptedImporter/UnityEditor.QuickSearchModule:UnityEditor.Search:ASIAI0B
Importing 'GUID: 4ca577898f255634cad67405e7b823fe - Path: Assets/Twinsanity/Baked/Beach/Beach_Scenery_Mesh_123 3.asset - Importer: ScriptedImporter/UnityEditor.QuickSearchModule:UnityEditor.Search:ASIAI0B' with importer (ScriptedImporter : UnityEditor.QuickSearchModule:UnityEditor.Search:ASIAI0B)
Imported 'GUID: 4ca577898f255634cad67405e7b823fe' -> (Import Result ID: '673fde553d2aabed9e1b7a647e7b1264') in 0.006 seconds [static and dynamic dependencies]. Details - ImportResultOutputID=a267e981cd33b3e4bf3095b49ca2c301 DependenciesID=f8d0ad97b12546b6df949fe6b051e358 StaticDependenciesID=2105a40352bab03422b626107e75f810 
Number of updated asset objects reloaded before import = 0
Number of asset objects unloaded after import = 1
========================================================================
Received Import Request.
  Time of request: 2026-10-03T23:02:27.4309306Z
  Time since last request: 0.0007502 seconds.
  importAddress: GUID: 3e6fe2962653a824ea079f078b4cc585 - Path: Assets/Twinsanity/Baked/Beach/Beach_Scenery_Mesh_92 3.asset - Importer: ScriptedImporter/UnityEditor.QuickSearchModule:UnityEditor.Search:ASIAI0B
Importing 'GUID: 3e6fe2962653a824ea079f078b4cc585 - Path: Assets/Twinsanity/Baked/Beach/Beach_Scenery_Mesh_92 3.asset - Importer: ScriptedImporter/UnityEditor.QuickSearchModule:UnityEditor.Search:ASIAI0B' with importer (ScriptedImporter : UnityEditor.QuickSearchModule:UnityEditor.Search:ASIAI0B)
Imported 'GUID: 3e6fe2962653a824ea079f078b4cc585' -> (Import Result ID: '70a5b425c9d37a5fe59d9b9798aaedd6') in 0.007 seconds [static and dynamic dependencies]. Details - ImportResultOutputID=9d29cb31b63a86882a4e0696f636b566 DependenciesID=4fd9d6ff4eb8852fa5c0e38e29a3ead8 StaticDependenciesID=2d415b1b5215b509aea90b4f43a52081 
Number of updated asset objects reloaded before import = 0
Number of asset objects unloaded after import = 1
========================================================================
Received Import Request.
  Time of request: 2026-10-03T23:02:27.4390936Z
  Time since last request: 0.0006016 seconds.
  importAddress: GUID: df1f403e3a7cfba4a8d83cc19c7aa5b3 - Path: Assets/Twinsanity/Baked/Beach/Material_85 3.mat - Importer: ScriptedImporter/UnityEditor.QuickSearchModule:UnityEditor.Search:ASIAI0B
Importing 'GUID: df1f403e3a7cfba4a8d83cc19c7aa5b3 - Path: Assets/Twinsanity/Baked/Beach/Material_85 3.mat - Importer: ScriptedImporter/UnityEditor.QuickSearchModule:UnityEditor.Search:ASIAI0B' with importer (ScriptedImporter : UnityEditor.QuickSearchModule:UnityEditor.Search:ASIAI0B)
Imported 'GUID: df1f403e3a7cfba4a8d83cc19c7aa5b3' -> (Import Result ID: '142993ea811cece3c7440739cb4cedcc') in 0.008 seconds [static and dynamic dependencies]. Details - ImportResultOutputID=8b878c990fbaa3cb46cd8e8d0710c543 DependenciesID=3d48d0791631d07a5ad9908f16155ae9 StaticDependenciesID=09c399cac7ee6474bcb8a47de4053523 
Number of updated asset objects reloaded before import = 0
Number of asset objects unloaded after import = 2
========================================================================
Received Import Request.
  Time of request: 2026-10-03T23:02:27.467692Z
  Time since last request: 0.0200708 seconds.
  importAddress: GUID: 5480e90028790d54e98788b2f5563260 - Path: Assets/Twinsanity/Baked/Beach/Bossarea_Scenery_Mesh_151 3.asset - Importer: ScriptedImporter/UnityEditor.QuickSearchModule:UnityEditor.Search:ASIAI0B
Importing 'GUID: 5480e90028790d54e98788b2f5563260 - Path: Assets/Twinsanity/Baked/Beach/Bossarea_Scenery_Mesh_151 3.asset - Importer: ScriptedImporter/UnityEditor.QuickSearchModule:UnityEditor.Search:ASIAI0B' with importer (ScriptedImporter : UnityEditor.QuickSearchModule:UnityEditor.Search:ASIAI0B)
Imported 'GUID: 5480e90028790d54e98788b2f5563260' -> (Import Result ID: 'e04f814667ef470565005526609ad972') in 0.007 seconds [static and dynamic dependencies]. Details - ImportResultOutputID=14688e6b96787817e34ae6068f9fd1da DependenciesID=9408d30fef80a4e805f6d528259552e9 StaticDependenciesID=d94a0bde6536b6b4e6c55ccac75ecba2 
Number of updated asset objects reloaded before import = 0
Number of asset objects unloaded after import = 1
========================================================================
Received Import Request.
  Time of request: 2026-10-03T23:02:27.4765851Z
  Time since last request: 0.000743 seconds.
  importAddress: GUID: 63bc1487f331a67468a24c3285ac0bc2 - Path: Assets/Twinsanity/Baked/Beach/Material_180 3.mat - Importer: ScriptedImporter/UnityEditor.QuickSearchModule:UnityEditor.Search:ASIAI0B
Importing 'GUID: 63bc1487f331a67468a24c3285ac0bc2 - Path: Assets/Twinsanity/Baked/Beach/Material_180 3.mat - Importer: ScriptedImporter/UnityEditor.QuickSearchModule:UnityEditor.Search:ASIAI0B' with importer (ScriptedImporter : UnityEditor.QuickSearchModule:UnityEditor.Search:ASIAI0B)
Imported 'GUID: 63bc1487f331a67468a24c3285ac0bc2' -> (Import Result ID: 'a426018e6e8eb60a572e57c690fea361') in 0.006 seconds [static and dynamic dependencies]. Details - ImportResultOutputID=e4c2319919d4b941ba0471d49a39fbe5 DependenciesID=7dcb5a129b10b38c698ec41ed217dc0d StaticDependenciesID=0ecaa588d7930139751ec521c2151781 
Number of updated asset objects reloaded before import = 0
Number of asset objects unloaded after import = 2
========================================================================
Received Import Request.
  Time of request: 2026-10-03T23:02:27.4842228Z
  Time since last request: 0.0006095 seconds.
  importAddress: GUID: 80397b0789b5a124aaa7fb123fc41a37 - Path: Assets/Twinsanity/Baked/Beach/Bossarea_Scenery_Mesh_148 3.asset - Importer: ScriptedImporter/UnityEditor.QuickSearchModule:UnityEditor.Search:ASIAI0B
Importing 'GUID: 80397b0789b5a124aaa7fb123fc41a37 - Path: Assets/Twinsanity/Baked/Beach/Bossarea_Scenery_Mesh_148 3.asset - Importer: ScriptedImporter/UnityEditor.QuickSearchModule:UnityEditor.Search:ASIAI0B' with importer (ScriptedImporter : UnityEditor.QuickSearchModule:UnityEditor.Search:ASIAI0B)
Imported 'GUID: 80397b0789b5a124aaa7fb123fc41a37' -> (Import Result ID: '168324c7b73c8a189bd40d09b28dc2d7') in 0.006 seconds [static and dynamic dependencies]. Details - ImportResultOutputID=2269f377231b72330c9c2b6b4ee847be DependenciesID=cdb0434153b0dd11e3637e05c215f165 StaticDependenciesID=c108622b098dea667609092be23c3c2e 
Number of updated asset objects reloaded before import = 0
Number of asset objects unloaded after import = 1
========================================================================
Received Import Request.
  Time of request: 2026-10-03T23:02:27.4913935Z
  Time since last request: 0.0006555 seconds.
  importAddress: GUID: 5687f53996ff65c4fbbdfc3c7f0c199c - Path: Assets/Twinsanity/Baked/Beach/Material_136 3.mat - Importer: ScriptedImporter/UnityEditor.QuickSearchModule:UnityEditor.Search:ASIAI0B
Importing 'GUID: 5687f53996ff65c4fbbdfc3c7f0c199c - Path: Assets/Twinsanity/Baked/Beach/Material_136 3.mat - Importer: ScriptedImporter/UnityEditor.QuickSearchModule:UnityEditor.Search:ASIAI0B' with importer (ScriptedImporter : UnityEditor.QuickSearchModule:UnityEditor.Search:ASIAI0B)
Imported 'GUID: 5687f53996ff65c4fbbdfc3c7f0c199c' -> (Import Result ID: '97aa763b629a8f57643d2a433ba1a11b') in 0.006 seconds [static and dynamic dependencies]. Details - ImportResultOutputID=9c088f0bc9d11b3565c2b7423597dca9 DependenciesID=b3a891d3201c9cd2c8fd0c27e2ef5718 StaticDependenciesID=74b2412ef3ab8fe6dbbfc2a2b43423ce 
Number of updated asset objects reloaded before import = 0
Number of asset objects unloaded after import = 2
========================================================================
Received Import Request.
  Time of request: 2026-10-03T23:02:27.4991632Z
  Time since last request: 0.0007259 seconds.
  importAddress: GUID: 1ed97608a9c4f374c81a3b1323498749 - Path: Assets/Twinsanity/Baked/Beach/Material_169 3.mat - Importer: ScriptedImporter/UnityEditor.QuickSearchModule:UnityEditor.Search:ASIAI0B
Importing 'GUID: 1ed97608a9c4f374c81a3b1323498749 - Path: Assets/Twinsanity/Baked/Beach/Material_169 3.mat - Importer: ScriptedImporter/UnityEditor.QuickSearchModule:UnityEditor.Search:ASIAI0B' with importer (ScriptedImporter : UnityEditor.QuickSearchModule:UnityEditor.Search:ASIAI0B)
Imported 'GUID: 1ed97608a9c4f374c81a3b1323498749' -> (Import Result ID: '1d224b0cc557ed1529bcc9180886ce3e') in 0.009 seconds [static and dynamic dependencies]. Details - ImportResultOutputID=10e86d16a9c65b9b3b923133e43816e8 DependenciesID=9018ad3e9bf04c759b513ab9a850ff9d StaticDependenciesID=8cb0e1eeffe7efdfb12d85c9c12989ca 
Number of updated asset objects reloaded before import = 0
Number of asset objects unloaded after import = 2
========================================================================
Received Import Request.
  Time of request: 2026-10-03T23:02:27.5096599Z
  Time since last request: 0.000754 seconds.
  importAddress: GUID: 6685ef100a32c05468f4f9bd22ce3fec - Path: Assets/Twinsanity/Baked/Beach/Beach_Scenery_Mesh_137 3.asset - Importer: ScriptedImporter/UnityEditor.QuickSearchModule:UnityEditor.Search:ASIAI0B
Importing 'GUID: 6685ef100a32c05468f4f9bd22ce3fec - Path: Assets/Twinsanity/Baked/Beach/Beach_Scenery_Mesh_137 3.asset - Importer: ScriptedImporter/UnityEditor.QuickSearchModule:UnityEditor.Search:ASIAI0B' with importer (ScriptedImporter : UnityEditor.QuickSearchModule:UnityEditor.Search:ASIAI0B)
Imported 'GUID: 6685ef100a32c05468f4f9bd22ce3fec' -> (Import Result ID: '50672ddbabc793b0a28e5b802baa2c19') in 0.006 seconds [static and dynamic dependencies]. Details - ImportResultOutputID=7b7802b444fca1c4c2e106f175585a04 DependenciesID=139d081a54e25c03d1b0861701d501de StaticDependenciesID=b07465fb66e794ea0694d248ccccd109 
Number of updated asset objects reloaded before import = 0
Number of asset objects unloaded after import = 1
========================================================================
Received Import Request.
  Time of request: 2026-10-03T23:02:27.5166473Z
  Time since last request: 0.0005813 seconds.
  importAddress: GUID: f8b0488c408411044b5f0ccb9a795f56 - Path: Assets/Twinsanity/Baked/Beach/Beach_Scenery_Mesh_139 3.asset - Importer: ScriptedImporter/UnityEditor.QuickSearchModule:UnityEditor.Search:ASIAI0B
Importing 'GUID: f8b0488c408411044b5f0ccb9a795f56 - Path: Assets/Twinsanity/Baked/Beach/Beach_Scenery_Mesh_139 3.asset - Importer: ScriptedImporter/UnityEditor.QuickSearchModule:UnityEditor.Search:ASIAI0B' with importer (ScriptedImporter : UnityEditor.QuickSearchModule:UnityEditor.Search:ASIAI0B)
Imported 'GUID: f8b0488c408411044b5f0ccb9a795f56' -> (Import Result ID: '1069a2c103b456d868933545ff7e3238') in 0.006 seconds [static and dynamic dependencies]. Details - ImportResultOutputID=e586e6481422ab9911c3214e74018850 DependenciesID=f8ff35dd06be201d1fab3b41b7da8616 StaticDependenciesID=e345636273d4a9356da308c9eac15d38 
Number of updated asset objects reloaded before import = 0
Number of asset objects unloaded after import = 1
========================================================================
Received Import Request.
  Time of request: 2026-10-03T23:02:27.5241729Z
  Time since last request: 0.0005851 seconds.
  importAddress: GUID: f286d0a1805858b42abd15bfa817503a - Path: Assets/Twinsanity/Baked/Beach/Bossarea_Scenery_Mesh_173 3.asset - Importer: ScriptedImporter/UnityEditor.QuickSearchModule:UnityEditor.Search:ASIAI0B
Importing 'GUID: f286d0a1805858b42abd15bfa817503a - Path: Assets/Twinsanity/Baked/Beach/Bossarea_Scenery_Mesh_173 3.asset - Importer: ScriptedImporter/UnityEditor.QuickSearchModule:UnityEditor.Search:ASIAI0B' with importer (ScriptedImporter : UnityEditor.QuickSearchModule:UnityEditor.Search:ASIAI0B)
Imported 'GUID: f286d0a1805858b42abd15bfa817503a' -> (Import Result ID: '260bc91751cb2cc3a199ad3670e06bc5') in 0.005 seconds [static and dynamic dependencies]. Details - ImportResultOutputID=28bb78e0b0198d74ce0d72e5c1b7d2cc DependenciesID=498622da1d9170f786c49e881acd7431 StaticDependenciesID=c40f67f8312a2bf1275f2881c99e7bf5 
Number of updated asset objects reloaded before import = 0
Number of asset objects unloaded after import = 1
========================================================================
Received Import Request.
  Time of request: 2026-10-03T23:02:27.5300492Z
  Time since last request: 0.0005759 seconds.
  importAddress: GUID: fef5485a03438e943bc142a59c3b71f6 - Path: Assets/Twinsanity/Baked/Beach/Bossarea_Scenery_Mesh_160 3.asset - Importer: ScriptedImporter/UnityEditor.QuickSearchModule:UnityEditor.Search:ASIAI0B
Importing 'GUID: fef5485a03438e943bc142a59c3b71f6 - Path: Assets/Twinsanity/Baked/Beach/Bossarea_Scenery_Mesh_160 3.asset - Importer: ScriptedImporter/UnityEditor.QuickSearchModule:UnityEditor.Search:ASIAI0B' with importer (ScriptedImporter : UnityEditor.QuickSearchModule:UnityEditor.Search:ASIAI0B)
Imported 'GUID: fef5485a03438e943bc142a59c3b71f6' -> (Import Result ID: '99c959c0d5353b52fb0b0bc439cce409') in 0.005 seconds [static and dynamic dependencies]. Details - ImportResultOutputID=7fb0cf328c6db79df86e5e83af394a9a DependenciesID=86e0ddaa32e434b9c4180c643601570a StaticDependenciesID=733340402072383d9c2c20df4e060e36 
Number of updated asset objects reloaded before import = 0
Number of asset objects unloaded after import = 1
========================================================================
Received Import Request.
  Time of request: 2026-10-03T23:02:27.5359128Z
  Time since last request: 0.0005475 seconds.
  importAddress: GUID: 95b3f7cd5b20a87468ff7809f61b0dd1 - Path: Assets/Twinsanity/Baked/Beach/Bossarea_Scenery_Mesh_185 3.asset - Importer: ScriptedImporter/UnityEditor.QuickSearchModule:UnityEditor.Search:ASIAI0B
Importing 'GUID: 95b3f7cd5b20a87468ff7809f61b0dd1 - Path: Assets/Twinsanity/Baked/Beach/Bossarea_Scenery_Mesh_185 3.asset - Importer: ScriptedImporter/UnityEditor.QuickSearchModule:UnityEditor.Search:ASIAI0B' with importer (ScriptedImporter : UnityEditor.QuickSearchModule:UnityEditor.Search:ASIAI0B)
Imported 'GUID: 95b3f7cd5b20a87468ff7809f61b0dd1' -> (Import Result ID: '9c427f75af69b3e8f71fa1a89334f0d0') in 0.005 seconds [static and dynamic dependencies]. Details - ImportResultOutputID=a0b04b84cbc211cd0184d1fa775c8af4 DependenciesID=49fa9ed56690c092066d4d89fa01e564 StaticDependenciesID=d59b777c6144c45a082e6e758092480c 
Number of updated asset objects reloaded before import = 0
Number of asset objects unloaded after import = 1
========================================================================
Received Import Request.
  Time of request: 2026-10-03T23:02:27.5424303Z
  Time since last request: 0.0005498 seconds.
  importAddress: GUID: 9a475e4b725238f4f9c6c5573e9fc83a - Path: Assets/Twinsanity/Baked/Beach/Bossarea_Scenery_Mesh_177 3.asset - Importer: ScriptedImporter/UnityEditor.QuickSearchModule:UnityEditor.Search:ASIAI0B
Importing 'GUID: 9a475e4b725238f4f9c6c5573e9fc83a - Path: Assets/Twinsanity/Baked/Beach/Bossarea_Scenery_Mesh_177 3.asset - Importer: ScriptedImporter/UnityEditor.QuickSearchModule:UnityEditor.Search:ASIAI0B' with importer (ScriptedImporter : UnityEditor.QuickSearchModule:UnityEditor.Search:ASIAI0B)
Imported 'GUID: 9a475e4b725238f4f9c6c5573e9fc83a' -> (Import Result ID: 'd494cc1eac991b056a03aa1c9b52774b') in 0.005 seconds [static and dynamic dependencies]. Details - ImportResultOutputID=7bf14ae97d91fe3c072207da8e252a97 DependenciesID=99201b37c29ce41cc598947a43473fa5 StaticDependenciesID=c588b827da05c25ae3775e33552793de 
Number of updated asset objects reloaded before import = 0
Number of asset objects unloaded after import = 1
========================================================================
Received Import Request.
  Time of request: 2026-10-03T23:02:27.5486507Z
  Time since last request: 0.0008567 seconds.
  importAddress: GUID: aa3910f6526956b4fbe82f8f72faca7c - Path: Assets/Twinsanity/Baked/Beach/Bossarea_Scenery_Mesh_156 3.asset - Importer: ScriptedImporter/UnityEditor.QuickSearchModule:UnityEditor.Search:ASIAI0B
Importing 'GUID: aa3910f6526956b4fbe82f8f72faca7c - Path: Assets/Twinsanity/Baked/Beach/Bossarea_Scenery_Mesh_156 3.asset - Importer: ScriptedImporter/UnityEditor.QuickSearchModule:UnityEditor.Search:ASIAI0B' with importer (ScriptedImporter : UnityEditor.QuickSearchModule:UnityEditor.Search:ASIAI0B)
Imported 'GUID: aa3910f6526956b4fbe82f8f72faca7c' -> (Import Result ID: '33a02c6e815ae3bfd79bb80b55255b3c') in 0.008 seconds [static and dynamic dependencies]. Details - ImportResultOutputID=0da0d3c5a5f2ca523ec3e3d8d8d4a83c DependenciesID=f23b1ebb577d069f7920e3662e20405b StaticDependenciesID=54d084bb61d646d78f10e3f9f9c12703 
Number of updated asset objects reloaded before import = 0
Number of asset objects unloaded after import = 1
========================================================================
Received Import Request.
  Time of request: 2026-10-03T23:02:27.557632Z
  Time since last request: 0.0005167 seconds.
  importAddress: GUID: cec62521926e7014c960bfc5178ecd88 - Path: Assets/Twinsanity/Baked/Beach/Bossarea_Scenery_Mesh_175 3.asset - Importer: ScriptedImporter/UnityEditor.QuickSearchModule:UnityEditor.Search:ASIAI0B
Importing 'GUID: cec62521926e7014c960bfc5178ecd88 - Path: Assets/Twinsanity/Baked/Beach/Bossarea_Scenery_Mesh_175 3.asset - Importer: ScriptedImporter/UnityEditor.QuickSearchModule:UnityEditor.Search:ASIAI0B' with importer (ScriptedImporter : UnityEditor.QuickSearchModule:UnityEditor.Search:ASIAI0B)
Imported 'GUID: cec62521926e7014c960bfc5178ecd88' -> (Import Result ID: '2fae6af2e44676ffd5ab45fe87ec69da') in 0.006 seconds [static and dynamic dependencies]. Details - ImportResultOutputID=a3ecda1c825f8d6fb4c9b34d816597ba DependenciesID=95d56918e0bdccc21b8ea47e063127ac StaticDependenciesID=e08b3b008ea8a1dd30a0e36eae7281af 
Number of updated asset objects reloaded before import = 0
Number of asset objects unloaded after import = 1
========================================================================
Received Import Request.
  Time of request: 2026-10-03T23:02:27.5641231Z
  Time since last request: 0.0005218 seconds.
  importAddress: GUID: 5026d54e620b3064aa88b6613f16512a - Path: Assets/Twinsanity/Baked/Beach/Beach_Scenery_Mesh_127 3.asset - Importer: ScriptedImporter/UnityEditor.QuickSearchModule:UnityEditor.Search:ASIAI0B
Importing 'GUID: 5026d54e620b3064aa88b6613f16512a - Path: Assets/Twinsanity/Baked/Beach/Beach_Scenery_Mesh_127 3.asset - Importer: ScriptedImporter/UnityEditor.QuickSearchModule:UnityEditor.Search:ASIAI0B' with importer (ScriptedImporter : UnityEditor.QuickSearchModule:UnityEditor.Search:ASIAI0B)
Imported 'GUID: 5026d54e620b3064aa88b6613f16512a' -> (Import Result ID: 'e220eb0b5d2d75d9955f5b0d7ebe1c98') in 0.005 seconds [static and dynamic dependencies]. Details - ImportResultOutputID=29159e9860f4151849f55f0ad524d471 DependenciesID=384d273419bd60eaac242a12b5555f9a StaticDependenciesID=7320c84c8983b59a2101bee825d8a9ef 
Number of updated asset objects reloaded before import = 0
Number of asset objects unloaded after import = 1
========================================================================
Received Import Request.
  Time of request: 2026-10-03T23:02:27.5704956Z
  Time since last request: 0.0007708 seconds.
  importAddress: GUID: 911779742a0835242b446d7597c9178d - Path: Assets/Twinsanity/Baked/Beach/Material_157 3.mat - Importer: ScriptedImporter/UnityEditor.QuickSearchModule:UnityEditor.Search:ASIAI0B
Importing 'GUID: 911779742a0835242b446d7597c9178d - Path: Assets/Twinsanity/Baked/Beach/Material_157 3.mat - Importer: ScriptedImporter/UnityEditor.QuickSearchModule:UnityEditor.Search:ASIAI0B' with importer (ScriptedImporter : UnityEditor.QuickSearchModule:UnityEditor.Search:ASIAI0B)
Imported 'GUID: 911779742a0835242b446d7597c9178d' -> (Import Result ID: 'e8aaead7a7a5c4f7d2f3e192d96ff502') in 0.005 seconds [static and dynamic dependencies]. Details - ImportResultOutputID=ab3d3524a637da9e2d38c4c06fb5b3ed DependenciesID=a9362477b58195e7efafe3e0c5afa59c StaticDependenciesID=8f70e944e6158725934145180b2c8e78 
Number of updated asset objects reloaded before import = 0
Number of asset objects unloaded after import = 2
========================================================================
Received Import Request.
  Time of request: 2026-10-03T23:02:27.5769636Z
  Time since last request: 0.0007736 seconds.
  importAddress: GUID: 0a9a17f6cf444d0498e5fded2c26a3b0 - Path: Assets/Twinsanity/Baked/Beach/Bossarea_Scenery_Mesh_189 3.asset - Importer: ScriptedImporter/UnityEditor.QuickSearchModule:UnityEditor.Search:ASIAI0B
Importing 'GUID: 0a9a17f6cf444d0498e5fded2c26a3b0 - Path: Assets/Twinsanity/Baked/Beach/Bossarea_Scenery_Mesh_189 3.asset - Importer: ScriptedImporter/UnityEditor.QuickSearchModule:UnityEditor.Search:ASIAI0B' with importer (ScriptedImporter : UnityEditor.QuickSearchModule:UnityEditor.Search:ASIAI0B)
Imported 'GUID: 0a9a17f6cf444d0498e5fded2c26a3b0' -> (Import Result ID: '64d12cd8854ef0d2e5d4af539e0bb5fb') in 0.006 seconds [static and dynamic dependencies]. Details - ImportResultOutputID=191936fd80239792b957fb3314be3d1b DependenciesID=3cadcef816be770ee12726a379c9c043 StaticDependenciesID=57179e17b9734e00578e6e80bc5483bc 
Number of updated asset objects reloaded before import = 0
Number of asset objects unloaded after import = 1
========================================================================
Received Import Request.
  Time of request: 2026-10-03T23:02:27.5840724Z
  Time since last request: 0.0008069 seconds.
  importAddress: GUID: 94281f5e5a600db438c414f3700581d1 - Path: Assets/Twinsanity/Baked/Beach/Bossarea_Scenery_Mesh_161 3.asset - Importer: ScriptedImporter/UnityEditor.QuickSearchModule:UnityEditor.Search:ASIAI0B
Importing 'GUID: 94281f5e5a600db438c414f3700581d1 - Path: Assets/Twinsanity/Baked/Beach/Bossarea_Scenery_Mesh_161 3.asset - Importer: ScriptedImporter/UnityEditor.QuickSearchModule:UnityEditor.Search:ASIAI0B' with importer (ScriptedImporter : UnityEditor.QuickSearchModule:UnityEditor.Search:ASIAI0B)
Imported 'GUID: 94281f5e5a600db438c414f3700581d1' -> (Import Result ID: 'fac6ad72cf7f3293990cf828434f576e') in 0.005 seconds [static and dynamic dependencies]. Details - ImportResultOutputID=16f14cbeb49285274a55dab86882c32b DependenciesID=27be35458fb5d33e7ed3d35576dadefe StaticDependenciesID=a84573f995a9b2370399ba779a017211 
Number of updated asset objects reloaded before import = 0
Number of asset objects unloaded after import = 1
========================================================================
Received Import Request.
  Time of request: 2026-10-03T23:02:27.5914798Z
  Time since last request: 0.0009863 seconds.
  importAddress: GUID: 634f3ec8ab1029c4fb44363496c5f498 - Path: Assets/Twinsanity/Baked/Beach/Material_154 3.mat - Importer: ScriptedImporter/UnityEditor.QuickSearchModule:UnityEditor.Search:ASIAI0B
Importing 'GUID: 634f3ec8ab1029c4fb44363496c5f498 - Path: Assets/Twinsanity/Baked/Beach/Material_154 3.mat - Importer: ScriptedImporter/UnityEditor.QuickSearchModule:UnityEditor.Search:ASIAI0B' with importer (ScriptedImporter : UnityEditor.QuickSearchModule:UnityEditor.Search:ASIAI0B)
Imported 'GUID: 634f3ec8ab1029c4fb44363496c5f498' -> (Import Result ID: '45c2368f5dfca05f577e34a8f47c8729') in 0.006 seconds [static and dynamic dependencies]. Details - ImportResultOutputID=b327416e164ba71c9e4646fddc65dae1 DependenciesID=3180c0e6fa3753843ffefcf3cae0304a StaticDependenciesID=dea725999f385b2eba83f62411b80cea 
Number of updated asset objects reloaded before import = 0
Number of asset objects unloaded after import = 2
========================================================================
Received Import Request.
  Time of request: 2026-10-03T23:02:27.5983719Z
  Time since last request: 0.0006678 seconds.
  importAddress: GUID: befc1d36dbff14b4db8ab2402051ffcd - Path: Assets/Twinsanity/Baked/Beach/Material_152 3.mat - Importer: ScriptedImporter/UnityEditor.QuickSearchModule:UnityEditor.Search:ASIAI0B
Importing 'GUID: befc1d36dbff14b4db8ab2402051ffcd - Path: Assets/Twinsanity/Baked/Beach/Material_152 3.mat - Importer: ScriptedImporter/UnityEditor.QuickSearchModule:UnityEditor.Search:ASIAI0B' with importer (ScriptedImporter : UnityEditor.QuickSearchModule:UnityEditor.Search:ASIAI0B)
Imported 'GUID: befc1d36dbff14b4db8ab2402051ffcd' -> (Import Result ID: 'b29eca9f3cb02f20e89d4f5db6412a93') in 0.008 seconds [static and dynamic dependencies]. Details - ImportResultOutputID=9cf97ea5a872603e518ac6acba4e5512 DependenciesID=1ffa723cdaa4daac77bf076508e0a176 StaticDependenciesID=a3859a2948421f5517e99ce5a57458ed 
Number of updated asset objects reloaded before import = 0
Number of asset objects unloaded after import = 2
========================================================================
Received Import Request.
  Time of request: 2026-10-03T23:02:27.6078291Z
  Time since last request: 0.000695 seconds.
  importAddress: GUID: ef81667bef86c0c48adb8d92aedd213a - Path: Assets/Twinsanity/Baked/Beach/Bossarea_Scenery_Mesh_155 3.asset - Importer: ScriptedImporter/UnityEditor.QuickSearchModule:UnityEditor.Search:ASIAI0B
Importing 'GUID: ef81667bef86c0c48adb8d92aedd213a - Path: Assets/Twinsanity/Baked/Beach/Bossarea_Scenery_Mesh_155 3.asset - Importer: ScriptedImporter/UnityEditor.QuickSearchModule:UnityEditor.Search:ASIAI0B' with importer (ScriptedImporter : UnityEditor.QuickSearchModule:UnityEditor.Search:ASIAI0B)
Imported 'GUID: ef81667bef86c0c48adb8d92aedd213a' -> (Import Result ID: 'f3ed58710a5ddcc147c7d80d14e619ef') in 0.007 seconds [static and dynamic dependencies]. Details - ImportResultOutputID=541257fc3adf40f7ef15e3f1ad726dbf DependenciesID=08a948e76afc955b481c47832b158c00 StaticDependenciesID=ae94f557d0718801eac98e2ac3c111e5 
Number of updated asset objects reloaded before import = 0
Number of asset objects unloaded after import = 1
========================================================================
Received Import Request.
  Time of request: 2026-10-03T23:02:27.6160507Z
  Time since last request: 0.000549 seconds.
  importAddress: GUID: f095c3c34611d3e4daec618dd199d970 - Path: Assets/Twinsanity/Baked/Beach/Beach_Scenery_Mesh_135 3.asset - Importer: ScriptedImporter/UnityEditor.QuickSearchModule:UnityEditor.Search:ASIAI0B
Importing 'GUID: f095c3c34611d3e4daec618dd199d970 - Path: Assets/Twinsanity/Baked/Beach/Beach_Scenery_Mesh_135 3.asset - Importer: ScriptedImporter/UnityEditor.QuickSearchModule:UnityEditor.Search:ASIAI0B' with importer (ScriptedImporter : UnityEditor.QuickSearchModule:UnityEditor.Search:ASIAI0B)
Imported 'GUID: f095c3c34611d3e4daec618dd199d970' -> (Import Result ID: 'f6a34d1bcffb77e9b51b15f2bec286ce') in 0.005 seconds [static and dynamic dependencies]. Details - ImportResultOutputID=4a0dde788d1e7a5a2cb47c0abb5dbec5 DependenciesID=11e8e35d3da1fa36bf3808fe4fc2887c StaticDependenciesID=b1f6874d0e57b4e0b7a0de5bd6a63fa1 
Number of updated asset objects reloaded before import = 0
Number of asset objects unloaded after import = 1
========================================================================
Received Import Request.
  Time of request: 2026-10-03T23:02:27.6224553Z
  Time since last request: 0.0006457 seconds.
  importAddress: GUID: 6fbf78292958d9a40b9ce89233fe3cfd - Path: Assets/Twinsanity/Baked/Beach/Material_171 3.mat - Importer: ScriptedImporter/UnityEditor.QuickSearchModule:UnityEditor.Search:ASIAI0B
Importing 'GUID: 6fbf78292958d9a40b9ce89233fe3cfd - Path: Assets/Twinsanity/Baked/Beach/Material_171 3.mat - Importer: ScriptedImporter/UnityEditor.QuickSearchModule:UnityEditor.Search:ASIAI0B' with importer (ScriptedImporter : UnityEditor.QuickSearchModule:UnityEditor.Search:ASIAI0B)
Imported 'GUID: 6fbf78292958d9a40b9ce89233fe3cfd' -> (Import Result ID: '9012de25d52e4f0ca7a6514d979ea400') in 0.006 seconds [static and dynamic dependencies]. Details - ImportResultOutputID=778efcb947f7c8fb36ff907eb1f2f82e DependenciesID=d8211b1b715def635ae1010927d0ae8f StaticDependenciesID=8e10691047abf5a2210c037c980345dc 
Number of updated asset objects reloaded before import = 0
Number of asset objects unloaded after import = 2
========================================================================
Received Import Request.
  Time of request: 2026-10-03T23:02:27.6291779Z
  Time since last request: 0.0006856 seconds.
  importAddress: GUID: 957b119f9b800c84aafb53041904c895 - Path: Assets/Twinsanity/Baked/Beach/Beach_Scenery_Mesh_132 3.asset - Importer: ScriptedImporter/UnityEditor.QuickSearchModule:UnityEditor.Search:ASIAI0B
Importing 'GUID: 957b119f9b800c84aafb53041904c895 - Path: Assets/Twinsanity/Baked/Beach/Beach_Scenery_Mesh_132 3.asset - Importer: ScriptedImporter/UnityEditor.QuickSearchModule:UnityEditor.Search:ASIAI0B' with importer (ScriptedImporter : UnityEditor.QuickSearchModule:UnityEditor.Search:ASIAI0B)
Imported 'GUID: 957b119f9b800c84aafb53041904c895' -> (Import Result ID: '93454b1bfa43cd2f8ac66e99f4ba9141') in 0.006 seconds [static and dynamic dependencies]. Details - ImportResultOutputID=496e9a6d4017ee2f0bd8ab9b755c9f83 DependenciesID=77229d6f1a2aed769076c7fb28d0448d StaticDependenciesID=eee60b4015c012794f6f8f05f750a9ac 
Number of updated asset objects reloaded before import = 0
Number of asset objects unloaded after import = 1
========================================================================
Received Import Request.
  Time of request: 2026-10-03T23:02:27.6364663Z
  Time since last request: 0.0003393 seconds.
  importAddress: GUID: e25bd756a6e1a7242a61d3089f7b180e - Path: Assets/Twinsanity/Baked/Beach/Bossarea_Scenery_Mesh_187 3.asset - Importer: ScriptedImporter/UnityEditor.QuickSearchModule:UnityEditor.Search:ASIAI0B
Importing 'GUID: e25bd756a6e1a7242a61d3089f7b180e - Path: Assets/Twinsanity/Baked/Beach/Bossarea_Scenery_Mesh_187 3.asset - Importer: ScriptedImporter/UnityEditor.QuickSearchModule:UnityEditor.Search:ASIAI0B' with importer (ScriptedImporter : UnityEditor.QuickSearchModule:UnityEditor.Search:ASIAI0B)
Imported 'GUID: e25bd756a6e1a7242a61d3089f7b180e' -> (Import Result ID: 'fecedad34a58a87890b0e50a4047dddd') in 0.006 seconds [static and dynamic dependencies]. Details - ImportResultOutputID=18e9f8b82ead6e1f9d9c7b9a6c6710d4 DependenciesID=4a444ba9e9fb02793e41bec96a55b466 StaticDependenciesID=307c53e685eac8b3c4aaa0e0868bb621 
Number of updated asset objects reloaded before import = 0
Number of asset objects unloaded after import = 1
========================================================================
Received Import Request.
  Time of request: 2026-10-03T23:02:27.6445448Z
  Time since last request: 0.0008401 seconds.
  importAddress: GUID: 919ac9a63ce70184686ab5b697f3231f - Path: Assets/Twinsanity/Baked/Beach/Beach_Scenery_Mesh_146 3.asset - Importer: ScriptedImporter/UnityEditor.QuickSearchModule:UnityEditor.Search:ASIAI0B
Importing 'GUID: 919ac9a63ce70184686ab5b697f3231f - Path: Assets/Twinsanity/Baked/Beach/Beach_Scenery_Mesh_146 3.asset - Importer: ScriptedImporter/UnityEditor.QuickSearchModule:UnityEditor.Search:ASIAI0B' with importer (ScriptedImporter : UnityEditor.QuickSearchModule:UnityEditor.Search:ASIAI0B)
Imported 'GUID: 919ac9a63ce70184686ab5b697f3231f' -> (Import Result ID: '778ea799468c8d84ac5ccd2af0a33fbd') in 0.006 seconds [static and dynamic dependencies]. Details - ImportResultOutputID=8513727954467e739fbe554156309901 DependenciesID=3535e0cd6a6bf50345c05cd13b778d8f StaticDependenciesID=de9cedf4df22623970731bef8c4932b1 
Number of updated asset objects reloaded before import = 0
Number of asset objects unloaded after import = 1
========================================================================
Received Import Request.
  Time of request: 2026-10-03T23:02:27.6515491Z
  Time since last request: 0.0006985 seconds.
  importAddress: GUID: e5c34486d22c5bc4584426abc4950431 - Path: Assets/Twinsanity/Baked/Beach/Material_184 3.mat - Importer: ScriptedImporter/UnityEditor.QuickSearchModule:UnityEditor.Search:ASIAI0B
Importing 'GUID: e5c34486d22c5bc4584426abc4950431 - Path: Assets/Twinsanity/Baked/Beach/Material_184 3.mat - Importer: ScriptedImporter/UnityEditor.QuickSearchModule:UnityEditor.Search:ASIAI0B' with importer (ScriptedImporter : UnityEditor.QuickSearchModule:UnityEditor.Search:ASIAI0B)
Imported 'GUID: e5c34486d22c5bc4584426abc4950431' -> (Import Result ID: '8f32bb2f21ceeaf2a640b2e00c3220e8') in 0.007 seconds [static and dynamic dependencies]. Details - ImportResultOutputID=03203b0a6688ca44d422b7d7bfcd40ea DependenciesID=2f463622a8356480991d697e749cda39 StaticDependenciesID=44f64dcdcde9643298b6ef95f88c7313 
Number of updated asset objects reloaded before import = 0
Number of asset objects unloaded after import = 2
========================================================================
Received Import Request.
  Time of request: 2026-10-03T23:02:27.6602374Z
  Time since last request: 0.0006005 seconds.
  importAddress: GUID: 9a30f45be0218944a829ea0d9c1242c5 - Path: Assets/Twinsanity/Baked/Beach/Bossarea_Scenery_Mesh_159 3.asset - Importer: ScriptedImporter/UnityEditor.QuickSearchModule:UnityEditor.Search:ASIAI0B
Importing 'GUID: 9a30f45be0218944a829ea0d9c1242c5 - Path: Assets/Twinsanity/Baked/Beach/Bossarea_Scenery_Mesh_159 3.asset - Importer: ScriptedImporter/UnityEditor.QuickSearchModule:UnityEditor.Search:ASIAI0B' with importer (ScriptedImporter : UnityEditor.QuickSearchModule:UnityEditor.Search:ASIAI0B)
Imported 'GUID: 9a30f45be0218944a829ea0d9c1242c5' -> (Import Result ID: '0ac3cd26e3cd125fd80d428fe070e53d') in 0.005 seconds [static and dynamic dependencies]. Details - ImportResultOutputID=2519ed4c286fcfaba4ddbe8deabcdd00 DependenciesID=3467910bcb9a99aaf0bdc5b335c5e738 StaticDependenciesID=e4f670e7a10b053f420332628b2a5630 
Number of updated asset objects reloaded before import = 0
Number of asset objects unloaded after import = 1
========================================================================
Received Import Request.
  Time of request: 2026-10-03T23:02:27.6693917Z
  Time since last request: 0.0023296 seconds.
  importAddress: GUID: 1c3d42237c722f84e92c5b76f5b5ec14 - Path: Assets/Twinsanity/Baked/Beach/Material_167 3.mat - Importer: ScriptedImporter/UnityEditor.QuickSearchModule:UnityEditor.Search:ASIAI0B
Importing 'GUID: 1c3d42237c722f84e92c5b76f5b5ec14 - Path: Assets/Twinsanity/Baked/Beach/Material_167 3.mat - Importer: ScriptedImporter/UnityEditor.QuickSearchModule:UnityEditor.Search:ASIAI0B' with importer (ScriptedImporter : UnityEditor.QuickSearchModule:UnityEditor.Search:ASIAI0B)
Imported 'GUID: 1c3d42237c722f84e92c5b76f5b5ec14' -> (Import Result ID: 'd0f9811c77c0f0cb9cbb3411a7c062e0') in 0.006 seconds [static and dynamic dependencies]. Details - ImportResultOutputID=e7ca983a9afcbbcd2ea9a425ffc0b9d4 DependenciesID=44ae51625e57c8dd1462b14ee880aa56 StaticDependenciesID=23c9ebf73073bf9ff41918f5aa0be54c 
Number of updated asset objects reloaded before import = 0
Number of asset objects unloaded after import = 2
========================================================================
Received Import Request.
  Time of request: 2026-10-03T23:02:27.6762564Z
  Time since last request: 0.0006706 seconds.
  importAddress: GUID: 6db41b94e2f15d241859fe7c9814d8bd - Path: Assets/Twinsanity/Baked/Beach/Beach_Scenery_Mesh_143 3.asset - Importer: ScriptedImporter/UnityEditor.QuickSearchModule:UnityEditor.Search:ASIAI0B
Importing 'GUID: 6db41b94e2f15d241859fe7c9814d8bd - Path: Assets/Twinsanity/Baked/Beach/Beach_Scenery_Mesh_143 3.asset - Importer: ScriptedImporter/UnityEditor.QuickSearchModule:UnityEditor.Search:ASIAI0B' with importer (ScriptedImporter : UnityEditor.QuickSearchModule:UnityEditor.Search:ASIAI0B)
Imported 'GUID: 6db41b94e2f15d241859fe7c9814d8bd' -> (Import Result ID: '416d8937e8a7911efb0ddb638ef6c006') in 0.007 seconds [static and dynamic dependencies]. Details - ImportResultOutputID=9514a565840e576b89f348f3296d7983 DependenciesID=2e95457d8034dabcf3bf53497212099d StaticDependenciesID=2040d057cb350678eefe202c9b1e464a 
Number of updated asset objects reloaded before import = 0
Number of asset objects unloaded after import = 1
========================================================================
Received Import Request.
  Time of request: 2026-10-03T23:02:27.6848151Z
  Time since last request: 0.0007371 seconds.
  importAddress: GUID: b03bb598835649142869989c02edbd6a - Path: Assets/Twinsanity/Baked/Beach/Bossarea_Scenery_Mesh_165 3.asset - Importer: ScriptedImporter/UnityEditor.QuickSearchModule:UnityEditor.Search:ASIAI0B
Importing 'GUID: b03bb598835649142869989c02edbd6a - Path: Assets/Twinsanity/Baked/Beach/Bossarea_Scenery_Mesh_165 3.asset - Importer: ScriptedImporter/UnityEditor.QuickSearchModule:UnityEditor.Search:ASIAI0B' with importer (ScriptedImporter : UnityEditor.QuickSearchModule:UnityEditor.Search:ASIAI0B)
Imported 'GUID: b03bb598835649142869989c02edbd6a' -> (Import Result ID: '9d5723396b684bafb79382a0b0c19f5f') in 0.005 seconds [static and dynamic dependencies]. Details - ImportResultOutputID=a04ed68935856e031cec27a6c8c4f4cf DependenciesID=e9789cf999cb8bde0d30888404d42908 StaticDependenciesID=52ffde09228b98ca99b56cd4bba9f741 
Number of updated asset objects reloaded before import = 0
Number of asset objects unloaded after import = 1
========================================================================
Received Import Request.
  Time of request: 2026-10-03T23:02:27.6909274Z
  Time since last request: 0.0005722 seconds.
  importAddress: GUID: 5929d2280d4d1d24ea7422c7cbccb851 - Path: Assets/Twinsanity/Baked/Beach/Material_188 3.mat - Importer: ScriptedImporter/UnityEditor.QuickSearchModule:UnityEditor.Search:ASIAI0B
Importing 'GUID: 5929d2280d4d1d24ea7422c7cbccb851 - Path: Assets/Twinsanity/Baked/Beach/Material_188 3.mat - Importer: ScriptedImporter/UnityEditor.QuickSearchModule:UnityEditor.Search:ASIAI0B' with importer (ScriptedImporter : UnityEditor.QuickSearchModule:UnityEditor.Search:ASIAI0B)
Imported 'GUID: 5929d2280d4d1d24ea7422c7cbccb851' -> (Import Result ID: '898501e0ca4f5675cc6ea325374f9524') in 0.005 seconds [static and dynamic dependencies]. Details - ImportResultOutputID=bc0f6996000966e18a8f5cc9c1a61af3 DependenciesID=3b70f65259ea3e9a7832cda1da60ce80 StaticDependenciesID=b28353d485cfffde03b9addc5e4ee67b 
Number of updated asset objects reloaded before import = 0
Number of asset objects unloaded after import = 2
========================================================================
Received Import Request.
  Time of request: 2026-10-03T23:02:27.6972771Z
  Time since last request: 0.0005483 seconds.
  importAddress: GUID: 7177666f9d8c7dc48bc035b72f3af996 - Path: Assets/Twinsanity/Baked/Beach/Bossarea_Scenery_Mesh_181 3.asset - Importer: ScriptedImporter/UnityEditor.QuickSearchModule:UnityEditor.Search:ASIAI0B
Importing 'GUID: 7177666f9d8c7dc48bc035b72f3af996 - Path: Assets/Twinsanity/Baked/Beach/Bossarea_Scenery_Mesh_181 3.asset - Importer: ScriptedImporter/UnityEditor.QuickSearchModule:UnityEditor.Search:ASIAI0B' with importer (ScriptedImporter : UnityEditor.QuickSearchModule:UnityEditor.Search:ASIAI0B)
Imported 'GUID: 7177666f9d8c7dc48bc035b72f3af996' -> (Import Result ID: 'd7b3354ecb4491dd76d2eabcbcfcd2c5') in 0.004 seconds [static and dynamic dependencies]. Details - ImportResultOutputID=c9bc2d723db6417c916fff9686e441f0 DependenciesID=11834cde03f4078ef4cdee5944d56299 StaticDependenciesID=3fd61d4f8173b327426697a81f9f9e03 
Number of updated asset objects reloaded before import = 0
Number of asset objects unloaded after import = 1
========================================================================
Received Import Request.
  Time of request: 2026-10-03T23:02:27.7024843Z
  Time since last request: 0.0005394 seconds.
  importAddress: GUID: 2afa99a01f68abd4ca1bf758c600453a - Path: Assets/Twinsanity/Baked/Beach/Material_144 3.mat - Importer: ScriptedImporter/UnityEditor.QuickSearchModule:UnityEditor.Search:ASIAI0B
Importing 'GUID: 2afa99a01f68abd4ca1bf758c600453a - Path: Assets/Twinsanity/Baked/Beach/Material_144 3.mat - Importer: ScriptedImporter/UnityEditor.QuickSearchModule:UnityEditor.Search:ASIAI0B' with importer (ScriptedImporter : UnityEditor.QuickSearchModule:UnityEditor.Search:ASIAI0B)
Imported 'GUID: 2afa99a01f68abd4ca1bf758c600453a' -> (Import Result ID: '96ef84da0dfc24916d971aafb681c0a2') in 0.005 seconds [static and dynamic dependencies]. Details - ImportResultOutputID=7a0498360e8356e793ef83f8ac0b2dd3 DependenciesID=d66f5e427a00c9862939df4875ae7712 StaticDependenciesID=c40985f709353c7d74e4f4a1faf9b331 
Number of updated asset objects reloaded before import = 0
Number of asset objects unloaded after import = 2
========================================================================
Received Import Request.
  Time of request: 2026-10-03T23:02:27.7091304Z
  Time since last request: 0.0006763 seconds.
  importAddress: GUID: b582d3b4c2fda6f43a80bfba8f54d4ab - Path: Assets/Twinsanity/Baked/Beach/Material_174 3.mat - Importer: ScriptedImporter/UnityEditor.QuickSearchModule:UnityEditor.Search:ASIAI0B
Importing 'GUID: b582d3b4c2fda6f43a80bfba8f54d4ab - Path: Assets/Twinsanity/Baked/Beach/Material_174 3.mat - Importer: ScriptedImporter/UnityEditor.QuickSearchModule:UnityEditor.Search:ASIAI0B' with importer (ScriptedImporter : UnityEditor.QuickSearchModule:UnityEditor.Search:ASIAI0B)
Imported 'GUID: b582d3b4c2fda6f43a80bfba8f54d4ab' -> (Import Result ID: 'e7e32ab2013963c83da95cf6b72febea') in 0.006 seconds [static and dynamic dependencies]. Details - ImportResultOutputID=2823134b562feb34bdff9ca21a073195 DependenciesID=63b32b8e069b7979ff411ac820557834 StaticDependenciesID=302c3ee1f1ec79c8822df837c4d9e818 
Number of updated asset objects reloaded before import = 0
Number of asset objects unloaded after import = 2
========================================================================
Received Import Request.
  Time of request: 2026-10-03T23:02:27.7165999Z
  Time since last request: 0.0006011 seconds.
  importAddress: GUID: 99f19022c71693d4cb34c03bfc38ee9d - Path: Assets/Twinsanity/Baked/Beach/Bossarea_Scenery_Mesh_179 3.asset - Importer: ScriptedImporter/UnityEditor.QuickSearchModule:UnityEditor.Search:ASIAI0B
Importing 'GUID: 99f19022c71693d4cb34c03bfc38ee9d - Path: Assets/Twinsanity/Baked/Beach/Bossarea_Scenery_Mesh_179 3.asset - Importer: ScriptedImporter/UnityEditor.QuickSearchModule:UnityEditor.Search:ASIAI0B' with importer (ScriptedImporter : UnityEditor.QuickSearchModule:UnityEditor.Search:ASIAI0B)
Imported 'GUID: 99f19022c71693d4cb34c03bfc38ee9d' -> (Import Result ID: 'ae688d174337c630698cd19e244b099b') in 0.005 seconds [static and dynamic dependencies]. Details - ImportResultOutputID=c82a3858f53cad621e5790b13ff51dec DependenciesID=a602c1f3b1f1103a521e0198b95a9725 StaticDependenciesID=6d668d027dbe75f97a58bda825c8bf62 
Number of updated asset objects reloaded before import = 0
Number of asset objects unloaded after import = 1
========================================================================
Received Import Request.
  Time of request: 2026-10-03T23:02:27.7230303Z
  Time since last request: 0.0007032 seconds.
  importAddress: GUID: 29841eb0c026b3842be2ac81765811f9 - Path: Assets/Twinsanity/Baked/Beach/Beach_Scenery_Mesh_129 3.asset - Importer: ScriptedImporter/UnityEditor.QuickSearchModule:UnityEditor.Search:ASIAI0B
Importing 'GUID: 29841eb0c026b3842be2ac81765811f9 - Path: Assets/Twinsanity/Baked/Beach/Beach_Scenery_Mesh_129 3.asset - Importer: ScriptedImporter/UnityEditor.QuickSearchModule:UnityEditor.Search:ASIAI0B' with importer (ScriptedImporter : UnityEditor.QuickSearchModule:UnityEditor.Search:ASIAI0B)
Imported 'GUID: 29841eb0c026b3842be2ac81765811f9' -> (Import Result ID: '069a078c41604e1327a0d9ca56d1c6ef') in 0.005 seconds [static and dynamic dependencies]. Details - ImportResultOutputID=ef153f33e051fbd364d8d9638cbf58c7 DependenciesID=0d4138d0692fa5f35992c43921413d17 StaticDependenciesID=581a768911d0014ec7902fd76cd4bc10 
Number of updated asset objects reloaded before import = 0
Number of asset objects unloaded after import = 1
========================================================================
Received Import Request.
  Time of request: 2026-10-03T23:02:27.7297436Z
  Time since last request: 0.0007659 seconds.
  importAddress: GUID: 95c3868b613d7954c975d4155ac462e9 - Path: Assets/Twinsanity/Baked/Beach/Bossarea_Scenery_Mesh_172 3.asset - Importer: ScriptedImporter/UnityEditor.QuickSearchModule:UnityEditor.Search:ASIAI0B
Importing 'GUID: 95c3868b613d7954c975d4155ac462e9 - Path: Assets/Twinsanity/Baked/Beach/Bossarea_Scenery_Mesh_172 3.asset - Importer: ScriptedImporter/UnityEditor.QuickSearchModule:UnityEditor.Search:ASIAI0B' with importer (ScriptedImporter : UnityEditor.QuickSearchModule:UnityEditor.Search:ASIAI0B)
Imported 'GUID: 95c3868b613d7954c975d4155ac462e9' -> (Import Result ID: '81d096afbe6f119a5612ec62ad4fdba6') in 0.005 seconds [static and dynamic dependencies]. Details - ImportResultOutputID=35a2b2042899d9ea3242c4eff791b837 DependenciesID=098ad91a9f6583d861a013b28134377e StaticDependenciesID=f296239eba409eefa9de8d9fa22dfd41 
Number of updated asset objects reloaded before import = 0
Number of asset objects unloaded after import = 1
========================================================================
Received Import Request.
  Time of request: 2026-10-03T23:02:27.7359268Z
  Time since last request: 0.0008136 seconds.
  importAddress: GUID: 62e11d393a81bc3408aee4222dd5d24d - Path: Assets/Twinsanity/Baked/Beach/Bossarea_Scenery_Mesh_150 3.asset - Importer: ScriptedImporter/UnityEditor.QuickSearchModule:UnityEditor.Search:ASIAI0B
Importing 'GUID: 62e11d393a81bc3408aee4222dd5d24d - Path: Assets/Twinsanity/Baked/Beach/Bossarea_Scenery_Mesh_150 3.asset - Importer: ScriptedImporter/UnityEditor.QuickSearchModule:UnityEditor.Search:ASIAI0B' with importer (ScriptedImporter : UnityEditor.QuickSearchModule:UnityEditor.Search:ASIAI0B)
Imported 'GUID: 62e11d393a81bc3408aee4222dd5d24d' -> (Import Result ID: 'eb9588d68477787c4019183f347259a5') in 0.007 seconds [static and dynamic dependencies]. Details - ImportResultOutputID=c6c6cbe0c9b761fd15f05769f4b5b1b8 DependenciesID=8cb96ff6bc2f1ab878b3a3955a14a61d StaticDependenciesID=b10a802dacd52ed8f05ae61cf87e176e 
Number of updated asset objects reloaded before import = 0
Number of asset objects unloaded after import = 1
========================================================================
Received Import Request.
  Time of request: 2026-10-03T23:02:27.7443027Z
  Time since last request: 0.0009011 seconds.
  importAddress: GUID: 329397758c131c84c969f8f8c53e038f - Path: Assets/Twinsanity/Baked/Beach/Material_164 3.mat - Importer: ScriptedImporter/UnityEditor.QuickSearchModule:UnityEditor.Search:ASIAI0B
Importing 'GUID: 329397758c131c84c969f8f8c53e038f - Path: Assets/Twinsanity/Baked/Beach/Material_164 3.mat - Importer: ScriptedImporter/UnityEditor.QuickSearchModule:UnityEditor.Search:ASIAI0B' with importer (ScriptedImporter : UnityEditor.QuickSearchModule:UnityEditor.Search:ASIAI0B)
Imported 'GUID: 329397758c131c84c969f8f8c53e038f' -> (Import Result ID: 'd2f3cd40d3fcdf6fef70ad2d149a7a13') in 0.007 seconds [static and dynamic dependencies]. Details - ImportResultOutputID=56a762d945a4d3ccc70b0aabfa5712a8 DependenciesID=bf7fec0a7ab3a16c35020cdf4730c2ad StaticDependenciesID=d922a5ed672f987540ce238ee35205a4 
Number of updated asset objects reloaded before import = 0
Number of asset objects unloaded after import = 2
========================================================================
Received Import Request.
  Time of request: 2026-10-03T23:02:27.7527626Z
  Time since last request: 0.0006248 seconds.
  importAddress: GUID: b18458088367db64ba5bfaac81681dfb - Path: Assets/Twinsanity/Baked/Beach/Bossarea_Scenery_Mesh_163 3.asset - Importer: ScriptedImporter/UnityEditor.QuickSearchModule:UnityEditor.Search:ASIAI0B
Importing 'GUID: b18458088367db64ba5bfaac81681dfb - Path: Assets/Twinsanity/Baked/Beach/Bossarea_Scenery_Mesh_163 3.asset - Importer: ScriptedImporter/UnityEditor.QuickSearchModule:UnityEditor.Search:ASIAI0B' with importer (ScriptedImporter : UnityEditor.QuickSearchModule:UnityEditor.Search:ASIAI0B)
Imported 'GUID: b18458088367db64ba5bfaac81681dfb' -> (Import Result ID: '9c15e88a415f553c4b5ebcf5da11c5f8') in 0.006 seconds [static and dynamic dependencies]. Details - ImportResultOutputID=947c1e7b699a4a0041b43a05a6438498 DependenciesID=7e03835f2767be0287e3a02887876086 StaticDependenciesID=e7356c896f5816436696e05d4101dd71 
Number of updated asset objects reloaded before import = 0
Number of asset objects unloaded after import = 1
========================================================================
Received Import Request.
  Time of request: 2026-10-03T23:02:27.7596449Z
  Time since last request: 0.000586 seconds.
  importAddress: GUID: d31a8db3825ccd8478a30dbfe18961d9 - Path: Assets/Twinsanity/Baked/Beach/Beach_Scenery_Mesh_141 3.asset - Importer: ScriptedImporter/UnityEditor.QuickSearchModule:UnityEditor.Search:ASIAI0B
Importing 'GUID: d31a8db3825ccd8478a30dbfe18961d9 - Path: Assets/Twinsanity/Baked/Beach/Beach_Scenery_Mesh_141 3.asset - Importer: ScriptedImporter/UnityEditor.QuickSearchModule:UnityEditor.Search:ASIAI0B' with importer (ScriptedImporter : UnityEditor.QuickSearchModule:UnityEditor.Search:ASIAI0B)
Imported 'GUID: d31a8db3825ccd8478a30dbfe18961d9' -> (Import Result ID: 'a01d4581a81e0527e0b8838a1f98e782') in 0.005 seconds [static and dynamic dependencies]. Details - ImportResultOutputID=fdfcbb0e0e51a99530173ddb67090fa2 DependenciesID=271309862af1e2ad0b46eff95c8aecea StaticDependenciesID=db83f1054f405176bb41b481bc10cbd3 
Number of updated asset objects reloaded before import = 0
Number of asset objects unloaded after import = 1
========================================================================
Received Import Request.
  Time of request: 2026-10-03T23:02:27.7654563Z
  Time since last request: 0.0006488 seconds.
  importAddress: GUID: d5a59d990b7a33a48a071248b1fc061a - Path: Assets/Twinsanity/Baked/Beach/Material_138 3.mat - Importer: ScriptedImporter/UnityEditor.QuickSearchModule:UnityEditor.Search:ASIAI0B
Importing 'GUID: d5a59d990b7a33a48a071248b1fc061a - Path: Assets/Twinsanity/Baked/Beach/Material_138 3.mat - Importer: ScriptedImporter/UnityEditor.QuickSearchModule:UnityEditor.Search:ASIAI0B' with importer (ScriptedImporter : UnityEditor.QuickSearchModule:UnityEditor.Search:ASIAI0B)
Imported 'GUID: d5a59d990b7a33a48a071248b1fc061a' -> (Import Result ID: '7b3d9448da62af9db66cfed5ea37827f') in 0.005 seconds [static and dynamic dependencies]. Details - ImportResultOutputID=938db5ace0b471b01c4a62a6b50babf5 DependenciesID=225edc34a5c632127db38a9e62a55011 StaticDependenciesID=ecd1895d69138bde21c79a0ed9b723ec 
Number of updated asset objects reloaded before import = 0
Number of asset objects unloaded after import = 2
========================================================================
Received Import Request.
  Time of request: 2026-10-03T23:02:27.7713134Z
  Time since last request: 0.0007319 seconds.
  importAddress: GUID: ea3750caec8a7fe4ea8effd3f38e7691 - Path: Assets/Twinsanity/Baked/Beach/Material_126 3.mat - Importer: ScriptedImporter/UnityEditor.QuickSearchModule:UnityEditor.Search:ASIAI0B
Importing 'GUID: ea3750caec8a7fe4ea8effd3f38e7691 - Path: Assets/Twinsanity/Baked/Beach/Material_126 3.mat - Importer: ScriptedImporter/UnityEditor.QuickSearchModule:UnityEditor.Search:ASIAI0B' with importer (ScriptedImporter : UnityEditor.QuickSearchModule:UnityEditor.Search:ASIAI0B)
Imported 'GUID: ea3750caec8a7fe4ea8effd3f38e7691' -> (Import Result ID: 'e4d8fbc0100367c270acca51b43b324e') in 0.006 seconds [static and dynamic dependencies]. Details - ImportResultOutputID=3cce513f07a7ab5bb3d3033d2f90a0f0 DependenciesID=992d0b234be0bcb8df6e163af9367076 StaticDependenciesID=c8cf63ff90faac5aebe31ad6495e65d9 
Number of updated asset objects reloaded before import = 0
Number of asset objects unloaded after import = 2
========================================================================
Received Import Request.
  Time of request: 2026-10-03T23:02:27.7785706Z
  Time since last request: 0.0010299 seconds.
  importAddress: GUID: 27812c1b64e179e4f8d0a1bb3a2dc37a - Path: Assets/Twinsanity/Baked/Beach/Beach_Scenery_Mesh_133 3.asset - Importer: ScriptedImporter/UnityEditor.QuickSearchModule:UnityEditor.Search:ASIAI0B
Importing 'GUID: 27812c1b64e179e4f8d0a1bb3a2dc37a - Path: Assets/Twinsanity/Baked/Beach/Beach_Scenery_Mesh_133 3.asset - Importer: ScriptedImporter/UnityEditor.QuickSearchModule:UnityEditor.Search:ASIAI0B' with importer (ScriptedImporter : UnityEditor.QuickSearchModule:UnityEditor.Search:ASIAI0B)
Imported 'GUID: 27812c1b64e179e4f8d0a1bb3a2dc37a' -> (Import Result ID: '9a791e7e0422288e391dc25faba28ec7') in 0.007 seconds [static and dynamic dependencies]. Details - ImportResultOutputID=87e5893dc8231e6f9b1ee4182880fef1 DependenciesID=b73b1db6e7caa5929661e68885cf88a1 StaticDependenciesID=0cccfc198b8b715e2b4523a56c066b95 
Number of updated asset objects reloaded before import = 0
Number of asset objects unloaded after import = 1
========================================================================
Received Import Request.
  Time of request: 2026-10-03T23:02:27.7869746Z
  Time since last request: 0.0007828 seconds.
  importAddress: GUID: 3d50e697a316ad74fbeb88cbf3417dce - Path: Assets/Twinsanity/Baked/Beach/Material_147 3.mat - Importer: ScriptedImporter/UnityEditor.QuickSearchModule:UnityEditor.Search:ASIAI0B
Importing 'GUID: 3d50e697a316ad74fbeb88cbf3417dce - Path: Assets/Twinsanity/Baked/Beach/Material_147 3.mat - Importer: ScriptedImporter/UnityEditor.QuickSearchModule:UnityEditor.Search:ASIAI0B' with importer (ScriptedImporter : UnityEditor.QuickSearchModule:UnityEditor.Search:ASIAI0B)
Imported 'GUID: 3d50e697a316ad74fbeb88cbf3417dce' -> (Import Result ID: '17d55e8a8ec6b90e37097652b377fbec') in 0.006 seconds [static and dynamic dependencies]. Details - ImportResultOutputID=dd46de331526472433337d507400ba62 DependenciesID=1a80f1bebecc09d1d6830aa17ef07829 StaticDependenciesID=dd02c9af79caec498079e3203b431bdc 
Number of updated asset objects reloaded before import = 0
Number of asset objects unloaded after import = 2
========================================================================
Received Prepare
AcceleratorClientConnectionCallback - disconnected - :0
Begin MonoManager ReloadAssembly
Native extension for WindowsStandalone target not found
Native extension for WebGL target not found
[Package Manager] Failed to launch server process. Reason: Unity was launched with the -noUpm command-line argument
[Package Manager] Unable to send message (not connected to server process).
[Package Manager] Cannot connect to Unity Package Manager local server
ScheduleIndexationOnStartup MainProcess:False IndexOnStartup:True
Scripting: successfully reloaded assembly
- Finished resetting the current domain, in  0.800 seconds
Domain Reload Profiling: 1689ms
	BeginReloadAssembly (322ms)
		DisableScriptedObjects (17ms)
		CreateAndSetChildDomain (45ms)
	RebuildCommonClasses (21ms)
	RebuildNativeTypeToScriptingClass (40ms)
	initialDomainReloadingComplete (112ms)
	LoadAllAssembliesAndSetupDomain (393ms)
		LoadAssemblies (347ms)
		TypeCache.Refresh (8ms)
		AnalyzeDomain (4ms)
	FinalizeReload (801ms)
		SetupLoadedEditorAssemblies (0ms)
			LogAssemblyErrors (4ms)
			InitializePlatformSupportModulesInManaged (4ms)
			BeforeProcessingInitializeOnLoad (230ms)
			ProcessInitializeOnLoadAttributes (205ms)
			ProcessInitializeOnLoadMethodAttributes (74ms)
			AfterProcessingInitializeOnLoad (12ms)
		AwakeInstancesAfterBackupRestoration (11ms)
Unloading 0 Unused Serialized files (Serialized files now loaded: 0)
Unloading 506 unused Assets / (104.6 KB). Loaded Objects now: 1214.
Memory consumption went from 194.6 MB to 194.5 MB.
Total: 9.486800 ms (FindLiveObjects: 0.351200 ms CreateObjectMapping: 0.031700 ms MarkObjects: 8.572700 ms  DeleteObjects: 0.253900 ms)

Prepare: number of updated asset objects reloaded= 0
========================================================================
Received Prepare
AcceleratorClientConnectionCallback - disconnected - :0
Unloading 0 Unused Serialized files (Serialized files now loaded: 0)
Unloading 0 unused Assets / (0 B). Loaded Objects now: 1214.
Memory consumption went from 194.6 MB to 194.6 MB.
Total: 5.332500 ms (FindLiveObjects: 0.323500 ms CreateObjectMapping: 0.018700 ms MarkObjects: 4.804000 ms  DeleteObjects: 0.006800 ms)

Prepare: number of updated asset objects reloaded= 0
Editor requested this worker to shutdown with reason: Scaling down because of idle timeout
AcceleratorClientConnectionCallback - disconnected - :0
AssetImportWorker is now disconnected from the server
Process exiting
[ExitDontLaunchBugReporter] Exiting without the bug reporter. Application will exit with return code 0
