VBCSCompilerPreWarmer: watching VBCSCompiler (PID 757708)
VBCSCompilerPreWarmer: pre-warm launched (dotnet PID 776660)
VBCSCompiler prewarm took 27.25 ms
[Licensing::Module] Trying to connect to existing licensing client channel...
[Licensing::IpcConnector] Successfully connected to: "LicenseClient-eonvw" at "2026-10-03T22:17:43.5672209Z"
Built from '6000.6/staging' branch; Version is '6000.6.3f1 (45d8eee7de74) revision 4577518'; Using compiler version '194234433'; Build Type 'Release'
OS: 'Windows 11  (10.0.26100) CoreSingleLanguage' Language: 'en' Physical Memory: 32506 MB
BatchMode: 0, IsHumanControllingUs: 1, StartBugReporterOnCrash: 1, Is64bit: 1
System  architecture: x64
Process architecture: x64
Date: 2026-10-03T22:17:43Z
[Licensing::Client] Code 10 while verifying Licensing Client signature (process Id: 758392, path: "C:/Program Files/Unity Hub/UnityLicensingClient_V1/Unity.Licensing.Client.exe")
[Licensing::Module] LicensingClient has failed validation; ignoring
[Licensing::Client] Handshaking with LicensingClient:
  Version:                 1.18.3+d7ffd15
  Session Id:              229217c1ba9d4d8c98432ab41af9087e
  Correlation Id:          a5ae695d69d203898fbcfacc6c3d1b03
  External correlation Id: 5192983264817854104
  Machine Id:              HJKSOXajvVm0mGT1RtspIzejp2w=
[Licensing::Module] Successfully connected to LicensingClient on channel: "LicenseClient-eonvw" (connect: 0.00s, validation: 0.00s, handshake: 0.10s)
[Licensing::IpcConnector] Successfully connected to: "LicenseClient-eonvw-notifications" at "2026-10-03T22:17:43.669188Z"
[Licensing::Client] Successfully updated the access token
[Licensing::Module] Successfully updated the access token RucnprQ5Td...
[Licensing::Client] Successfully resolved entitlement details
[Licensing::Module] License group:
  Id: 5646382-UnityPersXXXX
  Product: Unity Personal
  Type: Assigned
  Expiration: Unlimited
[Licensing::Client] Successfully updated license, isAsync: True, time: 0.00
[Licensing::Client] Successfully resolved entitlement details
[Licensing::Module] Licensing Background thread has ended after 0.11s

COMMAND LINE ARGUMENTS:
C:\Program Files\Unity\Hub\Editor\6000.6.3f1\Editor\Unity.exe
-projectpath
C:\Users\eonvw\source\repos\Project-Twinsanity
-acceptSoftwareTermsForThisRunOnly
-useHub
-hubIPC
-cloudEnvironment
production
-licensingIpc
LicenseClient-eonvw
-hubSessionId
9c474f69-afec-481c-b69c-ce38718dd78a
-accessToken
RucnprQ5TdG0bPxmmxKR6MjVo8PN3OEKebdpeF2ZcW800af
Successfully changed project path to: C:\Users\eonvw\source\repos\Project-Twinsanity
C:/Users/eonvw/source/repos/Project-Twinsanity
[UnityMemory] Configuration Parameters - Can be set up in boot.config
    "memorysetup-temp-allocator-size-gi-baking-worker=262144"
    "memorysetup-temp-allocator-size-gi-baking-worker=262144"
    "memorysetup-temp-allocator-size-gi-baking-worker=262144"
    "memorysetup-temp-allocator-size-gi-baking-worker=262144"
    "memorysetup-temp-allocator-size-gi-baking-worker=262144"
    "memorysetup-temp-allocator-size-nav-mesh-worker=65536"
    "memorysetup-temp-allocator-size-audio-worker=65536"
    "memorysetup-temp-allocator-size-cloud-worker=32768"
    "memorysetup-temp-allocator-size-gfx=262144"
    "memorysetup-remapper-allocator-initial-capacity=32768"
    "memorysetup-temp-allocator-size-preload-manager=33554432"
    "memorysetup-allocator-temp-initial-block-size-main=262144"
    "memorysetup-allocator-temp-initial-block-size-worker=262144"
    "memorysetup-temp-allocator-size-job-worker=262144"
    "memorysetup-temp-allocator-size-background-worker=32768"
    "memorysetup-bucket-allocator-granularity=16"
    "memorysetup-bucket-allocator-bucket-count=8"
    "memorysetup-bucket-allocator-block-size=33554432"
    "memorysetup-bucket-allocator-block-count=8"
    "memorysetup-main-allocator-block-size=16777216"
    "memorysetup-thread-allocator-block-size=16777216"
    "memorysetup-main-allocator-mimalloc-enabled=1"
    "memorysetup-gfx-main-allocator-block-size=16777216"
    "memorysetup-gfx-thread-allocator-block-size=16777216"
    "memorysetup-cache-allocator-block-size=4194304"
    "memorysetup-typetree-allocator-block-size=2097152"
    "memorysetup-profiler-bucket-allocator-granularity=16"
    "memorysetup-profiler-bucket-allocator-bucket-count=8"
    "memorysetup-profiler-bucket-allocator-block-size=33554432"
    "memorysetup-profiler-bucket-allocator-block-count=8"
    "memorysetup-profiler-allocator-block-size=16777216"
    "memorysetup-profiler-editor-allocator-block-size=1048576"
    "memorysetup-temp-allocator-size-main=16777216"
    "memorysetup-job-temp-allocator-block-size=2097152"
    "memorysetup-job-temp-allocator-block-size-background=1048576"
    "memorysetup-job-temp-allocator-reduction-small-platforms=262144"
Player connection [762784]  Target information:

Player connection [762784]  * "[IP] 192.168.3.7 [Port] 55504 [Flags] 2 [Guid] 1708903682 [EditorId] 1708903682 [Version] 1048832 [Id] WindowsEditor(7,LAPTOP-1I15P7FG) [Debug] 1 [PackageName] WindowsEditor [ProjectName] Editor" 

Player connection [762784]  * "[IP] 10.185.89.24 [Port] 55504 [Flags] 2 [Guid] 1708903682 [EditorId] 1708903682 [Version] 1048832 [Id] WindowsEditor(7,LAPTOP-1I15P7FG) [Debug] 1 [PackageName] WindowsEditor [ProjectName] Editor" 

Player connection [762784] Host joined multi-casting on [225.0.0.222:54997]...
Player connection [762784] Host joined alternative multi-casting on [225.0.0.222:34997]...
Input System module state changed to: Initialized.
[Physics::Module] Initialized fallback backend.
[Physics::Module] Id: 0xdecafbad
Initialising UDS system complete:
  - System type: Client
  - Resource namespace: c3461644d780cfe5a7dec9d3fcd3aebe
  - Shared memory size: 1073741824
  - Command buffer id: 1052576
  - Command buffer size: 8192
  - Hashmap size: 4194304
  - Service connected: false
[Package Manager] Connected to IPC stream "Upm-762764" after 0.5 seconds.
[Licensing::Client] Successfully resolved entitlement details
Library Redirect Path: Library/
Launching Unity Data Store - C:/Program Files/Unity/Hub/Editor/6000.6.3f1/Editor/Data/Tools/Unity.DataStore.exe 
Unity Data Store artifact dir = Library/DataStore, working dir = C:/Users/eonvw/source/repos/Project-TwinsanityUnity Data Store running and initialised
[Physics::Module] Selected backend (deferred post-plugins).
[Physics::Module] Name: PhysX
[Physics::Module] Id: 0xf2b8ea05
[Physics::Module] SDK Version: 4.1.2
[Physics::Module] Integration Version: 1.0.0
[Physics::Module] Threading Mode: Multi-Threaded
Initialize engine version: 6000.6.3f1 (45d8eee7de74)
[EntityIdStore] init: VM path (explicit commit), pageSize=4096, blockCount=1048576, entitiesPerBlock=256, slots reserved=4294967296 bytes
[Subsystems] Discovering subsystems at path C:/Program Files/Unity/Hub/Editor/6000.6.3f1/Editor/Data/Resources/UnitySubsystems
[Subsystems] Discovering subsystems at path C:/Users/eonvw/source/repos/Project-Twinsanity/Assets
[D3D12 Device Filter] Vendor Name: NVIDIA
[D3D12 Device Filter] Device Name: NVIDIA GeForce RTX 3050 Laptop GPU
[D3D12 Device Filter] Driver Version: 32.0.16.1714
[D3D12 Device Filter] Feature Level: 12.2
[D3D12 Device Filter] Graphics Memory: 3962 MB
[D3D12 Device Filter] Processor Count: 12
[D3D12 Device Filter] Device Type: Discrete
GfxDevice: creating device client; kGfxThreadingModeSplitJobs
d3d12: failed to query info queue interface (0x80004002).
Direct3D:
    Version:         Direct3D 12 [level 12.2]
    Renderer:        NVIDIA GeForce RTX 3050 Laptop GPU (ID=0x25a2)
    Vendor:          NVIDIA
    VRAM:            3962 MB
    App VRAM Budget: 3367 MB
    Driver:          32.0.16.1714
Initialize mono
Mono path[0] = 'C:/Program Files/Unity/Hub/Editor/6000.6.3f1/Editor/Data/Managed'
Mono path[1] = 'C:/Program Files/Unity/Hub/Editor/6000.6.3f1/Editor/Data/BCLExtensions/runtime/netstandard2.1'
Mono path[2] = 'C:/Program Files/Unity/Hub/Editor/6000.6.3f1/Editor/Data/MonoBleedingEdge/lib/mono/unityjit-win32'
Mono config path = 'C:/Program Files/Unity/Hub/Editor/6000.6.3f1/Editor/Data/MonoBleedingEdge/etc'
Using monoOptions --debugger-agent=transport=dt_socket,embedding=1,server=y,suspend=n,address=127.0.0.1:56764
CodeReloadManager initialized
ImportWorker Server TCP listen port: 0
AcceleratorClientConnectionCallback - disconnected - :0
Begin MonoManager ReloadAssembly
Registering precompiled unity dll's ...
Register platform support module: C:/Program Files/Unity/Hub/Editor/6000.6.3f1/Editor/Data/PlaybackEngines/WebGLSupport/UnityEditor.WebGL.Extensions.dll
Register platform support module: C:/Program Files/Unity/Hub/Editor/6000.6.3f1/Editor/Data/PlaybackEngines/WindowsStandaloneSupport/UnityEditor.WindowsStandalone.Extensions.dll
Registered in 0.003788 seconds.
Native extension for WindowsStandalone target not found
Native extension for WebGL target not found
Package Manager log level set to [2]
ScheduleIndexationOnStartup MainProcess:False IndexOnStartup:True
Scripting: successfully reloaded assembly
- Finished resetting the current domain, in  1.257 seconds
Domain Reload Profiling: 2124ms
	BeginReloadAssembly (200ms)
		CreateAndSetChildDomain (7ms)
	RebuildCommonClasses (8ms)
	RebuildNativeTypeToScriptingClass (28ms)
	initialDomainReloadingComplete (118ms)
	LoadAllAssembliesAndSetupDomain (510ms)
		LoadAssemblies (188ms)
		TypeCache.Refresh (358ms)
			TypeCache.ScanAssembly (331ms)
		AnalyzeDomain (1ms)
	FinalizeReload (1260ms)
		SetupLoadedEditorAssemblies (0ms)
			LogAssemblyErrors (3ms)
			InitializePlatformSupportModulesInManaged (6ms)
			BeforeProcessingInitializeOnLoad (193ms)
			ProcessInitializeOnLoadAttributes (233ms)
			ProcessInitializeOnLoadMethodAttributes (427ms)
[Licensing::Client] Successfully resolved entitlement details
Application.AssetDatabase Initial Refresh Start
[Package Manager] Restoring resolved packages state from cache
[Licensing::Client] Successfully resolved entitlement details
[Package Manager] Registered 42 packages:
  Packages from [https://packages.unity.com]:
    com.unity.ide.rider@3.0.38 (location: C:\Users\eonvw\source\repos\Project-Twinsanity\Library\PackageCache\com.unity.ide.rider@1f60b3138684)
    com.unity.ide.visualstudio@2.0.26 (location: C:\Users\eonvw\source\repos\Project-Twinsanity\Library\PackageCache\com.unity.ide.visualstudio@a99d56dec63f)
  Built-in packages:
    com.unity.modules.accessibility@1.0.0 (location: C:\Users\eonvw\source\repos\Project-Twinsanity\Library\PackageCache\com.unity.modules.accessibility)
    com.unity.modules.adaptiveperformance@1.0.0 (location: C:\Users\eonvw\source\repos\Project-Twinsanity\Library\PackageCache\com.unity.modules.adaptiveperformance)
    com.unity.modules.ai@1.0.0 (location: C:\Users\eonvw\source\repos\Project-Twinsanity\Library\PackageCache\com.unity.modules.ai)
    com.unity.modules.androidjni@1.0.0 (location: C:\Users\eonvw\source\repos\Project-Twinsanity\Library\PackageCache\com.unity.modules.androidjni)
    com.unity.modules.animation@1.0.0 (location: C:\Users\eonvw\source\repos\Project-Twinsanity\Library\PackageCache\com.unity.modules.animation)
    com.unity.modules.assetbundle@1.0.0 (location: C:\Users\eonvw\source\repos\Project-Twinsanity\Library\PackageCache\com.unity.modules.assetbundle)
    com.unity.modules.audio@1.0.0 (location: C:\Users\eonvw\source\repos\Project-Twinsanity\Library\PackageCache\com.unity.modules.audio)
    com.unity.modules.cloth@1.0.0 (location: C:\Users\eonvw\source\repos\Project-Twinsanity\Library\PackageCache\com.unity.modules.cloth)
    com.unity.modules.director@1.0.0 (location: C:\Users\eonvw\source\repos\Project-Twinsanity\Library\PackageCache\com.unity.modules.director)
    com.unity.modules.imageconversion@1.0.0 (location: C:\Users\eonvw\source\repos\Project-Twinsanity\Library\PackageCache\com.unity.modules.imageconversion)
    com.unity.modules.imgui@1.0.0 (location: C:\Users\eonvw\source\repos\Project-Twinsanity\Library\PackageCache\com.unity.modules.imgui)
    com.unity.modules.jsonserialize@1.0.0 (location: C:\Users\eonvw\source\repos\Project-Twinsanity\Library\PackageCache\com.unity.modules.jsonserialize)
    com.unity.modules.particlesystem@1.0.0 (location: C:\Users\eonvw\source\repos\Project-Twinsanity\Library\PackageCache\com.unity.modules.particlesystem)
    com.unity.modules.physics@1.0.0 (location: C:\Users\eonvw\source\repos\Project-Twinsanity\Library\PackageCache\com.unity.modules.physics)
    com.unity.modules.physics2d@1.0.0 (location: C:\Users\eonvw\source\repos\Project-Twinsanity\Library\PackageCache\com.unity.modules.physics2d)
    com.unity.modules.physicscore2d@1.0.0 (location: C:\Users\eonvw\source\repos\Project-Twinsanity\Library\PackageCache\com.unity.modules.physicscore2d)
    com.unity.modules.screencapture@1.0.0 (location: C:\Users\eonvw\source\repos\Project-Twinsanity\Library\PackageCache\com.unity.modules.screencapture)
    com.unity.modules.terrain@1.0.0 (location: C:\Users\eonvw\source\repos\Project-Twinsanity\Library\PackageCache\com.unity.modules.terrain)
    com.unity.modules.terrainphysics@1.0.0 (location: C:\Users\eonvw\source\repos\Project-Twinsanity\Library\PackageCache\com.unity.modules.terrainphysics)
    com.unity.modules.tetgen@1.0.0 (location: C:\Users\eonvw\source\repos\Project-Twinsanity\Library\PackageCache\com.unity.modules.tetgen)
    com.unity.modules.tilemap@1.0.0 (location: C:\Users\eonvw\source\repos\Project-Twinsanity\Library\PackageCache\com.unity.modules.tilemap)
    com.unity.modules.timelinefoundation@1.0.0 (location: C:\Users\eonvw\source\repos\Project-Twinsanity\Library\PackageCache\com.unity.modules.timelinefoundation)
    com.unity.modules.ui@1.0.0 (location: C:\Users\eonvw\source\repos\Project-Twinsanity\Library\PackageCache\com.unity.modules.ui)
    com.unity.modules.uielements@1.0.0 (location: C:\Users\eonvw\source\repos\Project-Twinsanity\Library\PackageCache\com.unity.modules.uielements)
    com.unity.modules.umbra@1.0.0 (location: C:\Users\eonvw\source\repos\Project-Twinsanity\Library\PackageCache\com.unity.modules.umbra)
    com.unity.modules.unityanalytics@1.0.0 (location: C:\Users\eonvw\source\repos\Project-Twinsanity\Library\PackageCache\com.unity.modules.unityanalytics)
    com.unity.modules.unitywebrequest@1.0.0 (location: C:\Users\eonvw\source\repos\Project-Twinsanity\Library\PackageCache\com.unity.modules.unitywebrequest)
    com.unity.modules.unitywebrequestassetbundle@1.0.0 (location: C:\Users\eonvw\source\repos\Project-Twinsanity\Library\PackageCache\com.unity.modules.unitywebrequestassetbundle)
    com.unity.modules.unitywebrequestaudio@1.0.0 (location: C:\Users\eonvw\source\repos\Project-Twinsanity\Library\PackageCache\com.unity.modules.unitywebrequestaudio)
    com.unity.modules.unitywebrequesttexture@1.0.0 (location: C:\Users\eonvw\source\repos\Project-Twinsanity\Library\PackageCache\com.unity.modules.unitywebrequesttexture)
    com.unity.modules.unitywebrequestwww@1.0.0 (location: C:\Users\eonvw\source\repos\Project-Twinsanity\Library\PackageCache\com.unity.modules.unitywebrequestwww)
    com.unity.modules.vectorgraphics@1.0.0 (location: C:\Users\eonvw\source\repos\Project-Twinsanity\Library\PackageCache\com.unity.modules.vectorgraphics)
    com.unity.modules.vehicles@1.0.0 (location: C:\Users\eonvw\source\repos\Project-Twinsanity\Library\PackageCache\com.unity.modules.vehicles)
    com.unity.modules.video@1.0.0 (location: C:\Users\eonvw\source\repos\Project-Twinsanity\Library\PackageCache\com.unity.modules.video)
    com.unity.modules.wind@1.0.0 (location: C:\Users\eonvw\source\repos\Project-Twinsanity\Library\PackageCache\com.unity.modules.wind)
    com.unity.modules.xr@1.0.0 (location: C:\Users\eonvw\source\repos\Project-Twinsanity\Library\PackageCache\com.unity.modules.xr)
    com.unity.modules.subsystems@1.0.0 (location: C:\Users\eonvw\source\repos\Project-Twinsanity\Library\PackageCache\com.unity.modules.subsystems)
    com.unity.modules.hierarchycore@1.0.0 (location: C:\Users\eonvw\source\repos\Project-Twinsanity\Library\PackageCache\com.unity.modules.hierarchycore)
    com.unity.test-framework@1.8.0 (location: C:\Users\eonvw\source\repos\Project-Twinsanity\Library\PackageCache\com.unity.test-framework@80f691d4262b)
    com.unity.ext.nunit@2.1.0 (location: C:\Users\eonvw\source\repos\Project-Twinsanity\Library\PackageCache\com.unity.ext.nunit@0198eae3b53e)
[Subsystems] No new subsystems found in resolved package list.
[Package Manager] Done registering packages in 0.03 seconds
Starting: C:\Program Files\Unity\Hub\Editor\6000.6.3f1\Editor\Data\Tools\BuildPipeline\bee_backend.exe --ipc --defer-dag-verification --dagfile="Library/Bee/1900b0aEDbg.dag" --continue-on-failure --profile="Library/Bee/backend1.traceevents" ScriptAssemblies
WorkingDir: C:/Users/eonvw/source/repos/Project-Twinsanity
ExitCode: 0 Duration: 0s392ms
[209/222    0s] ILPP-Configuration Library/ilpp-configuration.nevergeneratedoutput
*** Tundra build success (0.33 seconds), 1 items updated, 222 evaluated
Total cache size 3939196
AssetDatabase: script compilation time: 1.174791s
Total cache size after purge 3939196, took 00:00:00.0369538
Begin MonoManager ReloadAssembly
Native extension for WindowsStandalone target not found
Native extension for WebGL target not found
ScheduleIndexationOnStartup MainProcess:True IndexOnStartup:True
Scripting: successfully reloaded assembly
- Finished resetting the current domain, in  0.938 seconds
Domain Reload Profiling: 1827ms
	BeginReloadAssembly (436ms)
		DisableScriptedObjects (43ms)
		CreateAndSetChildDomain (117ms)
	RebuildCommonClasses (17ms)
	RebuildNativeTypeToScriptingClass (23ms)
	initialDomainReloadingComplete (69ms)
	LoadAllAssembliesAndSetupDomain (341ms)
		LoadAssemblies (330ms)
		TypeCache.Refresh (21ms)
			TypeCache.ScanAssembly (12ms)
		AnalyzeDomain (11ms)
			BuildScriptInfoCaches (8ms)
	FinalizeReload (941ms)
		SetupLoadedEditorAssemblies (0ms)
			LogAssemblyErrors (4ms)
			InitializePlatformSupportModulesInManaged (4ms)
			BeforeProcessingInitializeOnLoad (193ms)
			ProcessInitializeOnLoadAttributes (207ms)
			ProcessInitializeOnLoadMethodAttributes (104ms)
			AfterProcessingInitializeOnLoad (15ms)
		AwakeInstancesAfterBackupRestoration (62ms)
Starting new worker id: 0 with log in C:/Users/eonvw/source/repos/Project-Twinsanity/Logs/AssetImportWorkerHW0.log

Asset Pipeline Refresh (id=107e8177ce0748341965df8f214e9fc3): Total: 3.540 seconds - Initiated by InitialRefreshV2(ForceSynchronousImport)
	(Values over 0.05ms)
	Summary:
		Imports: total=0 (actual=0, local cache=0, cache server=0)
		Asset DB Process Time: managed=0 ms, native=1296 ms
		Asset DB Callback time: managed=44 ms, native=29 ms
		Scripting: domain reloads=1, domain reload time=960 ms, compile time=1181 ms, other=28 ms
		Project Asset Count: scripts=229, non-scripts=4165
		Asset File Changes: new=0, changed=0, moved=0, deleted=0
		Scan Filter Count: 0
	InvokePackagesCallback: 32.629ms
	ApplyChangesToAssetFolders: 0.908ms
	Scan: 99.155ms
	Collect global state as custom dependencies: 13.734ms
	CategorizeScriptCompilationAssets: 10.851ms
	ProcessAssetsWithTransientArtifactChanges: 9.165ms
	CategorizeAssets: 39.177ms
	CompileScripts: 1180.565ms
	ImportOutOfDateAssets: 959.392ms (942.321ms without children)
		UnloadImportedAssets: 2.412ms
		EnsureUptoDateAssetsAreRegisteredWithGuidPM: 0.701ms
		ImportSchedulerStart: 13.954ms
	PostProcessAllAssets: 44.820ms
		MonoPostProcessAllAssets: 44.699ms
			WindowAssetPostprocessingWatcher.OnPostprocessAllAssets 12.923ms
			SyncVS.PostprocessSyncProject 6.898ms
			EditModeScopePostprocessor.OnPostprocessAllAssets 1.669ms
			SpeedTree9Postprocessor.OnPostprocessAllAssets 1.357ms
			AssetDatabaseCallbacks.OnPostprocessAllAssets 0.354ms
			TerrainToolbarOverlayPostProcessor.OnPostprocessAllAssets 0.306ms
			ReferencedClipsPostProcessor.OnPostprocessAllAssets 0.300ms
			RenderPipelineGlobalSettingsPostprocessor.OnPostprocessAllAssets 0.186ms
	UnloadStreamsBegin: 3.626ms
	PersistCurrentRevisions: 0.194ms
	GenerateScriptTypeHashes: 0.349ms
	GenerateScriptTypeSerializationHashes: 0.792ms
	Untracked: 1137.242ms

Application.AssetDatabase Initial Refresh End
Launched and connected shader compiler UnityShaderCompiler.exe after 0.02 seconds
Scanning for USB devices : 4.974ms
Initializing Unity extensions:
[MODES] ModeService[none].Initialize
[MODES] ModeService[none].LoadModes
[MODES] Loading mode Default (0) for mode-current-id-Twinsanity-Unity-Title-Screen (1)
Unloading 3 Unused Serialized files (Serialized files now loaded: 0)
Loaded scene 'Assets/Twinsanity/Scenes/BeachLevel.unity'
	Deserialize:            70.558 ms
	Integration:            819.348 ms
	Integration of assets:  3.589 ms
	Thread Wait Time:       0.014 ms
	Total Operation Time:   893.510 ms
Unloading 522 unused Assets / (0.7 MB). Loaded Objects now: 7106.
Memory consumption went from 346.6 MB to 345.8 MB.
Total: 10.013700 ms (FindLiveObjects: 1.238900 ms CreateObjectMapping: 0.208400 ms MarkObjects: 7.625000 ms  DeleteObjects: 0.606700 ms)

[LAYOUT] About to load UserSettings\Layouts\default-6000.dwlt, keepMainWindow=False
[LAYOUT] About to save layout C:\Users\eonvw\source\repos\Project-Twinsanity\UserSettings\Layouts\default-6000.dwlt
[LAYOUT] About to save layout C:/Users/eonvw/AppData/Roaming/Unity/Editor-5.x/Preferences\Layouts\current\default-6000.dwlt
[MODES] ModeService[default].InitializeCurrentMode
[MODES] ModeService[default].RaiseModeChanged(default, default)
This project uses Input Manager, which is marked for deprecation. To manage input in your project, use the <a href="https://docs.unity3d.com/Packages/com.unity.inputsystem@latest">Input System package</a> instead.
<RI> Initializing input.
<RI> Input initialized.
[Project] Loading completed in 15.977 seconds
	Project init time: 				8.773 seconds
		Template init time: 		0.000 seconds
		Package Manager init time: 		0.505 seconds
		Asset Database init time: 		1.289 seconds
		Global illumination init time: 	0.003 seconds
		Assemblies load time: 			2.207 seconds
		Unity extensions init time: 	0.008 seconds
		Asset Database refresh time: 	3.540 seconds
	Scene opening time: 			2.721 seconds
##utp:{"type":"ProjectInfo","version":2,"phase":"Immediate","time":1791065879504,"processId":762764,"projectLoad":15.976860700000001,"projectInit":8.7728271,"templateInit":0.0,"packageManagerInit":0.5048711,"assetDatabaseInit":1.2888849,"globalIlluminationInit":0.0033371,"assembliesLoad":2.2066855,"unityExtensionsInit":0.0082076,"assetDatabaseRefresh":3.5399673,"sceneOpening":2.7214658}
##utp:{"type":"EditorInfo","version":2,"phase":"Immediate","time":1791065879504,"processId":762764,"editorVersion":"6000.6.3f1 (45d8eee7de74)","branch":"6000.6/staging","buildType":"Release","platform":"Windows"}
Created GICache directory at C:/Users/eonvw/AppData/LocalLow/Unity/Caches/GiCache. Took: 0.028s, timestamps: [17.515 - 17.543]
[Licensing::Client] Successfully resolved entitlement details
[Licensing::Client] Successfully updated the access token
[Licensing::Module] Successfully updated access token: "RucnprQ5"... (expires: 2026-10-03T23:13:19Z)
[Licensing::Client] Successfully resolved entitlement details
[Licensing::Client] Successfully resolved entitlement details
Worker ready: AssetImportWorkerHW0 0
Asset Pipeline Refresh (id=4ed20bd7bcb1e0e4d8870dd28bf8d6f1): Total: 0.064 seconds - Initiated by RefreshV2(AllowForceSynchronousImport)
Start Indexing on Editor startup
[Indexing] Starting Initial Indexing for Assets
Starting new worker id: 1 with log in C:/Users/eonvw/source/repos/Project-Twinsanity/Logs/AssetImportWorkerHW1.log
[Worker0] Imported GUID: 6260ab12bc0943779eeeffecb732cc68 - Path: Assets/Twinsanity/Scripts/CrashPlayableCharacter.cs - Importer: ScriptedImporter/UnityEditor.QuickSearchModule:UnityEditor.Search:ASIAI0B -> (ImportResultId: '9b2041508fbfc1be632b76e5f4ac72ab') in 0.1312472 seconds
[Worker0] Imported GUID: bef55a9e49cc47459a9d099ebf0ca2a3 - Path: Assets/Twinsanity/Scripts/CrashRigAnimator.cs - Importer: ScriptedImporter/UnityEditor.QuickSearchModule:UnityEditor.Search:ASIAI0B -> (ImportResultId: 'ad0a78c1ec8c484724af868eb11d771b') in 0.0044587 seconds
Worker ready: AssetImportWorkerHW1 1
TrimDiskCacheJob: Current cache size 0mb
Reloading assemblies for play mode.
Reloading assemblies after forced synchronous recompile.
[Licensing::Client] Successfully resolved entitlement details
Begin MonoManager ReloadAssembly
Native extension for WindowsStandalone target not found
Native extension for WebGL target not found
ScheduleIndexationOnStartup MainProcess:True IndexOnStartup:True
[MODES] ModeService[none].Initialize
[MODES] ModeService[none].LoadModes
Scripting: successfully reloaded assembly
- Finished resetting the current domain, in  1.781 seconds
Domain Reload Profiling: 2765ms
	BeginReloadAssembly (723ms)
		DisableScriptedObjects (208ms)
		CreateAndSetChildDomain (272ms)
	RebuildCommonClasses (13ms)
	RebuildNativeTypeToScriptingClass (19ms)
	initialDomainReloadingComplete (58ms)
	LoadAllAssembliesAndSetupDomain (169ms)
		LoadAssemblies (152ms)
		TypeCache.Refresh (6ms)
		AnalyzeDomain (2ms)
	FinalizeReload (1782ms)
		SetupLoadedEditorAssemblies (0ms)
			LogAssemblyErrors (3ms)
			InitializePlatformSupportModulesInManaged (3ms)
			BeforeProcessingInitializeOnLoad (130ms)
			ProcessInitializeOnLoadAttributes (114ms)
			ProcessInitializeOnLoadMethodAttributes (75ms)
			AfterProcessingInitializeOnLoad (11ms)
		AwakeInstancesAfterBackupRestoration (976ms)
No restricted APIs configured; Validation skipped.
Checking 2 assemblies for restricted APIs found 0 usage(s) in 8 ms

Asset Pipeline Refresh (id=8d20a564218e39c4a8fd6236ee3b3c2b): Total: 3.356 seconds - Initiated by StopAssetImportingV2(ForceSynchronousImport | ForceDomainReload)
	(Values over 0.05ms)
	Summary:
		Imports: total=0 (actual=0, local cache=0, cache server=0)
		Asset DB Process Time: managed=0 ms, native=1878 ms
		Asset DB Callback time: managed=357 ms, native=81 ms
		Scripting: domain reloads=1, domain reload time=1034 ms, compile time=3 ms, other=0 ms
		Project Asset Count: scripts=229, non-scripts=4165
		Asset File Changes: new=0, changed=0, moved=0, deleted=0
		Scan Filter Count: 0
	InvokePackagesCallback: 2.723ms
	ApplyChangesToAssetFolders: 0.248ms
	Collect global state as custom dependencies: 1.238ms
	ProcessAssetsWithTransientArtifactChanges: 15.842ms
	CategorizeAssets: 26.422ms
	CompileScripts: 2.934ms
	ImportOutOfDateAssets: 1787.468ms (1783.007ms without children)
		CollectScriptTypesHashes: 0.651ms
		ReloadNativeAssets: 0.808ms
		UnloadImportedAssets: 2.228ms
		EnsureUptoDateAssetsAreRegisteredWithGuidPM: 0.605ms
		ImportSchedulerStart: 0.813ms
	PostProcessAllAssets: 414.707ms
		AssemblyValidation.PostprocessAllAssets 4.003ms
		PostprocessAssetsUpdateCachedIcon 1.833ms
		PostProcessCallbackCreateDeferredMaterials 1.555ms
		RaytracingShaderImportPostprocess 1.019ms
		ShaderAssetModifiedCallback 0.872ms
		SpeedTreeImporter.PostprocessAllAssets 0.846ms
		ComputeShaderImportPostprocess 0.516ms
		LocalizationDatabase.AssetDatabasePostprocessCallback 0.337ms
		BlockShaderImporter.PostprocessAllAssets 0.331ms
		MonoPostProcessAllAssets: 353.070ms
			SyncVS.PostprocessSyncProject 271.914ms
			AssetPostprocessor.OnPostprocessAllAssets 30.129ms
			WindowAssetPostprocessingWatcher.OnPostprocessAllAssets 12.138ms
			BuilderAssetPostprocessor.OnPostprocessAllAssets 5.753ms
			AssetChangedListener.OnPostprocessAllAssets 5.275ms
			TextAssetPostProcessor.OnPostprocessAllAssets 4.558ms
			SpeedTree9Postprocessor.OnPostprocessAllAssets 2.372ms
			RetainedModeAssetPostprocessor.OnPostprocessAllAssets 1.905ms
			ArtifactBrowserPostProcessor.OnPostprocessAllAssets 0.805ms
			ThemePostprocessor.OnPostprocessAllAssets 0.598ms
			SpeedTreePostProcessor.OnPostprocessAllAssets 0.595ms
			StyleCatalogPostProcessor.OnPostprocessAllAssets 0.526ms
			TerrainToolbarOverlayPostProcessor.OnPostprocessAllAssets 0.440ms
			AudioMixerPostprocessor.OnPostprocessAllAssets 0.420ms
			EditModeScopePostprocessor.OnPostprocessAllAssets 0.394ms
			AssetEvents.OnPostprocessAllAssets 0.341ms
			AudioContainerPostProcessor.OnPostprocessAllAssets 0.260ms
			AssetDatabaseCallbacks.OnPostprocessAllAssets 0.242ms
			ConfigAssetsTracker.OnPostprocessAllAssets 0.241ms
			ReferencedClipsPostProcessor.OnPostprocessAllAssets 0.236ms
			ScenarioDriftAssetsTracker.OnPostprocessAllAssets 0.213ms
			RenderPipelineGlobalSettingsPostprocessor.OnPostprocessAllAssets 0.124ms
	PostAssetChangesProfiler: 23.791ms
	GatherAllCurrentPrimaryImportResultRevisions: 0.383ms
	UnloadStreamsBegin: 2.210ms
	PersistCurrentRevisions: 0.158ms
	GenerateScriptTypeHashes: 0.148ms
	GenerateScriptTypeSerializationHashes: 0.440ms
	Untracked: 1070.301ms

The referenced script (Unknown) on this Behaviour is missing!
The referenced script (Unknown) on this Behaviour is missing!
Loaded scene 'Temp/__Backupscenes/0.backup'
	Deserialize:            184.419 ms
	Integration:            755.240 ms
	Integration of assets:  1.873 ms
	Thread Wait Time:       -0.284 ms
	Total Operation Time:   941.249 ms
[Licensing::Client] Successfully resolved entitlement details
[Worker0] Imported GUID: c4afab60a6e945e59c11d0679548d9f7 - Path: Assets/Twinsanity/Scripts/BeachLevelRuntime.cs - Importer: PreviewImporter -> (ImportResultId: 'bba6d4665e0c3ac77852fca0c2ae34e3') in 0.0031696 seconds
[Worker0] Imported GUID: e7c417e035591ef489bb4a2fdc7e03cd - Path: Assets/Twinsanity/Resources/BeachAudio - Importer: PreviewImporter -> (ImportResultId: 'a1b4480c14926bdad061642f4bed5553') in 0.0017131 seconds
Starting new worker id: 2 with log in C:/Users/eonvw/source/repos/Project-Twinsanity/Logs/AssetImportWorkerHW2.log
[Worker0] Imported GUID: 930134173abf84f48836ee809c3b8493 - Path: Assets/Twinsanity/Resources/BeachAudio/AkuAkuDamage.wav - Importer: PreviewImporter -> (ImportResultId: '3529cc8eb494fedee41bca3a7e543f40') in 0.1915175 seconds
[Worker1] Imported GUID: 4452e828993d4a4418e1710690b99e13 - Path: Assets/Twinsanity/Resources/BeachAudio/AkuAkuPickup.wav - Importer: PreviewImporter -> (ImportResultId: '66cc5f8495dded025d3aaae609af74bd') in 0.2001547 seconds
[Worker0] Imported GUID: fab2b583c3c31664c8955b862808c310 - Path: Assets/Twinsanity/Resources/BeachAudio/Spin.wav - Importer: PreviewImporter -> (ImportResultId: '68a48373b298d517ed4cc474ced47f4f') in 0.0137817 seconds
[Worker1] Imported GUID: 96c21fc261ef8bd4cb220610bf8877e8 - Path: Assets/Twinsanity/Resources/BeachAudio/Pickup.wav - Importer: PreviewImporter -> (ImportResultId: '5f729aa1f07b6450fd2248260114f82b') in 0.0226396 seconds
[Worker0] Imported GUID: a4827c71c7c81c245ba9b6d7615aec40 - Path: Assets/Twinsanity/Resources/BeachAudio/CrateBreak.wav - Importer: PreviewImporter -> (ImportResultId: '317a77b36a58803677298fadf74293d3') in 0.0154985 seconds
[Worker1] Imported GUID: 9966b51cd03836c4ab1dcc1a77202a55 - Path: Assets/Twinsanity/Resources/BeachAudio/Crash_Punch.wav - Importer: PreviewImporter -> (ImportResultId: '305a398e4c827ba76925dd16a8dd4ea0') in 0.0126072 seconds
[Worker0] Imported GUID: 0debabbb34f91d741a8042149733d8c1 - Path: Assets/Twinsanity/Resources/BeachAudio/Checkpoint.wav - Importer: PreviewImporter -> (ImportResultId: '6517bb07be0626faf54f87b001728b72') in 0.0127739 seconds
[Worker1] Imported GUID: cc429d48996b57d4ab0c3a1eec89359b - Path: Assets/Twinsanity/Resources/BeachAudio/Crash_Spin.wav - Importer: PreviewImporter -> (ImportResultId: '7a2567007407a970fdbd8555640cb41f') in 0.0126799 seconds
[Worker0] Imported GUID: 601dcb98cdd4b8444880689b7d383464 - Path: Assets/Twinsanity/Resources/BeachAudio/Explosion.wav - Importer: PreviewImporter -> (ImportResultId: '0a452496376d4c2becbc2cc721a06e28') in 0.0139914 seconds
Worker ready: AssetImportWorkerHW2 2
[Licensing::Client] Successfully resolved entitlement details
[ScriptCompilation] Requested script compilation because: AssetDatabase observed changes in script compilation related files
Asset Pipeline Refresh (id=04c5b450ef46d644490482fef4ab535d): Total: 0.084 seconds - Initiated by RefreshV2(NoUpdateAssetOptions)
[Licensing::Client] Successfully resolved entitlement details
Starting: C:\Program Files\Unity\Hub\Editor\6000.6.3f1\Editor\Data\Tools\BuildPipeline\bee_backend.exe --ipc --defer-dag-verification --dagfile="Library/Bee/1900b0aEDbg.dag" --continue-on-failure --profile="Library/Bee/backend1.traceevents" ScriptAssemblies
WorkingDir: C:/Users/eonvw/source/repos/Project-Twinsanity
Asset Pipeline Refresh (id=267c3bc661759e24ca3c2aadf11f7550): Total: 0.005 seconds - Initiated by RefreshV2(NoUpdateAssetOptions)
ExitCode: 3 Duration: 1s87ms
[207/222    0s] ILPP-Configuration Library/ilpp-configuration.nevergeneratedoutput
[214/222    0s] Csc Library/Bee/artifacts/1900b0aEDbg.dag/Assembly-CSharp.dll (+2 others)
##### CommandLine
"C:\Program Files\Unity\Hub\Editor\6000.6.3f1\Editor\Data\DotNetSdk\dotnet.exe" exec "C:/Program Files/Unity/Hub/Editor/6000.6.3f1/Editor/Data/DotNetSdk/sdk/8.0.318/Roslyn/bincore/csc.dll" /nostdlib /noconfig /shared "@Library/Bee/artifacts/1900b0aEDbg.dag/Assembly-CSharp.rsp" "@Library/Bee/artifacts/1900b0aEDbg.dag/Assembly-CSharp.rsp2"
##### Contents of Library\Bee\artifacts\1900b0aEDbg.dag\Assembly-CSharp.rsp
-target:library
-out:"Library/Bee/artifacts/1900b0aEDbg.dag/Assembly-CSharp.dll"
-refout:"Library/Bee/artifacts/1900b0aEDbg.dag/Assembly-CSharp.ref.dll"
-define:UNITY_6000_6_3
-define:UNITY_6000_6
-define:UNITY_6000
-define:UNITY_5_3_OR_NEWER
-define:UNITY_5_4_OR_NEWER
-define:UNITY_5_5_OR_NEWER
-define:UNITY_5_6_OR_NEWER
-define:UNITY_2017_1_OR_NEWER
-define:UNITY_2017_2_OR_NEWER
-define:UNITY_2017_3_OR_NEWER
-define:UNITY_2017_4_OR_NEWER
-define:UNITY_2018_1_OR_NEWER
-define:UNITY_2018_2_OR_NEWER
-define:UNITY_2018_3_OR_NEWER
-define:UNITY_2018_4_OR_NEWER
-define:UNITY_2019_1_OR_NEWER
-define:UNITY_2019_2_OR_NEWER
-define:UNITY_2019_3_OR_NEWER
-define:UNITY_2019_4_OR_NEWER
-define:UNITY_2020_1_OR_NEWER
-define:UNITY_2020_2_OR_NEWER
-define:UNITY_2020_3_OR_NEWER
-define:UNITY_2021_1_OR_NEWER
-define:UNITY_2021_2_OR_NEWER
-define:UNITY_2021_3_OR_NEWER
-define:UNITY_2022_1_OR_NEWER
-define:UNITY_2022_2_OR_NEWER
-define:UNITY_2022_3_OR_NEWER
-define:UNITY_2023_1_OR_NEWER
-define:UNITY_2023_2_OR_NEWER
-define:UNITY_2023_3_OR_NEWER
-define:UNITY_6000_0_OR_NEWER
-define:UNITY_6000_1_OR_NEWER
-define:UNITY_6000_2_OR_NEWER
-define:UNITY_6000_3_OR_NEWER
-define:UNITY_6000_4_OR_NEWER
-define:UNITY_6000_5_OR_NEWER
-define:UNITY_6000_6_OR_NEWER
-define:PLATFORM_ARCH_64
-define:UNITY_64
-define:UNITY_INCLUDE_TESTS
-define:ENABLE_AR
-define:ENABLE_AUDIO
-define:ENABLE_AUDIO_SCRIPTABLE_PIPELINE
-define:ENABLE_BURST
-define:ENABLE_CACHING
-define:ENABLE_CLOTH
-define:ENABLE_EVENT_QUEUE
-define:ENABLE_MICROPHONE
-define:ENABLE_MULTIPLE_DISPLAYS
-define:ENABLE_PHYSICS
-define:ENABLE_TEXTURE_STREAMING
-define:ENABLE_VIRTUALTEXTURING
-define:ENABLE_LZMA
-define:ENABLE_UNITYEVENTS
-define:ENABLE_VR
-define:ENABLE_WEBCAM
-define:ENABLE_UNITYWEBREQUEST
-define:ENABLE_WWW
-define:ENABLE_CLOUD_SERVICES
-define:ENABLE_CLOUD_SERVICES_ADS
-define:ENABLE_CLOUD_SERVICES_USE_WEBREQUEST
-define:ENABLE_UNITY_CONSENT
-define:ENABLE_UNITY_CLOUD_IDENTIFIERS
-define:ENABLE_CLOUD_SERVICES_CRASH_REPORTING
-define:ENABLE_CLOUD_SERVICES_NATIVE_CRASH_REPORTING
-define:ENABLE_CLOUD_SERVICES_PURCHASING
-define:ENABLE_CLOUD_SERVICES_ANALYTICS
-define:ENABLE_CLOUD_SERVICES_BUILD
-define:ENABLE_EDITOR_GAME_SERVICES
-define:ENABLE_UNITY_GAME_SERVICES_ANALYTICS_SUPPORT
-define:ENABLE_CLOUD_LICENSE
-define:ENABLE_EDITOR_HUB_LICENSE
-define:ENABLE_WEBSOCKET_CLIENT
-define:ENABLE_GENERATE_NATIVE_PLUGINS_FOR_ASSEMBLIES_API
-define:ENABLE_DIRECTOR_AUDIO
-define:ENABLE_DIRECTOR_TEXTURE
-define:ENABLE_MANAGED_JOBS
-define:ENABLE_MANAGED_TRANSFORM_JOBS
-define:ENABLE_MANAGED_ANIMATION_JOBS
-define:ENABLE_MANAGED_AUDIO_JOBS
-define:ENABLE_MANAGED_UNITYTLS
-define:INCLUDE_DYNAMIC_GI
-define:ENABLE_SCRIPTING_GC_WBARRIERS
-define:PLATFORM_SUPPORTS_MONO
-define:RENDER_SOFTWARE_CURSOR
-define:ENABLE_MARSHALLING_TESTS
-define:ENABLE_VIDEO
-define:ENABLE_NAVIGATION_OFFMESHLINK_TO_NAVMESHLINK
-define:ENABLE_ACCELERATOR_CLIENT_DEBUGGING
-define:ENABLE_ACCESSIBILITY_SCREEN_READER
-define:TEXTCORE_1_0_OR_NEWER
-define:EDITOR_ONLY_NAVMESH_BUILDER_DEPRECATED
-define:INCLUDE_UNIFIED_RAYTRACING_COMPUTE_BACKEND
-define:INCLUDE_UNIFIED_RAYTRACING_HARDWARE_BACKEND
-define:PLATFORM_STANDALONE_WIN
-define:PLATFORM_STANDALONE
-define:UNITY_STANDALONE_WIN
-define:UNITY_STANDALONE
-define:ENABLE_RUNTIME_GI
-define:ENABLE_MOVIES
-define:ENABLE_NETWORK
-define:ENABLE_NVIDIA
-define:ENABLE_AMD
-define:ENABLE_CRUNCH_TEXTURE_COMPRESSION
-define:ENABLE_CLOUD_SERVICES_ENGINE_DIAGNOSTICS
-define:ENABLE_OUT_OF_PROCESS_CRASH_HANDLER
-define:ENABLE_CLUSTER_SYNC
-define:ENABLE_CLUSTERINPUT
-define:PLATFORM_UPDATES_TIME_OUTSIDE_OF_PLAYER_LOOP
-define:GFXDEVICE_WAITFOREVENT_MESSAGEPUMP
-define:PLATFORM_USES_EXPLICIT_MEMORY_MANAGER_INITIALIZER
-define:PLATFORM_SUPPORTS_WAIT_FOR_PRESENTATION
-define:PLATFORM_SUPPORTS_SPLIT_GRAPHICS_JOBS
-define:UNITY_SUPPORTS_GRAPHICS_API_VALIDATION
-define:PLATFORM_USES_VULKAN_OLD_SWAPCHAIN
-define:USE_READ_ASYNC_MANAGED_API
-define:ENABLE_MONO
-define:NET_STANDARD_2_0
-define:NET_STANDARD
-define:NET_STANDARD_2_1
-define:NETSTANDARD
-define:NETSTANDARD2_1
-define:ENABLE_PROFILER
-define:UNITY_INCLUDE_INSTRUMENTATION
-define:DEBUG
-define:TRACE
-define:UNITY_ASSERTIONS
-define:UNITY_ENABLE_CHECKS
-define:UNITY_EDITOR
-define:UNITY_EDITOR_64
-define:UNITY_EDITOR_WIN
-define:ENABLE_UNITY_COLLECTIONS_CHECKS
-define:ENABLE_BURST_AOT
-define:UNITY_TEAM_LICENSE
-define:ENABLE_CUSTOM_RENDER_TEXTURE
-define:ENABLE_DIRECTOR
-define:ENABLE_LOCALIZATION
-define:ENABLE_SPRITES
-define:ENABLE_TERRAIN
-define:ENABLE_TILEMAP
-define:ENABLE_TIMELINE
-define:ENABLE_LEGACY_INPUT_MANAGER
-define:TEXTCORE_FONT_ENGINE_1_5_OR_NEWER
-define:TEXTCORE_TEXT_ENGINE_1_5_OR_NEWER
-define:TEXTCORE_FONT_ENGINE_1_6_OR_NEWER
-define:CSHARP_7_OR_LATER
-define:CSHARP_7_3_OR_NEWER
-r:"C:/Program Files/Unity/Hub/Editor/6000.6.3f1/Editor/Data/BCLExtensions/TargetingPacks/netstandard2.1/ref/Microsoft.Bcl.AsyncInterfaces.dll"
-r:"C:/Program Files/Unity/Hub/Editor/6000.6.3f1/Editor/Data/BCLExtensions/TargetingPacks/netstandard2.1/ref/Microsoft.Extensions.DependencyInjection.Abstractions.dll"
-r:"C:/Program Files/Unity/Hub/Editor/6000.6.3f1/Editor/Data/BCLExtensions/TargetingPacks/netstandard2.1/ref/Microsoft.Extensions.Logging.Abstractions.dll"
-r:"C:/Program Files/Unity/Hub/Editor/6000.6.3f1/Editor/Data/BCLExtensions/TargetingPacks/netstandard2.1/ref/System.Collections.Immutable.dll"
-r:"C:/Program Files/Unity/Hub/Editor/6000.6.3f1/Editor/Data/BCLExtensions/TargetingPacks/netstandard2.1/ref/System.Diagnostics.DiagnosticSource.dll"
-r:"C:/Program Files/Unity/Hub/Editor/6000.6.3f1/Editor/Data/BCLExtensions/TargetingPacks/netstandard2.1/ref/System.IO.Hashing.dll"
-r:"C:/Program Files/Unity/Hub/Editor/6000.6.3f1/Editor/Data/BCLExtensions/TargetingPacks/netstandard2.1/ref/System.Reflection.Metadata.dll"
-r:"C:/Program Files/Unity/Hub/Editor/6000.6.3f1/Editor/Data/BCLExtensions/TargetingPacks/netstandard2.1/ref/System.Runtime.CompilerServices.Unsafe.dll"
-r:"C:/Program Files/Unity/Hub/Editor/6000.6.3f1/Editor/Data/BCLExtensions/TargetingPacks/netstandard2.1/ref/System.Text.Encodings.Web.dll"
-r:"C:/Program Files/Unity/Hub/Editor/6000.6.3f1/Editor/Data/BCLExtensions/TargetingPacks/netstandard2.1/ref/System.Text.Json.dll"
-r:"C:/Program Files/Unity/Hub/Editor/6000.6.3f1/Editor/Data/Managed/Bootstrap/Unity.Scripting.dll"
-r:"C:/Program Files/Unity/Hub/Editor/6000.6.3f1/Editor/Data/Managed/UnityEngine/UnityEditor.AIModule.dll"
-r:"C:/Program Files/Unity/Hub/Editor/6000.6.3f1/Editor/Data/Managed/UnityEngine/UnityEditor.AccessibilityModule.dll"
-r:"C:/Program Files/Unity/Hub/Editor/6000.6.3f1/Editor/Data/Managed/UnityEngine/UnityEditor.AdaptivePerformanceModule.dll"
-r:"C:/Program Files/Unity/Hub/Editor/6000.6.3f1/Editor/Data/Managed/UnityEngine/UnityEditor.AnimationWindowModule.dll"
-r:"C:/Program Files/Unity/Hub/Editor/6000.6.3f1/Editor/Data/Managed/UnityEngine/UnityEditor.AssetComplianceModule.dll"
-r:"C:/Program Files/Unity/Hub/Editor/6000.6.3f1/Editor/Data/Managed/UnityEngine/UnityEditor.BuildAnalysisModule.dll"
-r:"C:/Program Files/Unity/Hub/Editor/6000.6.3f1/Editor/Data/Managed/UnityEngine/UnityEditor.BuildProfileModule.dll"
-r:"C:/Program Files/Unity/Hub/Editor/6000.6.3f1/Editor/Data/Managed/UnityEngine/UnityEditor.BurstModule.dll"
-r:"C:/Program Files/Unity/Hub/Editor/6000.6.3f1/Editor/Data/Managed/UnityEngine/UnityEditor.ClothModule.dll"
-r:"C:/Program Files/Unity/Hub/Editor/6000.6.3f1/Editor/Data/Managed/UnityEngine/UnityEditor.ContentLoadModule.dll"
-r:"C:/Program Files/Unity/Hub/Editor/6000.6.3f1/Editor/Data/Managed/UnityEngine/UnityEditor.CoreBusinessMetricsModule.dll"
-r:"C:/Program Files/Unity/Hub/Editor/6000.6.3f1/Editor/Data/Managed/UnityEngine/UnityEditor.CoreModule.dll"
-r:"C:/Program Files/Unity/Hub/Editor/6000.6.3f1/Editor/Data/Managed/UnityEngine/UnityEditor.DeviceSimulatorModule.dll"
-r:"C:/Program Files/Unity/Hub/Editor/6000.6.3f1/Editor/Data/Managed/UnityEngine/UnityEditor.DiagnosticsModule.dll"
-r:"C:/Program Files/Unity/Hub/Editor/6000.6.3f1/Editor/Data/Managed/UnityEngine/UnityEditor.EditorToolbarModule.dll"
-r:"C:/Program Files/Unity/Hub/Editor/6000.6.3f1/Editor/Data/Managed/UnityEngine/UnityEditor.EmbreeModule.dll"
-r:"C:/Program Files/Unity/Hub/Editor/6000.6.3f1/Editor/Data/Managed/UnityEngine/UnityEditor.GIModule.dll"
-r:"C:/Program Files/Unity/Hub/Editor/6000.6.3f1/Editor/Data/Managed/UnityEngine/UnityEditor.GenericRemoteModule.dll"
-r:"C:/Program Files/Unity/Hub/Editor/6000.6.3f1/Editor/Data/Managed/UnityEngine/UnityEditor.GraphToolkitModule.dll"
-r:"C:/Program Files/Unity/Hub/Editor/6000.6.3f1/Editor/Data/Managed/UnityEngine/UnityEditor.GraphViewModule.dll"
-r:"C:/Program Files/Unity/Hub/Editor/6000.6.3f1/Editor/Data/Managed/UnityEngine/UnityEditor.GraphicsStateCollectionSerializerModule.dll"
-r:"C:/Program Files/Unity/Hub/Editor/6000.6.3f1/Editor/Data/Managed/UnityEngine/UnityEditor.GridAndSnapModule.dll"
-r:"C:/Program Files/Unity/Hub/Editor/6000.6.3f1/Editor/Data/Managed/UnityEngine/UnityEditor.GridModule.dll"
-r:"C:/Program Files/Unity/Hub/Editor/6000.6.3f1/Editor/Data/Managed/UnityEngine/UnityEditor.HierarchyModule.dll"
-r:"C:/Program Files/Unity/Hub/Editor/6000.6.3f1/Editor/Data/Managed/UnityEngine/UnityEditor.LightingModule.dll"
-r:"C:/Program Files/Unity/Hub/Editor/6000.6.3f1/Editor/Data/Managed/UnityEngine/UnityEditor.MathematicsModule.dll"
-r:"C:/Program Files/Unity/Hub/Editor/6000.6.3f1/Editor/Data/Managed/UnityEngine/UnityEditor.MediaModule.dll"
-r:"C:/Program Files/Unity/Hub/Editor/6000.6.3f1/Editor/Data/Managed/UnityEngine/UnityEditor.MultiplayerModule.dll"
-r:"C:/Program Files/Unity/Hub/Editor/6000.6.3f1/Editor/Data/Managed/UnityEngine/UnityEditor.Physics2DModule.dll"
-r:"C:/Program Files/Unity/Hub/Editor/6000.6.3f1/Editor/Data/Managed/UnityEngine/UnityEditor.PhysicsCore2DModule.dll"
-r:"C:/Program Files/Unity/Hub/Editor/6000.6.3f1/Editor/Data/Managed/UnityEngine/UnityEditor.PhysicsModule.dll"
-r:"C:/Program Files/Unity/Hub/Editor/6000.6.3f1/Editor/Data/Managed/UnityEngine/UnityEditor.PlayModeModule.dll"
-r:"C:/Program Files/Unity/Hub/Editor/6000.6.3f1/Editor/Data/Managed/UnityEngine/UnityEditor.PresetsUIModule.dll"
-r:"C:/Program Files/Unity/Hub/Editor/6000.6.3f1/Editor/Data/Managed/UnityEngine/UnityEditor.ProjectAuditorModule.dll"
-r:"C:/Program Files/Unity/Hub/Editor/6000.6.3f1/Editor/Data/Managed/UnityEngine/UnityEditor.PropertiesModule.dll"
-r:"C:/Program Files/Unity/Hub/Editor/6000.6.3f1/Editor/Data/Managed/UnityEngine/UnityEditor.QuickInstallModule.dll"
-r:"C:/Program Files/Unity/Hub/Editor/6000.6.3f1/Editor/Data/Managed/UnityEngine/UnityEditor.QuickSearchModule.dll"
-r:"C:/Program Files/Unity/Hub/Editor/6000.6.3f1/Editor/Data/Managed/UnityEngine/UnityEditor.SafeModeModule.dll"
-r:"C:/Program Files/Unity/Hub/Editor/6000.6.3f1/Editor/Data/Managed/UnityEngine/UnityEditor.SceneTemplateModule.dll"
-r:"C:/Program Files/Unity/Hub/Editor/6000.6.3f1/Editor/Data/Managed/UnityEngine/UnityEditor.SceneViewModule.dll"
-r:"C:/Program Files/Unity/Hub/Editor/6000.6.3f1/Editor/Data/Managed/UnityEngine/UnityEditor.ShaderBuildSettingsModule.dll"
-r:"C:/Program Files/Unity/Hub/Editor/6000.6.3f1/Editor/Data/Managed/UnityEngine/UnityEditor.ShaderCompilationModule.dll"
-r:"C:/Program Files/Unity/Hub/Editor/6000.6.3f1/Editor/Data/Managed/UnityEngine/UnityEditor.ShaderFoundryModule.dll"
-r:"C:/Program Files/Unity/Hub/Editor/6000.6.3f1/Editor/Data/Managed/UnityEngine/UnityEditor.ShaderPreprocessorModule.dll"
-r:"C:/Program Files/Unity/Hub/Editor/6000.6.3f1/Editor/Data/Managed/UnityEngine/UnityEditor.SketchUpModule.dll"
-r:"C:/Program Files/Unity/Hub/Editor/6000.6.3f1/Editor/Data/Managed/UnityEngine/UnityEditor.SpriteMaskModule.dll"
-r:"C:/Program Files/Unity/Hub/Editor/6000.6.3f1/Editor/Data/Managed/UnityEngine/UnityEditor.SpriteShapeModule.dll"
-r:"C:/Program Files/Unity/Hub/Editor/6000.6.3f1/Editor/Data/Managed/UnityEngine/UnityEditor.SubstanceModule.dll"
-r:"C:/Program Files/Unity/Hub/Editor/6000.6.3f1/Editor/Data/Managed/UnityEngine/UnityEditor.SyntaxTreeModule.dll"
-r:"C:/Program Files/Unity/Hub/Editor/6000.6.3f1/Editor/Data/Managed/UnityEngine/UnityEditor.TerrainModule.dll"
-r:"C:/Program Files/Unity/Hub/Editor/6000.6.3f1/Editor/Data/Managed/UnityEngine/UnityEditor.TextCoreFontEngineModule.dll"
-r:"C:/Program Files/Unity/Hub/Editor/6000.6.3f1/Editor/Data/Managed/UnityEngine/UnityEditor.TextCoreTextEngineModule.dll"
-r:"C:/Program Files/Unity/Hub/Editor/6000.6.3f1/Editor/Data/Managed/UnityEngine/UnityEditor.TextRenderingModule.dll"
-r:"C:/Program Files/Unity/Hub/Editor/6000.6.3f1/Editor/Data/Managed/UnityEngine/UnityEditor.TilemapModule.dll"
-r:"C:/Program Files/Unity/Hub/Editor/6000.6.3f1/Editor/Data/Managed/UnityEngine/UnityEditor.TimelineFoundationModule.dll"
-r:"C:/Program Files/Unity/Hub/Editor/6000.6.3f1/Editor/Data/Managed/UnityEngine/UnityEditor.TreeModule.dll"
-r:"C:/Program Files/Unity/Hub/Editor/6000.6.3f1/Editor/Data/Managed/UnityEngine/UnityEditor.U2DModule.dll"
-r:"C:/Program Files/Unity/Hub/Editor/6000.6.3f1/Editor/Data/Managed/UnityEngine/UnityEditor.UIAutomationModule.dll"
-r:"C:/Program Files/Unity/Hub/Editor/6000.6.3f1/Editor/Data/Managed/UnityEngine/UnityEditor.UIBuilderModule.dll"
-r:"C:/Program Files/Unity/Hub/Editor/6000.6.3f1/Editor/Data/Managed/UnityEngine/UnityEditor.UIElementsModule.dll"
-r:"C:/Program Files/Unity/Hub/Editor/6000.6.3f1/Editor/Data/Managed/UnityEngine/UnityEditor.UIElementsSamplesModule.dll"
-r:"C:/Program Files/Unity/Hub/Editor/6000.6.3f1/Editor/Data/Managed/UnityEngine/UnityEditor.UIToolkitAuthoringModule.dll"
-r:"C:/Program Files/Unity/Hub/Editor/6000.6.3f1/Editor/Data/Managed/UnityEngine/UnityEditor.UmbraModule.dll"
-r:"C:/Program Files/Unity/Hub/Editor/6000.6.3f1/Editor/Data/Managed/UnityEngine/UnityEditor.UnityConnectModule.dll"
-r:"C:/Program Files/Unity/Hub/Editor/6000.6.3f1/Editor/Data/Managed/UnityEngine/UnityEditor.VFXModule.dll"
-r:"C:/Program Files/Unity/Hub/Editor/6000.6.3f1/Editor/Data/Managed/UnityEngine/UnityEditor.VectorGraphicsModule.dll"
-r:"C:/Program Files/Unity/Hub/Editor/6000.6.3f1/Editor/Data/Managed/UnityEngine/UnityEditor.VideoModule.dll"
-r:"C:/Program Files/Unity/Hub/Editor/6000.6.3f1/Editor/Data/Managed/UnityEngine/UnityEditor.XRModule.dll"
-r:"C:/Program Files/Unity/Hub/Editor/6000.6.3f1/Editor/Data/Managed/UnityEngine/UnityEditor.dll"
-r:"C:/Program Files/Unity/Hub/Editor/6000.6.3f1/Editor/Data/Managed/UnityEngine/UnityEngine.AIModule.dll"
-r:"C:/Program Files/Unity/Hub/Editor/6000.6.3f1/Editor/Data/Managed/UnityEngine/UnityEngine.ARModule.dll"
-r:"C:/Program Files/Unity/Hub/Editor/6000.6.3f1/Editor/Data/Managed/UnityEngine/UnityEngine.AccessibilityModule.dll"
-r:"C:/Program Files/Unity/Hub/Editor/6000.6.3f1/Editor/Data/Managed/UnityEngine/UnityEngine.AdaptivePerformanceModule.dll"
-r:"C:/Program Files/Unity/Hub/Editor/6000.6.3f1/Editor/Data/Managed/UnityEngine/UnityEngine.AndroidJNIModule.dll"
-r:"C:/Program Files/Unity/Hub/Editor/6000.6.3f1/Editor/Data/Managed/UnityEngine/UnityEngine.AnimationModule.dll"
-r:"C:/Program Files/Unity/Hub/Editor/6000.6.3f1/Editor/Data/Managed/UnityEngine/UnityEngine.AssetBundleModule.dll"
-r:"C:/Program Files/Unity/Hub/Editor/6000.6.3f1/Editor/Data/Managed/UnityEngine/UnityEngine.AudioModule.dll"
-r:"C:/Program Files/Unity/Hub/Editor/6000.6.3f1/Editor/Data/Managed/UnityEngine/UnityEngine.BurstModule.dll"
-r:"C:/Program Files/Unity/Hub/Editor/6000.6.3f1/Editor/Data/Managed/UnityEngine/UnityEngine.ClothModule.dll"
-r:"C:/Program Files/Unity/Hub/Editor/6000.6.3f1/Editor/Data/Managed/UnityEngine/UnityEngine.ClusterInputModule.dll"
-r:"C:/Program Files/Unity/Hub/Editor/6000.6.3f1/Editor/Data/Managed/UnityEngine/UnityEngine.ClusterRendererModule.dll"
-r:"C:/Program Files/Unity/Hub/Editor/6000.6.3f1/Editor/Data/Managed/UnityEngine/UnityEngine.ContentLoadModule.dll"
-r:"C:/Program Files/Unity/Hub/Editor/6000.6.3f1/Editor/Data/Managed/UnityEngine/UnityEngine.CoreModule.dll"
-r:"C:/Program Files/Unity/Hub/Editor/6000.6.3f1/Editor/Data/Managed/UnityEngine/UnityEngine.CrashReportingModule.dll"
-r:"C:/Program Files/Unity/Hub/Editor/6000.6.3f1/Editor/Data/Managed/UnityEngine/UnityEngine.DSPGraphModule.dll"
-r:"C:/Program Files/Unity/Hub/Editor/6000.6.3f1/Editor/Data/Managed/UnityEngine/UnityEngine.DirectorModule.dll"
-r:"C:/Program Files/Unity/Hub/Editor/6000.6.3f1/Editor/Data/Managed/UnityEngine/UnityEngine.GIModule.dll"
-r:"C:/Program Files/Unity/Hub/Editor/6000.6.3f1/Editor/Data/Managed/UnityEngine/UnityEngine.GameCenterModule.dll"
-r:"C:/Program Files/Unity/Hub/Editor/6000.6.3f1/Editor/Data/Managed/UnityEngine/UnityEngine.GraphicsStateCollectionSerializerModule.dll"
-r:"C:/Program Files/Unity/Hub/Editor/6000.6.3f1/Editor/Data/Managed/UnityEngine/UnityEngine.GridModule.dll"
-r:"C:/Program Files/Unity/Hub/Editor/6000.6.3f1/Editor/Data/Managed/UnityEngine/UnityEngine.HierarchyCoreModule.dll"
-r:"C:/Program Files/Unity/Hub/Editor/6000.6.3f1/Editor/Data/Managed/UnityEngine/UnityEngine.HotReloadModule.dll"
-r:"C:/Program Files/Unity/Hub/Editor/6000.6.3f1/Editor/Data/Managed/UnityEngine/UnityEngine.IMGUIModule.dll"
-r:"C:/Program Files/Unity/Hub/Editor/6000.6.3f1/Editor/Data/Managed/UnityEngine/UnityEngine.IdentifiersModule.dll"
-r:"C:/Program Files/Unity/Hub/Editor/6000.6.3f1/Editor/Data/Managed/UnityEngine/UnityEngine.ImageConversionModule.dll"
-r:"C:/Program Files/Unity/Hub/Editor/6000.6.3f1/Editor/Data/Managed/UnityEngine/UnityEngine.InputForUIModule.dll"
-r:"C:/Program Files/Unity/Hub/Editor/6000.6.3f1/Editor/Data/Managed/UnityEngine/UnityEngine.InputLegacyModule.dll"
-r:"C:/Program Files/Unity/Hub/Editor/6000.6.3f1/Editor/Data/Managed/UnityEngine/UnityEngine.InputModule.dll"
-r:"C:/Program Files/Unity/Hub/Editor/6000.6.3f1/Editor/Data/Managed/UnityEngine/UnityEngine.InsightsModule.dll"
-r:"C:/Program Files/Unity/Hub/Editor/6000.6.3f1/Editor/Data/Managed/UnityEngine/UnityEngine.JSONSerializeModule.dll"
-r:"C:/Program Files/Unity/Hub/Editor/6000.6.3f1/Editor/Data/Managed/UnityEngine/UnityEngine.LocalizationModule.dll"
-r:"C:/Program Files/Unity/Hub/Editor/6000.6.3f1/Editor/Data/Managed/UnityEngine/UnityEngine.ManagedKernelModule.dll"
-r:"C:/Program Files/Unity/Hub/Editor/6000.6.3f1/Editor/Data/Managed/UnityEngine/UnityEngine.MarshallingModule.dll"
-r:"C:/Program Files/Unity/Hub/Editor/6000.6.3f1/Editor/Data/Managed/UnityEngine/UnityEngine.MathematicsModule.dll"
-r:"C:/Program Files/Unity/Hub/Editor/6000.6.3f1/Editor/Data/Managed/UnityEngine/UnityEngine.MultiplayerModule.dll"
-r:"C:/Program Files/Unity/Hub/Editor/6000.6.3f1/Editor/Data/Managed/UnityEngine/UnityEngine.ParticleSystemModule.dll"
-r:"C:/Program Files/Unity/Hub/Editor/6000.6.3f1/Editor/Data/Managed/UnityEngine/UnityEngine.PerformanceReportingModule.dll"
-r:"C:/Program Files/Unity/Hub/Editor/6000.6.3f1/Editor/Data/Managed/UnityEngine/UnityEngine.Physics2DModule.dll"
-r:"C:/Program Files/Unity/Hub/Editor/6000.6.3f1/Editor/Data/Managed/UnityEngine/UnityEngine.PhysicsBackendPhysXModule.dll"
-r:"C:/Program Files/Unity/Hub/Editor/6000.6.3f1/Editor/Data/Managed/UnityEngine/UnityEngine.PhysicsCore2DModule.dll"
-r:"C:/Program Files/Unity/Hub/Editor/6000.6.3f1/Editor/Data/Managed/UnityEngine/UnityEngine.PhysicsModule.dll"
-r:"C:/Program Files/Unity/Hub/Editor/6000.6.3f1/Editor/Data/Managed/UnityEngine/UnityEngine.PropertiesModule.dll"
-r:"C:/Program Files/Unity/Hub/Editor/6000.6.3f1/Editor/Data/Managed/UnityEngine/UnityEngine.RenderAs2DModule.dll"
-r:"C:/Program Files/Unity/Hub/Editor/6000.6.3f1/Editor/Data/Managed/UnityEngine/UnityEngine.RuntimeInitializeOnLoadManagerInitializerModule.dll"
-r:"C:/Program Files/Unity/Hub/Editor/6000.6.3f1/Editor/Data/Managed/UnityEngine/UnityEngine.ScreenCaptureModule.dll"
-r:"C:/Program Files/Unity/Hub/Editor/6000.6.3f1/Editor/Data/Managed/UnityEngine/UnityEngine.ScriptingModule.dll"
-r:"C:/Program Files/Unity/Hub/Editor/6000.6.3f1/Editor/Data/Managed/UnityEngine/UnityEngine.ShaderVariantAnalyticsModule.dll"
-r:"C:/Program Files/Unity/Hub/Editor/6000.6.3f1/Editor/Data/Managed/UnityEngine/UnityEngine.SpriteMaskModule.dll"
-r:"C:/Program Files/Unity/Hub/Editor/6000.6.3f1/Editor/Data/Managed/UnityEngine/UnityEngine.SpriteShapeModule.dll"
-r:"C:/Program Files/Unity/Hub/Editor/6000.6.3f1/Editor/Data/Managed/UnityEngine/UnityEngine.StreamingModule.dll"
-r:"C:/Program Files/Unity/Hub/Editor/6000.6.3f1/Editor/Data/Managed/UnityEngine/UnityEngine.SubstanceModule.dll"
-r:"C:/Program Files/Unity/Hub/Editor/6000.6.3f1/Editor/Data/Managed/UnityEngine/UnityEngine.SubsystemsModule.dll"
-r:"C:/Program Files/Unity/Hub/Editor/6000.6.3f1/Editor/Data/Managed/UnityEngine/UnityEngine.TLSModule.dll"
-r:"C:/Program Files/Unity/Hub/Editor/6000.6.3f1/Editor/Data/Managed/UnityEngine/UnityEngine.TerrainModule.dll"
-r:"C:/Program Files/Unity/Hub/Editor/6000.6.3f1/Editor/Data/Managed/UnityEngine/UnityEngine.TerrainPhysicsModule.dll"
-r:"C:/Program Files/Unity/Hub/Editor/6000.6.3f1/Editor/Data/Managed/UnityEngine/UnityEngine.TetgenModule.dll"
-r:"C:/Program Files/Unity/Hub/Editor/6000.6.3f1/Editor/Data/Managed/UnityEngine/UnityEngine.TextCoreFontEngineModule.dll"
-r:"C:/Program Files/Unity/Hub/Editor/6000.6.3f1/Editor/Data/Managed/UnityEngine/UnityEngine.TextCoreTextEngineModule.dll"
-r:"C:/Program Files/Unity/Hub/Editor/6000.6.3f1/Editor/Data/Managed/UnityEngine/UnityEngine.TextRenderingModule.dll"
-r:"C:/Program Files/Unity/Hub/Editor/6000.6.3f1/Editor/Data/Managed/UnityEngine/UnityEngine.TilemapModule.dll"
-r:"C:/Program Files/Unity/Hub/Editor/6000.6.3f1/Editor/Data/Managed/UnityEngine/UnityEngine.TimelineFoundationModule.dll"
-r:"C:/Program Files/Unity/Hub/Editor/6000.6.3f1/Editor/Data/Managed/UnityEngine/UnityEngine.U2DRuntimeModule.dll"
-r:"C:/Program Files/Unity/Hub/Editor/6000.6.3f1/Editor/Data/Managed/UnityEngine/UnityEngine.UIElementsModule.dll"
-r:"C:/Program Files/Unity/Hub/Editor/6000.6.3f1/Editor/Data/Managed/UnityEngine/UnityEngine.UIModule.dll"
-r:"C:/Program Files/Unity/Hub/Editor/6000.6.3f1/Editor/Data/Managed/UnityEngine/UnityEngine.UmbraModule.dll"
-r:"C:/Program Files/Unity/Hub/Editor/6000.6.3f1/Editor/Data/Managed/UnityEngine/UnityEngine.UnityAnalyticsCommonModule.dll"
-r:"C:/Program Files/Unity/Hub/Editor/6000.6.3f1/Editor/Data/Managed/UnityEngine/UnityEngine.UnityAnalyticsModule.dll"
-r:"C:/Program Files/Unity/Hub/Editor/6000.6.3f1/Editor/Data/Managed/UnityEngine/UnityEngine.UnityConnectModule.dll"
-r:"C:/Program Files/Unity/Hub/Editor/6000.6.3f1/Editor/Data/Managed/UnityEngine/UnityEngine.UnityConsentModule.dll"
-r:"C:/Program Files/Unity/Hub/Editor/6000.6.3f1/Editor/Data/Managed/UnityEngine/UnityEngine.UnityCurlModule.dll"
-r:"C:/Program Files/Unity/Hub/Editor/6000.6.3f1/Editor/Data/Managed/UnityEngine/UnityEngine.UnityWebRequestAssetBundleModule.dll"
-r:"C:/Program Files/Unity/Hub/Editor/6000.6.3f1/Editor/Data/Managed/UnityEngine/UnityEngine.UnityWebRequestAudioModule.dll"
-r:"C:/Program Files/Unity/Hub/Editor/6000.6.3f1/Editor/Data/Managed/UnityEngine/UnityEngine.UnityWebRequestModule.dll"
-r:"C:/Program Files/Unity/Hub/Editor/6000.6.3f1/Editor/Data/Managed/UnityEngine/UnityEngine.UnityWebRequestTextureModule.dll"
-r:"C:/Program Files/Unity/Hub/Editor/6000.6.3f1/Editor/Data/Managed/UnityEngine/UnityEngine.UnityWebRequestWWWModule.dll"
-r:"C:/Program Files/Unity/Hub/Editor/6000.6.3f1/Editor/Data/Managed/UnityEngine/UnityEngine.VFXModule.dll"
-r:"C:/Program Files/Unity/Hub/Editor/6000.6.3f1/Editor/Data/Managed/UnityEngine/UnityEngine.VectorGraphicsModule.dll"
-r:"C:/Program Files/Unity/Hub/Editor/6000.6.3f1/Editor/Data/Managed/UnityEngine/UnityEngine.VehiclesModule.dll"
-r:"C:/Program Files/Unity/Hub/Editor/6000.6.3f1/Editor/Data/Managed/UnityEngine/UnityEngine.VideoModule.dll"
-r:"C:/Program Files/Unity/Hub/Editor/6000.6.3f1/Editor/Data/Managed/UnityEngine/UnityEngine.VirtualTexturingModule.dll"
-r:"C:/Program Files/Unity/Hub/Editor/6000.6.3f1/Editor/Data/Managed/UnityEngine/UnityEngine.WindModule.dll"
-r:"C:/Program Files/Unity/Hub/Editor/6000.6.3f1/Editor/Data/Managed/UnityEngine/UnityEngine.XRModule.dll"
-r:"C:/Program Files/Unity/Hub/Editor/6000.6.3f1/Editor/Data/Managed/UnityEngine/UnityEngine.dll"
-r:"C:/Program Files/Unity/Hub/Editor/6000.6.3f1/Editor/Data/NetStandard/Extensions/2.0.0/System.Runtime.InteropServices.WindowsRuntime.dll"
-r:"C:/Program Files/Unity/Hub/Editor/6000.6.3f1/Editor/Data/NetStandard/compat/2.1.0/shims/netfx/System.ComponentModel.Composition.dll"
-r:"C:/Program Files/Unity/Hub/Editor/6000.6.3f1/Editor/Data/NetStandard/compat/2.1.0/shims/netfx/System.Core.dll"
-r:"C:/Program Files/Unity/Hub/Editor/6000.6.3f1/Editor/Data/NetStandard/compat/2.1.0/shims/netfx/System.Data.dll"
-r:"C:/Program Files/Unity/Hub/Editor/6000.6.3f1/Editor/Data/NetStandard/compat/2.1.0/shims/netfx/System.Drawing.dll"
-r:"C:/Program Files/Unity/Hub/Editor/6000.6.3f1/Editor/Data/NetStandard/compat/2.1.0/shims/netfx/System.IO.Compression.FileSystem.dll"
-r:"C:/Program Files/Unity/Hub/Editor/6000.6.3f1/Editor/Data/NetStandard/compat/2.1.0/shims/netfx/System.Net.dll"
-r:"C:/Program Files/Unity/Hub/Editor/6000.6.3f1/Editor/Data/NetStandard/compat/2.1.0/shims/netfx/System.Numerics.dll"
-r:"C:/Program Files/Unity/Hub/Editor/6000.6.3f1/Editor/Data/NetStandard/compat/2.1.0/shims/netfx/System.Runtime.Serialization.dll"
-r:"C:/Program Files/Unity/Hub/Editor/6000.6.3f1/Editor/Data/NetStandard/compat/2.1.0/shims/netfx/System.ServiceModel.Web.dll"
-r:"C:/Program Files/Unity/Hub/Editor/6000.6.3f1/Editor/Data/NetStandard/compat/2.1.0/shims/netfx/System.Transactions.dll"
-r:"C:/Program Files/Unity/Hub/Editor/6000.6.3f1/Editor/Data/NetStandard/compat/2.1.0/shims/netfx/System.Web.dll"
-r:"C:/Program Files/Unity/Hub/Editor/6000.6.3f1/Editor/Data/NetStandard/compat/2.1.0/shims/netfx/System.Windows.dll"
-r:"C:/Program Files/Unity/Hub/Editor/6000.6.3f1/Editor/Data/NetStandard/compat/2.1.0/shims/netfx/System.Xml.Linq.dll"
-r:"C:/Program Files/Unity/Hub/Editor/6000.6.3f1/Editor/Data/NetStandard/compat/2.1.0/shims/netfx/System.Xml.Serialization.dll"
-r:"C:/Program Files/Unity/Hub/Editor/6000.6.3f1/Editor/Data/NetStandard/compat/2.1.0/shims/netfx/System.Xml.dll"
-r:"C:/Program Files/Unity/Hub/Editor/6000.6.3f1/Editor/Data/NetStandard/compat/2.1.0/shims/netfx/System.dll"
-r:"C:/Program Files/Unity/Hub/Editor/6000.6.3f1/Editor/Data/NetStandard/compat/2.1.0/shims/netfx/mscorlib.dll"
-r:"C:/Program Files/Unity/Hub/Editor/6000.6.3f1/Editor/Data/NetStandard/compat/2.1.0/shims/netstandard/Microsoft.Win32.Primitives.dll"
-r:"C:/Program Files/Unity/Hub/Editor/6000.6.3f1/Editor/Data/NetStandard/compat/2.1.0/shims/netstandard/System.AppContext.dll"
-r:"C:/Program Files/Unity/Hub/Editor/6000.6.3f1/Editor/Data/NetStandard/compat/2.1.0/shims/netstandard/System.Buffers.dll"
-r:"C:/Program Files/Unity/Hub/Editor/6000.6.3f1/Editor/Data/NetStandard/compat/2.1.0/shims/netstandard/System.Collections.Concurrent.dll"
-r:"C:/Program Files/Unity/Hub/Editor/6000.6.3f1/Editor/Data/NetStandard/compat/2.1.0/shims/netstandard/System.Collections.NonGeneric.dll"
-r:"C:/Program Files/Unity/Hub/Editor/6000.6.3f1/Editor/Data/NetStandard/compat/2.1.0/shims/netstandard/System.Collections.Specialized.dll"
-r:"C:/Program Files/Unity/Hub/Editor/6000.6.3f1/Editor/Data/NetStandard/compat/2.1.0/shims/netstandard/System.Collections.dll"
-r:"C:/Program Files/Unity/Hub/Editor/6000.6.3f1/Editor/Data/NetStandard/compat/2.1.0/shims/netstandard/System.ComponentModel.EventBasedAsync.dll"
-r:"C:/Program Files/Unity/Hub/Editor/6000.6.3f1/Editor/Data/NetStandard/compat/2.1.0/shims/netstandard/System.ComponentModel.Primitives.dll"
-r:"C:/Program Files/Unity/Hub/Editor/6000.6.3f1/Editor/Data/NetStandard/compat/2.1.0/shims/netstandard/System.ComponentModel.TypeConverter.dll"
-r:"C:/Program Files/Unity/Hub/Editor/6000.6.3f1/Editor/Data/NetStandard/compat/2.1.0/shims/netstandard/System.ComponentModel.dll"
-r:"C:/Program Files/Unity/Hub/Editor/6000.6.3f1/Editor/Data/NetStandard/compat/2.1.0/shims/netstandard/System.Console.dll"
-r:"C:/Program Files/Unity/Hub/Editor/6000.6.3f1/Editor/Data/NetStandard/compat/2.1.0/shims/netstandard/System.Data.Common.dll"
-r:"C:/Program Files/Unity/Hub/Editor/6000.6.3f1/Editor/Data/NetStandard/compat/2.1.0/shims/netstandard/System.Diagnostics.Contracts.dll"
-r:"C:/Program Files/Unity/Hub/Editor/6000.6.3f1/Editor/Data/NetStandard/compat/2.1.0/shims/netstandard/System.Diagnostics.Debug.dll"
-r:"C:/Program Files/Unity/Hub/Editor/6000.6.3f1/Editor/Data/NetStandard/compat/2.1.0/shims/netstandard/System.Diagnostics.FileVersionInfo.dll"
-r:"C:/Program Files/Unity/Hub/Editor/6000.6.3f1/Editor/Data/NetStandard/compat/2.1.0/shims/netstandard/System.Diagnostics.Process.dll"
-r:"C:/Program Files/Unity/Hub/Editor/6000.6.3f1/Editor/Data/NetStandard/compat/2.1.0/shims/netstandard/System.Diagnostics.StackTrace.dll"
-r:"C:/Program Files/Unity/Hub/Editor/6000.6.3f1/Editor/Data/NetStandard/compat/2.1.0/shims/netstandard/System.Diagnostics.TextWriterTraceListener.dll"
-r:"C:/Program Files/Unity/Hub/Editor/6000.6.3f1/Editor/Data/NetStandard/compat/2.1.0/shims/netstandard/System.Diagnostics.Tools.dll"
-r:"C:/Program Files/Unity/Hub/Editor/6000.6.3f1/Editor/Data/NetStandard/compat/2.1.0/shims/netstandard/System.Diagnostics.TraceSource.dll"
-r:"C:/Program Files/Unity/Hub/Editor/6000.6.3f1/Editor/Data/NetStandard/compat/2.1.0/shims/netstandard/System.Diagnostics.Tracing.dll"
-r:"C:/Program Files/Unity/Hub/Editor/6000.6.3f1/Editor/Data/NetStandard/compat/2.1.0/shims/netstandard/System.Drawing.Primitives.dll"
-r:"C:/Program Files/Unity/Hub/Editor/6000.6.3f1/Editor/Data/NetStandard/compat/2.1.0/shims/netstandard/System.Dynamic.Runtime.dll"
-r:"C:/Program Files/Unity/Hub/Editor/6000.6.3f1/Editor/Data/NetStandard/compat/2.1.0/shims/netstandard/System.Globalization.Calendars.dll"
-r:"C:/Program Files/Unity/Hub/Editor/6000.6.3f1/Editor/Data/NetStandard/compat/2.1.0/shims/netstandard/System.Globalization.Extensions.dll"
-r:"C:/Program Files/Unity/Hub/Editor/6000.6.3f1/Editor/Data/NetStandard/compat/2.1.0/shims/netstandard/System.Globalization.dll"
-r:"C:/Program Files/Unity/Hub/Editor/6000.6.3f1/Editor/Data/NetStandard/compat/2.1.0/shims/netstandard/System.IO.Compression.ZipFile.dll"
-r:"C:/Program Files/Unity/Hub/Editor/6000.6.3f1/Editor/Data/NetStandard/compat/2.1.0/shims/netstandard/System.IO.Compression.dll"
-r:"C:/Program Files/Unity/Hub/Editor/6000.6.3f1/Editor/Data/NetStandard/compat/2.1.0/shims/netstandard/System.IO.FileSystem.DriveInfo.dll"
-r:"C:/Program Files/Unity/Hub/Editor/6000.6.3f1/Editor/Data/NetStandard/compat/2.1.0/shims/netstandard/System.IO.FileSystem.Primitives.dll"
-r:"C:/Program Files/Unity/Hub/Editor/6000.6.3f1/Editor/Data/NetStandard/compat/2.1.0/shims/netstandard/System.IO.FileSystem.Watcher.dll"
-r:"C:/Program Files/Unity/Hub/Editor/6000.6.3f1/Editor/Data/NetStandard/compat/2.1.0/shims/netstandard/System.IO.FileSystem.dll"
-r:"C:/Program Files/Unity/Hub/Editor/6000.6.3f1/Editor/Data/NetStandard/compat/2.1.0/shims/netstandard/System.IO.IsolatedStorage.dll"
-r:"C:/Program Files/Unity/Hub/Editor/6000.6.3f1/Editor/Data/NetStandard/compat/2.1.0/shims/netstandard/System.IO.MemoryMappedFiles.dll"
-r:"C:/Program Files/Unity/Hub/Editor/6000.6.3f1/Editor/Data/NetStandard/compat/2.1.0/shims/netstandard/System.IO.Pipes.dll"
-r:"C:/Program Files/Unity/Hub/Editor/6000.6.3f1/Editor/Data/NetStandard/compat/2.1.0/shims/netstandard/System.IO.UnmanagedMemoryStream.dll"
-r:"C:/Program Files/Unity/Hub/Editor/6000.6.3f1/Editor/Data/NetStandard/compat/2.1.0/shims/netstandard/System.IO.dll"
-r:"C:/Program Files/Unity/Hub/Editor/6000.6.3f1/Editor/Data/NetStandard/compat/2.1.0/shims/netstandard/System.Linq.Expressions.dll"
-r:"C:/Program Files/Unity/Hub/Editor/6000.6.3f1/Editor/Data/NetStandard/compat/2.1.0/shims/netstandard/System.Linq.Parallel.dll"
-r:"C:/Program Files/Unity/Hub/Editor/6000.6.3f1/Editor/Data/NetStandard/compat/2.1.0/shims/netstandard/System.Linq.Queryable.dll"
-r:"C:/Program Files/Unity/Hub/Editor/6000.6.3f1/Editor/Data/NetStandard/compat/2.1.0/shims/netstandard/System.Linq.dll"
-r:"C:/Program Files/Unity/Hub/Editor/6000.6.3f1/Editor/Data/NetStandard/compat/2.1.0/shims/netstandard/System.Memory.dll"
-r:"C:/Program Files/Unity/Hub/Editor/6000.6.3f1/Editor/Data/NetStandard/compat/2.1.0/shims/netstandard/System.Net.Http.dll"
-r:"C:/Program Files/Unity/Hub/Editor/6000.6.3f1/Editor/Data/NetStandard/compat/2.1.0/shims/netstandard/System.Net.NameResolution.dll"
-r:"C:/Program Files/Unity/Hub/Editor/6000.6.3f1/Editor/Data/NetStandard/compat/2.1.0/shims/netstandard/System.Net.NetworkInformation.dll"
-r:"C:/Program Files/Unity/Hub/Editor/6000.6.3f1/Editor/Data/NetStandard/compat/2.1.0/shims/netstandard/System.Net.Ping.dll"
-r:"C:/Program Files/Unity/Hub/Editor/6000.6.3f1/Editor/Data/NetStandard/compat/2.1.0/shims/netstandard/System.Net.Primitives.dll"
-r:"C:/Program Files/Unity/Hub/Editor/6000.6.3f1/Editor/Data/NetStandard/compat/2.1.0/shims/netstandard/System.Net.Requests.dll"
-r:"C:/Program Files/Unity/Hub/Editor/6000.6.3f1/Editor/Data/NetStandard/compat/2.1.0/shims/netstandard/System.Net.Security.dll"
-r:"C:/Program Files/Unity/Hub/Editor/6000.6.3f1/Editor/Data/NetStandard/compat/2.1.0/shims/netstandard/System.Net.Sockets.dll"
-r:"C:/Program Files/Unity/Hub/Editor/6000.6.3f1/Editor/Data/NetStandard/compat/2.1.0/shims/netstandard/System.Net.WebHeaderCollection.dll"
-r:"C:/Program Files/Unity/Hub/Editor/6000.6.3f1/Editor/Data/NetStandard/compat/2.1.0/shims/netstandard/System.Net.WebSockets.Client.dll"
-r:"C:/Program Files/Unity/Hub/Editor/6000.6.3f1/Editor/Data/NetStandard/compat/2.1.0/shims/netstandard/System.Net.WebSockets.dll"
-r:"C:/Program Files/Unity/Hub/Editor/6000.6.3f1/Editor/Data/NetStandard/compat/2.1.0/shims/netstandard/System.Numerics.Vectors.dll"
-r:"C:/Program Files/Unity/Hub/Editor/6000.6.3f1/Editor/Data/NetStandard/compat/2.1.0/shims/netstandard/System.ObjectModel.dll"
-r:"C:/Program Files/Unity/Hub/Editor/6000.6.3f1/Editor/Data/NetStandard/compat/2.1.0/shims/netstandard/System.Reflection.DispatchProxy.dll"
-r:"C:/Program Files/Unity/Hub/Editor/6000.6.3f1/Editor/Data/NetStandard/compat/2.1.0/shims/netstandard/System.Reflection.Emit.ILGeneration.dll"
-r:"C:/Program Files/Unity/Hub/Editor/6000.6.3f1/Editor/Data/NetStandard/compat/2.1.0/shims/netstandard/System.Reflection.Emit.Lightweight.dll"
-r:"C:/Program Files/Unity/Hub/Editor/6000.6.3f1/Editor/Data/NetStandard/compat/2.1.0/shims/netstandard/System.Reflection.Emit.dll"
-r:"C:/Program Files/Unity/Hub/Editor/6000.6.3f1/Editor/Data/NetStandard/compat/2.1.0/shims/netstandard/System.Reflection.Extensions.dll"
-r:"C:/Program Files/Unity/Hub/Editor/6000.6.3f1/Editor/Data/NetStandard/compat/2.1.0/shims/netstandard/System.Reflection.Primitives.dll"
-r:"C:/Program Files/Unity/Hub/Editor/6000.6.3f1/Editor/Data/NetStandard/compat/2.1.0/shims/netstandard/System.Reflection.dll"
-r:"C:/Program Files/Unity/Hub/Editor/6000.6.3f1/Editor/Data/NetStandard/compat/2.1.0/shims/netstandard/System.Resources.Reader.dll"
-r:"C:/Program Files/Unity/Hub/Editor/6000.6.3f1/Editor/Data/NetStandard/compat/2.1.0/shims/netstandard/System.Resources.ResourceManager.dll"
-r:"C:/Program Files/Unity/Hub/Editor/6000.6.3f1/Editor/Data/NetStandard/compat/2.1.0/shims/netstandard/System.Resources.Writer.dll"
-r:"C:/Program Files/Unity/Hub/Editor/6000.6.3f1/Editor/Data/NetStandard/compat/2.1.0/shims/netstandard/System.Runtime.CompilerServices.VisualC.dll"
-r:"C:/Program Files/Unity/Hub/Editor/6000.6.3f1/Editor/Data/NetStandard/compat/2.1.0/shims/netstandard/System.Runtime.Extensions.dll"
-r:"C:/Program Files/Unity/Hub/Editor/6000.6.3f1/Editor/Data/NetStandard/compat/2.1.0/shims/netstandard/System.Runtime.Handles.dll"
-r:"C:/Program Files/Unity/Hub/Editor/6000.6.3f1/Editor/Data/NetStandard/compat/2.1.0/shims/netstandard/System.Runtime.InteropServices.RuntimeInformation.dll"
-r:"C:/Program Files/Unity/Hub/Editor/6000.6.3f1/Editor/Data/NetStandard/compat/2.1.0/shims/netstandard/System.Runtime.InteropServices.dll"
-r:"C:/Program Files/Unity/Hub/Editor/6000.6.3f1/Editor/Data/NetStandard/compat/2.1.0/shims/netstandard/System.Runtime.Numerics.dll"
-r:"C:/Program Files/Unity/Hub/Editor/6000.6.3f1/Editor/Data/NetStandard/compat/2.1.0/shims/netstandard/System.Runtime.Serialization.Formatters.dll"
-r:"C:/Program Files/Unity/Hub/Editor/6000.6.3f1/Editor/Data/NetStandard/compat/2.1.0/shims/netstandard/System.Runtime.Serialization.Json.dll"
-r:"C:/Program Files/Unity/Hub/Editor/6000.6.3f1/Editor/Data/NetStandard/compat/2.1.0/shims/netstandard/System.Runtime.Serialization.Primitives.dll"
-r:"C:/Program Files/Unity/Hub/Editor/6000.6.3f1/Editor/Data/NetStandard/compat/2.1.0/shims/netstandard/System.Runtime.Serialization.Xml.dll"
-r:"C:/Program Files/Unity/Hub/Editor/6000.6.3f1/Editor/Data/NetStandard/compat/2.1.0/shims/netstandard/System.Runtime.dll"
-r:"C:/Program Files/Unity/Hub/Editor/6000.6.3f1/Editor/Data/NetStandard/compat/2.1.0/shims/netstandard/System.Security.Claims.dll"
-r:"C:/Program Files/Unity/Hub/Editor/6000.6.3f1/Editor/Data/NetStandard/compat/2.1.0/shims/netstandard/System.Security.Cryptography.Algorithms.dll"
-r:"C:/Program Files/Unity/Hub/Editor/6000.6.3f1/Editor/Data/NetStandard/compat/2.1.0/shims/netstandard/System.Security.Cryptography.Csp.dll"
-r:"C:/Program Files/Unity/Hub/Editor/6000.6.3f1/Editor/Data/NetStandard/compat/2.1.0/shims/netstandard/System.Security.Cryptography.Encoding.dll"
-r:"C:/Program Files/Unity/Hub/Editor/6000.6.3f1/Editor/Data/NetStandard/compat/2.1.0/shims/netstandard/System.Security.Cryptography.Primitives.dll"
-r:"C:/Program Files/Unity/Hub/Editor/6000.6.3f1/Editor/Data/NetStandard/compat/2.1.0/shims/netstandard/System.Security.Cryptography.X509Certificates.dll"
-r:"C:/Program Files/Unity/Hub/Editor/6000.6.3f1/Editor/Data/NetStandard/compat/2.1.0/shims/netstandard/System.Security.Principal.dll"
-r:"C:/Program Files/Unity/Hub/Editor/6000.6.3f1/Editor/Data/NetStandard/compat/2.1.0/shims/netstandard/System.Security.SecureString.dll"
-r:"C:/Program Files/Unity/Hub/Editor/6000.6.3f1/Editor/Data/NetStandard/compat/2.1.0/shims/netstandard/System.Text.Encoding.Extensions.dll"
-r:"C:/Program Files/Unity/Hub/Editor/6000.6.3f1/Editor/Data/NetStandard/compat/2.1.0/shims/netstandard/System.Text.Encoding.dll"
-r:"C:/Program Files/Unity/Hub/Editor/6000.6.3f1/Editor/Data/NetStandard/compat/2.1.0/shims/netstandard/System.Text.RegularExpressions.dll"
-r:"C:/Program Files/Unity/Hub/Editor/6000.6.3f1/Editor/Data/NetStandard/compat/2.1.0/shims/netstandard/System.Threading.Overlapped.dll"
-r:"C:/Program Files/Unity/Hub/Editor/6000.6.3f1/Editor/Data/NetStandard/compat/2.1.0/shims/netstandard/System.Threading.Tasks.Extensions.dll"
-r:"C:/Program Files/Unity/Hub/Editor/6000.6.3f1/Editor/Data/NetStandard/compat/2.1.0/shims/netstandard/System.Threading.Tasks.Parallel.dll"
-r:"C:/Program Files/Unity/Hub/Editor/6000.6.3f1/Editor/Data/NetStandard/compat/2.1.0/shims/netstandard/System.Threading.Tasks.dll"
-r:"C:/Program Files/Unity/Hub/Editor/6000.6.3f1/Editor/Data/NetStandard/compat/2.1.0/shims/netstandard/System.Threading.Thread.dll"
-r:"C:/Program Files/Unity/Hub/Editor/6000.6.3f1/Editor/Data/NetStandard/compat/2.1.0/shims/netstandard/System.Threading.ThreadPool.dll"
-r:"C:/Program Files/Unity/Hub/Editor/6000.6.3f1/Editor/Data/NetStandard/compat/2.1.0/shims/netstandard/System.Threading.Timer.dll"
-r:"C:/Program Files/Unity/Hub/Editor/6000.6.3f1/Editor/Data/NetStandard/compat/2.1.0/shims/netstandard/System.Threading.dll"
-r:"C:/Program Files/Unity/Hub/Editor/6000.6.3f1/Editor/Data/NetStandard/compat/2.1.0/shims/netstandard/System.ValueTuple.dll"
-r:"C:/Program Files/Unity/Hub/Editor/6000.6.3f1/Editor/Data/NetStandard/compat/2.1.0/shims/netstandard/System.Xml.ReaderWriter.dll"
-r:"C:/Program Files/Unity/Hub/Editor/6000.6.3f1/Editor/Data/NetStandard/compat/2.1.0/shims/netstandard/System.Xml.XDocument.dll"
-r:"C:/Program Files/Unity/Hub/Editor/6000.6.3f1/Editor/Data/NetStandard/compat/2.1.0/shims/netstandard/System.Xml.XPath.XDocument.dll"
-r:"C:/Program Files/Unity/Hub/Editor/6000.6.3f1/Editor/Data/NetStandard/compat/2.1.0/shims/netstandard/System.Xml.XPath.dll"
-r:"C:/Program Files/Unity/Hub/Editor/6000.6.3f1/Editor/Data/NetStandard/compat/2.1.0/shims/netstandard/System.Xml.XmlDocument.dll"
-r:"C:/Program Files/Unity/Hub/Editor/6000.6.3f1/Editor/Data/NetStandard/compat/2.1.0/shims/netstandard/System.Xml.XmlSerializer.dll"
-r:"C:/Program Files/Unity/Hub/Editor/6000.6.3f1/Editor/Data/NetStandard/ref/2.1.0/netstandard.dll"
-r:"Library/PackageCache/com.unity.ext.nunit@0198eae3b53e/net472/unity-custom/nunit.framework.dll"
-r:"Library/Bee/artifacts/1900b0aEDbg.dag/Unity.Rider.Editor.ref.dll"
-r:"Library/Bee/artifacts/1900b0aEDbg.dag/Unity.VisualStudio.Editor.ref.dll"
-analyzer:"C:/Program Files/Unity/Hub/Editor/6000.6.3f1/Editor/Data/BCLExtensions/TargetingPacks/netstandard2.1/analyzers/dotnet/roslyn4.0/cs/Microsoft.Extensions.Logging.Generators.dll"
-analyzer:"C:/Program Files/Unity/Hub/Editor/6000.6.3f1/Editor/Data/BCLExtensions/TargetingPacks/netstandard2.1/analyzers/dotnet/roslyn4.0/cs/System.Text.Json.SourceGeneration.dll"
-analyzer:"C:/Program Files/Unity/Hub/Editor/6000.6.3f1/Editor/Data/Tools/BuildPipeline/Unity.Analyzers.Common/Unity.Analyzers.Common.dll"
-analyzer:"C:/Program Files/Unity/Hub/Editor/6000.6.3f1/Editor/Data/Tools/BuildPipeline/Unity.Analyzers.LongLiving/Unity.Analyzers.LongLiving.dll"
-analyzer:"C:/Program Files/Unity/Hub/Editor/6000.6.3f1/Editor/Data/Tools/BuildPipeline/Unity.SourceGenerators/Unity.Properties.SourceGenerator.dll"
-analyzer:"C:/Program Files/Unity/Hub/Editor/6000.6.3f1/Editor/Data/Tools/BuildPipeline/Unity.SourceGenerators/Unity.SourceGenerators.dll"
-analyzer:"C:/Program Files/Unity/Hub/Editor/6000.6.3f1/Editor/Data/Tools/BuildPipeline/Unity.SourceGenerators/Unity.UIToolkit.SourceGenerator.dll"
"Assets/Twinsanity/Scripts/BeachLevelRuntime.cs"
"Assets/Twinsanity/Scripts/BeachPlayerController.cs"
"Assets/Twinsanity/Scripts/BeachSourceInstance.cs"
"Assets/Twinsanity/Scripts/CrashPlayableCharacter.cs"
"Assets/Twinsanity/Scripts/CrashPlayerController.cs"
"Assets/Twinsanity/Scripts/CrashRigAnimator.cs"
"Assets/Twinsanity/Scripts/TwinsanityCharacterRuntime.cs"
"Assets/Twinsanity/Scripts/TwinsanityFlybyRuntime.cs"
"Assets/Twinsanity/Scripts/TwinsanityLogoRuntime.cs"
"Assets/Twinsanity/Scripts/TwinsanityNativeIntro.cs"
"Assets/Twinsanity/Scripts/TwinsanitySceneryRuntime.cs"
"Assets/Twinsanity/Scripts/TwinsanityTitleScreen.cs"
"Assets/TwinsanityCharacter/Scripts/EditableCrashCamera.cs"
"Assets/TwinsanityCharacter/Scripts/EditableCrashPlayer.cs"
-langversion:9.0
/deterministic
/optimize-
/debug:portable
/nologo
/RuntimeMetadataVersion:v4.0.30319
/nowarn:0169
/nowarn:0649
/nowarn:0282
/nowarn:1701
/nowarn:1702
/utf8output
/preferreduilang:en-US
/additionalfile:"Library/Bee/artifacts/1900b0aEDbg.dag/Assembly-CSharp.UnityAdditionalFile.txt"
##### Custom Environment Variables
DOTNET_HOST_PATH=C:\Program Files\Unity\Hub\Editor\6000.6.3f1\Editor\Data\DotNetSdk\dotnet.exe
DOTNET_MULTILEVEL_LOOKUP=0
DOTNET_SYSTEM_GLOBALIZATION_USENLS=1
##### ExitCode
1
##### Output
Assets\Twinsanity\Scripts\BeachLevelRuntime.cs(583,13): error CS0103: The name 'ffollowerObject' does not exist in the current context
*** Tundra build failed (1.04 seconds), 2 items updated, 222 evaluated
## Script Compilation Error for: Csc Library/Bee/artifacts/1900b0aEDbg.dag/Assembly-CSharp.dll (+2 others)
## CmdLine: "C:\Program Files\Unity\Hub\Editor\6000.6.3f1\Editor\Data\DotNetSdk\dotnet.exe" exec "C:/Program Files/Unity/Hub/Editor/6000.6.3f1/Editor/Data/DotNetSdk/sdk/8.0.318/Roslyn/bincore/csc.dll" /nostdlib /noconfig /shared "@Library/Bee/artifacts/1900b0aEDbg.dag/Assembly-CSharp.rsp" "@Library/Bee/artifacts/1900b0aEDbg.dag/Assembly-CSharp.rsp2"
## Output:
Assets\Twinsanity\Scripts\BeachLevelRuntime.cs(583,13): error CS0103: The name 'ffollowerObject' does not exist in the current context

Total cache size 3939196
Assets\Twinsanity\Scripts\BeachLevelRuntime.cs(583,13): error CS0103: The name 'ffollowerObject' does not exist in the current context
Total cache size after purge 3939196, took 00:00:00.0228143
Unloading 3 Unused Serialized files (Serialized files now loaded: 0)
Loaded scene 'Temp/__Backupscenes/0.backup'
	Deserialize:            13.802 ms
	Integration:            52.486 ms
	Integration of assets:  0.007 ms
	Thread Wait Time:       0.006 ms
	Total Operation Time:   66.301 ms
Unloading 560 unused Assets / (67.2 MB). Loaded Objects now: 9062.
Memory consumption went from 0.54 GB to 490.6 MB.
Total: 20.057600 ms (FindLiveObjects: 1.335400 ms CreateObjectMapping: 0.138500 ms MarkObjects: 12.981300 ms  DeleteObjects: 5.360000 ms)

[Licensing::Client] Successfully resolved entitlement details
Asset Pipeline Refresh (id=53ce572e483e0aa4580a3c37f343270b): Total: 0.010 seconds - Initiated by RefreshV2(AllowForceSynchronousImport)
[ScriptCompilation] Requested script compilation because: AssetDatabase observed changes in script compilation related files
Asset Pipeline Refresh (id=796322e7575998d43af11a6f5f327c4d): Total: 0.024 seconds - Initiated by RefreshV2(NoUpdateAssetOptions)
Starting: C:\Program Files\Unity\Hub\Editor\6000.6.3f1\Editor\Data\Tools\BuildPipeline\bee_backend.exe --ipc --defer-dag-verification --dagfile="Library/Bee/1900b0aEDbg.dag" --continue-on-failure --profile="Library/Bee/backend1.traceevents" ScriptAssemblies
WorkingDir: C:/Users/eonvw/source/repos/Project-Twinsanity
ExitCode: 3 Duration: 0s627ms
[207/222    0s] ILPP-Configuration Library/ilpp-configuration.nevergeneratedoutput
[214/222    0s] Csc Library/Bee/artifacts/1900b0aEDbg.dag/Assembly-CSharp.dll (+2 others)
##### CommandLine
"C:\Program Files\Unity\Hub\Editor\6000.6.3f1\Editor\Data\DotNetSdk\dotnet.exe" exec "C:/Program Files/Unity/Hub/Editor/6000.6.3f1/Editor/Data/DotNetSdk/sdk/8.0.318/Roslyn/bincore/csc.dll" /nostdlib /noconfig /shared "@Library/Bee/artifacts/1900b0aEDbg.dag/Assembly-CSharp.rsp" "@Library/Bee/artifacts/1900b0aEDbg.dag/Assembly-CSharp.rsp2"
##### Contents of Library\Bee\artifacts\1900b0aEDbg.dag\Assembly-CSharp.rsp
-target:library
-out:"Library/Bee/artifacts/1900b0aEDbg.dag/Assembly-CSharp.dll"
-refout:"Library/Bee/artifacts/1900b0aEDbg.dag/Assembly-CSharp.ref.dll"
-define:UNITY_6000_6_3
-define:UNITY_6000_6
-define:UNITY_6000
-define:UNITY_5_3_OR_NEWER
-define:UNITY_5_4_OR_NEWER
-define:UNITY_5_5_OR_NEWER
-define:UNITY_5_6_OR_NEWER
-define:UNITY_2017_1_OR_NEWER
-define:UNITY_2017_2_OR_NEWER
-define:UNITY_2017_3_OR_NEWER
-define:UNITY_2017_4_OR_NEWER
-define:UNITY_2018_1_OR_NEWER
-define:UNITY_2018_2_OR_NEWER
-define:UNITY_2018_3_OR_NEWER
-define:UNITY_2018_4_OR_NEWER
-define:UNITY_2019_1_OR_NEWER
-define:UNITY_2019_2_OR_NEWER
-define:UNITY_2019_3_OR_NEWER
-define:UNITY_2019_4_OR_NEWER
-define:UNITY_2020_1_OR_NEWER
-define:UNITY_2020_2_OR_NEWER
-define:UNITY_2020_3_OR_NEWER
-define:UNITY_2021_1_OR_NEWER
-define:UNITY_2021_2_OR_NEWER
-define:UNITY_2021_3_OR_NEWER
-define:UNITY_2022_1_OR_NEWER
-define:UNITY_2022_2_OR_NEWER
-define:UNITY_2022_3_OR_NEWER
-define:UNITY_2023_1_OR_NEWER
-define:UNITY_2023_2_OR_NEWER
-define:UNITY_2023_3_OR_NEWER
-define:UNITY_6000_0_OR_NEWER
-define:UNITY_6000_1_OR_NEWER
-define:UNITY_6000_2_OR_NEWER
-define:UNITY_6000_3_OR_NEWER
-define:UNITY_6000_4_OR_NEWER
-define:UNITY_6000_5_OR_NEWER
-define:UNITY_6000_6_OR_NEWER
-define:PLATFORM_ARCH_64
-define:UNITY_64
-define:UNITY_INCLUDE_TESTS
-define:ENABLE_AR
-define:ENABLE_AUDIO
-define:ENABLE_AUDIO_SCRIPTABLE_PIPELINE
-define:ENABLE_BURST
-define:ENABLE_CACHING
-define:ENABLE_CLOTH
-define:ENABLE_EVENT_QUEUE
-define:ENABLE_MICROPHONE
-define:ENABLE_MULTIPLE_DISPLAYS
-define:ENABLE_PHYSICS
-define:ENABLE_TEXTURE_STREAMING
-define:ENABLE_VIRTUALTEXTURING
-define:ENABLE_LZMA
-define:ENABLE_UNITYEVENTS
-define:ENABLE_VR
-define:ENABLE_WEBCAM
-define:ENABLE_UNITYWEBREQUEST
-define:ENABLE_WWW
-define:ENABLE_CLOUD_SERVICES
-define:ENABLE_CLOUD_SERVICES_ADS
-define:ENABLE_CLOUD_SERVICES_USE_WEBREQUEST
-define:ENABLE_UNITY_CONSENT
-define:ENABLE_UNITY_CLOUD_IDENTIFIERS
-define:ENABLE_CLOUD_SERVICES_CRASH_REPORTING
-define:ENABLE_CLOUD_SERVICES_NATIVE_CRASH_REPORTING
-define:ENABLE_CLOUD_SERVICES_PURCHASING
-define:ENABLE_CLOUD_SERVICES_ANALYTICS
-define:ENABLE_CLOUD_SERVICES_BUILD
-define:ENABLE_EDITOR_GAME_SERVICES
-define:ENABLE_UNITY_GAME_SERVICES_ANALYTICS_SUPPORT
-define:ENABLE_CLOUD_LICENSE
-define:ENABLE_EDITOR_HUB_LICENSE
-define:ENABLE_WEBSOCKET_CLIENT
-define:ENABLE_GENERATE_NATIVE_PLUGINS_FOR_ASSEMBLIES_API
-define:ENABLE_DIRECTOR_AUDIO
-define:ENABLE_DIRECTOR_TEXTURE
-define:ENABLE_MANAGED_JOBS
-define:ENABLE_MANAGED_TRANSFORM_JOBS
-define:ENABLE_MANAGED_ANIMATION_JOBS
-define:ENABLE_MANAGED_AUDIO_JOBS
-define:ENABLE_MANAGED_UNITYTLS
-define:INCLUDE_DYNAMIC_GI
-define:ENABLE_SCRIPTING_GC_WBARRIERS
-define:PLATFORM_SUPPORTS_MONO
-define:RENDER_SOFTWARE_CURSOR
-define:ENABLE_MARSHALLING_TESTS
-define:ENABLE_VIDEO
-define:ENABLE_NAVIGATION_OFFMESHLINK_TO_NAVMESHLINK
-define:ENABLE_ACCELERATOR_CLIENT_DEBUGGING
-define:ENABLE_ACCESSIBILITY_SCREEN_READER
-define:TEXTCORE_1_0_OR_NEWER
-define:EDITOR_ONLY_NAVMESH_BUILDER_DEPRECATED
-define:INCLUDE_UNIFIED_RAYTRACING_COMPUTE_BACKEND
-define:INCLUDE_UNIFIED_RAYTRACING_HARDWARE_BACKEND
-define:PLATFORM_STANDALONE_WIN
-define:PLATFORM_STANDALONE
-define:UNITY_STANDALONE_WIN
-define:UNITY_STANDALONE
-define:ENABLE_RUNTIME_GI
-define:ENABLE_MOVIES
-define:ENABLE_NETWORK
-define:ENABLE_NVIDIA
-define:ENABLE_AMD
-define:ENABLE_CRUNCH_TEXTURE_COMPRESSION
-define:ENABLE_CLOUD_SERVICES_ENGINE_DIAGNOSTICS
-define:ENABLE_OUT_OF_PROCESS_CRASH_HANDLER
-define:ENABLE_CLUSTER_SYNC
-define:ENABLE_CLUSTERINPUT
-define:PLATFORM_UPDATES_TIME_OUTSIDE_OF_PLAYER_LOOP
-define:GFXDEVICE_WAITFOREVENT_MESSAGEPUMP
-define:PLATFORM_USES_EXPLICIT_MEMORY_MANAGER_INITIALIZER
-define:PLATFORM_SUPPORTS_WAIT_FOR_PRESENTATION
-define:PLATFORM_SUPPORTS_SPLIT_GRAPHICS_JOBS
-define:UNITY_SUPPORTS_GRAPHICS_API_VALIDATION
-define:PLATFORM_USES_VULKAN_OLD_SWAPCHAIN
-define:USE_READ_ASYNC_MANAGED_API
-define:ENABLE_MONO
-define:NET_STANDARD_2_0
-define:NET_STANDARD
-define:NET_STANDARD_2_1
-define:NETSTANDARD
-define:NETSTANDARD2_1
-define:ENABLE_PROFILER
-define:UNITY_INCLUDE_INSTRUMENTATION
-define:DEBUG
-define:TRACE
-define:UNITY_ASSERTIONS
-define:UNITY_ENABLE_CHECKS
-define:UNITY_EDITOR
-define:UNITY_EDITOR_64
-define:UNITY_EDITOR_WIN
-define:ENABLE_UNITY_COLLECTIONS_CHECKS
-define:ENABLE_BURST_AOT
-define:UNITY_TEAM_LICENSE
-define:ENABLE_CUSTOM_RENDER_TEXTURE
-define:ENABLE_DIRECTOR
-define:ENABLE_LOCALIZATION
-define:ENABLE_SPRITES
-define:ENABLE_TERRAIN
-define:ENABLE_TILEMAP
-define:ENABLE_TIMELINE
-define:ENABLE_LEGACY_INPUT_MANAGER
-define:TEXTCORE_FONT_ENGINE_1_5_OR_NEWER
-define:TEXTCORE_TEXT_ENGINE_1_5_OR_NEWER
-define:TEXTCORE_FONT_ENGINE_1_6_OR_NEWER
-define:CSHARP_7_OR_LATER
-define:CSHARP_7_3_OR_NEWER
-r:"C:/Program Files/Unity/Hub/Editor/6000.6.3f1/Editor/Data/BCLExtensions/TargetingPacks/netstandard2.1/ref/Microsoft.Bcl.AsyncInterfaces.dll"
-r:"C:/Program Files/Unity/Hub/Editor/6000.6.3f1/Editor/Data/BCLExtensions/TargetingPacks/netstandard2.1/ref/Microsoft.Extensions.DependencyInjection.Abstractions.dll"
-r:"C:/Program Files/Unity/Hub/Editor/6000.6.3f1/Editor/Data/BCLExtensions/TargetingPacks/netstandard2.1/ref/Microsoft.Extensions.Logging.Abstractions.dll"
-r:"C:/Program Files/Unity/Hub/Editor/6000.6.3f1/Editor/Data/BCLExtensions/TargetingPacks/netstandard2.1/ref/System.Collections.Immutable.dll"
-r:"C:/Program Files/Unity/Hub/Editor/6000.6.3f1/Editor/Data/BCLExtensions/TargetingPacks/netstandard2.1/ref/System.Diagnostics.DiagnosticSource.dll"
-r:"C:/Program Files/Unity/Hub/Editor/6000.6.3f1/Editor/Data/BCLExtensions/TargetingPacks/netstandard2.1/ref/System.IO.Hashing.dll"
-r:"C:/Program Files/Unity/Hub/Editor/6000.6.3f1/Editor/Data/BCLExtensions/TargetingPacks/netstandard2.1/ref/System.Reflection.Metadata.dll"
-r:"C:/Program Files/Unity/Hub/Editor/6000.6.3f1/Editor/Data/BCLExtensions/TargetingPacks/netstandard2.1/ref/System.Runtime.CompilerServices.Unsafe.dll"
-r:"C:/Program Files/Unity/Hub/Editor/6000.6.3f1/Editor/Data/BCLExtensions/TargetingPacks/netstandard2.1/ref/System.Text.Encodings.Web.dll"
-r:"C:/Program Files/Unity/Hub/Editor/6000.6.3f1/Editor/Data/BCLExtensions/TargetingPacks/netstandard2.1/ref/System.Text.Json.dll"
-r:"C:/Program Files/Unity/Hub/Editor/6000.6.3f1/Editor/Data/Managed/Bootstrap/Unity.Scripting.dll"
-r:"C:/Program Files/Unity/Hub/Editor/6000.6.3f1/Editor/Data/Managed/UnityEngine/UnityEditor.AIModule.dll"
-r:"C:/Program Files/Unity/Hub/Editor/6000.6.3f1/Editor/Data/Managed/UnityEngine/UnityEditor.AccessibilityModule.dll"
-r:"C:/Program Files/Unity/Hub/Editor/6000.6.3f1/Editor/Data/Managed/UnityEngine/UnityEditor.AdaptivePerformanceModule.dll"
-r:"C:/Program Files/Unity/Hub/Editor/6000.6.3f1/Editor/Data/Managed/UnityEngine/UnityEditor.AnimationWindowModule.dll"
-r:"C:/Program Files/Unity/Hub/Editor/6000.6.3f1/Editor/Data/Managed/UnityEngine/UnityEditor.AssetComplianceModule.dll"
-r:"C:/Program Files/Unity/Hub/Editor/6000.6.3f1/Editor/Data/Managed/UnityEngine/UnityEditor.BuildAnalysisModule.dll"
-r:"C:/Program Files/Unity/Hub/Editor/6000.6.3f1/Editor/Data/Managed/UnityEngine/UnityEditor.BuildProfileModule.dll"
-r:"C:/Program Files/Unity/Hub/Editor/6000.6.3f1/Editor/Data/Managed/UnityEngine/UnityEditor.BurstModule.dll"
-r:"C:/Program Files/Unity/Hub/Editor/6000.6.3f1/Editor/Data/Managed/UnityEngine/UnityEditor.ClothModule.dll"
-r:"C:/Program Files/Unity/Hub/Editor/6000.6.3f1/Editor/Data/Managed/UnityEngine/UnityEditor.ContentLoadModule.dll"
-r:"C:/Program Files/Unity/Hub/Editor/6000.6.3f1/Editor/Data/Managed/UnityEngine/UnityEditor.CoreBusinessMetricsModule.dll"
-r:"C:/Program Files/Unity/Hub/Editor/6000.6.3f1/Editor/Data/Managed/UnityEngine/UnityEditor.CoreModule.dll"
-r:"C:/Program Files/Unity/Hub/Editor/6000.6.3f1/Editor/Data/Managed/UnityEngine/UnityEditor.DeviceSimulatorModule.dll"
-r:"C:/Program Files/Unity/Hub/Editor/6000.6.3f1/Editor/Data/Managed/UnityEngine/UnityEditor.DiagnosticsModule.dll"
-r:"C:/Program Files/Unity/Hub/Editor/6000.6.3f1/Editor/Data/Managed/UnityEngine/UnityEditor.EditorToolbarModule.dll"
-r:"C:/Program Files/Unity/Hub/Editor/6000.6.3f1/Editor/Data/Managed/UnityEngine/UnityEditor.EmbreeModule.dll"
-r:"C:/Program Files/Unity/Hub/Editor/6000.6.3f1/Editor/Data/Managed/UnityEngine/UnityEditor.GIModule.dll"
-r:"C:/Program Files/Unity/Hub/Editor/6000.6.3f1/Editor/Data/Managed/UnityEngine/UnityEditor.GenericRemoteModule.dll"
-r:"C:/Program Files/Unity/Hub/Editor/6000.6.3f1/Editor/Data/Managed/UnityEngine/UnityEditor.GraphToolkitModule.dll"
-r:"C:/Program Files/Unity/Hub/Editor/6000.6.3f1/Editor/Data/Managed/UnityEngine/UnityEditor.GraphViewModule.dll"
-r:"C:/Program Files/Unity/Hub/Editor/6000.6.3f1/Editor/Data/Managed/UnityEngine/UnityEditor.GraphicsStateCollectionSerializerModule.dll"
-r:"C:/Program Files/Unity/Hub/Editor/6000.6.3f1/Editor/Data/Managed/UnityEngine/UnityEditor.GridAndSnapModule.dll"
-r:"C:/Program Files/Unity/Hub/Editor/6000.6.3f1/Editor/Data/Managed/UnityEngine/UnityEditor.GridModule.dll"
-r:"C:/Program Files/Unity/Hub/Editor/6000.6.3f1/Editor/Data/Managed/UnityEngine/UnityEditor.HierarchyModule.dll"
-r:"C:/Program Files/Unity/Hub/Editor/6000.6.3f1/Editor/Data/Managed/UnityEngine/UnityEditor.LightingModule.dll"
-r:"C:/Program Files/Unity/Hub/Editor/6000.6.3f1/Editor/Data/Managed/UnityEngine/UnityEditor.MathematicsModule.dll"
-r:"C:/Program Files/Unity/Hub/Editor/6000.6.3f1/Editor/Data/Managed/UnityEngine/UnityEditor.MediaModule.dll"
-r:"C:/Program Files/Unity/Hub/Editor/6000.6.3f1/Editor/Data/Managed/UnityEngine/UnityEditor.MultiplayerModule.dll"
-r:"C:/Program Files/Unity/Hub/Editor/6000.6.3f1/Editor/Data/Managed/UnityEngine/UnityEditor.Physics2DModule.dll"
-r:"C:/Program Files/Unity/Hub/Editor/6000.6.3f1/Editor/Data/Managed/UnityEngine/UnityEditor.PhysicsCore2DModule.dll"
-r:"C:/Program Files/Unity/Hub/Editor/6000.6.3f1/Editor/Data/Managed/UnityEngine/UnityEditor.PhysicsModule.dll"
-r:"C:/Program Files/Unity/Hub/Editor/6000.6.3f1/Editor/Data/Managed/UnityEngine/UnityEditor.PlayModeModule.dll"
-r:"C:/Program Files/Unity/Hub/Editor/6000.6.3f1/Editor/Data/Managed/UnityEngine/UnityEditor.PresetsUIModule.dll"
-r:"C:/Program Files/Unity/Hub/Editor/6000.6.3f1/Editor/Data/Managed/UnityEngine/UnityEditor.ProjectAuditorModule.dll"
-r:"C:/Program Files/Unity/Hub/Editor/6000.6.3f1/Editor/Data/Managed/UnityEngine/UnityEditor.PropertiesModule.dll"
-r:"C:/Program Files/Unity/Hub/Editor/6000.6.3f1/Editor/Data/Managed/UnityEngine/UnityEditor.QuickInstallModule.dll"
-r:"C:/Program Files/Unity/Hub/Editor/6000.6.3f1/Editor/Data/Managed/UnityEngine/UnityEditor.QuickSearchModule.dll"
-r:"C:/Program Files/Unity/Hub/Editor/6000.6.3f1/Editor/Data/Managed/UnityEngine/UnityEditor.SafeModeModule.dll"
-r:"C:/Program Files/Unity/Hub/Editor/6000.6.3f1/Editor/Data/Managed/UnityEngine/UnityEditor.SceneTemplateModule.dll"
-r:"C:/Program Files/Unity/Hub/Editor/6000.6.3f1/Editor/Data/Managed/UnityEngine/UnityEditor.SceneViewModule.dll"
-r:"C:/Program Files/Unity/Hub/Editor/6000.6.3f1/Editor/Data/Managed/UnityEngine/UnityEditor.ShaderBuildSettingsModule.dll"
-r:"C:/Program Files/Unity/Hub/Editor/6000.6.3f1/Editor/Data/Managed/UnityEngine/UnityEditor.ShaderCompilationModule.dll"
-r:"C:/Program Files/Unity/Hub/Editor/6000.6.3f1/Editor/Data/Managed/UnityEngine/UnityEditor.ShaderFoundryModule.dll"
-r:"C:/Program Files/Unity/Hub/Editor/6000.6.3f1/Editor/Data/Managed/UnityEngine/UnityEditor.ShaderPreprocessorModule.dll"
-r:"C:/Program Files/Unity/Hub/Editor/6000.6.3f1/Editor/Data/Managed/UnityEngine/UnityEditor.SketchUpModule.dll"
-r:"C:/Program Files/Unity/Hub/Editor/6000.6.3f1/Editor/Data/Managed/UnityEngine/UnityEditor.SpriteMaskModule.dll"
-r:"C:/Program Files/Unity/Hub/Editor/6000.6.3f1/Editor/Data/Managed/UnityEngine/UnityEditor.SpriteShapeModule.dll"
-r:"C:/Program Files/Unity/Hub/Editor/6000.6.3f1/Editor/Data/Managed/UnityEngine/UnityEditor.SubstanceModule.dll"
-r:"C:/Program Files/Unity/Hub/Editor/6000.6.3f1/Editor/Data/Managed/UnityEngine/UnityEditor.SyntaxTreeModule.dll"
-r:"C:/Program Files/Unity/Hub/Editor/6000.6.3f1/Editor/Data/Managed/UnityEngine/UnityEditor.TerrainModule.dll"
-r:"C:/Program Files/Unity/Hub/Editor/6000.6.3f1/Editor/Data/Managed/UnityEngine/UnityEditor.TextCoreFontEngineModule.dll"
-r:"C:/Program Files/Unity/Hub/Editor/6000.6.3f1/Editor/Data/Managed/UnityEngine/UnityEditor.TextCoreTextEngineModule.dll"
-r:"C:/Program Files/Unity/Hub/Editor/6000.6.3f1/Editor/Data/Managed/UnityEngine/UnityEditor.TextRenderingModule.dll"
-r:"C:/Program Files/Unity/Hub/Editor/6000.6.3f1/Editor/Data/Managed/UnityEngine/UnityEditor.TilemapModule.dll"
-r:"C:/Program Files/Unity/Hub/Editor/6000.6.3f1/Editor/Data/Managed/UnityEngine/UnityEditor.TimelineFoundationModule.dll"
-r:"C:/Program Files/Unity/Hub/Editor/6000.6.3f1/Editor/Data/Managed/UnityEngine/UnityEditor.TreeModule.dll"
-r:"C:/Program Files/Unity/Hub/Editor/6000.6.3f1/Editor/Data/Managed/UnityEngine/UnityEditor.U2DModule.dll"
-r:"C:/Program Files/Unity/Hub/Editor/6000.6.3f1/Editor/Data/Managed/UnityEngine/UnityEditor.UIAutomationModule.dll"
-r:"C:/Program Files/Unity/Hub/Editor/6000.6.3f1/Editor/Data/Managed/UnityEngine/UnityEditor.UIBuilderModule.dll"
-r:"C:/Program Files/Unity/Hub/Editor/6000.6.3f1/Editor/Data/Managed/UnityEngine/UnityEditor.UIElementsModule.dll"
-r:"C:/Program Files/Unity/Hub/Editor/6000.6.3f1/Editor/Data/Managed/UnityEngine/UnityEditor.UIElementsSamplesModule.dll"
-r:"C:/Program Files/Unity/Hub/Editor/6000.6.3f1/Editor/Data/Managed/UnityEngine/UnityEditor.UIToolkitAuthoringModule.dll"
-r:"C:/Program Files/Unity/Hub/Editor/6000.6.3f1/Editor/Data/Managed/UnityEngine/UnityEditor.UmbraModule.dll"
-r:"C:/Program Files/Unity/Hub/Editor/6000.6.3f1/Editor/Data/Managed/UnityEngine/UnityEditor.UnityConnectModule.dll"
-r:"C:/Program Files/Unity/Hub/Editor/6000.6.3f1/Editor/Data/Managed/UnityEngine/UnityEditor.VFXModule.dll"
-r:"C:/Program Files/Unity/Hub/Editor/6000.6.3f1/Editor/Data/Managed/UnityEngine/UnityEditor.VectorGraphicsModule.dll"
-r:"C:/Program Files/Unity/Hub/Editor/6000.6.3f1/Editor/Data/Managed/UnityEngine/UnityEditor.VideoModule.dll"
-r:"C:/Program Files/Unity/Hub/Editor/6000.6.3f1/Editor/Data/Managed/UnityEngine/UnityEditor.XRModule.dll"
-r:"C:/Program Files/Unity/Hub/Editor/6000.6.3f1/Editor/Data/Managed/UnityEngine/UnityEditor.dll"
-r:"C:/Program Files/Unity/Hub/Editor/6000.6.3f1/Editor/Data/Managed/UnityEngine/UnityEngine.AIModule.dll"
-r:"C:/Program Files/Unity/Hub/Editor/6000.6.3f1/Editor/Data/Managed/UnityEngine/UnityEngine.ARModule.dll"
-r:"C:/Program Files/Unity/Hub/Editor/6000.6.3f1/Editor/Data/Managed/UnityEngine/UnityEngine.AccessibilityModule.dll"
-r:"C:/Program Files/Unity/Hub/Editor/6000.6.3f1/Editor/Data/Managed/UnityEngine/UnityEngine.AdaptivePerformanceModule.dll"
-r:"C:/Program Files/Unity/Hub/Editor/6000.6.3f1/Editor/Data/Managed/UnityEngine/UnityEngine.AndroidJNIModule.dll"
-r:"C:/Program Files/Unity/Hub/Editor/6000.6.3f1/Editor/Data/Managed/UnityEngine/UnityEngine.AnimationModule.dll"
-r:"C:/Program Files/Unity/Hub/Editor/6000.6.3f1/Editor/Data/Managed/UnityEngine/UnityEngine.AssetBundleModule.dll"
-r:"C:/Program Files/Unity/Hub/Editor/6000.6.3f1/Editor/Data/Managed/UnityEngine/UnityEngine.AudioModule.dll"
-r:"C:/Program Files/Unity/Hub/Editor/6000.6.3f1/Editor/Data/Managed/UnityEngine/UnityEngine.BurstModule.dll"
-r:"C:/Program Files/Unity/Hub/Editor/6000.6.3f1/Editor/Data/Managed/UnityEngine/UnityEngine.ClothModule.dll"
-r:"C:/Program Files/Unity/Hub/Editor/6000.6.3f1/Editor/Data/Managed/UnityEngine/UnityEngine.ClusterInputModule.dll"
-r:"C:/Program Files/Unity/Hub/Editor/6000.6.3f1/Editor/Data/Managed/UnityEngine/UnityEngine.ClusterRendererModule.dll"
-r:"C:/Program Files/Unity/Hub/Editor/6000.6.3f1/Editor/Data/Managed/UnityEngine/UnityEngine.ContentLoadModule.dll"
-r:"C:/Program Files/Unity/Hub/Editor/6000.6.3f1/Editor/Data/Managed/UnityEngine/UnityEngine.CoreModule.dll"
-r:"C:/Program Files/Unity/Hub/Editor/6000.6.3f1/Editor/Data/Managed/UnityEngine/UnityEngine.CrashReportingModule.dll"
-r:"C:/Program Files/Unity/Hub/Editor/6000.6.3f1/Editor/Data/Managed/UnityEngine/UnityEngine.DSPGraphModule.dll"
-r:"C:/Program Files/Unity/Hub/Editor/6000.6.3f1/Editor/Data/Managed/UnityEngine/UnityEngine.DirectorModule.dll"
-r:"C:/Program Files/Unity/Hub/Editor/6000.6.3f1/Editor/Data/Managed/UnityEngine/UnityEngine.GIModule.dll"
-r:"C:/Program Files/Unity/Hub/Editor/6000.6.3f1/Editor/Data/Managed/UnityEngine/UnityEngine.GameCenterModule.dll"
-r:"C:/Program Files/Unity/Hub/Editor/6000.6.3f1/Editor/Data/Managed/UnityEngine/UnityEngine.GraphicsStateCollectionSerializerModule.dll"
-r:"C:/Program Files/Unity/Hub/Editor/6000.6.3f1/Editor/Data/Managed/UnityEngine/UnityEngine.GridModule.dll"
-r:"C:/Program Files/Unity/Hub/Editor/6000.6.3f1/Editor/Data/Managed/UnityEngine/UnityEngine.HierarchyCoreModule.dll"
-r:"C:/Program Files/Unity/Hub/Editor/6000.6.3f1/Editor/Data/Managed/UnityEngine/UnityEngine.HotReloadModule.dll"
-r:"C:/Program Files/Unity/Hub/Editor/6000.6.3f1/Editor/Data/Managed/UnityEngine/UnityEngine.IMGUIModule.dll"
-r:"C:/Program Files/Unity/Hub/Editor/6000.6.3f1/Editor/Data/Managed/UnityEngine/UnityEngine.IdentifiersModule.dll"
-r:"C:/Program Files/Unity/Hub/Editor/6000.6.3f1/Editor/Data/Managed/UnityEngine/UnityEngine.ImageConversionModule.dll"
-r:"C:/Program Files/Unity/Hub/Editor/6000.6.3f1/Editor/Data/Managed/UnityEngine/UnityEngine.InputForUIModule.dll"
-r:"C:/Program Files/Unity/Hub/Editor/6000.6.3f1/Editor/Data/Managed/UnityEngine/UnityEngine.InputLegacyModule.dll"
-r:"C:/Program Files/Unity/Hub/Editor/6000.6.3f1/Editor/Data/Managed/UnityEngine/UnityEngine.InputModule.dll"
-r:"C:/Program Files/Unity/Hub/Editor/6000.6.3f1/Editor/Data/Managed/UnityEngine/UnityEngine.InsightsModule.dll"
-r:"C:/Program Files/Unity/Hub/Editor/6000.6.3f1/Editor/Data/Managed/UnityEngine/UnityEngine.JSONSerializeModule.dll"
-r:"C:/Program Files/Unity/Hub/Editor/6000.6.3f1/Editor/Data/Managed/UnityEngine/UnityEngine.LocalizationModule.dll"
-r:"C:/Program Files/Unity/Hub/Editor/6000.6.3f1/Editor/Data/Managed/UnityEngine/UnityEngine.ManagedKernelModule.dll"
-r:"C:/Program Files/Unity/Hub/Editor/6000.6.3f1/Editor/Data/Managed/UnityEngine/UnityEngine.MarshallingModule.dll"
-r:"C:/Program Files/Unity/Hub/Editor/6000.6.3f1/Editor/Data/Managed/UnityEngine/UnityEngine.MathematicsModule.dll"
-r:"C:/Program Files/Unity/Hub/Editor/6000.6.3f1/Editor/Data/Managed/UnityEngine/UnityEngine.MultiplayerModule.dll"
-r:"C:/Program Files/Unity/Hub/Editor/6000.6.3f1/Editor/Data/Managed/UnityEngine/UnityEngine.ParticleSystemModule.dll"
-r:"C:/Program Files/Unity/Hub/Editor/6000.6.3f1/Editor/Data/Managed/UnityEngine/UnityEngine.PerformanceReportingModule.dll"
-r:"C:/Program Files/Unity/Hub/Editor/6000.6.3f1/Editor/Data/Managed/UnityEngine/UnityEngine.Physics2DModule.dll"
-r:"C:/Program Files/Unity/Hub/Editor/6000.6.3f1/Editor/Data/Managed/UnityEngine/UnityEngine.PhysicsBackendPhysXModule.dll"
-r:"C:/Program Files/Unity/Hub/Editor/6000.6.3f1/Editor/Data/Managed/UnityEngine/UnityEngine.PhysicsCore2DModule.dll"
-r:"C:/Program Files/Unity/Hub/Editor/6000.6.3f1/Editor/Data/Managed/UnityEngine/UnityEngine.PhysicsModule.dll"
-r:"C:/Program Files/Unity/Hub/Editor/6000.6.3f1/Editor/Data/Managed/UnityEngine/UnityEngine.PropertiesModule.dll"
-r:"C:/Program Files/Unity/Hub/Editor/6000.6.3f1/Editor/Data/Managed/UnityEngine/UnityEngine.RenderAs2DModule.dll"
-r:"C:/Program Files/Unity/Hub/Editor/6000.6.3f1/Editor/Data/Managed/UnityEngine/UnityEngine.RuntimeInitializeOnLoadManagerInitializerModule.dll"
-r:"C:/Program Files/Unity/Hub/Editor/6000.6.3f1/Editor/Data/Managed/UnityEngine/UnityEngine.ScreenCaptureModule.dll"
-r:"C:/Program Files/Unity/Hub/Editor/6000.6.3f1/Editor/Data/Managed/UnityEngine/UnityEngine.ScriptingModule.dll"
-r:"C:/Program Files/Unity/Hub/Editor/6000.6.3f1/Editor/Data/Managed/UnityEngine/UnityEngine.ShaderVariantAnalyticsModule.dll"
-r:"C:/Program Files/Unity/Hub/Editor/6000.6.3f1/Editor/Data/Managed/UnityEngine/UnityEngine.SpriteMaskModule.dll"
-r:"C:/Program Files/Unity/Hub/Editor/6000.6.3f1/Editor/Data/Managed/UnityEngine/UnityEngine.SpriteShapeModule.dll"
-r:"C:/Program Files/Unity/Hub/Editor/6000.6.3f1/Editor/Data/Managed/UnityEngine/UnityEngine.StreamingModule.dll"
-r:"C:/Program Files/Unity/Hub/Editor/6000.6.3f1/Editor/Data/Managed/UnityEngine/UnityEngine.SubstanceModule.dll"
-r:"C:/Program Files/Unity/Hub/Editor/6000.6.3f1/Editor/Data/Managed/UnityEngine/UnityEngine.SubsystemsModule.dll"
-r:"C:/Program Files/Unity/Hub/Editor/6000.6.3f1/Editor/Data/Managed/UnityEngine/UnityEngine.TLSModule.dll"
-r:"C:/Program Files/Unity/Hub/Editor/6000.6.3f1/Editor/Data/Managed/UnityEngine/UnityEngine.TerrainModule.dll"
-r:"C:/Program Files/Unity/Hub/Editor/6000.6.3f1/Editor/Data/Managed/UnityEngine/UnityEngine.TerrainPhysicsModule.dll"
-r:"C:/Program Files/Unity/Hub/Editor/6000.6.3f1/Editor/Data/Managed/UnityEngine/UnityEngine.TetgenModule.dll"
-r:"C:/Program Files/Unity/Hub/Editor/6000.6.3f1/Editor/Data/Managed/UnityEngine/UnityEngine.TextCoreFontEngineModule.dll"
-r:"C:/Program Files/Unity/Hub/Editor/6000.6.3f1/Editor/Data/Managed/UnityEngine/UnityEngine.TextCoreTextEngineModule.dll"
-r:"C:/Program Files/Unity/Hub/Editor/6000.6.3f1/Editor/Data/Managed/UnityEngine/UnityEngine.TextRenderingModule.dll"
-r:"C:/Program Files/Unity/Hub/Editor/6000.6.3f1/Editor/Data/Managed/UnityEngine/UnityEngine.TilemapModule.dll"
-r:"C:/Program Files/Unity/Hub/Editor/6000.6.3f1/Editor/Data/Managed/UnityEngine/UnityEngine.TimelineFoundationModule.dll"
-r:"C:/Program Files/Unity/Hub/Editor/6000.6.3f1/Editor/Data/Managed/UnityEngine/UnityEngine.U2DRuntimeModule.dll"
-r:"C:/Program Files/Unity/Hub/Editor/6000.6.3f1/Editor/Data/Managed/UnityEngine/UnityEngine.UIElementsModule.dll"
-r:"C:/Program Files/Unity/Hub/Editor/6000.6.3f1/Editor/Data/Managed/UnityEngine/UnityEngine.UIModule.dll"
-r:"C:/Program Files/Unity/Hub/Editor/6000.6.3f1/Editor/Data/Managed/UnityEngine/UnityEngine.UmbraModule.dll"
-r:"C:/Program Files/Unity/Hub/Editor/6000.6.3f1/Editor/Data/Managed/UnityEngine/UnityEngine.UnityAnalyticsCommonModule.dll"
-r:"C:/Program Files/Unity/Hub/Editor/6000.6.3f1/Editor/Data/Managed/UnityEngine/UnityEngine.UnityAnalyticsModule.dll"
-r:"C:/Program Files/Unity/Hub/Editor/6000.6.3f1/Editor/Data/Managed/UnityEngine/UnityEngine.UnityConnectModule.dll"
-r:"C:/Program Files/Unity/Hub/Editor/6000.6.3f1/Editor/Data/Managed/UnityEngine/UnityEngine.UnityConsentModule.dll"
-r:"C:/Program Files/Unity/Hub/Editor/6000.6.3f1/Editor/Data/Managed/UnityEngine/UnityEngine.UnityCurlModule.dll"
-r:"C:/Program Files/Unity/Hub/Editor/6000.6.3f1/Editor/Data/Managed/UnityEngine/UnityEngine.UnityWebRequestAssetBundleModule.dll"
-r:"C:/Program Files/Unity/Hub/Editor/6000.6.3f1/Editor/Data/Managed/UnityEngine/UnityEngine.UnityWebRequestAudioModule.dll"
-r:"C:/Program Files/Unity/Hub/Editor/6000.6.3f1/Editor/Data/Managed/UnityEngine/UnityEngine.UnityWebRequestModule.dll"
-r:"C:/Program Files/Unity/Hub/Editor/6000.6.3f1/Editor/Data/Managed/UnityEngine/UnityEngine.UnityWebRequestTextureModule.dll"
-r:"C:/Program Files/Unity/Hub/Editor/6000.6.3f1/Editor/Data/Managed/UnityEngine/UnityEngine.UnityWebRequestWWWModule.dll"
-r:"C:/Program Files/Unity/Hub/Editor/6000.6.3f1/Editor/Data/Managed/UnityEngine/UnityEngine.VFXModule.dll"
-r:"C:/Program Files/Unity/Hub/Editor/6000.6.3f1/Editor/Data/Managed/UnityEngine/UnityEngine.VectorGraphicsModule.dll"
-r:"C:/Program Files/Unity/Hub/Editor/6000.6.3f1/Editor/Data/Managed/UnityEngine/UnityEngine.VehiclesModule.dll"
-r:"C:/Program Files/Unity/Hub/Editor/6000.6.3f1/Editor/Data/Managed/UnityEngine/UnityEngine.VideoModule.dll"
-r:"C:/Program Files/Unity/Hub/Editor/6000.6.3f1/Editor/Data/Managed/UnityEngine/UnityEngine.VirtualTexturingModule.dll"
-r:"C:/Program Files/Unity/Hub/Editor/6000.6.3f1/Editor/Data/Managed/UnityEngine/UnityEngine.WindModule.dll"
-r:"C:/Program Files/Unity/Hub/Editor/6000.6.3f1/Editor/Data/Managed/UnityEngine/UnityEngine.XRModule.dll"
-r:"C:/Program Files/Unity/Hub/Editor/6000.6.3f1/Editor/Data/Managed/UnityEngine/UnityEngine.dll"
-r:"C:/Program Files/Unity/Hub/Editor/6000.6.3f1/Editor/Data/NetStandard/Extensions/2.0.0/System.Runtime.InteropServices.WindowsRuntime.dll"
-r:"C:/Program Files/Unity/Hub/Editor/6000.6.3f1/Editor/Data/NetStandard/compat/2.1.0/shims/netfx/System.ComponentModel.Composition.dll"
-r:"C:/Program Files/Unity/Hub/Editor/6000.6.3f1/Editor/Data/NetStandard/compat/2.1.0/shims/netfx/System.Core.dll"
-r:"C:/Program Files/Unity/Hub/Editor/6000.6.3f1/Editor/Data/NetStandard/compat/2.1.0/shims/netfx/System.Data.dll"
-r:"C:/Program Files/Unity/Hub/Editor/6000.6.3f1/Editor/Data/NetStandard/compat/2.1.0/shims/netfx/System.Drawing.dll"
-r:"C:/Program Files/Unity/Hub/Editor/6000.6.3f1/Editor/Data/NetStandard/compat/2.1.0/shims/netfx/System.IO.Compression.FileSystem.dll"
-r:"C:/Program Files/Unity/Hub/Editor/6000.6.3f1/Editor/Data/NetStandard/compat/2.1.0/shims/netfx/System.Net.dll"
-r:"C:/Program Files/Unity/Hub/Editor/6000.6.3f1/Editor/Data/NetStandard/compat/2.1.0/shims/netfx/System.Numerics.dll"
-r:"C:/Program Files/Unity/Hub/Editor/6000.6.3f1/Editor/Data/NetStandard/compat/2.1.0/shims/netfx/System.Runtime.Serialization.dll"
-r:"C:/Program Files/Unity/Hub/Editor/6000.6.3f1/Editor/Data/NetStandard/compat/2.1.0/shims/netfx/System.ServiceModel.Web.dll"
-r:"C:/Program Files/Unity/Hub/Editor/6000.6.3f1/Editor/Data/NetStandard/compat/2.1.0/shims/netfx/System.Transactions.dll"
-r:"C:/Program Files/Unity/Hub/Editor/6000.6.3f1/Editor/Data/NetStandard/compat/2.1.0/shims/netfx/System.Web.dll"
-r:"C:/Program Files/Unity/Hub/Editor/6000.6.3f1/Editor/Data/NetStandard/compat/2.1.0/shims/netfx/System.Windows.dll"
-r:"C:/Program Files/Unity/Hub/Editor/6000.6.3f1/Editor/Data/NetStandard/compat/2.1.0/shims/netfx/System.Xml.Linq.dll"
-r:"C:/Program Files/Unity/Hub/Editor/6000.6.3f1/Editor/Data/NetStandard/compat/2.1.0/shims/netfx/System.Xml.Serialization.dll"
-r:"C:/Program Files/Unity/Hub/Editor/6000.6.3f1/Editor/Data/NetStandard/compat/2.1.0/shims/netfx/System.Xml.dll"
-r:"C:/Program Files/Unity/Hub/Editor/6000.6.3f1/Editor/Data/NetStandard/compat/2.1.0/shims/netfx/System.dll"
-r:"C:/Program Files/Unity/Hub/Editor/6000.6.3f1/Editor/Data/NetStandard/compat/2.1.0/shims/netfx/mscorlib.dll"
-r:"C:/Program Files/Unity/Hub/Editor/6000.6.3f1/Editor/Data/NetStandard/compat/2.1.0/shims/netstandard/Microsoft.Win32.Primitives.dll"
-r:"C:/Program Files/Unity/Hub/Editor/6000.6.3f1/Editor/Data/NetStandard/compat/2.1.0/shims/netstandard/System.AppContext.dll"
-r:"C:/Program Files/Unity/Hub/Editor/6000.6.3f1/Editor/Data/NetStandard/compat/2.1.0/shims/netstandard/System.Buffers.dll"
-r:"C:/Program Files/Unity/Hub/Editor/6000.6.3f1/Editor/Data/NetStandard/compat/2.1.0/shims/netstandard/System.Collections.Concurrent.dll"
-r:"C:/Program Files/Unity/Hub/Editor/6000.6.3f1/Editor/Data/NetStandard/compat/2.1.0/shims/netstandard/System.Collections.NonGeneric.dll"
-r:"C:/Program Files/Unity/Hub/Editor/6000.6.3f1/Editor/Data/NetStandard/compat/2.1.0/shims/netstandard/System.Collections.Specialized.dll"
-r:"C:/Program Files/Unity/Hub/Editor/6000.6.3f1/Editor/Data/NetStandard/compat/2.1.0/shims/netstandard/System.Collections.dll"
-r:"C:/Program Files/Unity/Hub/Editor/6000.6.3f1/Editor/Data/NetStandard/compat/2.1.0/shims/netstandard/System.ComponentModel.EventBasedAsync.dll"
-r:"C:/Program Files/Unity/Hub/Editor/6000.6.3f1/Editor/Data/NetStandard/compat/2.1.0/shims/netstandard/System.ComponentModel.Primitives.dll"
-r:"C:/Program Files/Unity/Hub/Editor/6000.6.3f1/Editor/Data/NetStandard/compat/2.1.0/shims/netstandard/System.ComponentModel.TypeConverter.dll"
-r:"C:/Program Files/Unity/Hub/Editor/6000.6.3f1/Editor/Data/NetStandard/compat/2.1.0/shims/netstandard/System.ComponentModel.dll"
-r:"C:/Program Files/Unity/Hub/Editor/6000.6.3f1/Editor/Data/NetStandard/compat/2.1.0/shims/netstandard/System.Console.dll"
-r:"C:/Program Files/Unity/Hub/Editor/6000.6.3f1/Editor/Data/NetStandard/compat/2.1.0/shims/netstandard/System.Data.Common.dll"
-r:"C:/Program Files/Unity/Hub/Editor/6000.6.3f1/Editor/Data/NetStandard/compat/2.1.0/shims/netstandard/System.Diagnostics.Contracts.dll"
-r:"C:/Program Files/Unity/Hub/Editor/6000.6.3f1/Editor/Data/NetStandard/compat/2.1.0/shims/netstandard/System.Diagnostics.Debug.dll"
-r:"C:/Program Files/Unity/Hub/Editor/6000.6.3f1/Editor/Data/NetStandard/compat/2.1.0/shims/netstandard/System.Diagnostics.FileVersionInfo.dll"
-r:"C:/Program Files/Unity/Hub/Editor/6000.6.3f1/Editor/Data/NetStandard/compat/2.1.0/shims/netstandard/System.Diagnostics.Process.dll"
-r:"C:/Program Files/Unity/Hub/Editor/6000.6.3f1/Editor/Data/NetStandard/compat/2.1.0/shims/netstandard/System.Diagnostics.StackTrace.dll"
-r:"C:/Program Files/Unity/Hub/Editor/6000.6.3f1/Editor/Data/NetStandard/compat/2.1.0/shims/netstandard/System.Diagnostics.TextWriterTraceListener.dll"
-r:"C:/Program Files/Unity/Hub/Editor/6000.6.3f1/Editor/Data/NetStandard/compat/2.1.0/shims/netstandard/System.Diagnostics.Tools.dll"
-r:"C:/Program Files/Unity/Hub/Editor/6000.6.3f1/Editor/Data/NetStandard/compat/2.1.0/shims/netstandard/System.Diagnostics.TraceSource.dll"
-r:"C:/Program Files/Unity/Hub/Editor/6000.6.3f1/Editor/Data/NetStandard/compat/2.1.0/shims/netstandard/System.Diagnostics.Tracing.dll"
-r:"C:/Program Files/Unity/Hub/Editor/6000.6.3f1/Editor/Data/NetStandard/compat/2.1.0/shims/netstandard/System.Drawing.Primitives.dll"
-r:"C:/Program Files/Unity/Hub/Editor/6000.6.3f1/Editor/Data/NetStandard/compat/2.1.0/shims/netstandard/System.Dynamic.Runtime.dll"
-r:"C:/Program Files/Unity/Hub/Editor/6000.6.3f1/Editor/Data/NetStandard/compat/2.1.0/shims/netstandard/System.Globalization.Calendars.dll"
-r:"C:/Program Files/Unity/Hub/Editor/6000.6.3f1/Editor/Data/NetStandard/compat/2.1.0/shims/netstandard/System.Globalization.Extensions.dll"
-r:"C:/Program Files/Unity/Hub/Editor/6000.6.3f1/Editor/Data/NetStandard/compat/2.1.0/shims/netstandard/System.Globalization.dll"
-r:"C:/Program Files/Unity/Hub/Editor/6000.6.3f1/Editor/Data/NetStandard/compat/2.1.0/shims/netstandard/System.IO.Compression.ZipFile.dll"
-r:"C:/Program Files/Unity/Hub/Editor/6000.6.3f1/Editor/Data/NetStandard/compat/2.1.0/shims/netstandard/System.IO.Compression.dll"
-r:"C:/Program Files/Unity/Hub/Editor/6000.6.3f1/Editor/Data/NetStandard/compat/2.1.0/shims/netstandard/System.IO.FileSystem.DriveInfo.dll"
-r:"C:/Program Files/Unity/Hub/Editor/6000.6.3f1/Editor/Data/NetStandard/compat/2.1.0/shims/netstandard/System.IO.FileSystem.Primitives.dll"
-r:"C:/Program Files/Unity/Hub/Editor/6000.6.3f1/Editor/Data/NetStandard/compat/2.1.0/shims/netstandard/System.IO.FileSystem.Watcher.dll"
-r:"C:/Program Files/Unity/Hub/Editor/6000.6.3f1/Editor/Data/NetStandard/compat/2.1.0/shims/netstandard/System.IO.FileSystem.dll"
-r:"C:/Program Files/Unity/Hub/Editor/6000.6.3f1/Editor/Data/NetStandard/compat/2.1.0/shims/netstandard/System.IO.IsolatedStorage.dll"
-r:"C:/Program Files/Unity/Hub/Editor/6000.6.3f1/Editor/Data/NetStandard/compat/2.1.0/shims/netstandard/System.IO.MemoryMappedFiles.dll"
-r:"C:/Program Files/Unity/Hub/Editor/6000.6.3f1/Editor/Data/NetStandard/compat/2.1.0/shims/netstandard/System.IO.Pipes.dll"
-r:"C:/Program Files/Unity/Hub/Editor/6000.6.3f1/Editor/Data/NetStandard/compat/2.1.0/shims/netstandard/System.IO.UnmanagedMemoryStream.dll"
-r:"C:/Program Files/Unity/Hub/Editor/6000.6.3f1/Editor/Data/NetStandard/compat/2.1.0/shims/netstandard/System.IO.dll"
-r:"C:/Program Files/Unity/Hub/Editor/6000.6.3f1/Editor/Data/NetStandard/compat/2.1.0/shims/netstandard/System.Linq.Expressions.dll"
-r:"C:/Program Files/Unity/Hub/Editor/6000.6.3f1/Editor/Data/NetStandard/compat/2.1.0/shims/netstandard/System.Linq.Parallel.dll"
-r:"C:/Program Files/Unity/Hub/Editor/6000.6.3f1/Editor/Data/NetStandard/compat/2.1.0/shims/netstandard/System.Linq.Queryable.dll"
-r:"C:/Program Files/Unity/Hub/Editor/6000.6.3f1/Editor/Data/NetStandard/compat/2.1.0/shims/netstandard/System.Linq.dll"
-r:"C:/Program Files/Unity/Hub/Editor/6000.6.3f1/Editor/Data/NetStandard/compat/2.1.0/shims/netstandard/System.Memory.dll"
-r:"C:/Program Files/Unity/Hub/Editor/6000.6.3f1/Editor/Data/NetStandard/compat/2.1.0/shims/netstandard/System.Net.Http.dll"
-r:"C:/Program Files/Unity/Hub/Editor/6000.6.3f1/Editor/Data/NetStandard/compat/2.1.0/shims/netstandard/System.Net.NameResolution.dll"
-r:"C:/Program Files/Unity/Hub/Editor/6000.6.3f1/Editor/Data/NetStandard/compat/2.1.0/shims/netstandard/System.Net.NetworkInformation.dll"
-r:"C:/Program Files/Unity/Hub/Editor/6000.6.3f1/Editor/Data/NetStandard/compat/2.1.0/shims/netstandard/System.Net.Ping.dll"
-r:"C:/Program Files/Unity/Hub/Editor/6000.6.3f1/Editor/Data/NetStandard/compat/2.1.0/shims/netstandard/System.Net.Primitives.dll"
-r:"C:/Program Files/Unity/Hub/Editor/6000.6.3f1/Editor/Data/NetStandard/compat/2.1.0/shims/netstandard/System.Net.Requests.dll"
-r:"C:/Program Files/Unity/Hub/Editor/6000.6.3f1/Editor/Data/NetStandard/compat/2.1.0/shims/netstandard/System.Net.Security.dll"
-r:"C:/Program Files/Unity/Hub/Editor/6000.6.3f1/Editor/Data/NetStandard/compat/2.1.0/shims/netstandard/System.Net.Sockets.dll"
-r:"C:/Program Files/Unity/Hub/Editor/6000.6.3f1/Editor/Data/NetStandard/compat/2.1.0/shims/netstandard/System.Net.WebHeaderCollection.dll"
-r:"C:/Program Files/Unity/Hub/Editor/6000.6.3f1/Editor/Data/NetStandard/compat/2.1.0/shims/netstandard/System.Net.WebSockets.Client.dll"
-r:"C:/Program Files/Unity/Hub/Editor/6000.6.3f1/Editor/Data/NetStandard/compat/2.1.0/shims/netstandard/System.Net.WebSockets.dll"
-r:"C:/Program Files/Unity/Hub/Editor/6000.6.3f1/Editor/Data/NetStandard/compat/2.1.0/shims/netstandard/System.Numerics.Vectors.dll"
-r:"C:/Program Files/Unity/Hub/Editor/6000.6.3f1/Editor/Data/NetStandard/compat/2.1.0/shims/netstandard/System.ObjectModel.dll"
-r:"C:/Program Files/Unity/Hub/Editor/6000.6.3f1/Editor/Data/NetStandard/compat/2.1.0/shims/netstandard/System.Reflection.DispatchProxy.dll"
-r:"C:/Program Files/Unity/Hub/Editor/6000.6.3f1/Editor/Data/NetStandard/compat/2.1.0/shims/netstandard/System.Reflection.Emit.ILGeneration.dll"
-r:"C:/Program Files/Unity/Hub/Editor/6000.6.3f1/Editor/Data/NetStandard/compat/2.1.0/shims/netstandard/System.Reflection.Emit.Lightweight.dll"
-r:"C:/Program Files/Unity/Hub/Editor/6000.6.3f1/Editor/Data/NetStandard/compat/2.1.0/shims/netstandard/System.Reflection.Emit.dll"
-r:"C:/Program Files/Unity/Hub/Editor/6000.6.3f1/Editor/Data/NetStandard/compat/2.1.0/shims/netstandard/System.Reflection.Extensions.dll"
-r:"C:/Program Files/Unity/Hub/Editor/6000.6.3f1/Editor/Data/NetStandard/compat/2.1.0/shims/netstandard/System.Reflection.Primitives.dll"
-r:"C:/Program Files/Unity/Hub/Editor/6000.6.3f1/Editor/Data/NetStandard/compat/2.1.0/shims/netstandard/System.Reflection.dll"
-r:"C:/Program Files/Unity/Hub/Editor/6000.6.3f1/Editor/Data/NetStandard/compat/2.1.0/shims/netstandard/System.Resources.Reader.dll"
-r:"C:/Program Files/Unity/Hub/Editor/6000.6.3f1/Editor/Data/NetStandard/compat/2.1.0/shims/netstandard/System.Resources.ResourceManager.dll"
-r:"C:/Program Files/Unity/Hub/Editor/6000.6.3f1/Editor/Data/NetStandard/compat/2.1.0/shims/netstandard/System.Resources.Writer.dll"
-r:"C:/Program Files/Unity/Hub/Editor/6000.6.3f1/Editor/Data/NetStandard/compat/2.1.0/shims/netstandard/System.Runtime.CompilerServices.VisualC.dll"
-r:"C:/Program Files/Unity/Hub/Editor/6000.6.3f1/Editor/Data/NetStandard/compat/2.1.0/shims/netstandard/System.Runtime.Extensions.dll"
-r:"C:/Program Files/Unity/Hub/Editor/6000.6.3f1/Editor/Data/NetStandard/compat/2.1.0/shims/netstandard/System.Runtime.Handles.dll"
-r:"C:/Program Files/Unity/Hub/Editor/6000.6.3f1/Editor/Data/NetStandard/compat/2.1.0/shims/netstandard/System.Runtime.InteropServices.RuntimeInformation.dll"
-r:"C:/Program Files/Unity/Hub/Editor/6000.6.3f1/Editor/Data/NetStandard/compat/2.1.0/shims/netstandard/System.Runtime.InteropServices.dll"
-r:"C:/Program Files/Unity/Hub/Editor/6000.6.3f1/Editor/Data/NetStandard/compat/2.1.0/shims/netstandard/System.Runtime.Numerics.dll"
-r:"C:/Program Files/Unity/Hub/Editor/6000.6.3f1/Editor/Data/NetStandard/compat/2.1.0/shims/netstandard/System.Runtime.Serialization.Formatters.dll"
-r:"C:/Program Files/Unity/Hub/Editor/6000.6.3f1/Editor/Data/NetStandard/compat/2.1.0/shims/netstandard/System.Runtime.Serialization.Json.dll"
-r:"C:/Program Files/Unity/Hub/Editor/6000.6.3f1/Editor/Data/NetStandard/compat/2.1.0/shims/netstandard/System.Runtime.Serialization.Primitives.dll"
-r:"C:/Program Files/Unity/Hub/Editor/6000.6.3f1/Editor/Data/NetStandard/compat/2.1.0/shims/netstandard/System.Runtime.Serialization.Xml.dll"
-r:"C:/Program Files/Unity/Hub/Editor/6000.6.3f1/Editor/Data/NetStandard/compat/2.1.0/shims/netstandard/System.Runtime.dll"
-r:"C:/Program Files/Unity/Hub/Editor/6000.6.3f1/Editor/Data/NetStandard/compat/2.1.0/shims/netstandard/System.Security.Claims.dll"
-r:"C:/Program Files/Unity/Hub/Editor/6000.6.3f1/Editor/Data/NetStandard/compat/2.1.0/shims/netstandard/System.Security.Cryptography.Algorithms.dll"
-r:"C:/Program Files/Unity/Hub/Editor/6000.6.3f1/Editor/Data/NetStandard/compat/2.1.0/shims/netstandard/System.Security.Cryptography.Csp.dll"
-r:"C:/Program Files/Unity/Hub/Editor/6000.6.3f1/Editor/Data/NetStandard/compat/2.1.0/shims/netstandard/System.Security.Cryptography.Encoding.dll"
-r:"C:/Program Files/Unity/Hub/Editor/6000.6.3f1/Editor/Data/NetStandard/compat/2.1.0/shims/netstandard/System.Security.Cryptography.Primitives.dll"
-r:"C:/Program Files/Unity/Hub/Editor/6000.6.3f1/Editor/Data/NetStandard/compat/2.1.0/shims/netstandard/System.Security.Cryptography.X509Certificates.dll"
-r:"C:/Program Files/Unity/Hub/Editor/6000.6.3f1/Editor/Data/NetStandard/compat/2.1.0/shims/netstandard/System.Security.Principal.dll"
-r:"C:/Program Files/Unity/Hub/Editor/6000.6.3f1/Editor/Data/NetStandard/compat/2.1.0/shims/netstandard/System.Security.SecureString.dll"
-r:"C:/Program Files/Unity/Hub/Editor/6000.6.3f1/Editor/Data/NetStandard/compat/2.1.0/shims/netstandard/System.Text.Encoding.Extensions.dll"
-r:"C:/Program Files/Unity/Hub/Editor/6000.6.3f1/Editor/Data/NetStandard/compat/2.1.0/shims/netstandard/System.Text.Encoding.dll"
-r:"C:/Program Files/Unity/Hub/Editor/6000.6.3f1/Editor/Data/NetStandard/compat/2.1.0/shims/netstandard/System.Text.RegularExpressions.dll"
-r:"C:/Program Files/Unity/Hub/Editor/6000.6.3f1/Editor/Data/NetStandard/compat/2.1.0/shims/netstandard/System.Threading.Overlapped.dll"
-r:"C:/Program Files/Unity/Hub/Editor/6000.6.3f1/Editor/Data/NetStandard/compat/2.1.0/shims/netstandard/System.Threading.Tasks.Extensions.dll"
-r:"C:/Program Files/Unity/Hub/Editor/6000.6.3f1/Editor/Data/NetStandard/compat/2.1.0/shims/netstandard/System.Threading.Tasks.Parallel.dll"
-r:"C:/Program Files/Unity/Hub/Editor/6000.6.3f1/Editor/Data/NetStandard/compat/2.1.0/shims/netstandard/System.Threading.Tasks.dll"
-r:"C:/Program Files/Unity/Hub/Editor/6000.6.3f1/Editor/Data/NetStandard/compat/2.1.0/shims/netstandard/System.Threading.Thread.dll"
-r:"C:/Program Files/Unity/Hub/Editor/6000.6.3f1/Editor/Data/NetStandard/compat/2.1.0/shims/netstandard/System.Threading.ThreadPool.dll"
-r:"C:/Program Files/Unity/Hub/Editor/6000.6.3f1/Editor/Data/NetStandard/compat/2.1.0/shims/netstandard/System.Threading.Timer.dll"
-r:"C:/Program Files/Unity/Hub/Editor/6000.6.3f1/Editor/Data/NetStandard/compat/2.1.0/shims/netstandard/System.Threading.dll"
-r:"C:/Program Files/Unity/Hub/Editor/6000.6.3f1/Editor/Data/NetStandard/compat/2.1.0/shims/netstandard/System.ValueTuple.dll"
-r:"C:/Program Files/Unity/Hub/Editor/6000.6.3f1/Editor/Data/NetStandard/compat/2.1.0/shims/netstandard/System.Xml.ReaderWriter.dll"
-r:"C:/Program Files/Unity/Hub/Editor/6000.6.3f1/Editor/Data/NetStandard/compat/2.1.0/shims/netstandard/System.Xml.XDocument.dll"
-r:"C:/Program Files/Unity/Hub/Editor/6000.6.3f1/Editor/Data/NetStandard/compat/2.1.0/shims/netstandard/System.Xml.XPath.XDocument.dll"
-r:"C:/Program Files/Unity/Hub/Editor/6000.6.3f1/Editor/Data/NetStandard/compat/2.1.0/shims/netstandard/System.Xml.XPath.dll"
-r:"C:/Program Files/Unity/Hub/Editor/6000.6.3f1/Editor/Data/NetStandard/compat/2.1.0/shims/netstandard/System.Xml.XmlDocument.dll"
-r:"C:/Program Files/Unity/Hub/Editor/6000.6.3f1/Editor/Data/NetStandard/compat/2.1.0/shims/netstandard/System.Xml.XmlSerializer.dll"
-r:"C:/Program Files/Unity/Hub/Editor/6000.6.3f1/Editor/Data/NetStandard/ref/2.1.0/netstandard.dll"
-r:"Library/PackageCache/com.unity.ext.nunit@0198eae3b53e/net472/unity-custom/nunit.framework.dll"
-r:"Library/Bee/artifacts/1900b0aEDbg.dag/Unity.Rider.Editor.ref.dll"
-r:"Library/Bee/artifacts/1900b0aEDbg.dag/Unity.VisualStudio.Editor.ref.dll"
-analyzer:"C:/Program Files/Unity/Hub/Editor/6000.6.3f1/Editor/Data/BCLExtensions/TargetingPacks/netstandard2.1/analyzers/dotnet/roslyn4.0/cs/Microsoft.Extensions.Logging.Generators.dll"
-analyzer:"C:/Program Files/Unity/Hub/Editor/6000.6.3f1/Editor/Data/BCLExtensions/TargetingPacks/netstandard2.1/analyzers/dotnet/roslyn4.0/cs/System.Text.Json.SourceGeneration.dll"
-analyzer:"C:/Program Files/Unity/Hub/Editor/6000.6.3f1/Editor/Data/Tools/BuildPipeline/Unity.Analyzers.Common/Unity.Analyzers.Common.dll"
-analyzer:"C:/Program Files/Unity/Hub/Editor/6000.6.3f1/Editor/Data/Tools/BuildPipeline/Unity.Analyzers.LongLiving/Unity.Analyzers.LongLiving.dll"
-analyzer:"C:/Program Files/Unity/Hub/Editor/6000.6.3f1/Editor/Data/Tools/BuildPipeline/Unity.SourceGenerators/Unity.Properties.SourceGenerator.dll"
-analyzer:"C:/Program Files/Unity/Hub/Editor/6000.6.3f1/Editor/Data/Tools/BuildPipeline/Unity.SourceGenerators/Unity.SourceGenerators.dll"
-analyzer:"C:/Program Files/Unity/Hub/Editor/6000.6.3f1/Editor/Data/Tools/BuildPipeline/Unity.SourceGenerators/Unity.UIToolkit.SourceGenerator.dll"
"Assets/Twinsanity/Scripts/BeachLevelRuntime.cs"
"Assets/Twinsanity/Scripts/BeachPlayerController.cs"
"Assets/Twinsanity/Scripts/BeachSourceInstance.cs"
"Assets/Twinsanity/Scripts/CrashPlayableCharacter.cs"
"Assets/Twinsanity/Scripts/CrashPlayerController.cs"
"Assets/Twinsanity/Scripts/CrashRigAnimator.cs"
"Assets/Twinsanity/Scripts/TwinsanityCharacterRuntime.cs"
"Assets/Twinsanity/Scripts/TwinsanityFlybyRuntime.cs"
"Assets/Twinsanity/Scripts/TwinsanityLogoRuntime.cs"
"Assets/Twinsanity/Scripts/TwinsanityNativeIntro.cs"
"Assets/Twinsanity/Scripts/TwinsanitySceneryRuntime.cs"
"Assets/Twinsanity/Scripts/TwinsanityTitleScreen.cs"
"Assets/TwinsanityCharacter/Scripts/EditableCrashCamera.cs"
"Assets/TwinsanityCharacter/Scripts/EditableCrashPlayer.cs"
-langversion:9.0
/deterministic
/optimize-
/debug:portable
/nologo
/RuntimeMetadataVersion:v4.0.30319
/nowarn:0169
/nowarn:0649
/nowarn:0282
/nowarn:1701
/nowarn:1702
/utf8output
/preferreduilang:en-US
/additionalfile:"Library/Bee/artifacts/1900b0aEDbg.dag/Assembly-CSharp.UnityAdditionalFile.txt"
##### Custom Environment Variables
DOTNET_HOST_PATH=C:\Program Files\Unity\Hub\Editor\6000.6.3f1\Editor\Data\DotNetSdk\dotnet.exe
DOTNET_MULTILEVEL_LOOKUP=0
DOTNET_SYSTEM_GLOBALIZATION_USENLS=1
##### ExitCode
1
##### Output
Assets\Twinsanity\Scripts\BeachLevelRuntime.cs(583,13): error CS0103: The name 'ffollowerObject' does not exist in the current context
*** Tundra build failed (0.59 seconds), 2 items updated, 222 evaluated
## Script Compilation Error for: Csc Library/Bee/artifacts/1900b0aEDbg.dag/Assembly-CSharp.dll (+2 others)
## CmdLine: "C:\Program Files\Unity\Hub\Editor\6000.6.3f1\Editor\Data\DotNetSdk\dotnet.exe" exec "C:/Program Files/Unity/Hub/Editor/6000.6.3f1/Editor/Data/DotNetSdk/sdk/8.0.318/Roslyn/bincore/csc.dll" /nostdlib /noconfig /shared "@Library/Bee/artifacts/1900b0aEDbg.dag/Assembly-CSharp.rsp" "@Library/Bee/artifacts/1900b0aEDbg.dag/Assembly-CSharp.rsp2"
## Output:
Assets\Twinsanity\Scripts\BeachLevelRuntime.cs(583,13): error CS0103: The name 'ffollowerObject' does not exist in the current context

Assets\Twinsanity\Scripts\BeachLevelRuntime.cs(583,13): error CS0103: The name 'ffollowerObject' does not exist in the current context
Total cache size 3939196
Total cache size after purge 3939196, took 00:00:00.0148495
[ScriptCompilation] Requested script compilation because: AssetDatabase observed changes in script compilation related files
Asset Pipeline Refresh (id=e5dbe8b49b6aa4d44b3dc709cffb597f): Total: 0.034 seconds - Initiated by RefreshV2(NoUpdateAssetOptions)
Starting: C:\Program Files\Unity\Hub\Editor\6000.6.3f1\Editor\Data\Tools\BuildPipeline\bee_backend.exe --ipc --defer-dag-verification --dagfile="Library/Bee/1900b0aEDbg.dag" --continue-on-failure --profile="Library/Bee/backend1.traceevents" ScriptAssemblies
WorkingDir: C:/Users/eonvw/source/repos/Project-Twinsanity
ExitCode: 0 Duration: 0s739ms
[207/222    0s] ILPP-Configuration Library/ilpp-configuration.nevergeneratedoutput
[214/222    0s] Csc Library/Bee/artifacts/1900b0aEDbg.dag/Assembly-CSharp.dll (+2 others)
[216/222    0s] ILPostProcess Library/Bee/artifacts/1900b0aEDbg.dag/post-processed/Assembly-CSharp-Editor.dll (+pdb)
Processing assembly Library/Bee/artifacts/1900b0aEDbg.dag/Assembly-CSharp-Editor.dll, with 146 defines and 302 references

processors: zzzUnity.Burst.CodeGen.BurstILPostProcessor

1 processor(s) skipped this assembly
[217/222    0s] ILPostProcess Library/Bee/artifacts/1900b0aEDbg.dag/post-processed/Assembly-CSharp.dll (+pdb)
Processing assembly Library/Bee/artifacts/1900b0aEDbg.dag/Assembly-CSharp.dll, with 148 defines and 289 references

processors: zzzUnity.Burst.CodeGen.BurstILPostProcessor

1 processor(s) skipped this assembly
[219/222    0s] CopyFiles Library/ScriptAssemblies/Assembly-CSharp.pdb
[221/222    0s] CopyFiles Library/ScriptAssemblies/Assembly-CSharp.dll
*** Tundra build success (0.69 seconds), 6 items updated, 222 evaluated
Total cache size 3939196
Total cache size after purge 3939196, took 00:00:00.0143084
Reloading assemblies after finishing script compilation.
Reloading assemblies after forced synchronous recompile.
Begin MonoManager ReloadAssembly
Native extension for WindowsStandalone target not found
Native extension for WebGL target not found
[MODES] ModeService[none].Initialize
[MODES] ModeService[none].LoadModes
ScheduleIndexationOnStartup MainProcess:True IndexOnStartup:True
Scripting: successfully reloaded assembly
- Finished resetting the current domain, in  2.171 seconds
Domain Reload Profiling: 3357ms
	BeginReloadAssembly (841ms)
		DisableScriptedObjects (180ms)
		CreateAndSetChildDomain (295ms)
	RebuildCommonClasses (14ms)
	RebuildNativeTypeToScriptingClass (27ms)
	initialDomainReloadingComplete (72ms)
	LoadAllAssembliesAndSetupDomain (231ms)
		LoadAssemblies (181ms)
		TypeCache.Refresh (8ms)
		AnalyzeDomain (23ms)
			BuildScriptInfoCaches (20ms)
	FinalizeReload (2172ms)
		SetupLoadedEditorAssemblies (0ms)
			InitializePlatformSupportModulesInManaged (5ms)
			BeforeProcessingInitializeOnLoad (253ms)
			ProcessInitializeOnLoadAttributes (153ms)
			ProcessInitializeOnLoadMethodAttributes (84ms)
			AfterProcessingInitializeOnLoad (15ms)
		AwakeInstancesAfterBackupRestoration (1096ms)

Asset Pipeline Refresh (id=b705f07652bb12446b99e5f306e7f490): Total: 3.569 seconds - Initiated by StopAssetImportingV2(ForceSynchronousImport | ForceDomainReload)
	(Values over 0.05ms)
	Summary:
		Imports: total=0 (actual=0, local cache=0, cache server=0)
		Asset DB Process Time: managed=0 ms, native=2263 ms
		Asset DB Callback time: managed=29 ms, native=1 ms
		Scripting: domain reloads=1, domain reload time=1271 ms, compile time=3 ms, other=0 ms
		Project Asset Count: scripts=229, non-scripts=4165
		Asset File Changes: new=0, changed=0, moved=0, deleted=0
		Scan Filter Count: 0
	InvokePackagesCallback: 3.729ms
	ApplyChangesToAssetFolders: 0.351ms
	Collect global state as custom dependencies: 3.595ms
	ProcessAssetsWithTransientArtifactChanges: 0.355ms
	CategorizeAssets: 31.343ms
	CompileScripts: 3.313ms
	ImportOutOfDateAssets: 2177.340ms (2172.942ms without children)
		CollectScriptTypesHashes: 0.870ms
		ReloadNativeAssets: 1.889ms
		UnloadImportedAssets: 0.422ms
		EnsureUptoDateAssetsAreRegisteredWithGuidPM: 0.964ms
		ImportSchedulerStart: 1.114ms
	PostProcessAllAssets: 29.694ms
		MonoPostProcessAllAssets: 29.686ms
			WindowAssetPostprocessingWatcher.OnPostprocessAllAssets 9.002ms
			SyncVS.PostprocessSyncProject 5.717ms
			ConfigAssetsTracker.OnPostprocessAllAssets 2.128ms
			EditModeScopePostprocessor.OnPostprocessAllAssets 1.866ms
			SpeedTree9Postprocessor.OnPostprocessAllAssets 1.226ms
			ReferencedClipsPostProcessor.OnPostprocessAllAssets 0.289ms
			AssetDatabaseCallbacks.OnPostprocessAllAssets 0.288ms
			TerrainToolbarOverlayPostProcessor.OnPostprocessAllAssets 0.284ms
			AssetPostprocessor.OnPostprocessAllAssets 0.163ms
			AssetChangedListener.OnPostprocessAllAssets 0.146ms
			RenderPipelineGlobalSettingsPostprocessor.OnPostprocessAllAssets 0.133ms
	GatherAllCurrentPrimaryImportResultRevisions: 0.322ms
	PersistCurrentRevisions: 0.171ms
	GenerateScriptTypeHashes: 0.182ms
	GenerateScriptTypeSerializationHashes: 0.543ms
	Untracked: 1312.111ms

[Licensing::Client] Successfully resolved entitlement details
Asset Pipeline Refresh (id=25a1c47ef78ae4a44b5039502b1c4152): Total: 0.006 seconds - Initiated by RefreshV2(AllowForceSynchronousImport)
Reloading assemblies for play mode.
Reloading assemblies after forced synchronous recompile.
Begin MonoManager ReloadAssembly
Native extension for WindowsStandalone target not found
Native extension for WebGL target not found
ScheduleIndexationOnStartup MainProcess:True IndexOnStartup:True
[MODES] ModeService[none].Initialize
[MODES] ModeService[none].LoadModes
Scripting: successfully reloaded assembly
- Finished resetting the current domain, in  1.925 seconds
Domain Reload Profiling: 3186ms
	BeginReloadAssembly (880ms)
		DisableScriptedObjects (234ms)
		CreateAndSetChildDomain (318ms)
	RebuildCommonClasses (21ms)
	RebuildNativeTypeToScriptingClass (33ms)
	initialDomainReloadingComplete (100ms)
	LoadAllAssembliesAndSetupDomain (226ms)
		LoadAssemblies (214ms)
		TypeCache.Refresh (8ms)
		AnalyzeDomain (4ms)
	FinalizeReload (1927ms)
		SetupLoadedEditorAssemblies (0ms)
			InitializePlatformSupportModulesInManaged (4ms)
			BeforeProcessingInitializeOnLoad (169ms)
			ProcessInitializeOnLoadAttributes (112ms)
			ProcessInitializeOnLoadMethodAttributes (78ms)
			AfterProcessingInitializeOnLoad (14ms)
		AwakeInstancesAfterBackupRestoration (1008ms)

Asset Pipeline Refresh (id=469921f325e06f84a9fde76e9c37342c): Total: 3.355 seconds - Initiated by StopAssetImportingV2(ForceSynchronousImport | ForceDomainReload)
	(Values over 0.05ms)
	Summary:
		Imports: total=0 (actual=0, local cache=0, cache server=0)
		Asset DB Process Time: managed=0 ms, native=2007 ms
		Asset DB Callback time: managed=21 ms, native=0 ms
		Scripting: domain reloads=1, domain reload time=1320 ms, compile time=3 ms, other=0 ms
		Project Asset Count: scripts=229, non-scripts=4165
		Asset File Changes: new=0, changed=0, moved=0, deleted=0
		Scan Filter Count: 0
	InvokePackagesCallback: 2.924ms
	ApplyChangesToAssetFolders: 0.296ms
	Collect global state as custom dependencies: 1.430ms
	CategorizeAssets: 28.596ms
	CompileScripts: 3.235ms
	ImportOutOfDateAssets: 1930.402ms (1927.702ms without children)
		CollectScriptTypesHashes: 0.431ms
		ReloadNativeAssets: 0.990ms
		UnloadImportedAssets: 0.274ms
		EnsureUptoDateAssetsAreRegisteredWithGuidPM: 0.591ms
		ImportSchedulerStart: 0.841ms
	PostProcessAllAssets: 21.766ms
		MonoPostProcessAllAssets: 21.760ms
			WindowAssetPostprocessingWatcher.OnPostprocessAllAssets 6.874ms
			SyncVS.PostprocessSyncProject 3.858ms
			ConfigAssetsTracker.OnPostprocessAllAssets 2.128ms
			SpeedTree9Postprocessor.OnPostprocessAllAssets 0.758ms
			EditModeScopePostprocessor.OnPostprocessAllAssets 0.359ms
			AssetDatabaseCallbacks.OnPostprocessAllAssets 0.203ms
			ReferencedClipsPostProcessor.OnPostprocessAllAssets 0.171ms
			TerrainToolbarOverlayPostProcessor.OnPostprocessAllAssets 0.169ms
			AssetPostprocessor.OnPostprocessAllAssets 0.163ms
			AssetChangedListener.OnPostprocessAllAssets 0.146ms
			RenderPipelineGlobalSettingsPostprocessor.OnPostprocessAllAssets 0.081ms
	GatherAllCurrentPrimaryImportResultRevisions: 0.242ms
	PersistCurrentRevisions: 0.178ms
	GenerateScriptTypeHashes: 0.169ms
	GenerateScriptTypeSerializationHashes: 0.529ms
	Untracked: 1358.889ms

The referenced script (Unknown) on this Behaviour is missing!
The referenced script (Unknown) on this Behaviour is missing!
Loaded scene 'Temp/__Backupscenes/0.backup'
	Deserialize:            23.938 ms
	Integration:            667.042 ms
	Integration of assets:  0.030 ms
	Thread Wait Time:       0.008 ms
	Total Operation Time:   691.018 ms
[Licensing::Client] Successfully resolved entitlement details
Asset Pipeline Refresh (id=4ef0c6aa50e0bd746a0d046f9b1bb5ef): Total: 0.006 seconds - Initiated by RefreshV2(NoUpdateAssetOptions)
[ScriptCompilation] Requested script compilation because: AssetDatabase observed changes in script compilation related files
Asset Pipeline Refresh (id=d7e904b8d9f405944967bb6ee193e170): Total: 0.058 seconds - Initiated by RefreshV2(NoUpdateAssetOptions)
Starting: C:\Program Files\Unity\Hub\Editor\6000.6.3f1\Editor\Data\Tools\BuildPipeline\bee_backend.exe --ipc --defer-dag-verification --dagfile="Library/Bee/1900b0aEDbg.dag" --continue-on-failure --profile="Library/Bee/backend1.traceevents" ScriptAssemblies
WorkingDir: C:/Users/eonvw/source/repos/Project-Twinsanity
ExitCode: 0 Duration: 0s642ms
[207/222    0s] ILPP-Configuration Library/ilpp-configuration.nevergeneratedoutput
[214/222    0s] Csc Library/Bee/artifacts/1900b0aEDbg.dag/Assembly-CSharp.dll (+2 others)
[216/222    0s] ILPostProcess Library/Bee/artifacts/1900b0aEDbg.dag/post-processed/Assembly-CSharp.dll (+pdb)
Processing assembly Library/Bee/artifacts/1900b0aEDbg.dag/Assembly-CSharp.dll, with 148 defines and 289 references

processors: zzzUnity.Burst.CodeGen.BurstILPostProcessor

1 processor(s) skipped this assembly
[217/222    0s] ILPostProcess Library/Bee/artifacts/1900b0aEDbg.dag/post-processed/Assembly-CSharp-Editor.dll (+pdb)
Processing assembly Library/Bee/artifacts/1900b0aEDbg.dag/Assembly-CSharp-Editor.dll, with 146 defines and 302 references

processors: zzzUnity.Burst.CodeGen.BurstILPostProcessor

1 processor(s) skipped this assembly
[219/222    0s] CopyFiles Library/ScriptAssemblies/Assembly-CSharp.pdb
[221/222    0s] CopyFiles Library/ScriptAssemblies/Assembly-CSharp.dll
*** Tundra build success (0.60 seconds), 6 items updated, 222 evaluated
Total cache size 3939196
Reloading assemblies after finishing script compilation.
Reloading assemblies after forced synchronous recompile.
Total cache size after purge 3939196, took 00:00:00.0251559
Begin MonoManager ReloadAssembly
Native extension for WindowsStandalone target not found
Native extension for WebGL target not found
[MODES] ModeService[none].Initialize
[MODES] ModeService[none].LoadModes
ScheduleIndexationOnStartup MainProcess:True IndexOnStartup:True
Scripting: successfully reloaded assembly
- Finished resetting the current domain, in  2.060 seconds
Domain Reload Profiling: 3305ms
	BeginReloadAssembly (893ms)
		DisableScriptedObjects (158ms)
		CreateAndSetChildDomain (310ms)
	RebuildCommonClasses (17ms)
	RebuildNativeTypeToScriptingClass (24ms)
	initialDomainReloadingComplete (82ms)
	LoadAllAssembliesAndSetupDomain (228ms)
		LoadAssemblies (195ms)
		TypeCache.Refresh (10ms)
		AnalyzeDomain (20ms)
			BuildScriptInfoCaches (18ms)
	FinalizeReload (2062ms)
		SetupLoadedEditorAssemblies (0ms)
			LogAssemblyErrors (4ms)
			InitializePlatformSupportModulesInManaged (3ms)
			BeforeProcessingInitializeOnLoad (253ms)
			ProcessInitializeOnLoadAttributes (132ms)
			ProcessInitializeOnLoadMethodAttributes (84ms)
			AfterProcessingInitializeOnLoad (12ms)
		AwakeInstancesAfterBackupRestoration (957ms)

Asset Pipeline Refresh (id=7db88fe54f77dfe48a2aafd70e7c265a): Total: 3.483 seconds - Initiated by StopAssetImportingV2(ForceSynchronousImport | ForceDomainReload)
	(Values over 0.05ms)
	Summary:
		Imports: total=0 (actual=0, local cache=0, cache server=0)
		Asset DB Process Time: managed=0 ms, native=2145 ms
		Asset DB Callback time: managed=23 ms, native=0 ms
		Scripting: domain reloads=1, domain reload time=1309 ms, compile time=3 ms, other=0 ms
		Project Asset Count: scripts=229, non-scripts=4165
		Asset File Changes: new=0, changed=0, moved=0, deleted=0
		Scan Filter Count: 0
	InvokePackagesCallback: 3.195ms
	ApplyChangesToAssetFolders: 0.354ms
	Collect global state as custom dependencies: 1.648ms
	ProcessAssetsWithTransientArtifactChanges: 0.415ms
	CategorizeAssets: 27.460ms
	CompileScripts: 3.039ms
	ImportOutOfDateAssets: 2065.528ms (2062.724ms without children)
		CollectScriptTypesHashes: 0.476ms
		ReloadNativeAssets: 1.088ms
		UnloadImportedAssets: 0.289ms
		EnsureUptoDateAssetsAreRegisteredWithGuidPM: 0.579ms
		ImportSchedulerStart: 0.845ms
	PostProcessAllAssets: 23.998ms
		MonoPostProcessAllAssets: 23.992ms
			AssetChangedListener.OnPostprocessAllAssets 9.126ms
			WindowAssetPostprocessingWatcher.OnPostprocessAllAssets 7.500ms
			BuilderAssetPostprocessor.OnPostprocessAllAssets 4.902ms
			AssetPostprocessor.OnPostprocessAllAssets 4.535ms
			SyncVS.PostprocessSyncProject 4.429ms
			ConfigAssetsTracker.OnPostprocessAllAssets 2.383ms
			RetainedModeAssetPostprocessor.OnPostprocessAllAssets 1.807ms
			SpeedTree9Postprocessor.OnPostprocessAllAssets 1.309ms
			TextAssetPostProcessor.OnPostprocessAllAssets 1.009ms
			ArtifactBrowserPostProcessor.OnPostprocessAllAssets 0.729ms
			AudioMixerPostprocessor.OnPostprocessAllAssets 0.551ms
			EditModeScopePostprocessor.OnPostprocessAllAssets 0.342ms
			AssetDatabaseCallbacks.OnPostprocessAllAssets 0.311ms
			SpeedTreePostProcessor.OnPostprocessAllAssets 0.302ms
			ReferencedClipsPostProcessor.OnPostprocessAllAssets 0.301ms
			TerrainToolbarOverlayPostProcessor.OnPostprocessAllAssets 0.288ms
			StyleCatalogPostProcessor.OnPostprocessAllAssets 0.283ms
			ScenarioDriftAssetsTracker.OnPostprocessAllAssets 0.256ms
			AssetEvents.OnPostprocessAllAssets 0.249ms
			ThemePostprocessor.OnPostprocessAllAssets 0.195ms
			RenderPipelineGlobalSettingsPostprocessor.OnPostprocessAllAssets 0.146ms
			AudioContainerPostProcessor.OnPostprocessAllAssets 0.128ms
	GatherAllCurrentPrimaryImportResultRevisions: 0.282ms
	PersistCurrentRevisions: 0.218ms
	GenerateScriptTypeHashes: 0.159ms
	GenerateScriptTypeSerializationHashes: 0.487ms
	Untracked: 1352.562ms

[Licensing::Client] Successfully resolved entitlement details
Asset Pipeline Refresh (id=d7e6ec7689fd67b43aaed392fa481bb4): Total: 0.004 seconds - Initiated by RefreshV2(NoUpdateAssetOptions)
KeyNotFoundException: The given key '0' was not present in the dictionary.
  at System.Collections.Generic.Dictionary`2[TKey,TValue].get_Item (TKey key) [0x0001e] in <c5ae8a4eeb824526b5df2932bc2395e0>:0 
  at CrashRigAnimator.LateUpdate () [0x002e3] in C:\Users\eonvw\source\repos\Project-Twinsanity\Assets\Twinsanity\Scripts\CrashRigAnimator.cs:218 
UnityEngine.StackTraceUtility:ExtractStringFromExceptionInternal(Object, String&, String&)

(Filename: Assets/Twinsanity/Scripts/CrashRigAnimator.cs Line: 218)

KeyNotFoundException: The given key '0' was not present in the dictionary.
  at System.Collections.Generic.Dictionary`2[TKey,TValue].get_Item (TKey key) [0x0001e] in <c5ae8a4eeb824526b5df2932bc2395e0>:0 
  at CrashRigAnimator.LateUpdate () [0x002e3] in C:\Users\eonvw\source\repos\Project-Twinsanity\Assets\Twinsanity\Scripts\CrashRigAnimator.cs:218 
UnityEngine.StackTraceUtility:ExtractStringFromExceptionInternal(Object, String&, String&)

(Filename: Assets/Twinsanity/Scripts/CrashRigAnimator.cs Line: 218)

Unloading 0 Unused Serialized files (Serialized files now loaded: 0)
Loaded scene 'Temp/__Backupscenes/0.backup'
	Deserialize:            20.955 ms
	Integration:            64.622 ms
	Integration of assets:  0.020 ms
	Thread Wait Time:       0.033 ms
	Total Operation Time:   85.630 ms
Unloading 22 unused Assets / (21.7 MB). Loaded Objects now: 9063.
Memory consumption went from 508.1 MB to 486.5 MB.
Total: 16.108500 ms (FindLiveObjects: 1.391100 ms CreateObjectMapping: 0.147800 ms MarkObjects: 14.115800 ms  DeleteObjects: 0.186400 ms)

Reloading assemblies for play mode.
Reloading assemblies after forced synchronous recompile.
Begin MonoManager ReloadAssembly
[Licensing::Client] Successfully resolved entitlement details
Native extension for WindowsStandalone target not found
Native extension for WebGL target not found
ScheduleIndexationOnStartup MainProcess:True IndexOnStartup:True
[MODES] ModeService[none].Initialize
[MODES] ModeService[none].LoadModes
Scripting: successfully reloaded assembly
- Finished resetting the current domain, in  2.090 seconds
Domain Reload Profiling: 3101ms
	BeginReloadAssembly (691ms)
		DisableScriptedObjects (148ms)
		CreateAndSetChildDomain (273ms)
	RebuildCommonClasses (15ms)
	RebuildNativeTypeToScriptingClass (24ms)
	initialDomainReloadingComplete (78ms)
	LoadAllAssembliesAndSetupDomain (202ms)
		LoadAssemblies (166ms)
		TypeCache.Refresh (7ms)
		AnalyzeDomain (3ms)
	FinalizeReload (2091ms)
		SetupLoadedEditorAssemblies (0ms)
			LogAssemblyErrors (3ms)
			InitializePlatformSupportModulesInManaged (4ms)
			BeforeProcessingInitializeOnLoad (163ms)
			ProcessInitializeOnLoadAttributes (121ms)
			ProcessInitializeOnLoadMethodAttributes (74ms)
			AfterProcessingInitializeOnLoad (12ms)
		AwakeInstancesAfterBackupRestoration (1059ms)

Asset Pipeline Refresh (id=6f5bdbb0a941029439088a15daaa4eb8): Total: 3.287 seconds - Initiated by StopAssetImportingV2(ForceSynchronousImport | ForceDomainReload)
	(Values over 0.05ms)
	Summary:
		Imports: total=0 (actual=0, local cache=0, cache server=0)
		Asset DB Process Time: managed=0 ms, native=2197 ms
		Asset DB Callback time: managed=28 ms, native=0 ms
		Scripting: domain reloads=1, domain reload time=1056 ms, compile time=3 ms, other=0 ms
		Project Asset Count: scripts=229, non-scripts=4165
		Asset File Changes: new=0, changed=0, moved=0, deleted=0
		Scan Filter Count: 0
	InvokePackagesCallback: 3.265ms
	ApplyChangesToAssetFolders: 0.299ms
	Collect global state as custom dependencies: 2.316ms
	ProcessAssetsWithTransientArtifactChanges: 0.061ms
	CategorizeAssets: 32.735ms
	CompileScripts: 3.434ms
	ImportOutOfDateAssets: 2096.587ms (2092.651ms without children)
		CollectScriptTypesHashes: 0.575ms
		ReloadNativeAssets: 1.223ms
		UnloadImportedAssets: 0.702ms
		EnsureUptoDateAssetsAreRegisteredWithGuidPM: 0.930ms
		ImportSchedulerStart: 1.072ms
	PostProcessAllAssets: 28.661ms
		MonoPostProcessAllAssets: 28.652ms
			WindowAssetPostprocessingWatcher.OnPostprocessAllAssets 9.485ms
			AssetChangedListener.OnPostprocessAllAssets 9.126ms
			SyncVS.PostprocessSyncProject 5.554ms
			BuilderAssetPostprocessor.OnPostprocessAllAssets 4.902ms
			AssetPostprocessor.OnPostprocessAllAssets 4.535ms
			ConfigAssetsTracker.OnPostprocessAllAssets 2.383ms
			RetainedModeAssetPostprocessor.OnPostprocessAllAssets 1.807ms
			SpeedTree9Postprocessor.OnPostprocessAllAssets 1.041ms
			TextAssetPostProcessor.OnPostprocessAllAssets 1.009ms
			ArtifactBrowserPostProcessor.OnPostprocessAllAssets 0.729ms
			AudioMixerPostprocessor.OnPostprocessAllAssets 0.551ms
			EditModeScopePostprocessor.OnPostprocessAllAssets 0.425ms
			AssetDatabaseCallbacks.OnPostprocessAllAssets 0.373ms
			SpeedTreePostProcessor.OnPostprocessAllAssets 0.302ms
			StyleCatalogPostProcessor.OnPostprocessAllAssets 0.283ms
			ReferencedClipsPostProcessor.OnPostprocessAllAssets 0.275ms
			ScenarioDriftAssetsTracker.OnPostprocessAllAssets 0.256ms
			AssetEvents.OnPostprocessAllAssets 0.249ms
			TerrainToolbarOverlayPostProcessor.OnPostprocessAllAssets 0.243ms
			ThemePostprocessor.OnPostprocessAllAssets 0.195ms
			AudioContainerPostProcessor.OnPostprocessAllAssets 0.128ms
			RenderPipelineGlobalSettingsPostprocessor.OnPostprocessAllAssets 0.119ms
	GatherAllCurrentPrimaryImportResultRevisions: 0.188ms
	UnloadStreamsBegin: 0.081ms
	PersistCurrentRevisions: 0.216ms
	GenerateScriptTypeHashes: 0.185ms
	GenerateScriptTypeSerializationHashes: 0.559ms
	Untracked: 1107.198ms

The referenced script (Unknown) on this Behaviour is missing!
The referenced script (Unknown) on this Behaviour is missing!
Loaded scene 'Temp/__Backupscenes/0.backup'
	Deserialize:            24.171 ms
	Integration:            730.394 ms
	Integration of assets:  0.032 ms
	Thread Wait Time:       -0.007 ms
	Total Operation Time:   754.590 ms
[Licensing::Client] Successfully resolved entitlement details
Asset Pipeline Refresh (id=4590fef549f4c034bb6606a2e414061e): Total: 0.007 seconds - Initiated by RefreshV2(NoUpdateAssetOptions)
Asset Pipeline Refresh (id=075dd200e78344d47a1d46bba828af1f): Total: 0.004 seconds - Initiated by RefreshV2(NoUpdateAssetOptions)
[ScriptCompilation] Requested script compilation because: AssetDatabase observed changes in script compilation related files
Asset Pipeline Refresh (id=22c434232960c5f408e3d052d0ad4ed9): Total: 0.057 seconds - Initiated by RefreshV2(NoUpdateAssetOptions)
Starting: C:\Program Files\Unity\Hub\Editor\6000.6.3f1\Editor\Data\Tools\BuildPipeline\bee_backend.exe --ipc --defer-dag-verification --dagfile="Library/Bee/1900b0aEDbg.dag" --continue-on-failure --profile="Library/Bee/backend1.traceevents" ScriptAssemblies
WorkingDir: C:/Users/eonvw/source/repos/Project-Twinsanity
ExitCode: 0 Duration: 0s623ms
[207/222    0s] ILPP-Configuration Library/ilpp-configuration.nevergeneratedoutput
[214/222    0s] Csc Library/Bee/artifacts/1900b0aEDbg.dag/Assembly-CSharp.dll (+2 others)
[216/222    0s] ILPostProcess Library/Bee/artifacts/1900b0aEDbg.dag/post-processed/Assembly-CSharp.dll (+pdb)
Processing assembly Library/Bee/artifacts/1900b0aEDbg.dag/Assembly-CSharp.dll, with 148 defines and 289 references

processors: zzzUnity.Burst.CodeGen.BurstILPostProcessor

1 processor(s) skipped this assembly
[217/222    0s] ILPostProcess Library/Bee/artifacts/1900b0aEDbg.dag/post-processed/Assembly-CSharp-Editor.dll (+pdb)
Processing assembly Library/Bee/artifacts/1900b0aEDbg.dag/Assembly-CSharp-Editor.dll, with 146 defines and 302 references

processors: zzzUnity.Burst.CodeGen.BurstILPostProcessor

1 processor(s) skipped this assembly
[218/222    0s] CopyFiles Library/ScriptAssemblies/Assembly-CSharp.pdb
[220/222    0s] CopyFiles Library/ScriptAssemblies/Assembly-CSharp.dll
*** Tundra build success (0.57 seconds), 6 items updated, 222 evaluated
Total cache size 3939196
Reloading assemblies after finishing script compilation.
Reloading assemblies after forced synchronous recompile.
Total cache size after purge 3939196, took 00:00:00.0228667
Begin MonoManager ReloadAssembly
Native extension for WindowsStandalone target not found
Native extension for WebGL target not found
[MODES] ModeService[none].Initialize
[MODES] ModeService[none].LoadModes
ScheduleIndexationOnStartup MainProcess:True IndexOnStartup:True
Scripting: successfully reloaded assembly
- Finished resetting the current domain, in  1.985 seconds
Domain Reload Profiling: 3041ms
	BeginReloadAssembly (732ms)
		DisableScriptedObjects (118ms)
		CreateAndSetChildDomain (275ms)
	RebuildCommonClasses (19ms)
	RebuildNativeTypeToScriptingClass (25ms)
	initialDomainReloadingComplete (65ms)
	LoadAllAssembliesAndSetupDomain (213ms)
		LoadAssemblies (183ms)
		TypeCache.Refresh (8ms)
		AnalyzeDomain (20ms)
			BuildScriptInfoCaches (17ms)
	FinalizeReload (1987ms)
		SetupLoadedEditorAssemblies (0ms)
			LogAssemblyErrors (4ms)
			InitializePlatformSupportModulesInManaged (4ms)
			BeforeProcessingInitializeOnLoad (223ms)
			ProcessInitializeOnLoadAttributes (109ms)
			ProcessInitializeOnLoadMethodAttributes (110ms)
			AfterProcessingInitializeOnLoad (22ms)
		AwakeInstancesAfterBackupRestoration (996ms)

Asset Pipeline Refresh (id=0dd3e9dd28631fe43962fd78bc3514a8): Total: 3.242 seconds - Initiated by StopAssetImportingV2(ForceSynchronousImport | ForceDomainReload)
	(Values over 0.05ms)
	Summary:
		Imports: total=0 (actual=0, local cache=0, cache server=0)
		Asset DB Process Time: managed=0 ms, native=2083 ms
		Asset DB Callback time: managed=35 ms, native=0 ms
		Scripting: domain reloads=1, domain reload time=1118 ms, compile time=5 ms, other=0 ms
		Project Asset Count: scripts=229, non-scripts=4165
		Asset File Changes: new=0, changed=0, moved=0, deleted=0
		Scan Filter Count: 0
	InvokePackagesCallback: 3.313ms
	ApplyChangesToAssetFolders: 0.317ms
	Collect global state as custom dependencies: 1.402ms
	ProcessAssetsWithTransientArtifactChanges: 0.358ms
	CategorizeAssets: 34.633ms
	CompileScripts: 4.666ms
	ImportOutOfDateAssets: 1991.711ms (1987.714ms without children)
		CollectScriptTypesHashes: 0.449ms
		ReloadNativeAssets: 1.772ms
		UnloadImportedAssets: 0.287ms
		EnsureUptoDateAssetsAreRegisteredWithGuidPM: 0.989ms
		ImportSchedulerStart: 0.939ms
	PostProcessAllAssets: 35.065ms
		MonoPostProcessAllAssets: 35.054ms
			WindowAssetPostprocessingWatcher.OnPostprocessAllAssets 10.130ms
			AssetChangedListener.OnPostprocessAllAssets 9.727ms
			SyncVS.PostprocessSyncProject 6.616ms
			BuilderAssetPostprocessor.OnPostprocessAllAssets 5.676ms
			AssetPostprocessor.OnPostprocessAllAssets 5.318ms
			ConfigAssetsTracker.OnPostprocessAllAssets 1.991ms
			SpeedTree9Postprocessor.OnPostprocessAllAssets 1.445ms
			RetainedModeAssetPostprocessor.OnPostprocessAllAssets 1.083ms
			TextAssetPostProcessor.OnPostprocessAllAssets 0.928ms
			ArtifactBrowserPostProcessor.OnPostprocessAllAssets 0.782ms
			EditModeScopePostprocessor.OnPostprocessAllAssets 0.575ms
			AssetEvents.OnPostprocessAllAssets 0.457ms
			SpeedTreePostProcessor.OnPostprocessAllAssets 0.442ms
			AudioMixerPostprocessor.OnPostprocessAllAssets 0.421ms
			StyleCatalogPostProcessor.OnPostprocessAllAssets 0.375ms
			ThemePostprocessor.OnPostprocessAllAssets 0.366ms
			AssetDatabaseCallbacks.OnPostprocessAllAssets 0.357ms
			TerrainToolbarOverlayPostProcessor.OnPostprocessAllAssets 0.349ms
			ReferencedClipsPostProcessor.OnPostprocessAllAssets 0.319ms
			ScenarioDriftAssetsTracker.OnPostprocessAllAssets 0.229ms
			RenderPipelineGlobalSettingsPostprocessor.OnPostprocessAllAssets 0.147ms
			AudioContainerPostProcessor.OnPostprocessAllAssets 0.122ms
	GatherAllCurrentPrimaryImportResultRevisions: 0.278ms
	PersistCurrentRevisions: 0.394ms
	GenerateScriptTypeHashes: 0.180ms
	GenerateScriptTypeSerializationHashes: 0.537ms
	Untracked: 1164.911ms

[Licensing::Client] Successfully resolved entitlement details
Asset Pipeline Refresh (id=4ce81580380206c47970015b12df4cb9): Total: 0.004 seconds - Initiated by RefreshV2(NoUpdateAssetOptions)
KeyNotFoundException: The given key '0' was not present in the dictionary.
  at System.Collections.Generic.Dictionary`2[TKey,TValue].get_Item (TKey key) [0x0001e] in <c5ae8a4eeb824526b5df2932bc2395e0>:0 
  at CrashRigAnimator.LateUpdate () [0x002e3] in C:\Users\eonvw\source\repos\Project-Twinsanity\Assets\Twinsanity\Scripts\CrashRigAnimator.cs:218 
UnityEngine.StackTraceUtility:ExtractStringFromExceptionInternal(Object, String&, String&)

(Filename: Assets/Twinsanity/Scripts/CrashRigAnimator.cs Line: 218)

KeyNotFoundException: The given key '0' was not present in the dictionary.
  at System.Collections.Generic.Dictionary`2[TKey,TValue].get_Item (TKey key) [0x0001e] in <c5ae8a4eeb824526b5df2932bc2395e0>:0 
  at CrashRigAnimator.LateUpdate () [0x002e3] in C:\Users\eonvw\source\repos\Project-Twinsanity\Assets\Twinsanity\Scripts\CrashRigAnimator.cs:218 
UnityEngine.StackTraceUtility:ExtractStringFromExceptionInternal(Object, String&, String&)

(Filename: Assets/Twinsanity/Scripts/CrashRigAnimator.cs Line: 218)

KeyNotFoundException: The given key '0' was not present in the dictionary.
  at System.Collections.Generic.Dictionary`2[TKey,TValue].get_Item (TKey key) [0x0001e] in <c5ae8a4eeb824526b5df2932bc2395e0>:0 
  at CrashRigAnimator.LateUpdate () [0x002e3] in C:\Users\eonvw\source\repos\Project-Twinsanity\Assets\Twinsanity\Scripts\CrashRigAnimator.cs:218 
UnityEngine.StackTraceUtility:ExtractStringFromExceptionInternal(Object, String&, String&)

(Filename: Assets/Twinsanity/Scripts/CrashRigAnimator.cs Line: 218)

KeyNotFoundException: The given key '0' was not present in the dictionary.
  at System.Collections.Generic.Dictionary`2[TKey,TValue].get_Item (TKey key) [0x0001e] in <c5ae8a4eeb824526b5df2932bc2395e0>:0 
  at CrashRigAnimator.LateUpdate () [0x002e3] in C:\Users\eonvw\source\repos\Project-Twinsanity\Assets\Twinsanity\Scripts\CrashRigAnimator.cs:218 
UnityEngine.StackTraceUtility:ExtractStringFromExceptionInternal(Object, String&, String&)

(Filename: Assets/Twinsanity/Scripts/CrashRigAnimator.cs Line: 218)

KeyNotFoundException: The given key '0' was not present in the dictionary.
  at System.Collections.Generic.Dictionary`2[TKey,TValue].get_Item (TKey key) [0x0001e] in <c5ae8a4eeb824526b5df2932bc2395e0>:0 
  at CrashRigAnimator.LateUpdate () [0x002e3] in C:\Users\eonvw\source\repos\Project-Twinsanity\Assets\Twinsanity\Scripts\CrashRigAnimator.cs:218 
UnityEngine.StackTraceUtility:ExtractStringFromExceptionInternal(Object, String&, String&)

(Filename: Assets/Twinsanity/Scripts/CrashRigAnimator.cs Line: 218)

KeyNotFoundException: The given key '0' was not present in the dictionary.
  at System.Collections.Generic.Dictionary`2[TKey,TValue].get_Item (TKey key) [0x0001e] in <c5ae8a4eeb824526b5df2932bc2395e0>:0 
  at CrashRigAnimator.LateUpdate () [0x002e3] in C:\Users\eonvw\source\repos\Project-Twinsanity\Assets\Twinsanity\Scripts\CrashRigAnimator.cs:218 
UnityEngine.StackTraceUtility:ExtractStringFromExceptionInternal(Object, String&, String&)

(Filename: Assets/Twinsanity/Scripts/CrashRigAnimator.cs Line: 218)

KeyNotFoundException: The given key '0' was not present in the dictionary.
  at System.Collections.Generic.Dictionary`2[TKey,TValue].get_Item (TKey key) [0x0001e] in <c5ae8a4eeb824526b5df2932bc2395e0>:0 
  at CrashRigAnimator.LateUpdate () [0x002e3] in C:\Users\eonvw\source\repos\Project-Twinsanity\Assets\Twinsanity\Scripts\CrashRigAnimator.cs:218 
UnityEngine.StackTraceUtility:ExtractStringFromExceptionInternal(Object, String&, String&)

(Filename: Assets/Twinsanity/Scripts/CrashRigAnimator.cs Line: 218)

KeyNotFoundException: The given key '0' was not present in the dictionary.
  at System.Collections.Generic.Dictionary`2[TKey,TValue].get_Item (TKey key) [0x0001e] in <c5ae8a4eeb824526b5df2932bc2395e0>:0 
  at CrashRigAnimator.LateUpdate () [0x002e3] in C:\Users\eonvw\source\repos\Project-Twinsanity\Assets\Twinsanity\Scripts\CrashRigAnimator.cs:218 
UnityEngine.StackTraceUtility:ExtractStringFromExceptionInternal(Object, String&, String&)

(Filename: Assets/Twinsanity/Scripts/CrashRigAnimator.cs Line: 218)

KeyNotFoundException: The given key '0' was not present in the dictionary.
  at System.Collections.Generic.Dictionary`2[TKey,TValue].get_Item (TKey key) [0x0001e] in <c5ae8a4eeb824526b5df2932bc2395e0>:0 
  at CrashRigAnimator.LateUpdate () [0x002e3] in C:\Users\eonvw\source\repos\Project-Twinsanity\Assets\Twinsanity\Scripts\CrashRigAnimator.cs:218 
UnityEngine.StackTraceUtility:ExtractStringFromExceptionInternal(Object, String&, String&)

(Filename: Assets/Twinsanity/Scripts/CrashRigAnimator.cs Line: 218)

KeyNotFoundException: The given key '0' was not present in the dictionary.
  at System.Collections.Generic.Dictionary`2[TKey,TValue].get_Item (TKey key) [0x0001e] in <c5ae8a4eeb824526b5df2932bc2395e0>:0 
  at CrashRigAnimator.LateUpdate () [0x002e3] in C:\Users\eonvw\source\repos\Project-Twinsanity\Assets\Twinsanity\Scripts\CrashRigAnimator.cs:218 
UnityEngine.StackTraceUtility:ExtractStringFromExceptionInternal(Object, String&, String&)

(Filename: Assets/Twinsanity/Scripts/CrashRigAnimator.cs Line: 218)

KeyNotFoundException: The given key '0' was not present in the dictionary.
  at System.Collections.Generic.Dictionary`2[TKey,TValue].get_Item (TKey key) [0x0001e] in <c5ae8a4eeb824526b5df2932bc2395e0>:0 
  at CrashRigAnimator.LateUpdate () [0x002e3] in C:\Users\eonvw\source\repos\Project-Twinsanity\Assets\Twinsanity\Scripts\CrashRigAnimator.cs:218 
UnityEngine.StackTraceUtility:ExtractStringFromExceptionInternal(Object, String&, String&)

(Filename: Assets/Twinsanity/Scripts/CrashRigAnimator.cs Line: 218)

KeyNotFoundException: The given key '0' was not present in the dictionary.
  at System.Collections.Generic.Dictionary`2[TKey,TValue].get_Item (TKey key) [0x0001e] in <c5ae8a4eeb824526b5df2932bc2395e0>:0 
  at CrashRigAnimator.LateUpdate () [0x002e3] in C:\Users\eonvw\source\repos\Project-Twinsanity\Assets\Twinsanity\Scripts\CrashRigAnimator.cs:218 
UnityEngine.StackTraceUtility:ExtractStringFromExceptionInternal(Object, String&, String&)

(Filename: Assets/Twinsanity/Scripts/CrashRigAnimator.cs Line: 218)

KeyNotFoundException: The given key '0' was not present in the dictionary.
  at System.Collections.Generic.Dictionary`2[TKey,TValue].get_Item (TKey key) [0x0001e] in <c5ae8a4eeb824526b5df2932bc2395e0>:0 
  at CrashRigAnimator.LateUpdate () [0x002e3] in C:\Users\eonvw\source\repos\Project-Twinsanity\Assets\Twinsanity\Scripts\CrashRigAnimator.cs:218 
UnityEngine.StackTraceUtility:ExtractStringFromExceptionInternal(Object, String&, String&)

(Filename: Assets/Twinsanity/Scripts/CrashRigAnimator.cs Line: 218)

KeyNotFoundException: The given key '0' was not present in the dictionary.
  at System.Collections.Generic.Dictionary`2[TKey,TValue].get_Item (TKey key) [0x0001e] in <c5ae8a4eeb824526b5df2932bc2395e0>:0 
  at CrashRigAnimator.LateUpdate () [0x002e3] in C:\Users\eonvw\source\repos\Project-Twinsanity\Assets\Twinsanity\Scripts\CrashRigAnimator.cs:218 
UnityEngine.StackTraceUtility:ExtractStringFromExceptionInternal(Object, String&, String&)

(Filename: Assets/Twinsanity/Scripts/CrashRigAnimator.cs Line: 218)

KeyNotFoundException: The given key '0' was not present in the dictionary.
  at System.Collections.Generic.Dictionary`2[TKey,TValue].get_Item (TKey key) [0x0001e] in <c5ae8a4eeb824526b5df2932bc2395e0>:0 
  at CrashRigAnimator.LateUpdate () [0x002e3] in C:\Users\eonvw\source\repos\Project-Twinsanity\Assets\Twinsanity\Scripts\CrashRigAnimator.cs:218 
UnityEngine.StackTraceUtility:ExtractStringFromExceptionInternal(Object, String&, String&)

(Filename: Assets/Twinsanity/Scripts/CrashRigAnimator.cs Line: 218)

KeyNotFoundException: The given key '0' was not present in the dictionary.
  at System.Collections.Generic.Dictionary`2[TKey,TValue].get_Item (TKey key) [0x0001e] in <c5ae8a4eeb824526b5df2932bc2395e0>:0 
  at CrashRigAnimator.LateUpdate () [0x002e3] in C:\Users\eonvw\source\repos\Project-Twinsanity\Assets\Twinsanity\Scripts\CrashRigAnimator.cs:218 
UnityEngine.StackTraceUtility:ExtractStringFromExceptionInternal(Object, String&, String&)

(Filename: Assets/Twinsanity/Scripts/CrashRigAnimator.cs Line: 218)

KeyNotFoundException: The given key '0' was not present in the dictionary.
  at System.Collections.Generic.Dictionary`2[TKey,TValue].get_Item (TKey key) [0x0001e] in <c5ae8a4eeb824526b5df2932bc2395e0>:0 
  at CrashRigAnimator.LateUpdate () [0x002e3] in C:\Users\eonvw\source\repos\Project-Twinsanity\Assets\Twinsanity\Scripts\CrashRigAnimator.cs:218 
UnityEngine.StackTraceUtility:ExtractStringFromExceptionInternal(Object, String&, String&)

(Filename: Assets/Twinsanity/Scripts/CrashRigAnimator.cs Line: 218)

KeyNotFoundException: The given key '0' was not present in the dictionary.
  at System.Collections.Generic.Dictionary`2[TKey,TValue].get_Item (TKey key) [0x0001e] in <c5ae8a4eeb824526b5df2932bc2395e0>:0 
  at CrashRigAnimator.LateUpdate () [0x002e3] in C:\Users\eonvw\source\repos\Project-Twinsanity\Assets\Twinsanity\Scripts\CrashRigAnimator.cs:218 
UnityEngine.StackTraceUtility:ExtractStringFromExceptionInternal(Object, String&, String&)

(Filename: Assets/Twinsanity/Scripts/CrashRigAnimator.cs Line: 218)

KeyNotFoundException: The given key '0' was not present in the dictionary.
  at System.Collections.Generic.Dictionary`2[TKey,TValue].get_Item (TKey key) [0x0001e] in <c5ae8a4eeb824526b5df2932bc2395e0>:0 
  at CrashRigAnimator.LateUpdate () [0x002e3] in C:\Users\eonvw\source\repos\Project-Twinsanity\Assets\Twinsanity\Scripts\CrashRigAnimator.cs:218 
UnityEngine.StackTraceUtility:ExtractStringFromExceptionInternal(Object, String&, String&)

(Filename: Assets/Twinsanity/Scripts/CrashRigAnimator.cs Line: 218)

KeyNotFoundException: The given key '0' was not present in the dictionary.
  at System.Collections.Generic.Dictionary`2[TKey,TValue].get_Item (TKey key) [0x0001e] in <c5ae8a4eeb824526b5df2932bc2395e0>:0 
  at CrashRigAnimator.LateUpdate () [0x002e3] in C:\Users\eonvw\source\repos\Project-Twinsanity\Assets\Twinsanity\Scripts\CrashRigAnimator.cs:218 
UnityEngine.StackTraceUtility:ExtractStringFromExceptionInternal(Object, String&, String&)

(Filename: Assets/Twinsanity/Scripts/CrashRigAnimator.cs Line: 218)

KeyNotFoundException: The given key '0' was not present in the dictionary.
  at System.Collections.Generic.Dictionary`2[TKey,TValue].get_Item (TKey key) [0x0001e] in <c5ae8a4eeb824526b5df2932bc2395e0>:0 
  at CrashRigAnimator.LateUpdate () [0x002e3] in C:\Users\eonvw\source\repos\Project-Twinsanity\Assets\Twinsanity\Scripts\CrashRigAnimator.cs:218 
UnityEngine.StackTraceUtility:ExtractStringFromExceptionInternal(Object, String&, String&)

(Filename: Assets/Twinsanity/Scripts/CrashRigAnimator.cs Line: 218)

KeyNotFoundException: The given key '0' was not present in the dictionary.
  at System.Collections.Generic.Dictionary`2[TKey,TValue].get_Item (TKey key) [0x0001e] in <c5ae8a4eeb824526b5df2932bc2395e0>:0 
  at CrashRigAnimator.LateUpdate () [0x002e3] in C:\Users\eonvw\source\repos\Project-Twinsanity\Assets\Twinsanity\Scripts\CrashRigAnimator.cs:218 
UnityEngine.StackTraceUtility:ExtractStringFromExceptionInternal(Object, String&, String&)

(Filename: Assets/Twinsanity/Scripts/CrashRigAnimator.cs Line: 218)

KeyNotFoundException: The given key '0' was not present in the dictionary.
  at System.Collections.Generic.Dictionary`2[TKey,TValue].get_Item (TKey key) [0x0001e] in <c5ae8a4eeb824526b5df2932bc2395e0>:0 
  at CrashRigAnimator.LateUpdate () [0x002e3] in C:\Users\eonvw\source\repos\Project-Twinsanity\Assets\Twinsanity\Scripts\CrashRigAnimator.cs:218 
UnityEngine.StackTraceUtility:ExtractStringFromExceptionInternal(Object, String&, String&)

(Filename: Assets/Twinsanity/Scripts/CrashRigAnimator.cs Line: 218)

KeyNotFoundException: The given key '0' was not present in the dictionary.
  at System.Collections.Generic.Dictionary`2[TKey,TValue].get_Item (TKey key) [0x0001e] in <c5ae8a4eeb824526b5df2932bc2395e0>:0 
  at CrashRigAnimator.LateUpdate () [0x002e3] in C:\Users\eonvw\source\repos\Project-Twinsanity\Assets\Twinsanity\Scripts\CrashRigAnimator.cs:218 
UnityEngine.StackTraceUtility:ExtractStringFromExceptionInternal(Object, String&, String&)

(Filename: Assets/Twinsanity/Scripts/CrashRigAnimator.cs Line: 218)

KeyNotFoundException: The given key '0' was not present in the dictionary.
  at System.Collections.Generic.Dictionary`2[TKey,TValue].get_Item (TKey key) [0x0001e] in <c5ae8a4eeb824526b5df2932bc2395e0>:0 
  at CrashRigAnimator.LateUpdate () [0x002e3] in C:\Users\eonvw\source\repos\Project-Twinsanity\Assets\Twinsanity\Scripts\CrashRigAnimator.cs:218 
UnityEngine.StackTraceUtility:ExtractStringFromExceptionInternal(Object, String&, String&)

(Filename: Assets/Twinsanity/Scripts/CrashRigAnimator.cs Line: 218)

KeyNotFoundException: The given key '0' was not present in the dictionary.
  at System.Collections.Generic.Dictionary`2[TKey,TValue].get_Item (TKey key) [0x0001e] in <c5ae8a4eeb824526b5df2932bc2395e0>:0 
  at CrashRigAnimator.LateUpdate () [0x002e3] in C:\Users\eonvw\source\repos\Project-Twinsanity\Assets\Twinsanity\Scripts\CrashRigAnimator.cs:218 
UnityEngine.StackTraceUtility:ExtractStringFromExceptionInternal(Object, String&, String&)

(Filename: Assets/Twinsanity/Scripts/CrashRigAnimator.cs Line: 218)

KeyNotFoundException: The given key '0' was not present in the dictionary.
  at System.Collections.Generic.Dictionary`2[TKey,TValue].get_Item (TKey key) [0x0001e] in <c5ae8a4eeb824526b5df2932bc2395e0>:0 
  at CrashRigAnimator.LateUpdate () [0x002e3] in C:\Users\eonvw\source\repos\Project-Twinsanity\Assets\Twinsanity\Scripts\CrashRigAnimator.cs:218 
UnityEngine.StackTraceUtility:ExtractStringFromExceptionInternal(Object, String&, String&)

(Filename: Assets/Twinsanity/Scripts/CrashRigAnimator.cs Line: 218)

KeyNotFoundException: The given key '0' was not present in the dictionary.
  at System.Collections.Generic.Dictionary`2[TKey,TValue].get_Item (TKey key) [0x0001e] in <c5ae8a4eeb824526b5df2932bc2395e0>:0 
  at CrashRigAnimator.LateUpdate () [0x002e3] in C:\Users\eonvw\source\repos\Project-Twinsanity\Assets\Twinsanity\Scripts\CrashRigAnimator.cs:218 
UnityEngine.StackTraceUtility:ExtractStringFromExceptionInternal(Object, String&, String&)

(Filename: Assets/Twinsanity/Scripts/CrashRigAnimator.cs Line: 218)

KeyNotFoundException: The given key '0' was not present in the dictionary.
  at System.Collections.Generic.Dictionary`2[TKey,TValue].get_Item (TKey key) [0x0001e] in <c5ae8a4eeb824526b5df2932bc2395e0>:0 
  at CrashRigAnimator.LateUpdate () [0x002e3] in C:\Users\eonvw\source\repos\Project-Twinsanity\Assets\Twinsanity\Scripts\CrashRigAnimator.cs:218 
UnityEngine.StackTraceUtility:ExtractStringFromExceptionInternal(Object, String&, String&)

(Filename: Assets/Twinsanity/Scripts/CrashRigAnimator.cs Line: 218)

KeyNotFoundException: The given key '0' was not present in the dictionary.
  at System.Collections.Generic.Dictionary`2[TKey,TValue].get_Item (TKey key) [0x0001e] in <c5ae8a4eeb824526b5df2932bc2395e0>:0 
  at CrashRigAnimator.LateUpdate () [0x002e3] in C:\Users\eonvw\source\repos\Project-Twinsanity\Assets\Twinsanity\Scripts\CrashRigAnimator.cs:218 
UnityEngine.StackTraceUtility:ExtractStringFromExceptionInternal(Object, String&, String&)

(Filename: Assets/Twinsanity/Scripts/CrashRigAnimator.cs Line: 218)

KeyNotFoundException: The given key '0' was not present in the dictionary.
  at System.Collections.Generic.Dictionary`2[TKey,TValue].get_Item (TKey key) [0x0001e] in <c5ae8a4eeb824526b5df2932bc2395e0>:0 
  at CrashRigAnimator.LateUpdate () [0x002e3] in C:\Users\eonvw\source\repos\Project-Twinsanity\Assets\Twinsanity\Scripts\CrashRigAnimator.cs:218 
UnityEngine.StackTraceUtility:ExtractStringFromExceptionInternal(Object, String&, String&)

(Filename: Assets/Twinsanity/Scripts/CrashRigAnimator.cs Line: 218)

KeyNotFoundException: The given key '0' was not present in the dictionary.
  at System.Collections.Generic.Dictionary`2[TKey,TValue].get_Item (TKey key) [0x0001e] in <c5ae8a4eeb824526b5df2932bc2395e0>:0 
  at CrashRigAnimator.LateUpdate () [0x002e3] in C:\Users\eonvw\source\repos\Project-Twinsanity\Assets\Twinsanity\Scripts\CrashRigAnimator.cs:218 
UnityEngine.StackTraceUtility:ExtractStringFromExceptionInternal(Object, String&, String&)

(Filename: Assets/Twinsanity/Scripts/CrashRigAnimator.cs Line: 218)

KeyNotFoundException: The given key '0' was not present in the dictionary.
  at System.Collections.Generic.Dictionary`2[TKey,TValue].get_Item (TKey key) [0x0001e] in <c5ae8a4eeb824526b5df2932bc2395e0>:0 
  at CrashRigAnimator.LateUpdate () [0x002e3] in C:\Users\eonvw\source\repos\Project-Twinsanity\Assets\Twinsanity\Scripts\CrashRigAnimator.cs:218 
UnityEngine.StackTraceUtility:ExtractStringFromExceptionInternal(Object, String&, String&)

(Filename: Assets/Twinsanity/Scripts/CrashRigAnimator.cs Line: 218)

KeyNotFoundException: The given key '0' was not present in the dictionary.
  at System.Collections.Generic.Dictionary`2[TKey,TValue].get_Item (TKey key) [0x0001e] in <c5ae8a4eeb824526b5df2932bc2395e0>:0 
  at CrashRigAnimator.LateUpdate () [0x002e3] in C:\Users\eonvw\source\repos\Project-Twinsanity\Assets\Twinsanity\Scripts\CrashRigAnimator.cs:218 
UnityEngine.StackTraceUtility:ExtractStringFromExceptionInternal(Object, String&, String&)

(Filename: Assets/Twinsanity/Scripts/CrashRigAnimator.cs Line: 218)

KeyNotFoundException: The given key '0' was not present in the dictionary.
  at System.Collections.Generic.Dictionary`2[TKey,TValue].get_Item (TKey key) [0x0001e] in <c5ae8a4eeb824526b5df2932bc2395e0>:0 
  at CrashRigAnimator.LateUpdate () [0x002e3] in C:\Users\eonvw\source\repos\Project-Twinsanity\Assets\Twinsanity\Scripts\CrashRigAnimator.cs:218 
UnityEngine.StackTraceUtility:ExtractStringFromExceptionInternal(Object, String&, String&)

(Filename: Assets/Twinsanity/Scripts/CrashRigAnimator.cs Line: 218)

KeyNotFoundException: The given key '0' was not present in the dictionary.
  at System.Collections.Generic.Dictionary`2[TKey,TValue].get_Item (TKey key) [0x0001e] in <c5ae8a4eeb824526b5df2932bc2395e0>:0 
  at CrashRigAnimator.LateUpdate () [0x002e3] in C:\Users\eonvw\source\repos\Project-Twinsanity\Assets\Twinsanity\Scripts\CrashRigAnimator.cs:218 
UnityEngine.StackTraceUtility:ExtractStringFromExceptionInternal(Object, String&, String&)

(Filename: Assets/Twinsanity/Scripts/CrashRigAnimator.cs Line: 218)

KeyNotFoundException: The given key '0' was not present in the dictionary.
  at System.Collections.Generic.Dictionary`2[TKey,TValue].get_Item (TKey key) [0x0001e] in <c5ae8a4eeb824526b5df2932bc2395e0>:0 
  at CrashRigAnimator.LateUpdate () [0x002e3] in C:\Users\eonvw\source\repos\Project-Twinsanity\Assets\Twinsanity\Scripts\CrashRigAnimator.cs:218 
UnityEngine.StackTraceUtility:ExtractStringFromExceptionInternal(Object, String&, String&)

(Filename: Assets/Twinsanity/Scripts/CrashRigAnimator.cs Line: 218)

KeyNotFoundException: The given key '0' was not present in the dictionary.
  at System.Collections.Generic.Dictionary`2[TKey,TValue].get_Item (TKey key) [0x0001e] in <c5ae8a4eeb824526b5df2932bc2395e0>:0 
  at CrashRigAnimator.LateUpdate () [0x002e3] in C:\Users\eonvw\source\repos\Project-Twinsanity\Assets\Twinsanity\Scripts\CrashRigAnimator.cs:218 
UnityEngine.StackTraceUtility:ExtractStringFromExceptionInternal(Object, String&, String&)

(Filename: Assets/Twinsanity/Scripts/CrashRigAnimator.cs Line: 218)

KeyNotFoundException: The given key '0' was not present in the dictionary.
  at System.Collections.Generic.Dictionary`2[TKey,TValue].get_Item (TKey key) [0x0001e] in <c5ae8a4eeb824526b5df2932bc2395e0>:0 
  at CrashRigAnimator.LateUpdate () [0x002e3] in C:\Users\eonvw\source\repos\Project-Twinsanity\Assets\Twinsanity\Scripts\CrashRigAnimator.cs:218 
UnityEngine.StackTraceUtility:ExtractStringFromExceptionInternal(Object, String&, String&)

(Filename: Assets/Twinsanity/Scripts/CrashRigAnimator.cs Line: 218)

KeyNotFoundException: The given key '0' was not present in the dictionary.
  at System.Collections.Generic.Dictionary`2[TKey,TValue].get_Item (TKey key) [0x0001e] in <c5ae8a4eeb824526b5df2932bc2395e0>:0 
  at CrashRigAnimator.LateUpdate () [0x002e3] in C:\Users\eonvw\source\repos\Project-Twinsanity\Assets\Twinsanity\Scripts\CrashRigAnimator.cs:218 
UnityEngine.StackTraceUtility:ExtractStringFromExceptionInternal(Object, String&, String&)

(Filename: Assets/Twinsanity/Scripts/CrashRigAnimator.cs Line: 218)

KeyNotFoundException: The given key '0' was not present in the dictionary.
  at System.Collections.Generic.Dictionary`2[TKey,TValue].get_Item (TKey key) [0x0001e] in <c5ae8a4eeb824526b5df2932bc2395e0>:0 
  at CrashRigAnimator.LateUpdate () [0x002e3] in C:\Users\eonvw\source\repos\Project-Twinsanity\Assets\Twinsanity\Scripts\CrashRigAnimator.cs:218 
UnityEngine.StackTraceUtility:ExtractStringFromExceptionInternal(Object, String&, String&)

(Filename: Assets/Twinsanity/Scripts/CrashRigAnimator.cs Line: 218)

KeyNotFoundException: The given key '0' was not present in the dictionary.
  at System.Collections.Generic.Dictionary`2[TKey,TValue].get_Item (TKey key) [0x0001e] in <c5ae8a4eeb824526b5df2932bc2395e0>:0 
  at CrashRigAnimator.LateUpdate () [0x002e3] in C:\Users\eonvw\source\repos\Project-Twinsanity\Assets\Twinsanity\Scripts\CrashRigAnimator.cs:218 
UnityEngine.StackTraceUtility:ExtractStringFromExceptionInternal(Object, String&, String&)

(Filename: Assets/Twinsanity/Scripts/CrashRigAnimator.cs Line: 218)

KeyNotFoundException: The given key '0' was not present in the dictionary.
  at System.Collections.Generic.Dictionary`2[TKey,TValue].get_Item (TKey key) [0x0001e] in <c5ae8a4eeb824526b5df2932bc2395e0>:0 
  at CrashRigAnimator.LateUpdate () [0x002e3] in C:\Users\eonvw\source\repos\Project-Twinsanity\Assets\Twinsanity\Scripts\CrashRigAnimator.cs:218 
UnityEngine.StackTraceUtility:ExtractStringFromExceptionInternal(Object, String&, String&)

(Filename: Assets/Twinsanity/Scripts/CrashRigAnimator.cs Line: 218)

KeyNotFoundException: The given key '0' was not present in the dictionary.
  at System.Collections.Generic.Dictionary`2[TKey,TValue].get_Item (TKey key) [0x0001e] in <c5ae8a4eeb824526b5df2932bc2395e0>:0 
  at CrashRigAnimator.LateUpdate () [0x002e3] in C:\Users\eonvw\source\repos\Project-Twinsanity\Assets\Twinsanity\Scripts\CrashRigAnimator.cs:218 
UnityEngine.StackTraceUtility:ExtractStringFromExceptionInternal(Object, String&, String&)

(Filename: Assets/Twinsanity/Scripts/CrashRigAnimator.cs Line: 218)

KeyNotFoundException: The given key '0' was not present in the dictionary.
  at System.Collections.Generic.Dictionary`2[TKey,TValue].get_Item (TKey key) [0x0001e] in <c5ae8a4eeb824526b5df2932bc2395e0>:0 
  at CrashRigAnimator.LateUpdate () [0x002e3] in C:\Users\eonvw\source\repos\Project-Twinsanity\Assets\Twinsanity\Scripts\CrashRigAnimator.cs:218 
UnityEngine.StackTraceUtility:ExtractStringFromExceptionInternal(Object, String&, String&)

(Filename: Assets/Twinsanity/Scripts/CrashRigAnimator.cs Line: 218)

KeyNotFoundException: The given key '0' was not present in the dictionary.
  at System.Collections.Generic.Dictionary`2[TKey,TValue].get_Item (TKey key) [0x0001e] in <c5ae8a4eeb824526b5df2932bc2395e0>:0 
  at CrashRigAnimator.LateUpdate () [0x002e3] in C:\Users\eonvw\source\repos\Project-Twinsanity\Assets\Twinsanity\Scripts\CrashRigAnimator.cs:218 
UnityEngine.StackTraceUtility:ExtractStringFromExceptionInternal(Object, String&, String&)

(Filename: Assets/Twinsanity/Scripts/CrashRigAnimator.cs Line: 218)

KeyNotFoundException: The given key '0' was not present in the dictionary.
  at System.Collections.Generic.Dictionary`2[TKey,TValue].get_Item (TKey key) [0x0001e] in <c5ae8a4eeb824526b5df2932bc2395e0>:0 
  at CrashRigAnimator.LateUpdate () [0x002e3] in C:\Users\eonvw\source\repos\Project-Twinsanity\Assets\Twinsanity\Scripts\CrashRigAnimator.cs:218 
UnityEngine.StackTraceUtility:ExtractStringFromExceptionInternal(Object, String&, String&)

(Filename: Assets/Twinsanity/Scripts/CrashRigAnimator.cs Line: 218)

KeyNotFoundException: The given key '0' was not present in the dictionary.
  at System.Collections.Generic.Dictionary`2[TKey,TValue].get_Item (TKey key) [0x0001e] in <c5ae8a4eeb824526b5df2932bc2395e0>:0 
  at CrashRigAnimator.LateUpdate () [0x002e3] in C:\Users\eonvw\source\repos\Project-Twinsanity\Assets\Twinsanity\Scripts\CrashRigAnimator.cs:218 
UnityEngine.StackTraceUtility:ExtractStringFromExceptionInternal(Object, String&, String&)

(Filename: Assets/Twinsanity/Scripts/CrashRigAnimator.cs Line: 218)

KeyNotFoundException: The given key '0' was not present in the dictionary.
  at System.Collections.Generic.Dictionary`2[TKey,TValue].get_Item (TKey key) [0x0001e] in <c5ae8a4eeb824526b5df2932bc2395e0>:0 
  at CrashRigAnimator.LateUpdate () [0x002e3] in C:\Users\eonvw\source\repos\Project-Twinsanity\Assets\Twinsanity\Scripts\CrashRigAnimator.cs:218 
UnityEngine.StackTraceUtility:ExtractStringFromExceptionInternal(Object, String&, String&)

(Filename: Assets/Twinsanity/Scripts/CrashRigAnimator.cs Line: 218)

KeyNotFoundException: The given key '0' was not present in the dictionary.
  at System.Collections.Generic.Dictionary`2[TKey,TValue].get_Item (TKey key) [0x0001e] in <c5ae8a4eeb824526b5df2932bc2395e0>:0 
  at CrashRigAnimator.LateUpdate () [0x002e3] in C:\Users\eonvw\source\repos\Project-Twinsanity\Assets\Twinsanity\Scripts\CrashRigAnimator.cs:218 
UnityEngine.StackTraceUtility:ExtractStringFromExceptionInternal(Object, String&, String&)

(Filename: Assets/Twinsanity/Scripts/CrashRigAnimator.cs Line: 218)

KeyNotFoundException: The given key '0' was not present in the dictionary.
  at System.Collections.Generic.Dictionary`2[TKey,TValue].get_Item (TKey key) [0x0001e] in <c5ae8a4eeb824526b5df2932bc2395e0>:0 
  at CrashRigAnimator.LateUpdate () [0x002e3] in C:\Users\eonvw\source\repos\Project-Twinsanity\Assets\Twinsanity\Scripts\CrashRigAnimator.cs:218 
UnityEngine.StackTraceUtility:ExtractStringFromExceptionInternal(Object, String&, String&)

(Filename: Assets/Twinsanity/Scripts/CrashRigAnimator.cs Line: 218)

KeyNotFoundException: The given key '0' was not present in the dictionary.
  at System.Collections.Generic.Dictionary`2[TKey,TValue].get_Item (TKey key) [0x0001e] in <c5ae8a4eeb824526b5df2932bc2395e0>:0 
  at CrashRigAnimator.LateUpdate () [0x002e3] in C:\Users\eonvw\source\repos\Project-Twinsanity\Assets\Twinsanity\Scripts\CrashRigAnimator.cs:218 
UnityEngine.StackTraceUtility:ExtractStringFromExceptionInternal(Object, String&, String&)

(Filename: Assets/Twinsanity/Scripts/CrashRigAnimator.cs Line: 218)

KeyNotFoundException: The given key '0' was not present in the dictionary.
  at System.Collections.Generic.Dictionary`2[TKey,TValue].get_Item (TKey key) [0x0001e] in <c5ae8a4eeb824526b5df2932bc2395e0>:0 
  at CrashRigAnimator.LateUpdate () [0x002e3] in C:\Users\eonvw\source\repos\Project-Twinsanity\Assets\Twinsanity\Scripts\CrashRigAnimator.cs:218 
UnityEngine.StackTraceUtility:ExtractStringFromExceptionInternal(Object, String&, String&)

(Filename: Assets/Twinsanity/Scripts/CrashRigAnimator.cs Line: 218)

KeyNotFoundException: The given key '0' was not present in the dictionary.
  at System.Collections.Generic.Dictionary`2[TKey,TValue].get_Item (TKey key) [0x0001e] in <c5ae8a4eeb824526b5df2932bc2395e0>:0 
  at CrashRigAnimator.LateUpdate () [0x002e3] in C:\Users\eonvw\source\repos\Project-Twinsanity\Assets\Twinsanity\Scripts\CrashRigAnimator.cs:218 
UnityEngine.StackTraceUtility:ExtractStringFromExceptionInternal(Object, String&, String&)

(Filename: Assets/Twinsanity/Scripts/CrashRigAnimator.cs Line: 218)

KeyNotFoundException: The given key '0' was not present in the dictionary.
  at System.Collections.Generic.Dictionary`2[TKey,TValue].get_Item (TKey key) [0x0001e] in <c5ae8a4eeb824526b5df2932bc2395e0>:0 
  at CrashRigAnimator.LateUpdate () [0x002e3] in C:\Users\eonvw\source\repos\Project-Twinsanity\Assets\Twinsanity\Scripts\CrashRigAnimator.cs:218 
UnityEngine.StackTraceUtility:ExtractStringFromExceptionInternal(Object, String&, String&)

(Filename: Assets/Twinsanity/Scripts/CrashRigAnimator.cs Line: 218)

KeyNotFoundException: The given key '0' was not present in the dictionary.
  at System.Collections.Generic.Dictionary`2[TKey,TValue].get_Item (TKey key) [0x0001e] in <c5ae8a4eeb824526b5df2932bc2395e0>:0 
  at CrashRigAnimator.LateUpdate () [0x002e3] in C:\Users\eonvw\source\repos\Project-Twinsanity\Assets\Twinsanity\Scripts\CrashRigAnimator.cs:218 
UnityEngine.StackTraceUtility:ExtractStringFromExceptionInternal(Object, String&, String&)

(Filename: Assets/Twinsanity/Scripts/CrashRigAnimator.cs Line: 218)

KeyNotFoundException: The given key '0' was not present in the dictionary.
  at System.Collections.Generic.Dictionary`2[TKey,TValue].get_Item (TKey key) [0x0001e] in <c5ae8a4eeb824526b5df2932bc2395e0>:0 
  at CrashRigAnimator.LateUpdate () [0x002e3] in C:\Users\eonvw\source\repos\Project-Twinsanity\Assets\Twinsanity\Scripts\CrashRigAnimator.cs:218 
UnityEngine.StackTraceUtility:ExtractStringFromExceptionInternal(Object, String&, String&)

(Filename: Assets/Twinsanity/Scripts/CrashRigAnimator.cs Line: 218)

KeyNotFoundException: The given key '0' was not present in the dictionary.
  at System.Collections.Generic.Dictionary`2[TKey,TValue].get_Item (TKey key) [0x0001e] in <c5ae8a4eeb824526b5df2932bc2395e0>:0 
  at CrashRigAnimator.LateUpdate () [0x002e3] in C:\Users\eonvw\source\repos\Project-Twinsanity\Assets\Twinsanity\Scripts\CrashRigAnimator.cs:218 
UnityEngine.StackTraceUtility:ExtractStringFromExceptionInternal(Object, String&, String&)

(Filename: Assets/Twinsanity/Scripts/CrashRigAnimator.cs Line: 218)

KeyNotFoundException: The given key '0' was not present in the dictionary.
  at System.Collections.Generic.Dictionary`2[TKey,TValue].get_Item (TKey key) [0x0001e] in <c5ae8a4eeb824526b5df2932bc2395e0>:0 
  at CrashRigAnimator.LateUpdate () [0x002e3] in C:\Users\eonvw\source\repos\Project-Twinsanity\Assets\Twinsanity\Scripts\CrashRigAnimator.cs:218 
UnityEngine.StackTraceUtility:ExtractStringFromExceptionInternal(Object, String&, String&)

(Filename: Assets/Twinsanity/Scripts/CrashRigAnimator.cs Line: 218)

KeyNotFoundException: The given key '0' was not present in the dictionary.
  at System.Collections.Generic.Dictionary`2[TKey,TValue].get_Item (TKey key) [0x0001e] in <c5ae8a4eeb824526b5df2932bc2395e0>:0 
  at CrashRigAnimator.LateUpdate () [0x002e3] in C:\Users\eonvw\source\repos\Project-Twinsanity\Assets\Twinsanity\Scripts\CrashRigAnimator.cs:218 
UnityEngine.StackTraceUtility:ExtractStringFromExceptionInternal(Object, String&, String&)

(Filename: Assets/Twinsanity/Scripts/CrashRigAnimator.cs Line: 218)

KeyNotFoundException: The given key '0' was not present in the dictionary.
  at System.Collections.Generic.Dictionary`2[TKey,TValue].get_Item (TKey key) [0x0001e] in <c5ae8a4eeb824526b5df2932bc2395e0>:0 
  at CrashRigAnimator.LateUpdate () [0x002e3] in C:\Users\eonvw\source\repos\Project-Twinsanity\Assets\Twinsanity\Scripts\CrashRigAnimator.cs:218 
UnityEngine.StackTraceUtility:ExtractStringFromExceptionInternal(Object, String&, String&)

(Filename: Assets/Twinsanity/Scripts/CrashRigAnimator.cs Line: 218)

KeyNotFoundException: The given key '0' was not present in the dictionary.
  at System.Collections.Generic.Dictionary`2[TKey,TValue].get_Item (TKey key) [0x0001e] in <c5ae8a4eeb824526b5df2932bc2395e0>:0 
  at CrashRigAnimator.LateUpdate () [0x002e3] in C:\Users\eonvw\source\repos\Project-Twinsanity\Assets\Twinsanity\Scripts\CrashRigAnimator.cs:218 
UnityEngine.StackTraceUtility:ExtractStringFromExceptionInternal(Object, String&, String&)

(Filename: Assets/Twinsanity/Scripts/CrashRigAnimator.cs Line: 218)

KeyNotFoundException: The given key '0' was not present in the dictionary.
  at System.Collections.Generic.Dictionary`2[TKey,TValue].get_Item (TKey key) [0x0001e] in <c5ae8a4eeb824526b5df2932bc2395e0>:0 
  at CrashRigAnimator.LateUpdate () [0x002e3] in C:\Users\eonvw\source\repos\Project-Twinsanity\Assets\Twinsanity\Scripts\CrashRigAnimator.cs:218 
UnityEngine.StackTraceUtility:ExtractStringFromExceptionInternal(Object, String&, String&)

(Filename: Assets/Twinsanity/Scripts/CrashRigAnimator.cs Line: 218)

KeyNotFoundException: The given key '0' was not present in the dictionary.
  at System.Collections.Generic.Dictionary`2[TKey,TValue].get_Item (TKey key) [0x0001e] in <c5ae8a4eeb824526b5df2932bc2395e0>:0 
  at CrashRigAnimator.LateUpdate () [0x002e3] in C:\Users\eonvw\source\repos\Project-Twinsanity\Assets\Twinsanity\Scripts\CrashRigAnimator.cs:218 
UnityEngine.StackTraceUtility:ExtractStringFromExceptionInternal(Object, String&, String&)

(Filename: Assets/Twinsanity/Scripts/CrashRigAnimator.cs Line: 218)

KeyNotFoundException: The given key '0' was not present in the dictionary.
  at System.Collections.Generic.Dictionary`2[TKey,TValue].get_Item (TKey key) [0x0001e] in <c5ae8a4eeb824526b5df2932bc2395e0>:0 
  at CrashRigAnimator.LateUpdate () [0x002e3] in C:\Users\eonvw\source\repos\Project-Twinsanity\Assets\Twinsanity\Scripts\CrashRigAnimator.cs:218 
UnityEngine.StackTraceUtility:ExtractStringFromExceptionInternal(Object, String&, String&)

(Filename: Assets/Twinsanity/Scripts/CrashRigAnimator.cs Line: 218)

KeyNotFoundException: The given key '0' was not present in the dictionary.
  at System.Collections.Generic.Dictionary`2[TKey,TValue].get_Item (TKey key) [0x0001e] in <c5ae8a4eeb824526b5df2932bc2395e0>:0 
  at CrashRigAnimator.LateUpdate () [0x002e3] in C:\Users\eonvw\source\repos\Project-Twinsanity\Assets\Twinsanity\Scripts\CrashRigAnimator.cs:218 
UnityEngine.StackTraceUtility:ExtractStringFromExceptionInternal(Object, String&, String&)

(Filename: Assets/Twinsanity/Scripts/CrashRigAnimator.cs Line: 218)

KeyNotFoundException: The given key '0' was not present in the dictionary.
  at System.Collections.Generic.Dictionary`2[TKey,TValue].get_Item (TKey key) [0x0001e] in <c5ae8a4eeb824526b5df2932bc2395e0>:0 
  at CrashRigAnimator.LateUpdate () [0x002e3] in C:\Users\eonvw\source\repos\Project-Twinsanity\Assets\Twinsanity\Scripts\CrashRigAnimator.cs:218 
UnityEngine.StackTraceUtility:ExtractStringFromExceptionInternal(Object, String&, String&)

(Filename: Assets/Twinsanity/Scripts/CrashRigAnimator.cs Line: 218)

KeyNotFoundException: The given key '0' was not present in the dictionary.
  at System.Collections.Generic.Dictionary`2[TKey,TValue].get_Item (TKey key) [0x0001e] in <c5ae8a4eeb824526b5df2932bc2395e0>:0 
  at CrashRigAnimator.LateUpdate () [0x002e3] in C:\Users\eonvw\source\repos\Project-Twinsanity\Assets\Twinsanity\Scripts\CrashRigAnimator.cs:218 
UnityEngine.StackTraceUtility:ExtractStringFromExceptionInternal(Object, String&, String&)

(Filename: Assets/Twinsanity/Scripts/CrashRigAnimator.cs Line: 218)

KeyNotFoundException: The given key '0' was not present in the dictionary.
  at System.Collections.Generic.Dictionary`2[TKey,TValue].get_Item (TKey key) [0x0001e] in <c5ae8a4eeb824526b5df2932bc2395e0>:0 
  at CrashRigAnimator.LateUpdate () [0x002e3] in C:\Users\eonvw\source\repos\Project-Twinsanity\Assets\Twinsanity\Scripts\CrashRigAnimator.cs:218 
UnityEngine.StackTraceUtility:ExtractStringFromExceptionInternal(Object, String&, String&)

(Filename: Assets/Twinsanity/Scripts/CrashRigAnimator.cs Line: 218)

KeyNotFoundException: The given key '0' was not present in the dictionary.
  at System.Collections.Generic.Dictionary`2[TKey,TValue].get_Item (TKey key) [0x0001e] in <c5ae8a4eeb824526b5df2932bc2395e0>:0 
  at CrashRigAnimator.LateUpdate () [0x002e3] in C:\Users\eonvw\source\repos\Project-Twinsanity\Assets\Twinsanity\Scripts\CrashRigAnimator.cs:218 
UnityEngine.StackTraceUtility:ExtractStringFromExceptionInternal(Object, String&, String&)

(Filename: Assets/Twinsanity/Scripts/CrashRigAnimator.cs Line: 218)

KeyNotFoundException: The given key '0' was not present in the dictionary.
  at System.Collections.Generic.Dictionary`2[TKey,TValue].get_Item (TKey key) [0x0001e] in <c5ae8a4eeb824526b5df2932bc2395e0>:0 
  at CrashRigAnimator.LateUpdate () [0x002e3] in C:\Users\eonvw\source\repos\Project-Twinsanity\Assets\Twinsanity\Scripts\CrashRigAnimator.cs:218 
UnityEngine.StackTraceUtility:ExtractStringFromExceptionInternal(Object, String&, String&)

(Filename: Assets/Twinsanity/Scripts/CrashRigAnimator.cs Line: 218)

KeyNotFoundException: The given key '0' was not present in the dictionary.
  at System.Collections.Generic.Dictionary`2[TKey,TValue].get_Item (TKey key) [0x0001e] in <c5ae8a4eeb824526b5df2932bc2395e0>:0 
  at CrashRigAnimator.LateUpdate () [0x002e3] in C:\Users\eonvw\source\repos\Project-Twinsanity\Assets\Twinsanity\Scripts\CrashRigAnimator.cs:218 
UnityEngine.StackTraceUtility:ExtractStringFromExceptionInternal(Object, String&, String&)

(Filename: Assets/Twinsanity/Scripts/CrashRigAnimator.cs Line: 218)

KeyNotFoundException: The given key '0' was not present in the dictionary.
  at System.Collections.Generic.Dictionary`2[TKey,TValue].get_Item (TKey key) [0x0001e] in <c5ae8a4eeb824526b5df2932bc2395e0>:0 
  at CrashRigAnimator.LateUpdate () [0x002e3] in C:\Users\eonvw\source\repos\Project-Twinsanity\Assets\Twinsanity\Scripts\CrashRigAnimator.cs:218 
UnityEngine.StackTraceUtility:ExtractStringFromExceptionInternal(Object, String&, String&)

(Filename: Assets/Twinsanity/Scripts/CrashRigAnimator.cs Line: 218)

KeyNotFoundException: The given key '0' was not present in the dictionary.
  at System.Collections.Generic.Dictionary`2[TKey,TValue].get_Item (TKey key) [0x0001e] in <c5ae8a4eeb824526b5df2932bc2395e0>:0 
  at CrashRigAnimator.LateUpdate () [0x002e3] in C:\Users\eonvw\source\repos\Project-Twinsanity\Assets\Twinsanity\Scripts\CrashRigAnimator.cs:218 
UnityEngine.StackTraceUtility:ExtractStringFromExceptionInternal(Object, String&, String&)

(Filename: Assets/Twinsanity/Scripts/CrashRigAnimator.cs Line: 218)

KeyNotFoundException: The given key '0' was not present in the dictionary.
  at System.Collections.Generic.Dictionary`2[TKey,TValue].get_Item (TKey key) [0x0001e] in <c5ae8a4eeb824526b5df2932bc2395e0>:0 
  at CrashRigAnimator.LateUpdate () [0x002e3] in C:\Users\eonvw\source\repos\Project-Twinsanity\Assets\Twinsanity\Scripts\CrashRigAnimator.cs:218 
UnityEngine.StackTraceUtility:ExtractStringFromExceptionInternal(Object, String&, String&)

(Filename: Assets/Twinsanity/Scripts/CrashRigAnimator.cs Line: 218)

KeyNotFoundException: The given key '0' was not present in the dictionary.
  at System.Collections.Generic.Dictionary`2[TKey,TValue].get_Item (TKey key) [0x0001e] in <c5ae8a4eeb824526b5df2932bc2395e0>:0 
  at CrashRigAnimator.LateUpdate () [0x002e3] in C:\Users\eonvw\source\repos\Project-Twinsanity\Assets\Twinsanity\Scripts\CrashRigAnimator.cs:218 
UnityEngine.StackTraceUtility:ExtractStringFromExceptionInternal(Object, String&, String&)

(Filename: Assets/Twinsanity/Scripts/CrashRigAnimator.cs Line: 218)

KeyNotFoundException: The given key '0' was not present in the dictionary.
  at System.Collections.Generic.Dictionary`2[TKey,TValue].get_Item (TKey key) [0x0001e] in <c5ae8a4eeb824526b5df2932bc2395e0>:0 
  at CrashRigAnimator.LateUpdate () [0x002e3] in C:\Users\eonvw\source\repos\Project-Twinsanity\Assets\Twinsanity\Scripts\CrashRigAnimator.cs:218 
UnityEngine.StackTraceUtility:ExtractStringFromExceptionInternal(Object, String&, String&)

(Filename: Assets/Twinsanity/Scripts/CrashRigAnimator.cs Line: 218)

KeyNotFoundException: The given key '0' was not present in the dictionary.
  at System.Collections.Generic.Dictionary`2[TKey,TValue].get_Item (TKey key) [0x0001e] in <c5ae8a4eeb824526b5df2932bc2395e0>:0 
  at CrashRigAnimator.LateUpdate () [0x002e3] in C:\Users\eonvw\source\repos\Project-Twinsanity\Assets\Twinsanity\Scripts\CrashRigAnimator.cs:218 
UnityEngine.StackTraceUtility:ExtractStringFromExceptionInternal(Object, String&, String&)

(Filename: Assets/Twinsanity/Scripts/CrashRigAnimator.cs Line: 218)

KeyNotFoundException: The given key '0' was not present in the dictionary.
  at System.Collections.Generic.Dictionary`2[TKey,TValue].get_Item (TKey key) [0x0001e] in <c5ae8a4eeb824526b5df2932bc2395e0>:0 
  at CrashRigAnimator.LateUpdate () [0x002e3] in C:\Users\eonvw\source\repos\Project-Twinsanity\Assets\Twinsanity\Scripts\CrashRigAnimator.cs:218 
UnityEngine.StackTraceUtility:ExtractStringFromExceptionInternal(Object, String&, String&)

(Filename: Assets/Twinsanity/Scripts/CrashRigAnimator.cs Line: 218)

KeyNotFoundException: The given key '0' was not present in the dictionary.
  at System.Collections.Generic.Dictionary`2[TKey,TValue].get_Item (TKey key) [0x0001e] in <c5ae8a4eeb824526b5df2932bc2395e0>:0 
  at CrashRigAnimator.LateUpdate () [0x002e3] in C:\Users\eonvw\source\repos\Project-Twinsanity\Assets\Twinsanity\Scripts\CrashRigAnimator.cs:218 
UnityEngine.StackTraceUtility:ExtractStringFromExceptionInternal(Object, String&, String&)

(Filename: Assets/Twinsanity/Scripts/CrashRigAnimator.cs Line: 218)

KeyNotFoundException: The given key '0' was not present in the dictionary.
  at System.Collections.Generic.Dictionary`2[TKey,TValue].get_Item (TKey key) [0x0001e] in <c5ae8a4eeb824526b5df2932bc2395e0>:0 
  at CrashRigAnimator.LateUpdate () [0x002e3] in C:\Users\eonvw\source\repos\Project-Twinsanity\Assets\Twinsanity\Scripts\CrashRigAnimator.cs:218 
UnityEngine.StackTraceUtility:ExtractStringFromExceptionInternal(Object, String&, String&)

(Filename: Assets/Twinsanity/Scripts/CrashRigAnimator.cs Line: 218)

KeyNotFoundException: The given key '0' was not present in the dictionary.
  at System.Collections.Generic.Dictionary`2[TKey,TValue].get_Item (TKey key) [0x0001e] in <c5ae8a4eeb824526b5df2932bc2395e0>:0 
  at CrashRigAnimator.LateUpdate () [0x002e3] in C:\Users\eonvw\source\repos\Project-Twinsanity\Assets\Twinsanity\Scripts\CrashRigAnimator.cs:218 
UnityEngine.StackTraceUtility:ExtractStringFromExceptionInternal(Object, String&, String&)

(Filename: Assets/Twinsanity/Scripts/CrashRigAnimator.cs Line: 218)

KeyNotFoundException: The given key '0' was not present in the dictionary.
  at System.Collections.Generic.Dictionary`2[TKey,TValue].get_Item (TKey key) [0x0001e] in <c5ae8a4eeb824526b5df2932bc2395e0>:0 
  at CrashRigAnimator.LateUpdate () [0x002e3] in C:\Users\eonvw\source\repos\Project-Twinsanity\Assets\Twinsanity\Scripts\CrashRigAnimator.cs:218 
UnityEngine.StackTraceUtility:ExtractStringFromExceptionInternal(Object, String&, String&)

(Filename: Assets/Twinsanity/Scripts/CrashRigAnimator.cs Line: 218)

KeyNotFoundException: The given key '0' was not present in the dictionary.
  at System.Collections.Generic.Dictionary`2[TKey,TValue].get_Item (TKey key) [0x0001e] in <c5ae8a4eeb824526b5df2932bc2395e0>:0 
  at CrashRigAnimator.LateUpdate () [0x002e3] in C:\Users\eonvw\source\repos\Project-Twinsanity\Assets\Twinsanity\Scripts\CrashRigAnimator.cs:218 
UnityEngine.StackTraceUtility:ExtractStringFromExceptionInternal(Object, String&, String&)

(Filename: Assets/Twinsanity/Scripts/CrashRigAnimator.cs Line: 218)

KeyNotFoundException: The given key '0' was not present in the dictionary.
  at System.Collections.Generic.Dictionary`2[TKey,TValue].get_Item (TKey key) [0x0001e] in <c5ae8a4eeb824526b5df2932bc2395e0>:0 
  at CrashRigAnimator.LateUpdate () [0x002e3] in C:\Users\eonvw\source\repos\Project-Twinsanity\Assets\Twinsanity\Scripts\CrashRigAnimator.cs:218 
UnityEngine.StackTraceUtility:ExtractStringFromExceptionInternal(Object, String&, String&)

(Filename: Assets/Twinsanity/Scripts/CrashRigAnimator.cs Line: 218)

KeyNotFoundException: The given key '0' was not present in the dictionary.
  at System.Collections.Generic.Dictionary`2[TKey,TValue].get_Item (TKey key) [0x0001e] in <c5ae8a4eeb824526b5df2932bc2395e0>:0 
  at CrashRigAnimator.LateUpdate () [0x002e3] in C:\Users\eonvw\source\repos\Project-Twinsanity\Assets\Twinsanity\Scripts\CrashRigAnimator.cs:218 
UnityEngine.StackTraceUtility:ExtractStringFromExceptionInternal(Object, String&, String&)

(Filename: Assets/Twinsanity/Scripts/CrashRigAnimator.cs Line: 218)

KeyNotFoundException: The given key '0' was not present in the dictionary.
  at System.Collections.Generic.Dictionary`2[TKey,TValue].get_Item (TKey key) [0x0001e] in <c5ae8a4eeb824526b5df2932bc2395e0>:0 
  at CrashRigAnimator.LateUpdate () [0x002e3] in C:\Users\eonvw\source\repos\Project-Twinsanity\Assets\Twinsanity\Scripts\CrashRigAnimator.cs:218 
UnityEngine.StackTraceUtility:ExtractStringFromExceptionInternal(Object, String&, String&)

(Filename: Assets/Twinsanity/Scripts/CrashRigAnimator.cs Line: 218)

KeyNotFoundException: The given key '0' was not present in the dictionary.
  at System.Collections.Generic.Dictionary`2[TKey,TValue].get_Item (TKey key) [0x0001e] in <c5ae8a4eeb824526b5df2932bc2395e0>:0 
  at CrashRigAnimator.LateUpdate () [0x002e3] in C:\Users\eonvw\source\repos\Project-Twinsanity\Assets\Twinsanity\Scripts\CrashRigAnimator.cs:218 
UnityEngine.StackTraceUtility:ExtractStringFromExceptionInternal(Object, String&, String&)

(Filename: Assets/Twinsanity/Scripts/CrashRigAnimator.cs Line: 218)

KeyNotFoundException: The given key '0' was not present in the dictionary.
  at System.Collections.Generic.Dictionary`2[TKey,TValue].get_Item (TKey key) [0x0001e] in <c5ae8a4eeb824526b5df2932bc2395e0>:0 
  at CrashRigAnimator.LateUpdate () [0x002e3] in C:\Users\eonvw\source\repos\Project-Twinsanity\Assets\Twinsanity\Scripts\CrashRigAnimator.cs:218 
UnityEngine.StackTraceUtility:ExtractStringFromExceptionInternal(Object, String&, String&)

(Filename: Assets/Twinsanity/Scripts/CrashRigAnimator.cs Line: 218)

KeyNotFoundException: The given key '0' was not present in the dictionary.
  at System.Collections.Generic.Dictionary`2[TKey,TValue].get_Item (TKey key) [0x0001e] in <c5ae8a4eeb824526b5df2932bc2395e0>:0 
  at CrashRigAnimator.LateUpdate () [0x002e3] in C:\Users\eonvw\source\repos\Project-Twinsanity\Assets\Twinsanity\Scripts\CrashRigAnimator.cs:218 
UnityEngine.StackTraceUtility:ExtractStringFromExceptionInternal(Object, String&, String&)

(Filename: Assets/Twinsanity/Scripts/CrashRigAnimator.cs Line: 218)

KeyNotFoundException: The given key '0' was not present in the dictionary.
  at System.Collections.Generic.Dictionary`2[TKey,TValue].get_Item (TKey key) [0x0001e] in <c5ae8a4eeb824526b5df2932bc2395e0>:0 
  at CrashRigAnimator.LateUpdate () [0x002e3] in C:\Users\eonvw\source\repos\Project-Twinsanity\Assets\Twinsanity\Scripts\CrashRigAnimator.cs:218 
UnityEngine.StackTraceUtility:ExtractStringFromExceptionInternal(Object, String&, String&)

(Filename: Assets/Twinsanity/Scripts/CrashRigAnimator.cs Line: 218)

KeyNotFoundException: The given key '0' was not present in the dictionary.
  at System.Collections.Generic.Dictionary`2[TKey,TValue].get_Item (TKey key) [0x0001e] in <c5ae8a4eeb824526b5df2932bc2395e0>:0 
  at CrashRigAnimator.LateUpdate () [0x002e3] in C:\Users\eonvw\source\repos\Project-Twinsanity\Assets\Twinsanity\Scripts\CrashRigAnimator.cs:218 
UnityEngine.StackTraceUtility:ExtractStringFromExceptionInternal(Object, String&, String&)

(Filename: Assets/Twinsanity/Scripts/CrashRigAnimator.cs Line: 218)

KeyNotFoundException: The given key '0' was not present in the dictionary.
  at System.Collections.Generic.Dictionary`2[TKey,TValue].get_Item (TKey key) [0x0001e] in <c5ae8a4eeb824526b5df2932bc2395e0>:0 
  at CrashRigAnimator.LateUpdate () [0x002e3] in C:\Users\eonvw\source\repos\Project-Twinsanity\Assets\Twinsanity\Scripts\CrashRigAnimator.cs:218 
UnityEngine.StackTraceUtility:ExtractStringFromExceptionInternal(Object, String&, String&)

(Filename: Assets/Twinsanity/Scripts/CrashRigAnimator.cs Line: 218)

KeyNotFoundException: The given key '0' was not present in the dictionary.
  at System.Collections.Generic.Dictionary`2[TKey,TValue].get_Item (TKey key) [0x0001e] in <c5ae8a4eeb824526b5df2932bc2395e0>:0 
  at CrashRigAnimator.LateUpdate () [0x002e3] in C:\Users\eonvw\source\repos\Project-Twinsanity\Assets\Twinsanity\Scripts\CrashRigAnimator.cs:218 
UnityEngine.StackTraceUtility:ExtractStringFromExceptionInternal(Object, String&, String&)

(Filename: Assets/Twinsanity/Scripts/CrashRigAnimator.cs Line: 218)

KeyNotFoundException: The given key '0' was not present in the dictionary.
  at System.Collections.Generic.Dictionary`2[TKey,TValue].get_Item (TKey key) [0x0001e] in <c5ae8a4eeb824526b5df2932bc2395e0>:0 
  at CrashRigAnimator.LateUpdate () [0x002e3] in C:\Users\eonvw\source\repos\Project-Twinsanity\Assets\Twinsanity\Scripts\CrashRigAnimator.cs:218 
UnityEngine.StackTraceUtility:ExtractStringFromExceptionInternal(Object, String&, String&)

(Filename: Assets/Twinsanity/Scripts/CrashRigAnimator.cs Line: 218)

KeyNotFoundException: The given key '0' was not present in the dictionary.
  at System.Collections.Generic.Dictionary`2[TKey,TValue].get_Item (TKey key) [0x0001e] in <c5ae8a4eeb824526b5df2932bc2395e0>:0 
  at CrashRigAnimator.LateUpdate () [0x002e3] in C:\Users\eonvw\source\repos\Project-Twinsanity\Assets\Twinsanity\Scripts\CrashRigAnimator.cs:218 
UnityEngine.StackTraceUtility:ExtractStringFromExceptionInternal(Object, String&, String&)

(Filename: Assets/Twinsanity/Scripts/CrashRigAnimator.cs Line: 218)

KeyNotFoundException: The given key '0' was not present in the dictionary.
  at System.Collections.Generic.Dictionary`2[TKey,TValue].get_Item (TKey key) [0x0001e] in <c5ae8a4eeb824526b5df2932bc2395e0>:0 
  at CrashRigAnimator.LateUpdate () [0x002e3] in C:\Users\eonvw\source\repos\Project-Twinsanity\Assets\Twinsanity\Scripts\CrashRigAnimator.cs:218 
UnityEngine.StackTraceUtility:ExtractStringFromExceptionInternal(Object, String&, String&)

(Filename: Assets/Twinsanity/Scripts/CrashRigAnimator.cs Line: 218)

KeyNotFoundException: The given key '0' was not present in the dictionary.
  at System.Collections.Generic.Dictionary`2[TKey,TValue].get_Item (TKey key) [0x0001e] in <c5ae8a4eeb824526b5df2932bc2395e0>:0 
  at CrashRigAnimator.LateUpdate () [0x002e3] in C:\Users\eonvw\source\repos\Project-Twinsanity\Assets\Twinsanity\Scripts\CrashRigAnimator.cs:218 
UnityEngine.StackTraceUtility:ExtractStringFromExceptionInternal(Object, String&, String&)

(Filename: Assets/Twinsanity/Scripts/CrashRigAnimator.cs Line: 218)

KeyNotFoundException: The given key '0' was not present in the dictionary.
  at System.Collections.Generic.Dictionary`2[TKey,TValue].get_Item (TKey key) [0x0001e] in <c5ae8a4eeb824526b5df2932bc2395e0>:0 
  at CrashRigAnimator.LateUpdate () [0x002e3] in C:\Users\eonvw\source\repos\Project-Twinsanity\Assets\Twinsanity\Scripts\CrashRigAnimator.cs:218 
UnityEngine.StackTraceUtility:ExtractStringFromExceptionInternal(Object, String&, String&)

(Filename: Assets/Twinsanity/Scripts/CrashRigAnimator.cs Line: 218)

KeyNotFoundException: The given key '0' was not present in the dictionary.
  at System.Collections.Generic.Dictionary`2[TKey,TValue].get_Item (TKey key) [0x0001e] in <c5ae8a4eeb824526b5df2932bc2395e0>:0 
  at CrashRigAnimator.LateUpdate () [0x002e3] in C:\Users\eonvw\source\repos\Project-Twinsanity\Assets\Twinsanity\Scripts\CrashRigAnimator.cs:218 
UnityEngine.StackTraceUtility:ExtractStringFromExceptionInternal(Object, String&, String&)

(Filename: Assets/Twinsanity/Scripts/CrashRigAnimator.cs Line: 218)

KeyNotFoundException: The given key '0' was not present in the dictionary.
  at System.Collections.Generic.Dictionary`2[TKey,TValue].get_Item (TKey key) [0x0001e] in <c5ae8a4eeb824526b5df2932bc2395e0>:0 
  at CrashRigAnimator.LateUpdate () [0x002e3] in C:\Users\eonvw\source\repos\Project-Twinsanity\Assets\Twinsanity\Scripts\CrashRigAnimator.cs:218 
UnityEngine.StackTraceUtility:ExtractStringFromExceptionInternal(Object, String&, String&)

(Filename: Assets/Twinsanity/Scripts/CrashRigAnimator.cs Line: 218)

KeyNotFoundException: The given key '0' was not present in the dictionary.
  at System.Collections.Generic.Dictionary`2[TKey,TValue].get_Item (TKey key) [0x0001e] in <c5ae8a4eeb824526b5df2932bc2395e0>:0 
  at CrashRigAnimator.LateUpdate () [0x002e3] in C:\Users\eonvw\source\repos\Project-Twinsanity\Assets\Twinsanity\Scripts\CrashRigAnimator.cs:218 
UnityEngine.StackTraceUtility:ExtractStringFromExceptionInternal(Object, String&, String&)

(Filename: Assets/Twinsanity/Scripts/CrashRigAnimator.cs Line: 218)

KeyNotFoundException: The given key '0' was not present in the dictionary.
  at System.Collections.Generic.Dictionary`2[TKey,TValue].get_Item (TKey key) [0x0001e] in <c5ae8a4eeb824526b5df2932bc2395e0>:0 
  at CrashRigAnimator.LateUpdate () [0x002e3] in C:\Users\eonvw\source\repos\Project-Twinsanity\Assets\Twinsanity\Scripts\CrashRigAnimator.cs:218 
UnityEngine.StackTraceUtility:ExtractStringFromExceptionInternal(Object, String&, String&)

(Filename: Assets/Twinsanity/Scripts/CrashRigAnimator.cs Line: 218)

KeyNotFoundException: The given key '0' was not present in the dictionary.
  at System.Collections.Generic.Dictionary`2[TKey,TValue].get_Item (TKey key) [0x0001e] in <c5ae8a4eeb824526b5df2932bc2395e0>:0 
  at CrashRigAnimator.LateUpdate () [0x002e3] in C:\Users\eonvw\source\repos\Project-Twinsanity\Assets\Twinsanity\Scripts\CrashRigAnimator.cs:218 
UnityEngine.StackTraceUtility:ExtractStringFromExceptionInternal(Object, String&, String&)

(Filename: Assets/Twinsanity/Scripts/CrashRigAnimator.cs Line: 218)

KeyNotFoundException: The given key '0' was not present in the dictionary.
  at System.Collections.Generic.Dictionary`2[TKey,TValue].get_Item (TKey key) [0x0001e] in <c5ae8a4eeb824526b5df2932bc2395e0>:0 
  at CrashRigAnimator.LateUpdate () [0x002e3] in C:\Users\eonvw\source\repos\Project-Twinsanity\Assets\Twinsanity\Scripts\CrashRigAnimator.cs:218 
UnityEngine.StackTraceUtility:ExtractStringFromExceptionInternal(Object, String&, String&)

(Filename: Assets/Twinsanity/Scripts/CrashRigAnimator.cs Line: 218)

KeyNotFoundException: The given key '0' was not present in the dictionary.
  at System.Collections.Generic.Dictionary`2[TKey,TValue].get_Item (TKey key) [0x0001e] in <c5ae8a4eeb824526b5df2932bc2395e0>:0 
  at CrashRigAnimator.LateUpdate () [0x002e3] in C:\Users\eonvw\source\repos\Project-Twinsanity\Assets\Twinsanity\Scripts\CrashRigAnimator.cs:218 
UnityEngine.StackTraceUtility:ExtractStringFromExceptionInternal(Object, String&, String&)

(Filename: Assets/Twinsanity/Scripts/CrashRigAnimator.cs Line: 218)

KeyNotFoundException: The given key '0' was not present in the dictionary.
  at System.Collections.Generic.Dictionary`2[TKey,TValue].get_Item (TKey key) [0x0001e] in <c5ae8a4eeb824526b5df2932bc2395e0>:0 
  at CrashRigAnimator.LateUpdate () [0x002e3] in C:\Users\eonvw\source\repos\Project-Twinsanity\Assets\Twinsanity\Scripts\CrashRigAnimator.cs:218 
UnityEngine.StackTraceUtility:ExtractStringFromExceptionInternal(Object, String&, String&)

(Filename: Assets/Twinsanity/Scripts/CrashRigAnimator.cs Line: 218)

KeyNotFoundException: The given key '0' was not present in the dictionary.
  at System.Collections.Generic.Dictionary`2[TKey,TValue].get_Item (TKey key) [0x0001e] in <c5ae8a4eeb824526b5df2932bc2395e0>:0 
  at CrashRigAnimator.LateUpdate () [0x002e3] in C:\Users\eonvw\source\repos\Project-Twinsanity\Assets\Twinsanity\Scripts\CrashRigAnimator.cs:218 
UnityEngine.StackTraceUtility:ExtractStringFromExceptionInternal(Object, String&, String&)

(Filename: Assets/Twinsanity/Scripts/CrashRigAnimator.cs Line: 218)

KeyNotFoundException: The given key '0' was not present in the dictionary.
  at System.Collections.Generic.Dictionary`2[TKey,TValue].get_Item (TKey key) [0x0001e] in <c5ae8a4eeb824526b5df2932bc2395e0>:0 
  at CrashRigAnimator.LateUpdate () [0x002e3] in C:\Users\eonvw\source\repos\Project-Twinsanity\Assets\Twinsanity\Scripts\CrashRigAnimator.cs:218 
UnityEngine.StackTraceUtility:ExtractStringFromExceptionInternal(Object, String&, String&)

(Filename: Assets/Twinsanity/Scripts/CrashRigAnimator.cs Line: 218)

KeyNotFoundException: The given key '0' was not present in the dictionary.
  at System.Collections.Generic.Dictionary`2[TKey,TValue].get_Item (TKey key) [0x0001e] in <c5ae8a4eeb824526b5df2932bc2395e0>:0 
  at CrashRigAnimator.LateUpdate () [0x002e3] in C:\Users\eonvw\source\repos\Project-Twinsanity\Assets\Twinsanity\Scripts\CrashRigAnimator.cs:218 
UnityEngine.StackTraceUtility:ExtractStringFromExceptionInternal(Object, String&, String&)

(Filename: Assets/Twinsanity/Scripts/CrashRigAnimator.cs Line: 218)

KeyNotFoundException: The given key '0' was not present in the dictionary.
  at System.Collections.Generic.Dictionary`2[TKey,TValue].get_Item (TKey key) [0x0001e] in <c5ae8a4eeb824526b5df2932bc2395e0>:0 
  at CrashRigAnimator.LateUpdate () [0x002e3] in C:\Users\eonvw\source\repos\Project-Twinsanity\Assets\Twinsanity\Scripts\CrashRigAnimator.cs:218 
UnityEngine.StackTraceUtility:ExtractStringFromExceptionInternal(Object, String&, String&)

(Filename: Assets/Twinsanity/Scripts/CrashRigAnimator.cs Line: 218)

KeyNotFoundException: The given key '0' was not present in the dictionary.
  at System.Collections.Generic.Dictionary`2[TKey,TValue].get_Item (TKey key) [0x0001e] in <c5ae8a4eeb824526b5df2932bc2395e0>:0 
  at CrashRigAnimator.LateUpdate () [0x002e3] in C:\Users\eonvw\source\repos\Project-Twinsanity\Assets\Twinsanity\Scripts\CrashRigAnimator.cs:218 
UnityEngine.StackTraceUtility:ExtractStringFromExceptionInternal(Object, String&, String&)

(Filename: Assets/Twinsanity/Scripts/CrashRigAnimator.cs Line: 218)

KeyNotFoundException: The given key '0' was not present in the dictionary.
  at System.Collections.Generic.Dictionary`2[TKey,TValue].get_Item (TKey key) [0x0001e] in <c5ae8a4eeb824526b5df2932bc2395e0>:0 
  at CrashRigAnimator.LateUpdate () [0x002e3] in C:\Users\eonvw\source\repos\Project-Twinsanity\Assets\Twinsanity\Scripts\CrashRigAnimator.cs:218 
UnityEngine.StackTraceUtility:ExtractStringFromExceptionInternal(Object, String&, String&)

(Filename: Assets/Twinsanity/Scripts/CrashRigAnimator.cs Line: 218)

KeyNotFoundException: The given key '0' was not present in the dictionary.
  at System.Collections.Generic.Dictionary`2[TKey,TValue].get_Item (TKey key) [0x0001e] in <c5ae8a4eeb824526b5df2932bc2395e0>:0 
  at CrashRigAnimator.LateUpdate () [0x002e3] in C:\Users\eonvw\source\repos\Project-Twinsanity\Assets\Twinsanity\Scripts\CrashRigAnimator.cs:218 
UnityEngine.StackTraceUtility:ExtractStringFromExceptionInternal(Object, String&, String&)

(Filename: Assets/Twinsanity/Scripts/CrashRigAnimator.cs Line: 218)

KeyNotFoundException: The given key '0' was not present in the dictionary.
  at System.Collections.Generic.Dictionary`2[TKey,TValue].get_Item (TKey key) [0x0001e] in <c5ae8a4eeb824526b5df2932bc2395e0>:0 
  at CrashRigAnimator.LateUpdate () [0x002e3] in C:\Users\eonvw\source\repos\Project-Twinsanity\Assets\Twinsanity\Scripts\CrashRigAnimator.cs:218 
UnityEngine.StackTraceUtility:ExtractStringFromExceptionInternal(Object, String&, String&)

(Filename: Assets/Twinsanity/Scripts/CrashRigAnimator.cs Line: 218)

KeyNotFoundException: The given key '0' was not present in the dictionary.
  at System.Collections.Generic.Dictionary`2[TKey,TValue].get_Item (TKey key) [0x0001e] in <c5ae8a4eeb824526b5df2932bc2395e0>:0 
  at CrashRigAnimator.LateUpdate () [0x002e3] in C:\Users\eonvw\source\repos\Project-Twinsanity\Assets\Twinsanity\Scripts\CrashRigAnimator.cs:218 
UnityEngine.StackTraceUtility:ExtractStringFromExceptionInternal(Object, String&, String&)

(Filename: Assets/Twinsanity/Scripts/CrashRigAnimator.cs Line: 218)

KeyNotFoundException: The given key '0' was not present in the dictionary.
  at System.Collections.Generic.Dictionary`2[TKey,TValue].get_Item (TKey key) [0x0001e] in <c5ae8a4eeb824526b5df2932bc2395e0>:0 
  at CrashRigAnimator.LateUpdate () [0x002e3] in C:\Users\eonvw\source\repos\Project-Twinsanity\Assets\Twinsanity\Scripts\CrashRigAnimator.cs:218 
UnityEngine.StackTraceUtility:ExtractStringFromExceptionInternal(Object, String&, String&)

(Filename: Assets/Twinsanity/Scripts/CrashRigAnimator.cs Line: 218)

KeyNotFoundException: The given key '0' was not present in the dictionary.
  at System.Collections.Generic.Dictionary`2[TKey,TValue].get_Item (TKey key) [0x0001e] in <c5ae8a4eeb824526b5df2932bc2395e0>:0 
  at CrashRigAnimator.LateUpdate () [0x002e3] in C:\Users\eonvw\source\repos\Project-Twinsanity\Assets\Twinsanity\Scripts\CrashRigAnimator.cs:218 
UnityEngine.StackTraceUtility:ExtractStringFromExceptionInternal(Object, String&, String&)

(Filename: Assets/Twinsanity/Scripts/CrashRigAnimator.cs Line: 218)

KeyNotFoundException: The given key '0' was not present in the dictionary.
  at System.Collections.Generic.Dictionary`2[TKey,TValue].get_Item (TKey key) [0x0001e] in <c5ae8a4eeb824526b5df2932bc2395e0>:0 
  at CrashRigAnimator.LateUpdate () [0x002e3] in C:\Users\eonvw\source\repos\Project-Twinsanity\Assets\Twinsanity\Scripts\CrashRigAnimator.cs:218 
UnityEngine.StackTraceUtility:ExtractStringFromExceptionInternal(Object, String&, String&)

(Filename: Assets/Twinsanity/Scripts/CrashRigAnimator.cs Line: 218)

KeyNotFoundException: The given key '0' was not present in the dictionary.
  at System.Collections.Generic.Dictionary`2[TKey,TValue].get_Item (TKey key) [0x0001e] in <c5ae8a4eeb824526b5df2932bc2395e0>:0 
  at CrashRigAnimator.LateUpdate () [0x002e3] in C:\Users\eonvw\source\repos\Project-Twinsanity\Assets\Twinsanity\Scripts\CrashRigAnimator.cs:218 
UnityEngine.StackTraceUtility:ExtractStringFromExceptionInternal(Object, String&, String&)

(Filename: Assets/Twinsanity/Scripts/CrashRigAnimator.cs Line: 218)

KeyNotFoundException: The given key '0' was not present in the dictionary.
  at System.Collections.Generic.Dictionary`2[TKey,TValue].get_Item (TKey key) [0x0001e] in <c5ae8a4eeb824526b5df2932bc2395e0>:0 
  at CrashRigAnimator.LateUpdate () [0x002e3] in C:\Users\eonvw\source\repos\Project-Twinsanity\Assets\Twinsanity\Scripts\CrashRigAnimator.cs:218 
UnityEngine.StackTraceUtility:ExtractStringFromExceptionInternal(Object, String&, String&)

(Filename: Assets/Twinsanity/Scripts/CrashRigAnimator.cs Line: 218)

KeyNotFoundException: The given key '0' was not present in the dictionary.
  at System.Collections.Generic.Dictionary`2[TKey,TValue].get_Item (TKey key) [0x0001e] in <c5ae8a4eeb824526b5df2932bc2395e0>:0 
  at CrashRigAnimator.LateUpdate () [0x002e3] in C:\Users\eonvw\source\repos\Project-Twinsanity\Assets\Twinsanity\Scripts\CrashRigAnimator.cs:218 
UnityEngine.StackTraceUtility:ExtractStringFromExceptionInternal(Object, String&, String&)

(Filename: Assets/Twinsanity/Scripts/CrashRigAnimator.cs Line: 218)

KeyNotFoundException: The given key '0' was not present in the dictionary.
  at System.Collections.Generic.Dictionary`2[TKey,TValue].get_Item (TKey key) [0x0001e] in <c5ae8a4eeb824526b5df2932bc2395e0>:0 
  at CrashRigAnimator.LateUpdate () [0x002e3] in C:\Users\eonvw\source\repos\Project-Twinsanity\Assets\Twinsanity\Scripts\CrashRigAnimator.cs:218 
UnityEngine.StackTraceUtility:ExtractStringFromExceptionInternal(Object, String&, String&)

(Filename: Assets/Twinsanity/Scripts/CrashRigAnimator.cs Line: 218)

KeyNotFoundException: The given key '0' was not present in the dictionary.
  at System.Collections.Generic.Dictionary`2[TKey,TValue].get_Item (TKey key) [0x0001e] in <c5ae8a4eeb824526b5df2932bc2395e0>:0 
  at CrashRigAnimator.LateUpdate () [0x002e3] in C:\Users\eonvw\source\repos\Project-Twinsanity\Assets\Twinsanity\Scripts\CrashRigAnimator.cs:218 
UnityEngine.StackTraceUtility:ExtractStringFromExceptionInternal(Object, String&, String&)

(Filename: Assets/Twinsanity/Scripts/CrashRigAnimator.cs Line: 218)

KeyNotFoundException: The given key '0' was not present in the dictionary.
  at System.Collections.Generic.Dictionary`2[TKey,TValue].get_Item (TKey key) [0x0001e] in <c5ae8a4eeb824526b5df2932bc2395e0>:0 
  at CrashRigAnimator.LateUpdate () [0x002e3] in C:\Users\eonvw\source\repos\Project-Twinsanity\Assets\Twinsanity\Scripts\CrashRigAnimator.cs:218 
UnityEngine.StackTraceUtility:ExtractStringFromExceptionInternal(Object, String&, String&)

(Filename: Assets/Twinsanity/Scripts/CrashRigAnimator.cs Line: 218)

KeyNotFoundException: The given key '0' was not present in the dictionary.
  at System.Collections.Generic.Dictionary`2[TKey,TValue].get_Item (TKey key) [0x0001e] in <c5ae8a4eeb824526b5df2932bc2395e0>:0 
  at CrashRigAnimator.LateUpdate () [0x002e3] in C:\Users\eonvw\source\repos\Project-Twinsanity\Assets\Twinsanity\Scripts\CrashRigAnimator.cs:218 
UnityEngine.StackTraceUtility:ExtractStringFromExceptionInternal(Object, String&, String&)

(Filename: Assets/Twinsanity/Scripts/CrashRigAnimator.cs Line: 218)

KeyNotFoundException: The given key '0' was not present in the dictionary.
  at System.Collections.Generic.Dictionary`2[TKey,TValue].get_Item (TKey key) [0x0001e] in <c5ae8a4eeb824526b5df2932bc2395e0>:0 
  at CrashRigAnimator.LateUpdate () [0x002e3] in C:\Users\eonvw\source\repos\Project-Twinsanity\Assets\Twinsanity\Scripts\CrashRigAnimator.cs:218 
UnityEngine.StackTraceUtility:ExtractStringFromExceptionInternal(Object, String&, String&)

(Filename: Assets/Twinsanity/Scripts/CrashRigAnimator.cs Line: 218)

KeyNotFoundException: The given key '0' was not present in the dictionary.
  at System.Collections.Generic.Dictionary`2[TKey,TValue].get_Item (TKey key) [0x0001e] in <c5ae8a4eeb824526b5df2932bc2395e0>:0 
  at CrashRigAnimator.LateUpdate () [0x002e3] in C:\Users\eonvw\source\repos\Project-Twinsanity\Assets\Twinsanity\Scripts\CrashRigAnimator.cs:218 
UnityEngine.StackTraceUtility:ExtractStringFromExceptionInternal(Object, String&, String&)

(Filename: Assets/Twinsanity/Scripts/CrashRigAnimator.cs Line: 218)

KeyNotFoundException: The given key '0' was not present in the dictionary.
  at System.Collections.Generic.Dictionary`2[TKey,TValue].get_Item (TKey key) [0x0001e] in <c5ae8a4eeb824526b5df2932bc2395e0>:0 
  at CrashRigAnimator.LateUpdate () [0x002e3] in C:\Users\eonvw\source\repos\Project-Twinsanity\Assets\Twinsanity\Scripts\CrashRigAnimator.cs:218 
UnityEngine.StackTraceUtility:ExtractStringFromExceptionInternal(Object, String&, String&)

(Filename: Assets/Twinsanity/Scripts/CrashRigAnimator.cs Line: 218)

KeyNotFoundException: The given key '0' was not present in the dictionary.
  at System.Collections.Generic.Dictionary`2[TKey,TValue].get_Item (TKey key) [0x0001e] in <c5ae8a4eeb824526b5df2932bc2395e0>:0 
  at CrashRigAnimator.LateUpdate () [0x002e3] in C:\Users\eonvw\source\repos\Project-Twinsanity\Assets\Twinsanity\Scripts\CrashRigAnimator.cs:218 
UnityEngine.StackTraceUtility:ExtractStringFromExceptionInternal(Object, String&, String&)

(Filename: Assets/Twinsanity/Scripts/CrashRigAnimator.cs Line: 218)

KeyNotFoundException: The given key '0' was not present in the dictionary.
  at System.Collections.Generic.Dictionary`2[TKey,TValue].get_Item (TKey key) [0x0001e] in <c5ae8a4eeb824526b5df2932bc2395e0>:0 
  at CrashRigAnimator.LateUpdate () [0x002e3] in C:\Users\eonvw\source\repos\Project-Twinsanity\Assets\Twinsanity\Scripts\CrashRigAnimator.cs:218 
UnityEngine.StackTraceUtility:ExtractStringFromExceptionInternal(Object, String&, String&)

(Filename: Assets/Twinsanity/Scripts/CrashRigAnimator.cs Line: 218)

KeyNotFoundException: The given key '0' was not present in the dictionary.
  at System.Collections.Generic.Dictionary`2[TKey,TValue].get_Item (TKey key) [0x0001e] in <c5ae8a4eeb824526b5df2932bc2395e0>:0 
  at CrashRigAnimator.LateUpdate () [0x002e3] in C:\Users\eonvw\source\repos\Project-Twinsanity\Assets\Twinsanity\Scripts\CrashRigAnimator.cs:218 
UnityEngine.StackTraceUtility:ExtractStringFromExceptionInternal(Object, String&, String&)

(Filename: Assets/Twinsanity/Scripts/CrashRigAnimator.cs Line: 218)

KeyNotFoundException: The given key '0' was not present in the dictionary.
  at System.Collections.Generic.Dictionary`2[TKey,TValue].get_Item (TKey key) [0x0001e] in <c5ae8a4eeb824526b5df2932bc2395e0>:0 
  at CrashRigAnimator.LateUpdate () [0x002e3] in C:\Users\eonvw\source\repos\Project-Twinsanity\Assets\Twinsanity\Scripts\CrashRigAnimator.cs:218 
UnityEngine.StackTraceUtility:ExtractStringFromExceptionInternal(Object, String&, String&)

(Filename: Assets/Twinsanity/Scripts/CrashRigAnimator.cs Line: 218)

KeyNotFoundException: The given key '0' was not present in the dictionary.
  at System.Collections.Generic.Dictionary`2[TKey,TValue].get_Item (TKey key) [0x0001e] in <c5ae8a4eeb824526b5df2932bc2395e0>:0 
  at CrashRigAnimator.LateUpdate () [0x002e3] in C:\Users\eonvw\source\repos\Project-Twinsanity\Assets\Twinsanity\Scripts\CrashRigAnimator.cs:218 
UnityEngine.StackTraceUtility:ExtractStringFromExceptionInternal(Object, String&, String&)

(Filename: Assets/Twinsanity/Scripts/CrashRigAnimator.cs Line: 218)

KeyNotFoundException: The given key '0' was not present in the dictionary.
  at System.Collections.Generic.Dictionary`2[TKey,TValue].get_Item (TKey key) [0x0001e] in <c5ae8a4eeb824526b5df2932bc2395e0>:0 
  at CrashRigAnimator.LateUpdate () [0x002e3] in C:\Users\eonvw\source\repos\Project-Twinsanity\Assets\Twinsanity\Scripts\CrashRigAnimator.cs:218 
UnityEngine.StackTraceUtility:ExtractStringFromExceptionInternal(Object, String&, String&)

(Filename: Assets/Twinsanity/Scripts/CrashRigAnimator.cs Line: 218)

KeyNotFoundException: The given key '0' was not present in the dictionary.
  at System.Collections.Generic.Dictionary`2[TKey,TValue].get_Item (TKey key) [0x0001e] in <c5ae8a4eeb824526b5df2932bc2395e0>:0 
  at CrashRigAnimator.LateUpdate () [0x002e3] in C:\Users\eonvw\source\repos\Project-Twinsanity\Assets\Twinsanity\Scripts\CrashRigAnimator.cs:218 
UnityEngine.StackTraceUtility:ExtractStringFromExceptionInternal(Object, String&, String&)

(Filename: Assets/Twinsanity/Scripts/CrashRigAnimator.cs Line: 218)

KeyNotFoundException: The given key '0' was not present in the dictionary.
  at System.Collections.Generic.Dictionary`2[TKey,TValue].get_Item (TKey key) [0x0001e] in <c5ae8a4eeb824526b5df2932bc2395e0>:0 
  at CrashRigAnimator.LateUpdate () [0x002e3] in C:\Users\eonvw\source\repos\Project-Twinsanity\Assets\Twinsanity\Scripts\CrashRigAnimator.cs:218 
UnityEngine.StackTraceUtility:ExtractStringFromExceptionInternal(Object, String&, String&)

(Filename: Assets/Twinsanity/Scripts/CrashRigAnimator.cs Line: 218)

KeyNotFoundException: The given key '0' was not present in the dictionary.
  at System.Collections.Generic.Dictionary`2[TKey,TValue].get_Item (TKey key) [0x0001e] in <c5ae8a4eeb824526b5df2932bc2395e0>:0 
  at CrashRigAnimator.LateUpdate () [0x002e3] in C:\Users\eonvw\source\repos\Project-Twinsanity\Assets\Twinsanity\Scripts\CrashRigAnimator.cs:218 
UnityEngine.StackTraceUtility:ExtractStringFromExceptionInternal(Object, String&, String&)

(Filename: Assets/Twinsanity/Scripts/CrashRigAnimator.cs Line: 218)

KeyNotFoundException: The given key '0' was not present in the dictionary.
  at System.Collections.Generic.Dictionary`2[TKey,TValue].get_Item (TKey key) [0x0001e] in <c5ae8a4eeb824526b5df2932bc2395e0>:0 
  at CrashRigAnimator.LateUpdate () [0x002e3] in C:\Users\eonvw\source\repos\Project-Twinsanity\Assets\Twinsanity\Scripts\CrashRigAnimator.cs:218 
UnityEngine.StackTraceUtility:ExtractStringFromExceptionInternal(Object, String&, String&)

(Filename: Assets/Twinsanity/Scripts/CrashRigAnimator.cs Line: 218)

KeyNotFoundException: The given key '0' was not present in the dictionary.
  at System.Collections.Generic.Dictionary`2[TKey,TValue].get_Item (TKey key) [0x0001e] in <c5ae8a4eeb824526b5df2932bc2395e0>:0 
  at CrashRigAnimator.LateUpdate () [0x002e3] in C:\Users\eonvw\source\repos\Project-Twinsanity\Assets\Twinsanity\Scripts\CrashRigAnimator.cs:218 
UnityEngine.StackTraceUtility:ExtractStringFromExceptionInternal(Object, String&, String&)

(Filename: Assets/Twinsanity/Scripts/CrashRigAnimator.cs Line: 218)

KeyNotFoundException: The given key '0' was not present in the dictionary.
  at System.Collections.Generic.Dictionary`2[TKey,TValue].get_Item (TKey key) [0x0001e] in <c5ae8a4eeb824526b5df2932bc2395e0>:0 
  at CrashRigAnimator.LateUpdate () [0x002e3] in C:\Users\eonvw\source\repos\Project-Twinsanity\Assets\Twinsanity\Scripts\CrashRigAnimator.cs:218 
UnityEngine.StackTraceUtility:ExtractStringFromExceptionInternal(Object, String&, String&)

(Filename: Assets/Twinsanity/Scripts/CrashRigAnimator.cs Line: 218)

KeyNotFoundException: The given key '0' was not present in the dictionary.
  at System.Collections.Generic.Dictionary`2[TKey,TValue].get_Item (TKey key) [0x0001e] in <c5ae8a4eeb824526b5df2932bc2395e0>:0 
  at CrashRigAnimator.LateUpdate () [0x002e3] in C:\Users\eonvw\source\repos\Project-Twinsanity\Assets\Twinsanity\Scripts\CrashRigAnimator.cs:218 
UnityEngine.StackTraceUtility:ExtractStringFromExceptionInternal(Object, String&, String&)

(Filename: Assets/Twinsanity/Scripts/CrashRigAnimator.cs Line: 218)

KeyNotFoundException: The given key '0' was not present in the dictionary.
  at System.Collections.Generic.Dictionary`2[TKey,TValue].get_Item (TKey key) [0x0001e] in <c5ae8a4eeb824526b5df2932bc2395e0>:0 
  at CrashRigAnimator.LateUpdate () [0x002e3] in C:\Users\eonvw\source\repos\Project-Twinsanity\Assets\Twinsanity\Scripts\CrashRigAnimator.cs:218 
UnityEngine.StackTraceUtility:ExtractStringFromExceptionInternal(Object, String&, String&)

(Filename: Assets/Twinsanity/Scripts/CrashRigAnimator.cs Line: 218)

KeyNotFoundException: The given key '0' was not present in the dictionary.
  at System.Collections.Generic.Dictionary`2[TKey,TValue].get_Item (TKey key) [0x0001e] in <c5ae8a4eeb824526b5df2932bc2395e0>:0 
  at CrashRigAnimator.LateUpdate () [0x002e3] in C:\Users\eonvw\source\repos\Project-Twinsanity\Assets\Twinsanity\Scripts\CrashRigAnimator.cs:218 
UnityEngine.StackTraceUtility:ExtractStringFromExceptionInternal(Object, String&, String&)

(Filename: Assets/Twinsanity/Scripts/CrashRigAnimator.cs Line: 218)

KeyNotFoundException: The given key '0' was not present in the dictionary.
  at System.Collections.Generic.Dictionary`2[TKey,TValue].get_Item (TKey key) [0x0001e] in <c5ae8a4eeb824526b5df2932bc2395e0>:0 
  at CrashRigAnimator.LateUpdate () [0x002e3] in C:\Users\eonvw\source\repos\Project-Twinsanity\Assets\Twinsanity\Scripts\CrashRigAnimator.cs:218 
UnityEngine.StackTraceUtility:ExtractStringFromExceptionInternal(Object, String&, String&)

(Filename: Assets/Twinsanity/Scripts/CrashRigAnimator.cs Line: 218)

KeyNotFoundException: The given key '0' was not present in the dictionary.
  at System.Collections.Generic.Dictionary`2[TKey,TValue].get_Item (TKey key) [0x0001e] in <c5ae8a4eeb824526b5df2932bc2395e0>:0 
  at CrashRigAnimator.LateUpdate () [0x002e3] in C:\Users\eonvw\source\repos\Project-Twinsanity\Assets\Twinsanity\Scripts\CrashRigAnimator.cs:218 
UnityEngine.StackTraceUtility:ExtractStringFromExceptionInternal(Object, String&, String&)

(Filename: Assets/Twinsanity/Scripts/CrashRigAnimator.cs Line: 218)

KeyNotFoundException: The given key '0' was not present in the dictionary.
  at System.Collections.Generic.Dictionary`2[TKey,TValue].get_Item (TKey key) [0x0001e] in <c5ae8a4eeb824526b5df2932bc2395e0>:0 
  at CrashRigAnimator.LateUpdate () [0x002e3] in C:\Users\eonvw\source\repos\Project-Twinsanity\Assets\Twinsanity\Scripts\CrashRigAnimator.cs:218 
UnityEngine.StackTraceUtility:ExtractStringFromExceptionInternal(Object, String&, String&)

(Filename: Assets/Twinsanity/Scripts/CrashRigAnimator.cs Line: 218)

KeyNotFoundException: The given key '0' was not present in the dictionary.
  at System.Collections.Generic.Dictionary`2[TKey,TValue].get_Item (TKey key) [0x0001e] in <c5ae8a4eeb824526b5df2932bc2395e0>:0 
  at CrashRigAnimator.LateUpdate () [0x002e3] in C:\Users\eonvw\source\repos\Project-Twinsanity\Assets\Twinsanity\Scripts\CrashRigAnimator.cs:218 
UnityEngine.StackTraceUtility:ExtractStringFromExceptionInternal(Object, String&, String&)

(Filename: Assets/Twinsanity/Scripts/CrashRigAnimator.cs Line: 218)

KeyNotFoundException: The given key '0' was not present in the dictionary.
  at System.Collections.Generic.Dictionary`2[TKey,TValue].get_Item (TKey key) [0x0001e] in <c5ae8a4eeb824526b5df2932bc2395e0>:0 
  at CrashRigAnimator.LateUpdate () [0x002e3] in C:\Users\eonvw\source\repos\Project-Twinsanity\Assets\Twinsanity\Scripts\CrashRigAnimator.cs:218 
UnityEngine.StackTraceUtility:ExtractStringFromExceptionInternal(Object, String&, String&)

(Filename: Assets/Twinsanity/Scripts/CrashRigAnimator.cs Line: 218)

KeyNotFoundException: The given key '0' was not present in the dictionary.
  at System.Collections.Generic.Dictionary`2[TKey,TValue].get_Item (TKey key) [0x0001e] in <c5ae8a4eeb824526b5df2932bc2395e0>:0 
  at CrashRigAnimator.LateUpdate () [0x002e3] in C:\Users\eonvw\source\repos\Project-Twinsanity\Assets\Twinsanity\Scripts\CrashRigAnimator.cs:218 
UnityEngine.StackTraceUtility:ExtractStringFromExceptionInternal(Object, String&, String&)

(Filename: Assets/Twinsanity/Scripts/CrashRigAnimator.cs Line: 218)

KeyNotFoundException: The given key '0' was not present in the dictionary.
  at System.Collections.Generic.Dictionary`2[TKey,TValue].get_Item (TKey key) [0x0001e] in <c5ae8a4eeb824526b5df2932bc2395e0>:0 
  at CrashRigAnimator.LateUpdate () [0x002e3] in C:\Users\eonvw\source\repos\Project-Twinsanity\Assets\Twinsanity\Scripts\CrashRigAnimator.cs:218 
UnityEngine.StackTraceUtility:ExtractStringFromExceptionInternal(Object, String&, String&)

(Filename: Assets/Twinsanity/Scripts/CrashRigAnimator.cs Line: 218)

KeyNotFoundException: The given key '0' was not present in the dictionary.
  at System.Collections.Generic.Dictionary`2[TKey,TValue].get_Item (TKey key) [0x0001e] in <c5ae8a4eeb824526b5df2932bc2395e0>:0 
  at CrashRigAnimator.LateUpdate () [0x002e3] in C:\Users\eonvw\source\repos\Project-Twinsanity\Assets\Twinsanity\Scripts\CrashRigAnimator.cs:218 
UnityEngine.StackTraceUtility:ExtractStringFromExceptionInternal(Object, String&, String&)

(Filename: Assets/Twinsanity/Scripts/CrashRigAnimator.cs Line: 218)

KeyNotFoundException: The given key '0' was not present in the dictionary.
  at System.Collections.Generic.Dictionary`2[TKey,TValue].get_Item (TKey key) [0x0001e] in <c5ae8a4eeb824526b5df2932bc2395e0>:0 
  at CrashRigAnimator.LateUpdate () [0x002e3] in C:\Users\eonvw\source\repos\Project-Twinsanity\Assets\Twinsanity\Scripts\CrashRigAnimator.cs:218 
UnityEngine.StackTraceUtility:ExtractStringFromExceptionInternal(Object, String&, String&)

(Filename: Assets/Twinsanity/Scripts/CrashRigAnimator.cs Line: 218)

KeyNotFoundException: The given key '0' was not present in the dictionary.
  at System.Collections.Generic.Dictionary`2[TKey,TValue].get_Item (TKey key) [0x0001e] in <c5ae8a4eeb824526b5df2932bc2395e0>:0 
  at CrashRigAnimator.LateUpdate () [0x002e3] in C:\Users\eonvw\source\repos\Project-Twinsanity\Assets\Twinsanity\Scripts\CrashRigAnimator.cs:218 
UnityEngine.StackTraceUtility:ExtractStringFromExceptionInternal(Object, String&, String&)

(Filename: Assets/Twinsanity/Scripts/CrashRigAnimator.cs Line: 218)

KeyNotFoundException: The given key '0' was not present in the dictionary.
  at System.Collections.Generic.Dictionary`2[TKey,TValue].get_Item (TKey key) [0x0001e] in <c5ae8a4eeb824526b5df2932bc2395e0>:0 
  at CrashRigAnimator.LateUpdate () [0x002e3] in C:\Users\eonvw\source\repos\Project-Twinsanity\Assets\Twinsanity\Scripts\CrashRigAnimator.cs:218 
UnityEngine.StackTraceUtility:ExtractStringFromExceptionInternal(Object, String&, String&)

(Filename: Assets/Twinsanity/Scripts/CrashRigAnimator.cs Line: 218)

KeyNotFoundException: The given key '0' was not present in the dictionary.
  at System.Collections.Generic.Dictionary`2[TKey,TValue].get_Item (TKey key) [0x0001e] in <c5ae8a4eeb824526b5df2932bc2395e0>:0 
  at CrashRigAnimator.LateUpdate () [0x002e3] in C:\Users\eonvw\source\repos\Project-Twinsanity\Assets\Twinsanity\Scripts\CrashRigAnimator.cs:218 
UnityEngine.StackTraceUtility:ExtractStringFromExceptionInternal(Object, String&, String&)

(Filename: Assets/Twinsanity/Scripts/CrashRigAnimator.cs Line: 218)

KeyNotFoundException: The given key '0' was not present in the dictionary.
  at System.Collections.Generic.Dictionary`2[TKey,TValue].get_Item (TKey key) [0x0001e] in <c5ae8a4eeb824526b5df2932bc2395e0>:0 
  at CrashRigAnimator.LateUpdate () [0x002e3] in C:\Users\eonvw\source\repos\Project-Twinsanity\Assets\Twinsanity\Scripts\CrashRigAnimator.cs:218 
UnityEngine.StackTraceUtility:ExtractStringFromExceptionInternal(Object, String&, String&)

(Filename: Assets/Twinsanity/Scripts/CrashRigAnimator.cs Line: 218)

KeyNotFoundException: The given key '0' was not present in the dictionary.
  at System.Collections.Generic.Dictionary`2[TKey,TValue].get_Item (TKey key) [0x0001e] in <c5ae8a4eeb824526b5df2932bc2395e0>:0 
  at CrashRigAnimator.LateUpdate () [0x002e3] in C:\Users\eonvw\source\repos\Project-Twinsanity\Assets\Twinsanity\Scripts\CrashRigAnimator.cs:218 
UnityEngine.StackTraceUtility:ExtractStringFromExceptionInternal(Object, String&, String&)

(Filename: Assets/Twinsanity/Scripts/CrashRigAnimator.cs Line: 218)

KeyNotFoundException: The given key '0' was not present in the dictionary.
  at System.Collections.Generic.Dictionary`2[TKey,TValue].get_Item (TKey key) [0x0001e] in <c5ae8a4eeb824526b5df2932bc2395e0>:0 
  at CrashRigAnimator.LateUpdate () [0x002e3] in C:\Users\eonvw\source\repos\Project-Twinsanity\Assets\Twinsanity\Scripts\CrashRigAnimator.cs:218 
UnityEngine.StackTraceUtility:ExtractStringFromExceptionInternal(Object, String&, String&)

(Filename: Assets/Twinsanity/Scripts/CrashRigAnimator.cs Line: 218)

KeyNotFoundException: The given key '0' was not present in the dictionary.
  at System.Collections.Generic.Dictionary`2[TKey,TValue].get_Item (TKey key) [0x0001e] in <c5ae8a4eeb824526b5df2932bc2395e0>:0 
  at CrashRigAnimator.LateUpdate () [0x002e3] in C:\Users\eonvw\source\repos\Project-Twinsanity\Assets\Twinsanity\Scripts\CrashRigAnimator.cs:218 
UnityEngine.StackTraceUtility:ExtractStringFromExceptionInternal(Object, String&, String&)

(Filename: Assets/Twinsanity/Scripts/CrashRigAnimator.cs Line: 218)

KeyNotFoundException: The given key '0' was not present in the dictionary.
  at System.Collections.Generic.Dictionary`2[TKey,TValue].get_Item (TKey key) [0x0001e] in <c5ae8a4eeb824526b5df2932bc2395e0>:0 
  at CrashRigAnimator.LateUpdate () [0x002e3] in C:\Users\eonvw\source\repos\Project-Twinsanity\Assets\Twinsanity\Scripts\CrashRigAnimator.cs:218 
UnityEngine.StackTraceUtility:ExtractStringFromExceptionInternal(Object, String&, String&)

(Filename: Assets/Twinsanity/Scripts/CrashRigAnimator.cs Line: 218)

KeyNotFoundException: The given key '0' was not present in the dictionary.
  at System.Collections.Generic.Dictionary`2[TKey,TValue].get_Item (TKey key) [0x0001e] in <c5ae8a4eeb824526b5df2932bc2395e0>:0 
  at CrashRigAnimator.LateUpdate () [0x002e3] in C:\Users\eonvw\source\repos\Project-Twinsanity\Assets\Twinsanity\Scripts\CrashRigAnimator.cs:218 
UnityEngine.StackTraceUtility:ExtractStringFromExceptionInternal(Object, String&, String&)

(Filename: Assets/Twinsanity/Scripts/CrashRigAnimator.cs Line: 218)

KeyNotFoundException: The given key '0' was not present in the dictionary.
  at System.Collections.Generic.Dictionary`2[TKey,TValue].get_Item (TKey key) [0x0001e] in <c5ae8a4eeb824526b5df2932bc2395e0>:0 
  at CrashRigAnimator.LateUpdate () [0x002e3] in C:\Users\eonvw\source\repos\Project-Twinsanity\Assets\Twinsanity\Scripts\CrashRigAnimator.cs:218 
UnityEngine.StackTraceUtility:ExtractStringFromExceptionInternal(Object, String&, String&)

(Filename: Assets/Twinsanity/Scripts/CrashRigAnimator.cs Line: 218)

KeyNotFoundException: The given key '0' was not present in the dictionary.
  at System.Collections.Generic.Dictionary`2[TKey,TValue].get_Item (TKey key) [0x0001e] in <c5ae8a4eeb824526b5df2932bc2395e0>:0 
  at CrashRigAnimator.LateUpdate () [0x002e3] in C:\Users\eonvw\source\repos\Project-Twinsanity\Assets\Twinsanity\Scripts\CrashRigAnimator.cs:218 
UnityEngine.StackTraceUtility:ExtractStringFromExceptionInternal(Object, String&, String&)

(Filename: Assets/Twinsanity/Scripts/CrashRigAnimator.cs Line: 218)

KeyNotFoundException: The given key '0' was not present in the dictionary.
  at System.Collections.Generic.Dictionary`2[TKey,TValue].get_Item (TKey key) [0x0001e] in <c5ae8a4eeb824526b5df2932bc2395e0>:0 
  at CrashRigAnimator.LateUpdate () [0x002e3] in C:\Users\eonvw\source\repos\Project-Twinsanity\Assets\Twinsanity\Scripts\CrashRigAnimator.cs:218 
UnityEngine.StackTraceUtility:ExtractStringFromExceptionInternal(Object, String&, String&)

(Filename: Assets/Twinsanity/Scripts/CrashRigAnimator.cs Line: 218)

KeyNotFoundException: The given key '0' was not present in the dictionary.
  at System.Collections.Generic.Dictionary`2[TKey,TValue].get_Item (TKey key) [0x0001e] in <c5ae8a4eeb824526b5df2932bc2395e0>:0 
  at CrashRigAnimator.LateUpdate () [0x002e3] in C:\Users\eonvw\source\repos\Project-Twinsanity\Assets\Twinsanity\Scripts\CrashRigAnimator.cs:218 
UnityEngine.StackTraceUtility:ExtractStringFromExceptionInternal(Object, String&, String&)

(Filename: Assets/Twinsanity/Scripts/CrashRigAnimator.cs Line: 218)

KeyNotFoundException: The given key '0' was not present in the dictionary.
  at System.Collections.Generic.Dictionary`2[TKey,TValue].get_Item (TKey key) [0x0001e] in <c5ae8a4eeb824526b5df2932bc2395e0>:0 
  at CrashRigAnimator.LateUpdate () [0x002e3] in C:\Users\eonvw\source\repos\Project-Twinsanity\Assets\Twinsanity\Scripts\CrashRigAnimator.cs:218 
UnityEngine.StackTraceUtility:ExtractStringFromExceptionInternal(Object, String&, String&)

(Filename: Assets/Twinsanity/Scripts/CrashRigAnimator.cs Line: 218)

KeyNotFoundException: The given key '0' was not present in the dictionary.
  at System.Collections.Generic.Dictionary`2[TKey,TValue].get_Item (TKey key) [0x0001e] in <c5ae8a4eeb824526b5df2932bc2395e0>:0 
  at CrashRigAnimator.LateUpdate () [0x002e3] in C:\Users\eonvw\source\repos\Project-Twinsanity\Assets\Twinsanity\Scripts\CrashRigAnimator.cs:218 
UnityEngine.StackTraceUtility:ExtractStringFromExceptionInternal(Object, String&, String&)

(Filename: Assets/Twinsanity/Scripts/CrashRigAnimator.cs Line: 218)

KeyNotFoundException: The given key '0' was not present in the dictionary.
  at System.Collections.Generic.Dictionary`2[TKey,TValue].get_Item (TKey key) [0x0001e] in <c5ae8a4eeb824526b5df2932bc2395e0>:0 
  at CrashRigAnimator.LateUpdate () [0x002e3] in C:\Users\eonvw\source\repos\Project-Twinsanity\Assets\Twinsanity\Scripts\CrashRigAnimator.cs:218 
UnityEngine.StackTraceUtility:ExtractStringFromExceptionInternal(Object, String&, String&)

(Filename: Assets/Twinsanity/Scripts/CrashRigAnimator.cs Line: 218)

KeyNotFoundException: The given key '0' was not present in the dictionary.
  at System.Collections.Generic.Dictionary`2[TKey,TValue].get_Item (TKey key) [0x0001e] in <c5ae8a4eeb824526b5df2932bc2395e0>:0 
  at CrashRigAnimator.LateUpdate () [0x002e3] in C:\Users\eonvw\source\repos\Project-Twinsanity\Assets\Twinsanity\Scripts\CrashRigAnimator.cs:218 
UnityEngine.StackTraceUtility:ExtractStringFromExceptionInternal(Object, String&, String&)

(Filename: Assets/Twinsanity/Scripts/CrashRigAnimator.cs Line: 218)

KeyNotFoundException: The given key '0' was not present in the dictionary.
  at System.Collections.Generic.Dictionary`2[TKey,TValue].get_Item (TKey key) [0x0001e] in <c5ae8a4eeb824526b5df2932bc2395e0>:0 
  at CrashRigAnimator.LateUpdate () [0x002e3] in C:\Users\eonvw\source\repos\Project-Twinsanity\Assets\Twinsanity\Scripts\CrashRigAnimator.cs:218 
UnityEngine.StackTraceUtility:ExtractStringFromExceptionInternal(Object, String&, String&)

(Filename: Assets/Twinsanity/Scripts/CrashRigAnimator.cs Line: 218)

KeyNotFoundException: The given key '0' was not present in the dictionary.
  at System.Collections.Generic.Dictionary`2[TKey,TValue].get_Item (TKey key) [0x0001e] in <c5ae8a4eeb824526b5df2932bc2395e0>:0 
  at CrashRigAnimator.LateUpdate () [0x002e3] in C:\Users\eonvw\source\repos\Project-Twinsanity\Assets\Twinsanity\Scripts\CrashRigAnimator.cs:218 
UnityEngine.StackTraceUtility:ExtractStringFromExceptionInternal(Object, String&, String&)

(Filename: Assets/Twinsanity/Scripts/CrashRigAnimator.cs Line: 218)

KeyNotFoundException: The given key '0' was not present in the dictionary.
  at System.Collections.Generic.Dictionary`2[TKey,TValue].get_Item (TKey key) [0x0001e] in <c5ae8a4eeb824526b5df2932bc2395e0>:0 
  at CrashRigAnimator.LateUpdate () [0x002e3] in C:\Users\eonvw\source\repos\Project-Twinsanity\Assets\Twinsanity\Scripts\CrashRigAnimator.cs:218 
UnityEngine.StackTraceUtility:ExtractStringFromExceptionInternal(Object, String&, String&)

(Filename: Assets/Twinsanity/Scripts/CrashRigAnimator.cs Line: 218)

KeyNotFoundException: The given key '0' was not present in the dictionary.
  at System.Collections.Generic.Dictionary`2[TKey,TValue].get_Item (TKey key) [0x0001e] in <c5ae8a4eeb824526b5df2932bc2395e0>:0 
  at CrashRigAnimator.LateUpdate () [0x002e3] in C:\Users\eonvw\source\repos\Project-Twinsanity\Assets\Twinsanity\Scripts\CrashRigAnimator.cs:218 
UnityEngine.StackTraceUtility:ExtractStringFromExceptionInternal(Object, String&, String&)

(Filename: Assets/Twinsanity/Scripts/CrashRigAnimator.cs Line: 218)

KeyNotFoundException: The given key '0' was not present in the dictionary.
  at System.Collections.Generic.Dictionary`2[TKey,TValue].get_Item (TKey key) [0x0001e] in <c5ae8a4eeb824526b5df2932bc2395e0>:0 
  at CrashRigAnimator.LateUpdate () [0x002e3] in C:\Users\eonvw\source\repos\Project-Twinsanity\Assets\Twinsanity\Scripts\CrashRigAnimator.cs:218 
UnityEngine.StackTraceUtility:ExtractStringFromExceptionInternal(Object, String&, String&)

(Filename: Assets/Twinsanity/Scripts/CrashRigAnimator.cs Line: 218)

KeyNotFoundException: The given key '0' was not present in the dictionary.
  at System.Collections.Generic.Dictionary`2[TKey,TValue].get_Item (TKey key) [0x0001e] in <c5ae8a4eeb824526b5df2932bc2395e0>:0 
  at CrashRigAnimator.LateUpdate () [0x002e3] in C:\Users\eonvw\source\repos\Project-Twinsanity\Assets\Twinsanity\Scripts\CrashRigAnimator.cs:218 
UnityEngine.StackTraceUtility:ExtractStringFromExceptionInternal(Object, String&, String&)

(Filename: Assets/Twinsanity/Scripts/CrashRigAnimator.cs Line: 218)

KeyNotFoundException: The given key '0' was not present in the dictionary.
  at System.Collections.Generic.Dictionary`2[TKey,TValue].get_Item (TKey key) [0x0001e] in <c5ae8a4eeb824526b5df2932bc2395e0>:0 
  at CrashRigAnimator.LateUpdate () [0x002e3] in C:\Users\eonvw\source\repos\Project-Twinsanity\Assets\Twinsanity\Scripts\CrashRigAnimator.cs:218 
UnityEngine.StackTraceUtility:ExtractStringFromExceptionInternal(Object, String&, String&)

(Filename: Assets/Twinsanity/Scripts/CrashRigAnimator.cs Line: 218)

KeyNotFoundException: The given key '0' was not present in the dictionary.
  at System.Collections.Generic.Dictionary`2[TKey,TValue].get_Item (TKey key) [0x0001e] in <c5ae8a4eeb824526b5df2932bc2395e0>:0 
  at CrashRigAnimator.LateUpdate () [0x002e3] in C:\Users\eonvw\source\repos\Project-Twinsanity\Assets\Twinsanity\Scripts\CrashRigAnimator.cs:218 
UnityEngine.StackTraceUtility:ExtractStringFromExceptionInternal(Object, String&, String&)

(Filename: Assets/Twinsanity/Scripts/CrashRigAnimator.cs Line: 218)

KeyNotFoundException: The given key '0' was not present in the dictionary.
  at System.Collections.Generic.Dictionary`2[TKey,TValue].get_Item (TKey key) [0x0001e] in <c5ae8a4eeb824526b5df2932bc2395e0>:0 
  at CrashRigAnimator.LateUpdate () [0x002e3] in C:\Users\eonvw\source\repos\Project-Twinsanity\Assets\Twinsanity\Scripts\CrashRigAnimator.cs:218 
UnityEngine.StackTraceUtility:ExtractStringFromExceptionInternal(Object, String&, String&)

(Filename: Assets/Twinsanity/Scripts/CrashRigAnimator.cs Line: 218)

KeyNotFoundException: The given key '0' was not present in the dictionary.
  at System.Collections.Generic.Dictionary`2[TKey,TValue].get_Item (TKey key) [0x0001e] in <c5ae8a4eeb824526b5df2932bc2395e0>:0 
  at CrashRigAnimator.LateUpdate () [0x002e3] in C:\Users\eonvw\source\repos\Project-Twinsanity\Assets\Twinsanity\Scripts\CrashRigAnimator.cs:218 
UnityEngine.StackTraceUtility:ExtractStringFromExceptionInternal(Object, String&, String&)

(Filename: Assets/Twinsanity/Scripts/CrashRigAnimator.cs Line: 218)

KeyNotFoundException: The given key '0' was not present in the dictionary.
  at System.Collections.Generic.Dictionary`2[TKey,TValue].get_Item (TKey key) [0x0001e] in <c5ae8a4eeb824526b5df2932bc2395e0>:0 
  at CrashRigAnimator.LateUpdate () [0x002e3] in C:\Users\eonvw\source\repos\Project-Twinsanity\Assets\Twinsanity\Scripts\CrashRigAnimator.cs:218 
UnityEngine.StackTraceUtility:ExtractStringFromExceptionInternal(Object, String&, String&)

(Filename: Assets/Twinsanity/Scripts/CrashRigAnimator.cs Line: 218)

KeyNotFoundException: The given key '0' was not present in the dictionary.
  at System.Collections.Generic.Dictionary`2[TKey,TValue].get_Item (TKey key) [0x0001e] in <c5ae8a4eeb824526b5df2932bc2395e0>:0 
  at CrashRigAnimator.LateUpdate () [0x002e3] in C:\Users\eonvw\source\repos\Project-Twinsanity\Assets\Twinsanity\Scripts\CrashRigAnimator.cs:218 
UnityEngine.StackTraceUtility:ExtractStringFromExceptionInternal(Object, String&, String&)

(Filename: Assets/Twinsanity/Scripts/CrashRigAnimator.cs Line: 218)

KeyNotFoundException: The given key '0' was not present in the dictionary.
  at System.Collections.Generic.Dictionary`2[TKey,TValue].get_Item (TKey key) [0x0001e] in <c5ae8a4eeb824526b5df2932bc2395e0>:0 
  at CrashRigAnimator.LateUpdate () [0x002e3] in C:\Users\eonvw\source\repos\Project-Twinsanity\Assets\Twinsanity\Scripts\CrashRigAnimator.cs:218 
UnityEngine.StackTraceUtility:ExtractStringFromExceptionInternal(Object, String&, String&)

(Filename: Assets/Twinsanity/Scripts/CrashRigAnimator.cs Line: 218)

KeyNotFoundException: The given key '0' was not present in the dictionary.
  at System.Collections.Generic.Dictionary`2[TKey,TValue].get_Item (TKey key) [0x0001e] in <c5ae8a4eeb824526b5df2932bc2395e0>:0 
  at CrashRigAnimator.LateUpdate () [0x002e3] in C:\Users\eonvw\source\repos\Project-Twinsanity\Assets\Twinsanity\Scripts\CrashRigAnimator.cs:218 
UnityEngine.StackTraceUtility:ExtractStringFromExceptionInternal(Object, String&, String&)

(Filename: Assets/Twinsanity/Scripts/CrashRigAnimator.cs Line: 218)

KeyNotFoundException: The given key '0' was not present in the dictionary.
  at System.Collections.Generic.Dictionary`2[TKey,TValue].get_Item (TKey key) [0x0001e] in <c5ae8a4eeb824526b5df2932bc2395e0>:0 
  at CrashRigAnimator.LateUpdate () [0x002e3] in C:\Users\eonvw\source\repos\Project-Twinsanity\Assets\Twinsanity\Scripts\CrashRigAnimator.cs:218 
UnityEngine.StackTraceUtility:ExtractStringFromExceptionInternal(Object, String&, String&)

(Filename: Assets/Twinsanity/Scripts/CrashRigAnimator.cs Line: 218)

KeyNotFoundException: The given key '0' was not present in the dictionary.
  at System.Collections.Generic.Dictionary`2[TKey,TValue].get_Item (TKey key) [0x0001e] in <c5ae8a4eeb824526b5df2932bc2395e0>:0 
  at CrashRigAnimator.LateUpdate () [0x002e3] in C:\Users\eonvw\source\repos\Project-Twinsanity\Assets\Twinsanity\Scripts\CrashRigAnimator.cs:218 
UnityEngine.StackTraceUtility:ExtractStringFromExceptionInternal(Object, String&, String&)

(Filename: Assets/Twinsanity/Scripts/CrashRigAnimator.cs Line: 218)

KeyNotFoundException: The given key '0' was not present in the dictionary.
  at System.Collections.Generic.Dictionary`2[TKey,TValue].get_Item (TKey key) [0x0001e] in <c5ae8a4eeb824526b5df2932bc2395e0>:0 
  at CrashRigAnimator.LateUpdate () [0x002e3] in C:\Users\eonvw\source\repos\Project-Twinsanity\Assets\Twinsanity\Scripts\CrashRigAnimator.cs:218 
UnityEngine.StackTraceUtility:ExtractStringFromExceptionInternal(Object, String&, String&)

(Filename: Assets/Twinsanity/Scripts/CrashRigAnimator.cs Line: 218)

KeyNotFoundException: The given key '0' was not present in the dictionary.
  at System.Collections.Generic.Dictionary`2[TKey,TValue].get_Item (TKey key) [0x0001e] in <c5ae8a4eeb824526b5df2932bc2395e0>:0 
  at CrashRigAnimator.LateUpdate () [0x002e3] in C:\Users\eonvw\source\repos\Project-Twinsanity\Assets\Twinsanity\Scripts\CrashRigAnimator.cs:218 
UnityEngine.StackTraceUtility:ExtractStringFromExceptionInternal(Object, String&, String&)

(Filename: Assets/Twinsanity/Scripts/CrashRigAnimator.cs Line: 218)

KeyNotFoundException: The given key '0' was not present in the dictionary.
  at System.Collections.Generic.Dictionary`2[TKey,TValue].get_Item (TKey key) [0x0001e] in <c5ae8a4eeb824526b5df2932bc2395e0>:0 
  at CrashRigAnimator.LateUpdate () [0x002e3] in C:\Users\eonvw\source\repos\Project-Twinsanity\Assets\Twinsanity\Scripts\CrashRigAnimator.cs:218 
UnityEngine.StackTraceUtility:ExtractStringFromExceptionInternal(Object, String&, String&)

(Filename: Assets/Twinsanity/Scripts/CrashRigAnimator.cs Line: 218)

KeyNotFoundException: The given key '0' was not present in the dictionary.
  at System.Collections.Generic.Dictionary`2[TKey,TValue].get_Item (TKey key) [0x0001e] in <c5ae8a4eeb824526b5df2932bc2395e0>:0 
  at CrashRigAnimator.LateUpdate () [0x002e3] in C:\Users\eonvw\source\repos\Project-Twinsanity\Assets\Twinsanity\Scripts\CrashRigAnimator.cs:218 
UnityEngine.StackTraceUtility:ExtractStringFromExceptionInternal(Object, String&, String&)

(Filename: Assets/Twinsanity/Scripts/CrashRigAnimator.cs Line: 218)

KeyNotFoundException: The given key '0' was not present in the dictionary.
  at System.Collections.Generic.Dictionary`2[TKey,TValue].get_Item (TKey key) [0x0001e] in <c5ae8a4eeb824526b5df2932bc2395e0>:0 
  at CrashRigAnimator.LateUpdate () [0x002e3] in C:\Users\eonvw\source\repos\Project-Twinsanity\Assets\Twinsanity\Scripts\CrashRigAnimator.cs:218 
UnityEngine.StackTraceUtility:ExtractStringFromExceptionInternal(Object, String&, String&)

(Filename: Assets/Twinsanity/Scripts/CrashRigAnimator.cs Line: 218)

KeyNotFoundException: The given key '0' was not present in the dictionary.
  at System.Collections.Generic.Dictionary`2[TKey,TValue].get_Item (TKey key) [0x0001e] in <c5ae8a4eeb824526b5df2932bc2395e0>:0 
  at CrashRigAnimator.LateUpdate () [0x002e3] in C:\Users\eonvw\source\repos\Project-Twinsanity\Assets\Twinsanity\Scripts\CrashRigAnimator.cs:218 
UnityEngine.StackTraceUtility:ExtractStringFromExceptionInternal(Object, String&, String&)

(Filename: Assets/Twinsanity/Scripts/CrashRigAnimator.cs Line: 218)

KeyNotFoundException: The given key '0' was not present in the dictionary.
  at System.Collections.Generic.Dictionary`2[TKey,TValue].get_Item (TKey key) [0x0001e] in <c5ae8a4eeb824526b5df2932bc2395e0>:0 
  at CrashRigAnimator.LateUpdate () [0x002e3] in C:\Users\eonvw\source\repos\Project-Twinsanity\Assets\Twinsanity\Scripts\CrashRigAnimator.cs:218 
UnityEngine.StackTraceUtility:ExtractStringFromExceptionInternal(Object, String&, String&)

(Filename: Assets/Twinsanity/Scripts/CrashRigAnimator.cs Line: 218)

KeyNotFoundException: The given key '0' was not present in the dictionary.
  at System.Collections.Generic.Dictionary`2[TKey,TValue].get_Item (TKey key) [0x0001e] in <c5ae8a4eeb824526b5df2932bc2395e0>:0 
  at CrashRigAnimator.LateUpdate () [0x002e3] in C:\Users\eonvw\source\repos\Project-Twinsanity\Assets\Twinsanity\Scripts\CrashRigAnimator.cs:218 
UnityEngine.StackTraceUtility:ExtractStringFromExceptionInternal(Object, String&, String&)

(Filename: Assets/Twinsanity/Scripts/CrashRigAnimator.cs Line: 218)

KeyNotFoundException: The given key '0' was not present in the dictionary.
  at System.Collections.Generic.Dictionary`2[TKey,TValue].get_Item (TKey key) [0x0001e] in <c5ae8a4eeb824526b5df2932bc2395e0>:0 
  at CrashRigAnimator.LateUpdate () [0x002e3] in C:\Users\eonvw\source\repos\Project-Twinsanity\Assets\Twinsanity\Scripts\CrashRigAnimator.cs:218 
UnityEngine.StackTraceUtility:ExtractStringFromExceptionInternal(Object, String&, String&)

(Filename: Assets/Twinsanity/Scripts/CrashRigAnimator.cs Line: 218)

KeyNotFoundException: The given key '0' was not present in the dictionary.
  at System.Collections.Generic.Dictionary`2[TKey,TValue].get_Item (TKey key) [0x0001e] in <c5ae8a4eeb824526b5df2932bc2395e0>:0 
  at CrashRigAnimator.LateUpdate () [0x002e3] in C:\Users\eonvw\source\repos\Project-Twinsanity\Assets\Twinsanity\Scripts\CrashRigAnimator.cs:218 
UnityEngine.StackTraceUtility:ExtractStringFromExceptionInternal(Object, String&, String&)

(Filename: Assets/Twinsanity/Scripts/CrashRigAnimator.cs Line: 218)

KeyNotFoundException: The given key '0' was not present in the dictionary.
  at System.Collections.Generic.Dictionary`2[TKey,TValue].get_Item (TKey key) [0x0001e] in <c5ae8a4eeb824526b5df2932bc2395e0>:0 
  at CrashRigAnimator.LateUpdate () [0x002e3] in C:\Users\eonvw\source\repos\Project-Twinsanity\Assets\Twinsanity\Scripts\CrashRigAnimator.cs:218 
UnityEngine.StackTraceUtility:ExtractStringFromExceptionInternal(Object, String&, String&)

(Filename: Assets/Twinsanity/Scripts/CrashRigAnimator.cs Line: 218)

KeyNotFoundException: The given key '0' was not present in the dictionary.
  at System.Collections.Generic.Dictionary`2[TKey,TValue].get_Item (TKey key) [0x0001e] in <c5ae8a4eeb824526b5df2932bc2395e0>:0 
  at CrashRigAnimator.LateUpdate () [0x002e3] in C:\Users\eonvw\source\repos\Project-Twinsanity\Assets\Twinsanity\Scripts\CrashRigAnimator.cs:218 
UnityEngine.StackTraceUtility:ExtractStringFromExceptionInternal(Object, String&, String&)

(Filename: Assets/Twinsanity/Scripts/CrashRigAnimator.cs Line: 218)

KeyNotFoundException: The given key '0' was not present in the dictionary.
  at System.Collections.Generic.Dictionary`2[TKey,TValue].get_Item (TKey key) [0x0001e] in <c5ae8a4eeb824526b5df2932bc2395e0>:0 
  at CrashRigAnimator.LateUpdate () [0x002e3] in C:\Users\eonvw\source\repos\Project-Twinsanity\Assets\Twinsanity\Scripts\CrashRigAnimator.cs:218 
UnityEngine.StackTraceUtility:ExtractStringFromExceptionInternal(Object, String&, String&)

(Filename: Assets/Twinsanity/Scripts/CrashRigAnimator.cs Line: 218)

KeyNotFoundException: The given key '0' was not present in the dictionary.
  at System.Collections.Generic.Dictionary`2[TKey,TValue].get_Item (TKey key) [0x0001e] in <c5ae8a4eeb824526b5df2932bc2395e0>:0 
  at CrashRigAnimator.LateUpdate () [0x002e3] in C:\Users\eonvw\source\repos\Project-Twinsanity\Assets\Twinsanity\Scripts\CrashRigAnimator.cs:218 
UnityEngine.StackTraceUtility:ExtractStringFromExceptionInternal(Object, String&, String&)

(Filename: Assets/Twinsanity/Scripts/CrashRigAnimator.cs Line: 218)

KeyNotFoundException: The given key '0' was not present in the dictionary.
  at System.Collections.Generic.Dictionary`2[TKey,TValue].get_Item (TKey key) [0x0001e] in <c5ae8a4eeb824526b5df2932bc2395e0>:0 
  at CrashRigAnimator.LateUpdate () [0x002e3] in C:\Users\eonvw\source\repos\Project-Twinsanity\Assets\Twinsanity\Scripts\CrashRigAnimator.cs:218 
UnityEngine.StackTraceUtility:ExtractStringFromExceptionInternal(Object, String&, String&)

(Filename: Assets/Twinsanity/Scripts/CrashRigAnimator.cs Line: 218)

KeyNotFoundException: The given key '0' was not present in the dictionary.
  at System.Collections.Generic.Dictionary`2[TKey,TValue].get_Item (TKey key) [0x0001e] in <c5ae8a4eeb824526b5df2932bc2395e0>:0 
  at CrashRigAnimator.LateUpdate () [0x002e3] in C:\Users\eonvw\source\repos\Project-Twinsanity\Assets\Twinsanity\Scripts\CrashRigAnimator.cs:218 
UnityEngine.StackTraceUtility:ExtractStringFromExceptionInternal(Object, String&, String&)

(Filename: Assets/Twinsanity/Scripts/CrashRigAnimator.cs Line: 218)

KeyNotFoundException: The given key '0' was not present in the dictionary.
  at System.Collections.Generic.Dictionary`2[TKey,TValue].get_Item (TKey key) [0x0001e] in <c5ae8a4eeb824526b5df2932bc2395e0>:0 
  at CrashRigAnimator.LateUpdate () [0x002e3] in C:\Users\eonvw\source\repos\Project-Twinsanity\Assets\Twinsanity\Scripts\CrashRigAnimator.cs:218 
UnityEngine.StackTraceUtility:ExtractStringFromExceptionInternal(Object, String&, String&)

(Filename: Assets/Twinsanity/Scripts/CrashRigAnimator.cs Line: 218)

KeyNotFoundException: The given key '0' was not present in the dictionary.
  at System.Collections.Generic.Dictionary`2[TKey,TValue].get_Item (TKey key) [0x0001e] in <c5ae8a4eeb824526b5df2932bc2395e0>:0 
  at CrashRigAnimator.LateUpdate () [0x002e3] in C:\Users\eonvw\source\repos\Project-Twinsanity\Assets\Twinsanity\Scripts\CrashRigAnimator.cs:218 
UnityEngine.StackTraceUtility:ExtractStringFromExceptionInternal(Object, String&, String&)

(Filename: Assets/Twinsanity/Scripts/CrashRigAnimator.cs Line: 218)

KeyNotFoundException: The given key '0' was not present in the dictionary.
  at System.Collections.Generic.Dictionary`2[TKey,TValue].get_Item (TKey key) [0x0001e] in <c5ae8a4eeb824526b5df2932bc2395e0>:0 
  at CrashRigAnimator.LateUpdate () [0x002e3] in C:\Users\eonvw\source\repos\Project-Twinsanity\Assets\Twinsanity\Scripts\CrashRigAnimator.cs:218 
UnityEngine.StackTraceUtility:ExtractStringFromExceptionInternal(Object, String&, String&)

(Filename: Assets/Twinsanity/Scripts/CrashRigAnimator.cs Line: 218)

KeyNotFoundException: The given key '0' was not present in the dictionary.
  at System.Collections.Generic.Dictionary`2[TKey,TValue].get_Item (TKey key) [0x0001e] in <c5ae8a4eeb824526b5df2932bc2395e0>:0 
  at CrashRigAnimator.LateUpdate () [0x002e3] in C:\Users\eonvw\source\repos\Project-Twinsanity\Assets\Twinsanity\Scripts\CrashRigAnimator.cs:218 
UnityEngine.StackTraceUtility:ExtractStringFromExceptionInternal(Object, String&, String&)

(Filename: Assets/Twinsanity/Scripts/CrashRigAnimator.cs Line: 218)

KeyNotFoundException: The given key '0' was not present in the dictionary.
  at System.Collections.Generic.Dictionary`2[TKey,TValue].get_Item (TKey key) [0x0001e] in <c5ae8a4eeb824526b5df2932bc2395e0>:0 
  at CrashRigAnimator.LateUpdate () [0x002e3] in C:\Users\eonvw\source\repos\Project-Twinsanity\Assets\Twinsanity\Scripts\CrashRigAnimator.cs:218 
UnityEngine.StackTraceUtility:ExtractStringFromExceptionInternal(Object, String&, String&)

(Filename: Assets/Twinsanity/Scripts/CrashRigAnimator.cs Line: 218)

KeyNotFoundException: The given key '0' was not present in the dictionary.
  at System.Collections.Generic.Dictionary`2[TKey,TValue].get_Item (TKey key) [0x0001e] in <c5ae8a4eeb824526b5df2932bc2395e0>:0 
  at CrashRigAnimator.LateUpdate () [0x002e3] in C:\Users\eonvw\source\repos\Project-Twinsanity\Assets\Twinsanity\Scripts\CrashRigAnimator.cs:218 
UnityEngine.StackTraceUtility:ExtractStringFromExceptionInternal(Object, String&, String&)

(Filename: Assets/Twinsanity/Scripts/CrashRigAnimator.cs Line: 218)

KeyNotFoundException: The given key '0' was not present in the dictionary.
  at System.Collections.Generic.Dictionary`2[TKey,TValue].get_Item (TKey key) [0x0001e] in <c5ae8a4eeb824526b5df2932bc2395e0>:0 
  at CrashRigAnimator.LateUpdate () [0x002e3] in C:\Users\eonvw\source\repos\Project-Twinsanity\Assets\Twinsanity\Scripts\CrashRigAnimator.cs:218 
UnityEngine.StackTraceUtility:ExtractStringFromExceptionInternal(Object, String&, String&)

(Filename: Assets/Twinsanity/Scripts/CrashRigAnimator.cs Line: 218)

KeyNotFoundException: The given key '0' was not present in the dictionary.
  at System.Collections.Generic.Dictionary`2[TKey,TValue].get_Item (TKey key) [0x0001e] in <c5ae8a4eeb824526b5df2932bc2395e0>:0 
  at CrashRigAnimator.LateUpdate () [0x002e3] in C:\Users\eonvw\source\repos\Project-Twinsanity\Assets\Twinsanity\Scripts\CrashRigAnimator.cs:218 
UnityEngine.StackTraceUtility:ExtractStringFromExceptionInternal(Object, String&, String&)

(Filename: Assets/Twinsanity/Scripts/CrashRigAnimator.cs Line: 218)

KeyNotFoundException: The given key '0' was not present in the dictionary.
  at System.Collections.Generic.Dictionary`2[TKey,TValue].get_Item (TKey key) [0x0001e] in <c5ae8a4eeb824526b5df2932bc2395e0>:0 
  at CrashRigAnimator.LateUpdate () [0x002e3] in C:\Users\eonvw\source\repos\Project-Twinsanity\Assets\Twinsanity\Scripts\CrashRigAnimator.cs:218 
UnityEngine.StackTraceUtility:ExtractStringFromExceptionInternal(Object, String&, String&)

(Filename: Assets/Twinsanity/Scripts/CrashRigAnimator.cs Line: 218)

KeyNotFoundException: The given key '0' was not present in the dictionary.
  at System.Collections.Generic.Dictionary`2[TKey,TValue].get_Item (TKey key) [0x0001e] in <c5ae8a4eeb824526b5df2932bc2395e0>:0 
  at CrashRigAnimator.LateUpdate () [0x002e3] in C:\Users\eonvw\source\repos\Project-Twinsanity\Assets\Twinsanity\Scripts\CrashRigAnimator.cs:218 
UnityEngine.StackTraceUtility:ExtractStringFromExceptionInternal(Object, String&, String&)

(Filename: Assets/Twinsanity/Scripts/CrashRigAnimator.cs Line: 218)

KeyNotFoundException: The given key '0' was not present in the dictionary.
  at System.Collections.Generic.Dictionary`2[TKey,TValue].get_Item (TKey key) [0x0001e] in <c5ae8a4eeb824526b5df2932bc2395e0>:0 
  at CrashRigAnimator.LateUpdate () [0x002e3] in C:\Users\eonvw\source\repos\Project-Twinsanity\Assets\Twinsanity\Scripts\CrashRigAnimator.cs:218 
UnityEngine.StackTraceUtility:ExtractStringFromExceptionInternal(Object, String&, String&)

(Filename: Assets/Twinsanity/Scripts/CrashRigAnimator.cs Line: 218)

KeyNotFoundException: The given key '0' was not present in the dictionary.
  at System.Collections.Generic.Dictionary`2[TKey,TValue].get_Item (TKey key) [0x0001e] in <c5ae8a4eeb824526b5df2932bc2395e0>:0 
  at CrashRigAnimator.LateUpdate () [0x002e3] in C:\Users\eonvw\source\repos\Project-Twinsanity\Assets\Twinsanity\Scripts\CrashRigAnimator.cs:218 
UnityEngine.StackTraceUtility:ExtractStringFromExceptionInternal(Object, String&, String&)

(Filename: Assets/Twinsanity/Scripts/CrashRigAnimator.cs Line: 218)

KeyNotFoundException: The given key '0' was not present in the dictionary.
  at System.Collections.Generic.Dictionary`2[TKey,TValue].get_Item (TKey key) [0x0001e] in <c5ae8a4eeb824526b5df2932bc2395e0>:0 
  at CrashRigAnimator.LateUpdate () [0x002e3] in C:\Users\eonvw\source\repos\Project-Twinsanity\Assets\Twinsanity\Scripts\CrashRigAnimator.cs:218 
UnityEngine.StackTraceUtility:ExtractStringFromExceptionInternal(Object, String&, String&)

(Filename: Assets/Twinsanity/Scripts/CrashRigAnimator.cs Line: 218)

KeyNotFoundException: The given key '0' was not present in the dictionary.
  at System.Collections.Generic.Dictionary`2[TKey,TValue].get_Item (TKey key) [0x0001e] in <c5ae8a4eeb824526b5df2932bc2395e0>:0 
  at CrashRigAnimator.LateUpdate () [0x002e3] in C:\Users\eonvw\source\repos\Project-Twinsanity\Assets\Twinsanity\Scripts\CrashRigAnimator.cs:218 
UnityEngine.StackTraceUtility:ExtractStringFromExceptionInternal(Object, String&, String&)

(Filename: Assets/Twinsanity/Scripts/CrashRigAnimator.cs Line: 218)

KeyNotFoundException: The given key '0' was not present in the dictionary.
  at System.Collections.Generic.Dictionary`2[TKey,TValue].get_Item (TKey key) [0x0001e] in <c5ae8a4eeb824526b5df2932bc2395e0>:0 
  at CrashRigAnimator.LateUpdate () [0x002e3] in C:\Users\eonvw\source\repos\Project-Twinsanity\Assets\Twinsanity\Scripts\CrashRigAnimator.cs:218 
UnityEngine.StackTraceUtility:ExtractStringFromExceptionInternal(Object, String&, String&)

(Filename: Assets/Twinsanity/Scripts/CrashRigAnimator.cs Line: 218)

KeyNotFoundException: The given key '0' was not present in the dictionary.
  at System.Collections.Generic.Dictionary`2[TKey,TValue].get_Item (TKey key) [0x0001e] in <c5ae8a4eeb824526b5df2932bc2395e0>:0 
  at CrashRigAnimator.LateUpdate () [0x002e3] in C:\Users\eonvw\source\repos\Project-Twinsanity\Assets\Twinsanity\Scripts\CrashRigAnimator.cs:218 
UnityEngine.StackTraceUtility:ExtractStringFromExceptionInternal(Object, String&, String&)

(Filename: Assets/Twinsanity/Scripts/CrashRigAnimator.cs Line: 218)

KeyNotFoundException: The given key '0' was not present in the dictionary.
  at System.Collections.Generic.Dictionary`2[TKey,TValue].get_Item (TKey key) [0x0001e] in <c5ae8a4eeb824526b5df2932bc2395e0>:0 
  at CrashRigAnimator.LateUpdate () [0x002e3] in C:\Users\eonvw\source\repos\Project-Twinsanity\Assets\Twinsanity\Scripts\CrashRigAnimator.cs:218 
UnityEngine.StackTraceUtility:ExtractStringFromExceptionInternal(Object, String&, String&)

(Filename: Assets/Twinsanity/Scripts/CrashRigAnimator.cs Line: 218)

KeyNotFoundException: The given key '0' was not present in the dictionary.
  at System.Collections.Generic.Dictionary`2[TKey,TValue].get_Item (TKey key) [0x0001e] in <c5ae8a4eeb824526b5df2932bc2395e0>:0 
  at CrashRigAnimator.LateUpdate () [0x002e3] in C:\Users\eonvw\source\repos\Project-Twinsanity\Assets\Twinsanity\Scripts\CrashRigAnimator.cs:218 
UnityEngine.StackTraceUtility:ExtractStringFromExceptionInternal(Object, String&, String&)

(Filename: Assets/Twinsanity/Scripts/CrashRigAnimator.cs Line: 218)

KeyNotFoundException: The given key '0' was not present in the dictionary.
  at System.Collections.Generic.Dictionary`2[TKey,TValue].get_Item (TKey key) [0x0001e] in <c5ae8a4eeb824526b5df2932bc2395e0>:0 
  at CrashRigAnimator.LateUpdate () [0x002e3] in C:\Users\eonvw\source\repos\Project-Twinsanity\Assets\Twinsanity\Scripts\CrashRigAnimator.cs:218 
UnityEngine.StackTraceUtility:ExtractStringFromExceptionInternal(Object, String&, String&)

(Filename: Assets/Twinsanity/Scripts/CrashRigAnimator.cs Line: 218)

KeyNotFoundException: The given key '0' was not present in the dictionary.
  at System.Collections.Generic.Dictionary`2[TKey,TValue].get_Item (TKey key) [0x0001e] in <c5ae8a4eeb824526b5df2932bc2395e0>:0 
  at CrashRigAnimator.LateUpdate () [0x002e3] in C:\Users\eonvw\source\repos\Project-Twinsanity\Assets\Twinsanity\Scripts\CrashRigAnimator.cs:218 
UnityEngine.StackTraceUtility:ExtractStringFromExceptionInternal(Object, String&, String&)

(Filename: Assets/Twinsanity/Scripts/CrashRigAnimator.cs Line: 218)

KeyNotFoundException: The given key '0' was not present in the dictionary.
  at System.Collections.Generic.Dictionary`2[TKey,TValue].get_Item (TKey key) [0x0001e] in <c5ae8a4eeb824526b5df2932bc2395e0>:0 
  at CrashRigAnimator.LateUpdate () [0x002e3] in C:\Users\eonvw\source\repos\Project-Twinsanity\Assets\Twinsanity\Scripts\CrashRigAnimator.cs:218 
UnityEngine.StackTraceUtility:ExtractStringFromExceptionInternal(Object, String&, String&)

(Filename: Assets/Twinsanity/Scripts/CrashRigAnimator.cs Line: 218)

KeyNotFoundException: The given key '0' was not present in the dictionary.
  at System.Collections.Generic.Dictionary`2[TKey,TValue].get_Item (TKey key) [0x0001e] in <c5ae8a4eeb824526b5df2932bc2395e0>:0 
  at CrashRigAnimator.LateUpdate () [0x002e3] in C:\Users\eonvw\source\repos\Project-Twinsanity\Assets\Twinsanity\Scripts\CrashRigAnimator.cs:218 
UnityEngine.StackTraceUtility:ExtractStringFromExceptionInternal(Object, String&, String&)

(Filename: Assets/Twinsanity/Scripts/CrashRigAnimator.cs Line: 218)

KeyNotFoundException: The given key '0' was not present in the dictionary.
  at System.Collections.Generic.Dictionary`2[TKey,TValue].get_Item (TKey key) [0x0001e] in <c5ae8a4eeb824526b5df2932bc2395e0>:0 
  at CrashRigAnimator.LateUpdate () [0x002e3] in C:\Users\eonvw\source\repos\Project-Twinsanity\Assets\Twinsanity\Scripts\CrashRigAnimator.cs:218 
UnityEngine.StackTraceUtility:ExtractStringFromExceptionInternal(Object, String&, String&)

(Filename: Assets/Twinsanity/Scripts/CrashRigAnimator.cs Line: 218)

KeyNotFoundException: The given key '0' was not present in the dictionary.
  at System.Collections.Generic.Dictionary`2[TKey,TValue].get_Item (TKey key) [0x0001e] in <c5ae8a4eeb824526b5df2932bc2395e0>:0 
  at CrashRigAnimator.LateUpdate () [0x002e3] in C:\Users\eonvw\source\repos\Project-Twinsanity\Assets\Twinsanity\Scripts\CrashRigAnimator.cs:218 
UnityEngine.StackTraceUtility:ExtractStringFromExceptionInternal(Object, String&, String&)

(Filename: Assets/Twinsanity/Scripts/CrashRigAnimator.cs Line: 218)

KeyNotFoundException: The given key '0' was not present in the dictionary.
  at System.Collections.Generic.Dictionary`2[TKey,TValue].get_Item (TKey key) [0x0001e] in <c5ae8a4eeb824526b5df2932bc2395e0>:0 
  at CrashRigAnimator.LateUpdate () [0x002e3] in C:\Users\eonvw\source\repos\Project-Twinsanity\Assets\Twinsanity\Scripts\CrashRigAnimator.cs:218 
UnityEngine.StackTraceUtility:ExtractStringFromExceptionInternal(Object, String&, String&)

(Filename: Assets/Twinsanity/Scripts/CrashRigAnimator.cs Line: 218)

KeyNotFoundException: The given key '0' was not present in the dictionary.
  at System.Collections.Generic.Dictionary`2[TKey,TValue].get_Item (TKey key) [0x0001e] in <c5ae8a4eeb824526b5df2932bc2395e0>:0 
  at CrashRigAnimator.LateUpdate () [0x002e3] in C:\Users\eonvw\source\repos\Project-Twinsanity\Assets\Twinsanity\Scripts\CrashRigAnimator.cs:218 
UnityEngine.StackTraceUtility:ExtractStringFromExceptionInternal(Object, String&, String&)

(Filename: Assets/Twinsanity/Scripts/CrashRigAnimator.cs Line: 218)

KeyNotFoundException: The given key '0' was not present in the dictionary.
  at System.Collections.Generic.Dictionary`2[TKey,TValue].get_Item (TKey key) [0x0001e] in <c5ae8a4eeb824526b5df2932bc2395e0>:0 
  at CrashRigAnimator.LateUpdate () [0x002e3] in C:\Users\eonvw\source\repos\Project-Twinsanity\Assets\Twinsanity\Scripts\CrashRigAnimator.cs:218 
UnityEngine.StackTraceUtility:ExtractStringFromExceptionInternal(Object, String&, String&)

(Filename: Assets/Twinsanity/Scripts/CrashRigAnimator.cs Line: 218)

KeyNotFoundException: The given key '0' was not present in the dictionary.
  at System.Collections.Generic.Dictionary`2[TKey,TValue].get_Item (TKey key) [0x0001e] in <c5ae8a4eeb824526b5df2932bc2395e0>:0 
  at CrashRigAnimator.LateUpdate () [0x002e3] in C:\Users\eonvw\source\repos\Project-Twinsanity\Assets\Twinsanity\Scripts\CrashRigAnimator.cs:218 
UnityEngine.StackTraceUtility:ExtractStringFromExceptionInternal(Object, String&, String&)

(Filename: Assets/Twinsanity/Scripts/CrashRigAnimator.cs Line: 218)

KeyNotFoundException: The given key '0' was not present in the dictionary.
  at System.Collections.Generic.Dictionary`2[TKey,TValue].get_Item (TKey key) [0x0001e] in <c5ae8a4eeb824526b5df2932bc2395e0>:0 
  at CrashRigAnimator.LateUpdate () [0x002e3] in C:\Users\eonvw\source\repos\Project-Twinsanity\Assets\Twinsanity\Scripts\CrashRigAnimator.cs:218 
UnityEngine.StackTraceUtility:ExtractStringFromExceptionInternal(Object, String&, String&)

(Filename: Assets/Twinsanity/Scripts/CrashRigAnimator.cs Line: 218)

KeyNotFoundException: The given key '0' was not present in the dictionary.
  at System.Collections.Generic.Dictionary`2[TKey,TValue].get_Item (TKey key) [0x0001e] in <c5ae8a4eeb824526b5df2932bc2395e0>:0 
  at CrashRigAnimator.LateUpdate () [0x002e3] in C:\Users\eonvw\source\repos\Project-Twinsanity\Assets\Twinsanity\Scripts\CrashRigAnimator.cs:218 
UnityEngine.StackTraceUtility:ExtractStringFromExceptionInternal(Object, String&, String&)

(Filename: Assets/Twinsanity/Scripts/CrashRigAnimator.cs Line: 218)

KeyNotFoundException: The given key '0' was not present in the dictionary.
  at System.Collections.Generic.Dictionary`2[TKey,TValue].get_Item (TKey key) [0x0001e] in <c5ae8a4eeb824526b5df2932bc2395e0>:0 
  at CrashRigAnimator.LateUpdate () [0x002e3] in C:\Users\eonvw\source\repos\Project-Twinsanity\Assets\Twinsanity\Scripts\CrashRigAnimator.cs:218 
UnityEngine.StackTraceUtility:ExtractStringFromExceptionInternal(Object, String&, String&)

(Filename: Assets/Twinsanity/Scripts/CrashRigAnimator.cs Line: 218)

KeyNotFoundException: The given key '0' was not present in the dictionary.
  at System.Collections.Generic.Dictionary`2[TKey,TValue].get_Item (TKey key) [0x0001e] in <c5ae8a4eeb824526b5df2932bc2395e0>:0 
  at CrashRigAnimator.LateUpdate () [0x002e3] in C:\Users\eonvw\source\repos\Project-Twinsanity\Assets\Twinsanity\Scripts\CrashRigAnimator.cs:218 
UnityEngine.StackTraceUtility:ExtractStringFromExceptionInternal(Object, String&, String&)

(Filename: Assets/Twinsanity/Scripts/CrashRigAnimator.cs Line: 218)

KeyNotFoundException: The given key '0' was not present in the dictionary.
  at System.Collections.Generic.Dictionary`2[TKey,TValue].get_Item (TKey key) [0x0001e] in <c5ae8a4eeb824526b5df2932bc2395e0>:0 
  at CrashRigAnimator.LateUpdate () [0x002e3] in C:\Users\eonvw\source\repos\Project-Twinsanity\Assets\Twinsanity\Scripts\CrashRigAnimator.cs:218 
UnityEngine.StackTraceUtility:ExtractStringFromExceptionInternal(Object, String&, String&)

(Filename: Assets/Twinsanity/Scripts/CrashRigAnimator.cs Line: 218)

KeyNotFoundException: The given key '0' was not present in the dictionary.
  at System.Collections.Generic.Dictionary`2[TKey,TValue].get_Item (TKey key) [0x0001e] in <c5ae8a4eeb824526b5df2932bc2395e0>:0 
  at CrashRigAnimator.LateUpdate () [0x002e3] in C:\Users\eonvw\source\repos\Project-Twinsanity\Assets\Twinsanity\Scripts\CrashRigAnimator.cs:218 
UnityEngine.StackTraceUtility:ExtractStringFromExceptionInternal(Object, String&, String&)

(Filename: Assets/Twinsanity/Scripts/CrashRigAnimator.cs Line: 218)

KeyNotFoundException: The given key '0' was not present in the dictionary.
  at System.Collections.Generic.Dictionary`2[TKey,TValue].get_Item (TKey key) [0x0001e] in <c5ae8a4eeb824526b5df2932bc2395e0>:0 
  at CrashRigAnimator.LateUpdate () [0x002e3] in C:\Users\eonvw\source\repos\Project-Twinsanity\Assets\Twinsanity\Scripts\CrashRigAnimator.cs:218 
UnityEngine.StackTraceUtility:ExtractStringFromExceptionInternal(Object, String&, String&)

(Filename: Assets/Twinsanity/Scripts/CrashRigAnimator.cs Line: 218)

KeyNotFoundException: The given key '0' was not present in the dictionary.
  at System.Collections.Generic.Dictionary`2[TKey,TValue].get_Item (TKey key) [0x0001e] in <c5ae8a4eeb824526b5df2932bc2395e0>:0 
  at CrashRigAnimator.LateUpdate () [0x002e3] in C:\Users\eonvw\source\repos\Project-Twinsanity\Assets\Twinsanity\Scripts\CrashRigAnimator.cs:218 
UnityEngine.StackTraceUtility:ExtractStringFromExceptionInternal(Object, String&, String&)

(Filename: Assets/Twinsanity/Scripts/CrashRigAnimator.cs Line: 218)

KeyNotFoundException: The given key '0' was not present in the dictionary.
  at System.Collections.Generic.Dictionary`2[TKey,TValue].get_Item (TKey key) [0x0001e] in <c5ae8a4eeb824526b5df2932bc2395e0>:0 
  at CrashRigAnimator.LateUpdate () [0x002e3] in C:\Users\eonvw\source\repos\Project-Twinsanity\Assets\Twinsanity\Scripts\CrashRigAnimator.cs:218 
UnityEngine.StackTraceUtility:ExtractStringFromExceptionInternal(Object, String&, String&)

(Filename: Assets/Twinsanity/Scripts/CrashRigAnimator.cs Line: 218)

KeyNotFoundException: The given key '0' was not present in the dictionary.
  at System.Collections.Generic.Dictionary`2[TKey,TValue].get_Item (TKey key) [0x0001e] in <c5ae8a4eeb824526b5df2932bc2395e0>:0 
  at CrashRigAnimator.LateUpdate () [0x002e3] in C:\Users\eonvw\source\repos\Project-Twinsanity\Assets\Twinsanity\Scripts\CrashRigAnimator.cs:218 
UnityEngine.StackTraceUtility:ExtractStringFromExceptionInternal(Object, String&, String&)

(Filename: Assets/Twinsanity/Scripts/CrashRigAnimator.cs Line: 218)

KeyNotFoundException: The given key '0' was not present in the dictionary.
  at System.Collections.Generic.Dictionary`2[TKey,TValue].get_Item (TKey key) [0x0001e] in <c5ae8a4eeb824526b5df2932bc2395e0>:0 
  at CrashRigAnimator.LateUpdate () [0x002e3] in C:\Users\eonvw\source\repos\Project-Twinsanity\Assets\Twinsanity\Scripts\CrashRigAnimator.cs:218 
UnityEngine.StackTraceUtility:ExtractStringFromExceptionInternal(Object, String&, String&)

(Filename: Assets/Twinsanity/Scripts/CrashRigAnimator.cs Line: 218)

KeyNotFoundException: The given key '0' was not present in the dictionary.
  at System.Collections.Generic.Dictionary`2[TKey,TValue].get_Item (TKey key) [0x0001e] in <c5ae8a4eeb824526b5df2932bc2395e0>:0 
  at CrashRigAnimator.LateUpdate () [0x002e3] in C:\Users\eonvw\source\repos\Project-Twinsanity\Assets\Twinsanity\Scripts\CrashRigAnimator.cs:218 
UnityEngine.StackTraceUtility:ExtractStringFromExceptionInternal(Object, String&, String&)

(Filename: Assets/Twinsanity/Scripts/CrashRigAnimator.cs Line: 218)

KeyNotFoundException: The given key '0' was not present in the dictionary.
  at System.Collections.Generic.Dictionary`2[TKey,TValue].get_Item (TKey key) [0x0001e] in <c5ae8a4eeb824526b5df2932bc2395e0>:0 
  at CrashRigAnimator.LateUpdate () [0x002e3] in C:\Users\eonvw\source\repos\Project-Twinsanity\Assets\Twinsanity\Scripts\CrashRigAnimator.cs:218 
UnityEngine.StackTraceUtility:ExtractStringFromExceptionInternal(Object, String&, String&)

(Filename: Assets/Twinsanity/Scripts/CrashRigAnimator.cs Line: 218)

Unloading 0 Unused Serialized files (Serialized files now loaded: 0)
Loaded scene 'Temp/__Backupscenes/0.backup'
	Deserialize:            27.352 ms
	Integration:            67.317 ms
	Integration of assets:  0.038 ms
	Thread Wait Time:       0.001 ms
	Total Operation Time:   94.708 ms
Unloading 20 unused Assets / (21.2 MB). Loaded Objects now: 9062.
Memory consumption went from 508.8 MB to 487.6 MB.
Total: 15.643900 ms (FindLiveObjects: 1.373200 ms CreateObjectMapping: 0.147500 ms MarkObjects: 13.694000 ms  DeleteObjects: 0.175900 ms)

[Licensing::Client] Successfully resolved entitlement details
Reloading assemblies for play mode.
Reloading assemblies after forced synchronous recompile.
Begin MonoManager ReloadAssembly
Native extension for WindowsStandalone target not found
Native extension for WebGL target not found
ScheduleIndexationOnStartup MainProcess:True IndexOnStartup:True
[MODES] ModeService[none].Initialize
[MODES] ModeService[none].LoadModes
Scripting: successfully reloaded assembly
- Finished resetting the current domain, in  1.708 seconds
Domain Reload Profiling: 2540ms
	BeginReloadAssembly (589ms)
		DisableScriptedObjects (134ms)
		CreateAndSetChildDomain (241ms)
	RebuildCommonClasses (12ms)
	RebuildNativeTypeToScriptingClass (18ms)
	initialDomainReloadingComplete (59ms)
	LoadAllAssembliesAndSetupDomain (153ms)
		LoadAssemblies (129ms)
		TypeCache.Refresh (5ms)
		AnalyzeDomain (2ms)
	FinalizeReload (1709ms)
		SetupLoadedEditorAssemblies (0ms)
			InitializePlatformSupportModulesInManaged (3ms)
			BeforeProcessingInitializeOnLoad (143ms)
			ProcessInitializeOnLoadAttributes (111ms)
			ProcessInitializeOnLoadMethodAttributes (77ms)
			AfterProcessingInitializeOnLoad (15ms)
		AwakeInstancesAfterBackupRestoration (902ms)

Asset Pipeline Refresh (id=323b0f5d6f38a244eaee632621bd34e5): Total: 2.688 seconds - Initiated by StopAssetImportingV2(ForceSynchronousImport | ForceDomainReload)
	(Values over 0.05ms)
	Summary:
		Imports: total=0 (actual=0, local cache=0, cache server=0)
		Asset DB Process Time: managed=0 ms, native=1786 ms
		Asset DB Callback time: managed=25 ms, native=0 ms
		Scripting: domain reloads=1, domain reload time=872 ms, compile time=3 ms, other=0 ms
		Project Asset Count: scripts=229, non-scripts=4165
		Asset File Changes: new=0, changed=0, moved=0, deleted=0
		Scan Filter Count: 0
	InvokePackagesCallback: 2.513ms
	ApplyChangesToAssetFolders: 0.262ms
	Collect global state as custom dependencies: 1.688ms
	CategorizeAssets: 28.236ms
	CompileScripts: 3.301ms
	ImportOutOfDateAssets: 1712.769ms (1710.044ms without children)
		CollectScriptTypesHashes: 0.349ms
		ReloadNativeAssets: 1.091ms
		UnloadImportedAssets: 0.342ms
		EnsureUptoDateAssetsAreRegisteredWithGuidPM: 0.593ms
		ImportSchedulerStart: 0.695ms
	PostProcessAllAssets: 25.527ms
		MonoPostProcessAllAssets: 25.521ms
			AssetChangedListener.OnPostprocessAllAssets 9.727ms
			WindowAssetPostprocessingWatcher.OnPostprocessAllAssets 7.609ms
			BuilderAssetPostprocessor.OnPostprocessAllAssets 5.676ms
			AssetPostprocessor.OnPostprocessAllAssets 5.318ms
			SyncVS.PostprocessSyncProject 4.966ms
			ConfigAssetsTracker.OnPostprocessAllAssets 1.991ms
			RetainedModeAssetPostprocessor.OnPostprocessAllAssets 1.083ms
			SpeedTree9Postprocessor.OnPostprocessAllAssets 0.968ms
			TextAssetPostProcessor.OnPostprocessAllAssets 0.928ms
			ArtifactBrowserPostProcessor.OnPostprocessAllAssets 0.782ms
			AssetEvents.OnPostprocessAllAssets 0.457ms
			SpeedTreePostProcessor.OnPostprocessAllAssets 0.442ms
			AudioMixerPostprocessor.OnPostprocessAllAssets 0.421ms
			StyleCatalogPostProcessor.OnPostprocessAllAssets 0.375ms
			ThemePostprocessor.OnPostprocessAllAssets 0.366ms
			EditModeScopePostprocessor.OnPostprocessAllAssets 0.344ms
			ScenarioDriftAssetsTracker.OnPostprocessAllAssets 0.229ms
			AssetDatabaseCallbacks.OnPostprocessAllAssets 0.199ms
			TerrainToolbarOverlayPostProcessor.OnPostprocessAllAssets 0.182ms
			ReferencedClipsPostProcessor.OnPostprocessAllAssets 0.176ms
			AudioContainerPostProcessor.OnPostprocessAllAssets 0.122ms
			RenderPipelineGlobalSettingsPostprocessor.OnPostprocessAllAssets 0.088ms
	GatherAllCurrentPrimaryImportResultRevisions: 0.270ms
	UnloadStreamsBegin: 0.078ms
	PersistCurrentRevisions: 0.181ms
	GenerateScriptTypeHashes: 0.202ms
	GenerateScriptTypeSerializationHashes: 0.617ms
	Untracked: 902.806ms

The referenced script (Unknown) on this Behaviour is missing!
The referenced script (Unknown) on this Behaviour is missing!
Loaded scene 'Temp/__Backupscenes/0.backup'
	Deserialize:            19.709 ms
	Integration:            674.232 ms
	Integration of assets:  0.018 ms
	Thread Wait Time:       -0.001 ms
	Total Operation Time:   693.958 ms
[Licensing::Client] Successfully resolved entitlement details
Unloading 17 Unused Serialized files (Serialized files now loaded: 0)
Loaded scene 'Temp/__Backupscenes/0.backup'
	Deserialize:            18.993 ms
	Integration:            63.501 ms
	Integration of assets:  0.036 ms
	Thread Wait Time:       0.032 ms
	Total Operation Time:   82.562 ms
Unloading 19 unused Assets / (21.8 MB). Loaded Objects now: 9064.
Memory consumption went from 509.4 MB to 487.6 MB.
Total: 17.845000 ms (FindLiveObjects: 1.696800 ms CreateObjectMapping: 0.228800 ms MarkObjects: 15.383900 ms  DeleteObjects: 0.203900 ms)

[ScriptCompilation] Requested script compilation because: AssetDatabase observed changes in script compilation related files
Asset Pipeline Refresh (id=e803c8d216f1e6647aa0e75b2d59d336): Total: 0.090 seconds - Initiated by RefreshV2(NoUpdateAssetOptions)
Starting: C:\Program Files\Unity\Hub\Editor\6000.6.3f1\Editor\Data\Tools\BuildPipeline\bee_backend.exe --ipc --defer-dag-verification --dagfile="Library/Bee/1900b0aEDbg.dag" --continue-on-failure --profile="Library/Bee/backend1.traceevents" ScriptAssemblies
WorkingDir: C:/Users/eonvw/source/repos/Project-Twinsanity
ExitCode: 3 Duration: 0s447ms
[207/222    0s] ILPP-Configuration Library/ilpp-configuration.nevergeneratedoutput
[214/222    0s] Csc Library/Bee/artifacts/1900b0aEDbg.dag/Assembly-CSharp.dll (+2 others)
##### CommandLine
"C:\Program Files\Unity\Hub\Editor\6000.6.3f1\Editor\Data\DotNetSdk\dotnet.exe" exec "C:/Program Files/Unity/Hub/Editor/6000.6.3f1/Editor/Data/DotNetSdk/sdk/8.0.318/Roslyn/bincore/csc.dll" /nostdlib /noconfig /shared "@Library/Bee/artifacts/1900b0aEDbg.dag/Assembly-CSharp.rsp" "@Library/Bee/artifacts/1900b0aEDbg.dag/Assembly-CSharp.rsp2"
##### Contents of Library\Bee\artifacts\1900b0aEDbg.dag\Assembly-CSharp.rsp
-target:library
-out:"Library/Bee/artifacts/1900b0aEDbg.dag/Assembly-CSharp.dll"
-refout:"Library/Bee/artifacts/1900b0aEDbg.dag/Assembly-CSharp.ref.dll"
-define:UNITY_6000_6_3
-define:UNITY_6000_6
-define:UNITY_6000
-define:UNITY_5_3_OR_NEWER
-define:UNITY_5_4_OR_NEWER
-define:UNITY_5_5_OR_NEWER
-define:UNITY_5_6_OR_NEWER
-define:UNITY_2017_1_OR_NEWER
-define:UNITY_2017_2_OR_NEWER
-define:UNITY_2017_3_OR_NEWER
-define:UNITY_2017_4_OR_NEWER
-define:UNITY_2018_1_OR_NEWER
-define:UNITY_2018_2_OR_NEWER
-define:UNITY_2018_3_OR_NEWER
-define:UNITY_2018_4_OR_NEWER
-define:UNITY_2019_1_OR_NEWER
-define:UNITY_2019_2_OR_NEWER
-define:UNITY_2019_3_OR_NEWER
-define:UNITY_2019_4_OR_NEWER
-define:UNITY_2020_1_OR_NEWER
-define:UNITY_2020_2_OR_NEWER
-define:UNITY_2020_3_OR_NEWER
-define:UNITY_2021_1_OR_NEWER
-define:UNITY_2021_2_OR_NEWER
-define:UNITY_2021_3_OR_NEWER
-define:UNITY_2022_1_OR_NEWER
-define:UNITY_2022_2_OR_NEWER
-define:UNITY_2022_3_OR_NEWER
-define:UNITY_2023_1_OR_NEWER
-define:UNITY_2023_2_OR_NEWER
-define:UNITY_2023_3_OR_NEWER
-define:UNITY_6000_0_OR_NEWER
-define:UNITY_6000_1_OR_NEWER
-define:UNITY_6000_2_OR_NEWER
-define:UNITY_6000_3_OR_NEWER
-define:UNITY_6000_4_OR_NEWER
-define:UNITY_6000_5_OR_NEWER
-define:UNITY_6000_6_OR_NEWER
-define:PLATFORM_ARCH_64
-define:UNITY_64
-define:UNITY_INCLUDE_TESTS
-define:ENABLE_AR
-define:ENABLE_AUDIO
-define:ENABLE_AUDIO_SCRIPTABLE_PIPELINE
-define:ENABLE_BURST
-define:ENABLE_CACHING
-define:ENABLE_CLOTH
-define:ENABLE_EVENT_QUEUE
-define:ENABLE_MICROPHONE
-define:ENABLE_MULTIPLE_DISPLAYS
-define:ENABLE_PHYSICS
-define:ENABLE_TEXTURE_STREAMING
-define:ENABLE_VIRTUALTEXTURING
-define:ENABLE_LZMA
-define:ENABLE_UNITYEVENTS
-define:ENABLE_VR
-define:ENABLE_WEBCAM
-define:ENABLE_UNITYWEBREQUEST
-define:ENABLE_WWW
-define:ENABLE_CLOUD_SERVICES
-define:ENABLE_CLOUD_SERVICES_ADS
-define:ENABLE_CLOUD_SERVICES_USE_WEBREQUEST
-define:ENABLE_UNITY_CONSENT
-define:ENABLE_UNITY_CLOUD_IDENTIFIERS
-define:ENABLE_CLOUD_SERVICES_CRASH_REPORTING
-define:ENABLE_CLOUD_SERVICES_NATIVE_CRASH_REPORTING
-define:ENABLE_CLOUD_SERVICES_PURCHASING
-define:ENABLE_CLOUD_SERVICES_ANALYTICS
-define:ENABLE_CLOUD_SERVICES_BUILD
-define:ENABLE_EDITOR_GAME_SERVICES
-define:ENABLE_UNITY_GAME_SERVICES_ANALYTICS_SUPPORT
-define:ENABLE_CLOUD_LICENSE
-define:ENABLE_EDITOR_HUB_LICENSE
-define:ENABLE_WEBSOCKET_CLIENT
-define:ENABLE_GENERATE_NATIVE_PLUGINS_FOR_ASSEMBLIES_API
-define:ENABLE_DIRECTOR_AUDIO
-define:ENABLE_DIRECTOR_TEXTURE
-define:ENABLE_MANAGED_JOBS
-define:ENABLE_MANAGED_TRANSFORM_JOBS
-define:ENABLE_MANAGED_ANIMATION_JOBS
-define:ENABLE_MANAGED_AUDIO_JOBS
-define:ENABLE_MANAGED_UNITYTLS
-define:INCLUDE_DYNAMIC_GI
-define:ENABLE_SCRIPTING_GC_WBARRIERS
-define:PLATFORM_SUPPORTS_MONO
-define:RENDER_SOFTWARE_CURSOR
-define:ENABLE_MARSHALLING_TESTS
-define:ENABLE_VIDEO
-define:ENABLE_NAVIGATION_OFFMESHLINK_TO_NAVMESHLINK
-define:ENABLE_ACCELERATOR_CLIENT_DEBUGGING
-define:ENABLE_ACCESSIBILITY_SCREEN_READER
-define:TEXTCORE_1_0_OR_NEWER
-define:EDITOR_ONLY_NAVMESH_BUILDER_DEPRECATED
-define:INCLUDE_UNIFIED_RAYTRACING_COMPUTE_BACKEND
-define:INCLUDE_UNIFIED_RAYTRACING_HARDWARE_BACKEND
-define:PLATFORM_STANDALONE_WIN
-define:PLATFORM_STANDALONE
-define:UNITY_STANDALONE_WIN
-define:UNITY_STANDALONE
-define:ENABLE_RUNTIME_GI
-define:ENABLE_MOVIES
-define:ENABLE_NETWORK
-define:ENABLE_NVIDIA
-define:ENABLE_AMD
-define:ENABLE_CRUNCH_TEXTURE_COMPRESSION
-define:ENABLE_CLOUD_SERVICES_ENGINE_DIAGNOSTICS
-define:ENABLE_OUT_OF_PROCESS_CRASH_HANDLER
-define:ENABLE_CLUSTER_SYNC
-define:ENABLE_CLUSTERINPUT
-define:PLATFORM_UPDATES_TIME_OUTSIDE_OF_PLAYER_LOOP
-define:GFXDEVICE_WAITFOREVENT_MESSAGEPUMP
-define:PLATFORM_USES_EXPLICIT_MEMORY_MANAGER_INITIALIZER
-define:PLATFORM_SUPPORTS_WAIT_FOR_PRESENTATION
-define:PLATFORM_SUPPORTS_SPLIT_GRAPHICS_JOBS
-define:UNITY_SUPPORTS_GRAPHICS_API_VALIDATION
-define:PLATFORM_USES_VULKAN_OLD_SWAPCHAIN
-define:USE_READ_ASYNC_MANAGED_API
-define:ENABLE_MONO
-define:NET_STANDARD_2_0
-define:NET_STANDARD
-define:NET_STANDARD_2_1
-define:NETSTANDARD
-define:NETSTANDARD2_1
-define:ENABLE_PROFILER
-define:UNITY_INCLUDE_INSTRUMENTATION
-define:DEBUG
-define:TRACE
-define:UNITY_ASSERTIONS
-define:UNITY_ENABLE_CHECKS
-define:UNITY_EDITOR
-define:UNITY_EDITOR_64
-define:UNITY_EDITOR_WIN
-define:ENABLE_UNITY_COLLECTIONS_CHECKS
-define:ENABLE_BURST_AOT
-define:UNITY_TEAM_LICENSE
-define:ENABLE_CUSTOM_RENDER_TEXTURE
-define:ENABLE_DIRECTOR
-define:ENABLE_LOCALIZATION
-define:ENABLE_SPRITES
-define:ENABLE_TERRAIN
-define:ENABLE_TILEMAP
-define:ENABLE_TIMELINE
-define:ENABLE_LEGACY_INPUT_MANAGER
-define:TEXTCORE_FONT_ENGINE_1_5_OR_NEWER
-define:TEXTCORE_TEXT_ENGINE_1_5_OR_NEWER
-define:TEXTCORE_FONT_ENGINE_1_6_OR_NEWER
-define:CSHARP_7_OR_LATER
-define:CSHARP_7_3_OR_NEWER
-r:"C:/Program Files/Unity/Hub/Editor/6000.6.3f1/Editor/Data/BCLExtensions/TargetingPacks/netstandard2.1/ref/Microsoft.Bcl.AsyncInterfaces.dll"
-r:"C:/Program Files/Unity/Hub/Editor/6000.6.3f1/Editor/Data/BCLExtensions/TargetingPacks/netstandard2.1/ref/Microsoft.Extensions.DependencyInjection.Abstractions.dll"
-r:"C:/Program Files/Unity/Hub/Editor/6000.6.3f1/Editor/Data/BCLExtensions/TargetingPacks/netstandard2.1/ref/Microsoft.Extensions.Logging.Abstractions.dll"
-r:"C:/Program Files/Unity/Hub/Editor/6000.6.3f1/Editor/Data/BCLExtensions/TargetingPacks/netstandard2.1/ref/System.Collections.Immutable.dll"
-r:"C:/Program Files/Unity/Hub/Editor/6000.6.3f1/Editor/Data/BCLExtensions/TargetingPacks/netstandard2.1/ref/System.Diagnostics.DiagnosticSource.dll"
-r:"C:/Program Files/Unity/Hub/Editor/6000.6.3f1/Editor/Data/BCLExtensions/TargetingPacks/netstandard2.1/ref/System.IO.Hashing.dll"
-r:"C:/Program Files/Unity/Hub/Editor/6000.6.3f1/Editor/Data/BCLExtensions/TargetingPacks/netstandard2.1/ref/System.Reflection.Metadata.dll"
-r:"C:/Program Files/Unity/Hub/Editor/6000.6.3f1/Editor/Data/BCLExtensions/TargetingPacks/netstandard2.1/ref/System.Runtime.CompilerServices.Unsafe.dll"
-r:"C:/Program Files/Unity/Hub/Editor/6000.6.3f1/Editor/Data/BCLExtensions/TargetingPacks/netstandard2.1/ref/System.Text.Encodings.Web.dll"
-r:"C:/Program Files/Unity/Hub/Editor/6000.6.3f1/Editor/Data/BCLExtensions/TargetingPacks/netstandard2.1/ref/System.Text.Json.dll"
-r:"C:/Program Files/Unity/Hub/Editor/6000.6.3f1/Editor/Data/Managed/Bootstrap/Unity.Scripting.dll"
-r:"C:/Program Files/Unity/Hub/Editor/6000.6.3f1/Editor/Data/Managed/UnityEngine/UnityEditor.AIModule.dll"
-r:"C:/Program Files/Unity/Hub/Editor/6000.6.3f1/Editor/Data/Managed/UnityEngine/UnityEditor.AccessibilityModule.dll"
-r:"C:/Program Files/Unity/Hub/Editor/6000.6.3f1/Editor/Data/Managed/UnityEngine/UnityEditor.AdaptivePerformanceModule.dll"
-r:"C:/Program Files/Unity/Hub/Editor/6000.6.3f1/Editor/Data/Managed/UnityEngine/UnityEditor.AnimationWindowModule.dll"
-r:"C:/Program Files/Unity/Hub/Editor/6000.6.3f1/Editor/Data/Managed/UnityEngine/UnityEditor.AssetComplianceModule.dll"
-r:"C:/Program Files/Unity/Hub/Editor/6000.6.3f1/Editor/Data/Managed/UnityEngine/UnityEditor.BuildAnalysisModule.dll"
-r:"C:/Program Files/Unity/Hub/Editor/6000.6.3f1/Editor/Data/Managed/UnityEngine/UnityEditor.BuildProfileModule.dll"
-r:"C:/Program Files/Unity/Hub/Editor/6000.6.3f1/Editor/Data/Managed/UnityEngine/UnityEditor.BurstModule.dll"
-r:"C:/Program Files/Unity/Hub/Editor/6000.6.3f1/Editor/Data/Managed/UnityEngine/UnityEditor.ClothModule.dll"
-r:"C:/Program Files/Unity/Hub/Editor/6000.6.3f1/Editor/Data/Managed/UnityEngine/UnityEditor.ContentLoadModule.dll"
-r:"C:/Program Files/Unity/Hub/Editor/6000.6.3f1/Editor/Data/Managed/UnityEngine/UnityEditor.CoreBusinessMetricsModule.dll"
-r:"C:/Program Files/Unity/Hub/Editor/6000.6.3f1/Editor/Data/Managed/UnityEngine/UnityEditor.CoreModule.dll"
-r:"C:/Program Files/Unity/Hub/Editor/6000.6.3f1/Editor/Data/Managed/UnityEngine/UnityEditor.DeviceSimulatorModule.dll"
-r:"C:/Program Files/Unity/Hub/Editor/6000.6.3f1/Editor/Data/Managed/UnityEngine/UnityEditor.DiagnosticsModule.dll"
-r:"C:/Program Files/Unity/Hub/Editor/6000.6.3f1/Editor/Data/Managed/UnityEngine/UnityEditor.EditorToolbarModule.dll"
-r:"C:/Program Files/Unity/Hub/Editor/6000.6.3f1/Editor/Data/Managed/UnityEngine/UnityEditor.EmbreeModule.dll"
-r:"C:/Program Files/Unity/Hub/Editor/6000.6.3f1/Editor/Data/Managed/UnityEngine/UnityEditor.GIModule.dll"
-r:"C:/Program Files/Unity/Hub/Editor/6000.6.3f1/Editor/Data/Managed/UnityEngine/UnityEditor.GenericRemoteModule.dll"
-r:"C:/Program Files/Unity/Hub/Editor/6000.6.3f1/Editor/Data/Managed/UnityEngine/UnityEditor.GraphToolkitModule.dll"
-r:"C:/Program Files/Unity/Hub/Editor/6000.6.3f1/Editor/Data/Managed/UnityEngine/UnityEditor.GraphViewModule.dll"
-r:"C:/Program Files/Unity/Hub/Editor/6000.6.3f1/Editor/Data/Managed/UnityEngine/UnityEditor.GraphicsStateCollectionSerializerModule.dll"
-r:"C:/Program Files/Unity/Hub/Editor/6000.6.3f1/Editor/Data/Managed/UnityEngine/UnityEditor.GridAndSnapModule.dll"
-r:"C:/Program Files/Unity/Hub/Editor/6000.6.3f1/Editor/Data/Managed/UnityEngine/UnityEditor.GridModule.dll"
-r:"C:/Program Files/Unity/Hub/Editor/6000.6.3f1/Editor/Data/Managed/UnityEngine/UnityEditor.HierarchyModule.dll"
-r:"C:/Program Files/Unity/Hub/Editor/6000.6.3f1/Editor/Data/Managed/UnityEngine/UnityEditor.LightingModule.dll"
-r:"C:/Program Files/Unity/Hub/Editor/6000.6.3f1/Editor/Data/Managed/UnityEngine/UnityEditor.MathematicsModule.dll"
-r:"C:/Program Files/Unity/Hub/Editor/6000.6.3f1/Editor/Data/Managed/UnityEngine/UnityEditor.MediaModule.dll"
-r:"C:/Program Files/Unity/Hub/Editor/6000.6.3f1/Editor/Data/Managed/UnityEngine/UnityEditor.MultiplayerModule.dll"
-r:"C:/Program Files/Unity/Hub/Editor/6000.6.3f1/Editor/Data/Managed/UnityEngine/UnityEditor.Physics2DModule.dll"
-r:"C:/Program Files/Unity/Hub/Editor/6000.6.3f1/Editor/Data/Managed/UnityEngine/UnityEditor.PhysicsCore2DModule.dll"
-r:"C:/Program Files/Unity/Hub/Editor/6000.6.3f1/Editor/Data/Managed/UnityEngine/UnityEditor.PhysicsModule.dll"
-r:"C:/Program Files/Unity/Hub/Editor/6000.6.3f1/Editor/Data/Managed/UnityEngine/UnityEditor.PlayModeModule.dll"
-r:"C:/Program Files/Unity/Hub/Editor/6000.6.3f1/Editor/Data/Managed/UnityEngine/UnityEditor.PresetsUIModule.dll"
-r:"C:/Program Files/Unity/Hub/Editor/6000.6.3f1/Editor/Data/Managed/UnityEngine/UnityEditor.ProjectAuditorModule.dll"
-r:"C:/Program Files/Unity/Hub/Editor/6000.6.3f1/Editor/Data/Managed/UnityEngine/UnityEditor.PropertiesModule.dll"
-r:"C:/Program Files/Unity/Hub/Editor/6000.6.3f1/Editor/Data/Managed/UnityEngine/UnityEditor.QuickInstallModule.dll"
-r:"C:/Program Files/Unity/Hub/Editor/6000.6.3f1/Editor/Data/Managed/UnityEngine/UnityEditor.QuickSearchModule.dll"
-r:"C:/Program Files/Unity/Hub/Editor/6000.6.3f1/Editor/Data/Managed/UnityEngine/UnityEditor.SafeModeModule.dll"
-r:"C:/Program Files/Unity/Hub/Editor/6000.6.3f1/Editor/Data/Managed/UnityEngine/UnityEditor.SceneTemplateModule.dll"
-r:"C:/Program Files/Unity/Hub/Editor/6000.6.3f1/Editor/Data/Managed/UnityEngine/UnityEditor.SceneViewModule.dll"
-r:"C:/Program Files/Unity/Hub/Editor/6000.6.3f1/Editor/Data/Managed/UnityEngine/UnityEditor.ShaderBuildSettingsModule.dll"
-r:"C:/Program Files/Unity/Hub/Editor/6000.6.3f1/Editor/Data/Managed/UnityEngine/UnityEditor.ShaderCompilationModule.dll"
-r:"C:/Program Files/Unity/Hub/Editor/6000.6.3f1/Editor/Data/Managed/UnityEngine/UnityEditor.ShaderFoundryModule.dll"
-r:"C:/Program Files/Unity/Hub/Editor/6000.6.3f1/Editor/Data/Managed/UnityEngine/UnityEditor.ShaderPreprocessorModule.dll"
-r:"C:/Program Files/Unity/Hub/Editor/6000.6.3f1/Editor/Data/Managed/UnityEngine/UnityEditor.SketchUpModule.dll"
-r:"C:/Program Files/Unity/Hub/Editor/6000.6.3f1/Editor/Data/Managed/UnityEngine/UnityEditor.SpriteMaskModule.dll"
-r:"C:/Program Files/Unity/Hub/Editor/6000.6.3f1/Editor/Data/Managed/UnityEngine/UnityEditor.SpriteShapeModule.dll"
-r:"C:/Program Files/Unity/Hub/Editor/6000.6.3f1/Editor/Data/Managed/UnityEngine/UnityEditor.SubstanceModule.dll"
-r:"C:/Program Files/Unity/Hub/Editor/6000.6.3f1/Editor/Data/Managed/UnityEngine/UnityEditor.SyntaxTreeModule.dll"
-r:"C:/Program Files/Unity/Hub/Editor/6000.6.3f1/Editor/Data/Managed/UnityEngine/UnityEditor.TerrainModule.dll"
-r:"C:/Program Files/Unity/Hub/Editor/6000.6.3f1/Editor/Data/Managed/UnityEngine/UnityEditor.TextCoreFontEngineModule.dll"
-r:"C:/Program Files/Unity/Hub/Editor/6000.6.3f1/Editor/Data/Managed/UnityEngine/UnityEditor.TextCoreTextEngineModule.dll"
-r:"C:/Program Files/Unity/Hub/Editor/6000.6.3f1/Editor/Data/Managed/UnityEngine/UnityEditor.TextRenderingModule.dll"
-r:"C:/Program Files/Unity/Hub/Editor/6000.6.3f1/Editor/Data/Managed/UnityEngine/UnityEditor.TilemapModule.dll"
-r:"C:/Program Files/Unity/Hub/Editor/6000.6.3f1/Editor/Data/Managed/UnityEngine/UnityEditor.TimelineFoundationModule.dll"
-r:"C:/Program Files/Unity/Hub/Editor/6000.6.3f1/Editor/Data/Managed/UnityEngine/UnityEditor.TreeModule.dll"
-r:"C:/Program Files/Unity/Hub/Editor/6000.6.3f1/Editor/Data/Managed/UnityEngine/UnityEditor.U2DModule.dll"
-r:"C:/Program Files/Unity/Hub/Editor/6000.6.3f1/Editor/Data/Managed/UnityEngine/UnityEditor.UIAutomationModule.dll"
-r:"C:/Program Files/Unity/Hub/Editor/6000.6.3f1/Editor/Data/Managed/UnityEngine/UnityEditor.UIBuilderModule.dll"
-r:"C:/Program Files/Unity/Hub/Editor/6000.6.3f1/Editor/Data/Managed/UnityEngine/UnityEditor.UIElementsModule.dll"
-r:"C:/Program Files/Unity/Hub/Editor/6000.6.3f1/Editor/Data/Managed/UnityEngine/UnityEditor.UIElementsSamplesModule.dll"
-r:"C:/Program Files/Unity/Hub/Editor/6000.6.3f1/Editor/Data/Managed/UnityEngine/UnityEditor.UIToolkitAuthoringModule.dll"
-r:"C:/Program Files/Unity/Hub/Editor/6000.6.3f1/Editor/Data/Managed/UnityEngine/UnityEditor.UmbraModule.dll"
-r:"C:/Program Files/Unity/Hub/Editor/6000.6.3f1/Editor/Data/Managed/UnityEngine/UnityEditor.UnityConnectModule.dll"
-r:"C:/Program Files/Unity/Hub/Editor/6000.6.3f1/Editor/Data/Managed/UnityEngine/UnityEditor.VFXModule.dll"
-r:"C:/Program Files/Unity/Hub/Editor/6000.6.3f1/Editor/Data/Managed/UnityEngine/UnityEditor.VectorGraphicsModule.dll"
-r:"C:/Program Files/Unity/Hub/Editor/6000.6.3f1/Editor/Data/Managed/UnityEngine/UnityEditor.VideoModule.dll"
-r:"C:/Program Files/Unity/Hub/Editor/6000.6.3f1/Editor/Data/Managed/UnityEngine/UnityEditor.XRModule.dll"
-r:"C:/Program Files/Unity/Hub/Editor/6000.6.3f1/Editor/Data/Managed/UnityEngine/UnityEditor.dll"
-r:"C:/Program Files/Unity/Hub/Editor/6000.6.3f1/Editor/Data/Managed/UnityEngine/UnityEngine.AIModule.dll"
-r:"C:/Program Files/Unity/Hub/Editor/6000.6.3f1/Editor/Data/Managed/UnityEngine/UnityEngine.ARModule.dll"
-r:"C:/Program Files/Unity/Hub/Editor/6000.6.3f1/Editor/Data/Managed/UnityEngine/UnityEngine.AccessibilityModule.dll"
-r:"C:/Program Files/Unity/Hub/Editor/6000.6.3f1/Editor/Data/Managed/UnityEngine/UnityEngine.AdaptivePerformanceModule.dll"
-r:"C:/Program Files/Unity/Hub/Editor/6000.6.3f1/Editor/Data/Managed/UnityEngine/UnityEngine.AndroidJNIModule.dll"
-r:"C:/Program Files/Unity/Hub/Editor/6000.6.3f1/Editor/Data/Managed/UnityEngine/UnityEngine.AnimationModule.dll"
-r:"C:/Program Files/Unity/Hub/Editor/6000.6.3f1/Editor/Data/Managed/UnityEngine/UnityEngine.AssetBundleModule.dll"
-r:"C:/Program Files/Unity/Hub/Editor/6000.6.3f1/Editor/Data/Managed/UnityEngine/UnityEngine.AudioModule.dll"
-r:"C:/Program Files/Unity/Hub/Editor/6000.6.3f1/Editor/Data/Managed/UnityEngine/UnityEngine.BurstModule.dll"
-r:"C:/Program Files/Unity/Hub/Editor/6000.6.3f1/Editor/Data/Managed/UnityEngine/UnityEngine.ClothModule.dll"
-r:"C:/Program Files/Unity/Hub/Editor/6000.6.3f1/Editor/Data/Managed/UnityEngine/UnityEngine.ClusterInputModule.dll"
-r:"C:/Program Files/Unity/Hub/Editor/6000.6.3f1/Editor/Data/Managed/UnityEngine/UnityEngine.ClusterRendererModule.dll"
-r:"C:/Program Files/Unity/Hub/Editor/6000.6.3f1/Editor/Data/Managed/UnityEngine/UnityEngine.ContentLoadModule.dll"
-r:"C:/Program Files/Unity/Hub/Editor/6000.6.3f1/Editor/Data/Managed/UnityEngine/UnityEngine.CoreModule.dll"
-r:"C:/Program Files/Unity/Hub/Editor/6000.6.3f1/Editor/Data/Managed/UnityEngine/UnityEngine.CrashReportingModule.dll"
-r:"C:/Program Files/Unity/Hub/Editor/6000.6.3f1/Editor/Data/Managed/UnityEngine/UnityEngine.DSPGraphModule.dll"
-r:"C:/Program Files/Unity/Hub/Editor/6000.6.3f1/Editor/Data/Managed/UnityEngine/UnityEngine.DirectorModule.dll"
-r:"C:/Program Files/Unity/Hub/Editor/6000.6.3f1/Editor/Data/Managed/UnityEngine/UnityEngine.GIModule.dll"
-r:"C:/Program Files/Unity/Hub/Editor/6000.6.3f1/Editor/Data/Managed/UnityEngine/UnityEngine.GameCenterModule.dll"
-r:"C:/Program Files/Unity/Hub/Editor/6000.6.3f1/Editor/Data/Managed/UnityEngine/UnityEngine.GraphicsStateCollectionSerializerModule.dll"
-r:"C:/Program Files/Unity/Hub/Editor/6000.6.3f1/Editor/Data/Managed/UnityEngine/UnityEngine.GridModule.dll"
-r:"C:/Program Files/Unity/Hub/Editor/6000.6.3f1/Editor/Data/Managed/UnityEngine/UnityEngine.HierarchyCoreModule.dll"
-r:"C:/Program Files/Unity/Hub/Editor/6000.6.3f1/Editor/Data/Managed/UnityEngine/UnityEngine.HotReloadModule.dll"
-r:"C:/Program Files/Unity/Hub/Editor/6000.6.3f1/Editor/Data/Managed/UnityEngine/UnityEngine.IMGUIModule.dll"
-r:"C:/Program Files/Unity/Hub/Editor/6000.6.3f1/Editor/Data/Managed/UnityEngine/UnityEngine.IdentifiersModule.dll"
-r:"C:/Program Files/Unity/Hub/Editor/6000.6.3f1/Editor/Data/Managed/UnityEngine/UnityEngine.ImageConversionModule.dll"
-r:"C:/Program Files/Unity/Hub/Editor/6000.6.3f1/Editor/Data/Managed/UnityEngine/UnityEngine.InputForUIModule.dll"
-r:"C:/Program Files/Unity/Hub/Editor/6000.6.3f1/Editor/Data/Managed/UnityEngine/UnityEngine.InputLegacyModule.dll"
-r:"C:/Program Files/Unity/Hub/Editor/6000.6.3f1/Editor/Data/Managed/UnityEngine/UnityEngine.InputModule.dll"
-r:"C:/Program Files/Unity/Hub/Editor/6000.6.3f1/Editor/Data/Managed/UnityEngine/UnityEngine.InsightsModule.dll"
-r:"C:/Program Files/Unity/Hub/Editor/6000.6.3f1/Editor/Data/Managed/UnityEngine/UnityEngine.JSONSerializeModule.dll"
-r:"C:/Program Files/Unity/Hub/Editor/6000.6.3f1/Editor/Data/Managed/UnityEngine/UnityEngine.LocalizationModule.dll"
-r:"C:/Program Files/Unity/Hub/Editor/6000.6.3f1/Editor/Data/Managed/UnityEngine/UnityEngine.ManagedKernelModule.dll"
-r:"C:/Program Files/Unity/Hub/Editor/6000.6.3f1/Editor/Data/Managed/UnityEngine/UnityEngine.MarshallingModule.dll"
-r:"C:/Program Files/Unity/Hub/Editor/6000.6.3f1/Editor/Data/Managed/UnityEngine/UnityEngine.MathematicsModule.dll"
-r:"C:/Program Files/Unity/Hub/Editor/6000.6.3f1/Editor/Data/Managed/UnityEngine/UnityEngine.MultiplayerModule.dll"
-r:"C:/Program Files/Unity/Hub/Editor/6000.6.3f1/Editor/Data/Managed/UnityEngine/UnityEngine.ParticleSystemModule.dll"
-r:"C:/Program Files/Unity/Hub/Editor/6000.6.3f1/Editor/Data/Managed/UnityEngine/UnityEngine.PerformanceReportingModule.dll"
-r:"C:/Program Files/Unity/Hub/Editor/6000.6.3f1/Editor/Data/Managed/UnityEngine/UnityEngine.Physics2DModule.dll"
-r:"C:/Program Files/Unity/Hub/Editor/6000.6.3f1/Editor/Data/Managed/UnityEngine/UnityEngine.PhysicsBackendPhysXModule.dll"
-r:"C:/Program Files/Unity/Hub/Editor/6000.6.3f1/Editor/Data/Managed/UnityEngine/UnityEngine.PhysicsCore2DModule.dll"
-r:"C:/Program Files/Unity/Hub/Editor/6000.6.3f1/Editor/Data/Managed/UnityEngine/UnityEngine.PhysicsModule.dll"
-r:"C:/Program Files/Unity/Hub/Editor/6000.6.3f1/Editor/Data/Managed/UnityEngine/UnityEngine.PropertiesModule.dll"
-r:"C:/Program Files/Unity/Hub/Editor/6000.6.3f1/Editor/Data/Managed/UnityEngine/UnityEngine.RenderAs2DModule.dll"
-r:"C:/Program Files/Unity/Hub/Editor/6000.6.3f1/Editor/Data/Managed/UnityEngine/UnityEngine.RuntimeInitializeOnLoadManagerInitializerModule.dll"
-r:"C:/Program Files/Unity/Hub/Editor/6000.6.3f1/Editor/Data/Managed/UnityEngine/UnityEngine.ScreenCaptureModule.dll"
-r:"C:/Program Files/Unity/Hub/Editor/6000.6.3f1/Editor/Data/Managed/UnityEngine/UnityEngine.ScriptingModule.dll"
-r:"C:/Program Files/Unity/Hub/Editor/6000.6.3f1/Editor/Data/Managed/UnityEngine/UnityEngine.ShaderVariantAnalyticsModule.dll"
-r:"C:/Program Files/Unity/Hub/Editor/6000.6.3f1/Editor/Data/Managed/UnityEngine/UnityEngine.SpriteMaskModule.dll"
-r:"C:/Program Files/Unity/Hub/Editor/6000.6.3f1/Editor/Data/Managed/UnityEngine/UnityEngine.SpriteShapeModule.dll"
-r:"C:/Program Files/Unity/Hub/Editor/6000.6.3f1/Editor/Data/Managed/UnityEngine/UnityEngine.StreamingModule.dll"
-r:"C:/Program Files/Unity/Hub/Editor/6000.6.3f1/Editor/Data/Managed/UnityEngine/UnityEngine.SubstanceModule.dll"
-r:"C:/Program Files/Unity/Hub/Editor/6000.6.3f1/Editor/Data/Managed/UnityEngine/UnityEngine.SubsystemsModule.dll"
-r:"C:/Program Files/Unity/Hub/Editor/6000.6.3f1/Editor/Data/Managed/UnityEngine/UnityEngine.TLSModule.dll"
-r:"C:/Program Files/Unity/Hub/Editor/6000.6.3f1/Editor/Data/Managed/UnityEngine/UnityEngine.TerrainModule.dll"
-r:"C:/Program Files/Unity/Hub/Editor/6000.6.3f1/Editor/Data/Managed/UnityEngine/UnityEngine.TerrainPhysicsModule.dll"
-r:"C:/Program Files/Unity/Hub/Editor/6000.6.3f1/Editor/Data/Managed/UnityEngine/UnityEngine.TetgenModule.dll"
-r:"C:/Program Files/Unity/Hub/Editor/6000.6.3f1/Editor/Data/Managed/UnityEngine/UnityEngine.TextCoreFontEngineModule.dll"
-r:"C:/Program Files/Unity/Hub/Editor/6000.6.3f1/Editor/Data/Managed/UnityEngine/UnityEngine.TextCoreTextEngineModule.dll"
-r:"C:/Program Files/Unity/Hub/Editor/6000.6.3f1/Editor/Data/Managed/UnityEngine/UnityEngine.TextRenderingModule.dll"
-r:"C:/Program Files/Unity/Hub/Editor/6000.6.3f1/Editor/Data/Managed/UnityEngine/UnityEngine.TilemapModule.dll"
-r:"C:/Program Files/Unity/Hub/Editor/6000.6.3f1/Editor/Data/Managed/UnityEngine/UnityEngine.TimelineFoundationModule.dll"
-r:"C:/Program Files/Unity/Hub/Editor/6000.6.3f1/Editor/Data/Managed/UnityEngine/UnityEngine.U2DRuntimeModule.dll"
-r:"C:/Program Files/Unity/Hub/Editor/6000.6.3f1/Editor/Data/Managed/UnityEngine/UnityEngine.UIElementsModule.dll"
-r:"C:/Program Files/Unity/Hub/Editor/6000.6.3f1/Editor/Data/Managed/UnityEngine/UnityEngine.UIModule.dll"
-r:"C:/Program Files/Unity/Hub/Editor/6000.6.3f1/Editor/Data/Managed/UnityEngine/UnityEngine.UmbraModule.dll"
-r:"C:/Program Files/Unity/Hub/Editor/6000.6.3f1/Editor/Data/Managed/UnityEngine/UnityEngine.UnityAnalyticsCommonModule.dll"
-r:"C:/Program Files/Unity/Hub/Editor/6000.6.3f1/Editor/Data/Managed/UnityEngine/UnityEngine.UnityAnalyticsModule.dll"
-r:"C:/Program Files/Unity/Hub/Editor/6000.6.3f1/Editor/Data/Managed/UnityEngine/UnityEngine.UnityConnectModule.dll"
-r:"C:/Program Files/Unity/Hub/Editor/6000.6.3f1/Editor/Data/Managed/UnityEngine/UnityEngine.UnityConsentModule.dll"
-r:"C:/Program Files/Unity/Hub/Editor/6000.6.3f1/Editor/Data/Managed/UnityEngine/UnityEngine.UnityCurlModule.dll"
-r:"C:/Program Files/Unity/Hub/Editor/6000.6.3f1/Editor/Data/Managed/UnityEngine/UnityEngine.UnityWebRequestAssetBundleModule.dll"
-r:"C:/Program Files/Unity/Hub/Editor/6000.6.3f1/Editor/Data/Managed/UnityEngine/UnityEngine.UnityWebRequestAudioModule.dll"
-r:"C:/Program Files/Unity/Hub/Editor/6000.6.3f1/Editor/Data/Managed/UnityEngine/UnityEngine.UnityWebRequestModule.dll"
-r:"C:/Program Files/Unity/Hub/Editor/6000.6.3f1/Editor/Data/Managed/UnityEngine/UnityEngine.UnityWebRequestTextureModule.dll"
-r:"C:/Program Files/Unity/Hub/Editor/6000.6.3f1/Editor/Data/Managed/UnityEngine/UnityEngine.UnityWebRequestWWWModule.dll"
-r:"C:/Program Files/Unity/Hub/Editor/6000.6.3f1/Editor/Data/Managed/UnityEngine/UnityEngine.VFXModule.dll"
-r:"C:/Program Files/Unity/Hub/Editor/6000.6.3f1/Editor/Data/Managed/UnityEngine/UnityEngine.VectorGraphicsModule.dll"
-r:"C:/Program Files/Unity/Hub/Editor/6000.6.3f1/Editor/Data/Managed/UnityEngine/UnityEngine.VehiclesModule.dll"
-r:"C:/Program Files/Unity/Hub/Editor/6000.6.3f1/Editor/Data/Managed/UnityEngine/UnityEngine.VideoModule.dll"
-r:"C:/Program Files/Unity/Hub/Editor/6000.6.3f1/Editor/Data/Managed/UnityEngine/UnityEngine.VirtualTexturingModule.dll"
-r:"C:/Program Files/Unity/Hub/Editor/6000.6.3f1/Editor/Data/Managed/UnityEngine/UnityEngine.WindModule.dll"
-r:"C:/Program Files/Unity/Hub/Editor/6000.6.3f1/Editor/Data/Managed/UnityEngine/UnityEngine.XRModule.dll"
-r:"C:/Program Files/Unity/Hub/Editor/6000.6.3f1/Editor/Data/Managed/UnityEngine/UnityEngine.dll"
-r:"C:/Program Files/Unity/Hub/Editor/6000.6.3f1/Editor/Data/NetStandard/Extensions/2.0.0/System.Runtime.InteropServices.WindowsRuntime.dll"
-r:"C:/Program Files/Unity/Hub/Editor/6000.6.3f1/Editor/Data/NetStandard/compat/2.1.0/shims/netfx/System.ComponentModel.Composition.dll"
-r:"C:/Program Files/Unity/Hub/Editor/6000.6.3f1/Editor/Data/NetStandard/compat/2.1.0/shims/netfx/System.Core.dll"
-r:"C:/Program Files/Unity/Hub/Editor/6000.6.3f1/Editor/Data/NetStandard/compat/2.1.0/shims/netfx/System.Data.dll"
-r:"C:/Program Files/Unity/Hub/Editor/6000.6.3f1/Editor/Data/NetStandard/compat/2.1.0/shims/netfx/System.Drawing.dll"
-r:"C:/Program Files/Unity/Hub/Editor/6000.6.3f1/Editor/Data/NetStandard/compat/2.1.0/shims/netfx/System.IO.Compression.FileSystem.dll"
-r:"C:/Program Files/Unity/Hub/Editor/6000.6.3f1/Editor/Data/NetStandard/compat/2.1.0/shims/netfx/System.Net.dll"
-r:"C:/Program Files/Unity/Hub/Editor/6000.6.3f1/Editor/Data/NetStandard/compat/2.1.0/shims/netfx/System.Numerics.dll"
-r:"C:/Program Files/Unity/Hub/Editor/6000.6.3f1/Editor/Data/NetStandard/compat/2.1.0/shims/netfx/System.Runtime.Serialization.dll"
-r:"C:/Program Files/Unity/Hub/Editor/6000.6.3f1/Editor/Data/NetStandard/compat/2.1.0/shims/netfx/System.ServiceModel.Web.dll"
-r:"C:/Program Files/Unity/Hub/Editor/6000.6.3f1/Editor/Data/NetStandard/compat/2.1.0/shims/netfx/System.Transactions.dll"
-r:"C:/Program Files/Unity/Hub/Editor/6000.6.3f1/Editor/Data/NetStandard/compat/2.1.0/shims/netfx/System.Web.dll"
-r:"C:/Program Files/Unity/Hub/Editor/6000.6.3f1/Editor/Data/NetStandard/compat/2.1.0/shims/netfx/System.Windows.dll"
-r:"C:/Program Files/Unity/Hub/Editor/6000.6.3f1/Editor/Data/NetStandard/compat/2.1.0/shims/netfx/System.Xml.Linq.dll"
-r:"C:/Program Files/Unity/Hub/Editor/6000.6.3f1/Editor/Data/NetStandard/compat/2.1.0/shims/netfx/System.Xml.Serialization.dll"
-r:"C:/Program Files/Unity/Hub/Editor/6000.6.3f1/Editor/Data/NetStandard/compat/2.1.0/shims/netfx/System.Xml.dll"
-r:"C:/Program Files/Unity/Hub/Editor/6000.6.3f1/Editor/Data/NetStandard/compat/2.1.0/shims/netfx/System.dll"
-r:"C:/Program Files/Unity/Hub/Editor/6000.6.3f1/Editor/Data/NetStandard/compat/2.1.0/shims/netfx/mscorlib.dll"
-r:"C:/Program Files/Unity/Hub/Editor/6000.6.3f1/Editor/Data/NetStandard/compat/2.1.0/shims/netstandard/Microsoft.Win32.Primitives.dll"
-r:"C:/Program Files/Unity/Hub/Editor/6000.6.3f1/Editor/Data/NetStandard/compat/2.1.0/shims/netstandard/System.AppContext.dll"
-r:"C:/Program Files/Unity/Hub/Editor/6000.6.3f1/Editor/Data/NetStandard/compat/2.1.0/shims/netstandard/System.Buffers.dll"
-r:"C:/Program Files/Unity/Hub/Editor/6000.6.3f1/Editor/Data/NetStandard/compat/2.1.0/shims/netstandard/System.Collections.Concurrent.dll"
-r:"C:/Program Files/Unity/Hub/Editor/6000.6.3f1/Editor/Data/NetStandard/compat/2.1.0/shims/netstandard/System.Collections.NonGeneric.dll"
-r:"C:/Program Files/Unity/Hub/Editor/6000.6.3f1/Editor/Data/NetStandard/compat/2.1.0/shims/netstandard/System.Collections.Specialized.dll"
-r:"C:/Program Files/Unity/Hub/Editor/6000.6.3f1/Editor/Data/NetStandard/compat/2.1.0/shims/netstandard/System.Collections.dll"
-r:"C:/Program Files/Unity/Hub/Editor/6000.6.3f1/Editor/Data/NetStandard/compat/2.1.0/shims/netstandard/System.ComponentModel.EventBasedAsync.dll"
-r:"C:/Program Files/Unity/Hub/Editor/6000.6.3f1/Editor/Data/NetStandard/compat/2.1.0/shims/netstandard/System.ComponentModel.Primitives.dll"
-r:"C:/Program Files/Unity/Hub/Editor/6000.6.3f1/Editor/Data/NetStandard/compat/2.1.0/shims/netstandard/System.ComponentModel.TypeConverter.dll"
-r:"C:/Program Files/Unity/Hub/Editor/6000.6.3f1/Editor/Data/NetStandard/compat/2.1.0/shims/netstandard/System.ComponentModel.dll"
-r:"C:/Program Files/Unity/Hub/Editor/6000.6.3f1/Editor/Data/NetStandard/compat/2.1.0/shims/netstandard/System.Console.dll"
-r:"C:/Program Files/Unity/Hub/Editor/6000.6.3f1/Editor/Data/NetStandard/compat/2.1.0/shims/netstandard/System.Data.Common.dll"
-r:"C:/Program Files/Unity/Hub/Editor/6000.6.3f1/Editor/Data/NetStandard/compat/2.1.0/shims/netstandard/System.Diagnostics.Contracts.dll"
-r:"C:/Program Files/Unity/Hub/Editor/6000.6.3f1/Editor/Data/NetStandard/compat/2.1.0/shims/netstandard/System.Diagnostics.Debug.dll"
-r:"C:/Program Files/Unity/Hub/Editor/6000.6.3f1/Editor/Data/NetStandard/compat/2.1.0/shims/netstandard/System.Diagnostics.FileVersionInfo.dll"
-r:"C:/Program Files/Unity/Hub/Editor/6000.6.3f1/Editor/Data/NetStandard/compat/2.1.0/shims/netstandard/System.Diagnostics.Process.dll"
-r:"C:/Program Files/Unity/Hub/Editor/6000.6.3f1/Editor/Data/NetStandard/compat/2.1.0/shims/netstandard/System.Diagnostics.StackTrace.dll"
-r:"C:/Program Files/Unity/Hub/Editor/6000.6.3f1/Editor/Data/NetStandard/compat/2.1.0/shims/netstandard/System.Diagnostics.TextWriterTraceListener.dll"
-r:"C:/Program Files/Unity/Hub/Editor/6000.6.3f1/Editor/Data/NetStandard/compat/2.1.0/shims/netstandard/System.Diagnostics.Tools.dll"
-r:"C:/Program Files/Unity/Hub/Editor/6000.6.3f1/Editor/Data/NetStandard/compat/2.1.0/shims/netstandard/System.Diagnostics.TraceSource.dll"
-r:"C:/Program Files/Unity/Hub/Editor/6000.6.3f1/Editor/Data/NetStandard/compat/2.1.0/shims/netstandard/System.Diagnostics.Tracing.dll"
-r:"C:/Program Files/Unity/Hub/Editor/6000.6.3f1/Editor/Data/NetStandard/compat/2.1.0/shims/netstandard/System.Drawing.Primitives.dll"
-r:"C:/Program Files/Unity/Hub/Editor/6000.6.3f1/Editor/Data/NetStandard/compat/2.1.0/shims/netstandard/System.Dynamic.Runtime.dll"
-r:"C:/Program Files/Unity/Hub/Editor/6000.6.3f1/Editor/Data/NetStandard/compat/2.1.0/shims/netstandard/System.Globalization.Calendars.dll"
-r:"C:/Program Files/Unity/Hub/Editor/6000.6.3f1/Editor/Data/NetStandard/compat/2.1.0/shims/netstandard/System.Globalization.Extensions.dll"
-r:"C:/Program Files/Unity/Hub/Editor/6000.6.3f1/Editor/Data/NetStandard/compat/2.1.0/shims/netstandard/System.Globalization.dll"
-r:"C:/Program Files/Unity/Hub/Editor/6000.6.3f1/Editor/Data/NetStandard/compat/2.1.0/shims/netstandard/System.IO.Compression.ZipFile.dll"
-r:"C:/Program Files/Unity/Hub/Editor/6000.6.3f1/Editor/Data/NetStandard/compat/2.1.0/shims/netstandard/System.IO.Compression.dll"
-r:"C:/Program Files/Unity/Hub/Editor/6000.6.3f1/Editor/Data/NetStandard/compat/2.1.0/shims/netstandard/System.IO.FileSystem.DriveInfo.dll"
-r:"C:/Program Files/Unity/Hub/Editor/6000.6.3f1/Editor/Data/NetStandard/compat/2.1.0/shims/netstandard/System.IO.FileSystem.Primitives.dll"
-r:"C:/Program Files/Unity/Hub/Editor/6000.6.3f1/Editor/Data/NetStandard/compat/2.1.0/shims/netstandard/System.IO.FileSystem.Watcher.dll"
-r:"C:/Program Files/Unity/Hub/Editor/6000.6.3f1/Editor/Data/NetStandard/compat/2.1.0/shims/netstandard/System.IO.FileSystem.dll"
-r:"C:/Program Files/Unity/Hub/Editor/6000.6.3f1/Editor/Data/NetStandard/compat/2.1.0/shims/netstandard/System.IO.IsolatedStorage.dll"
-r:"C:/Program Files/Unity/Hub/Editor/6000.6.3f1/Editor/Data/NetStandard/compat/2.1.0/shims/netstandard/System.IO.MemoryMappedFiles.dll"
-r:"C:/Program Files/Unity/Hub/Editor/6000.6.3f1/Editor/Data/NetStandard/compat/2.1.0/shims/netstandard/System.IO.Pipes.dll"
-r:"C:/Program Files/Unity/Hub/Editor/6000.6.3f1/Editor/Data/NetStandard/compat/2.1.0/shims/netstandard/System.IO.UnmanagedMemoryStream.dll"
-r:"C:/Program Files/Unity/Hub/Editor/6000.6.3f1/Editor/Data/NetStandard/compat/2.1.0/shims/netstandard/System.IO.dll"
-r:"C:/Program Files/Unity/Hub/Editor/6000.6.3f1/Editor/Data/NetStandard/compat/2.1.0/shims/netstandard/System.Linq.Expressions.dll"
-r:"C:/Program Files/Unity/Hub/Editor/6000.6.3f1/Editor/Data/NetStandard/compat/2.1.0/shims/netstandard/System.Linq.Parallel.dll"
-r:"C:/Program Files/Unity/Hub/Editor/6000.6.3f1/Editor/Data/NetStandard/compat/2.1.0/shims/netstandard/System.Linq.Queryable.dll"
-r:"C:/Program Files/Unity/Hub/Editor/6000.6.3f1/Editor/Data/NetStandard/compat/2.1.0/shims/netstandard/System.Linq.dll"
-r:"C:/Program Files/Unity/Hub/Editor/6000.6.3f1/Editor/Data/NetStandard/compat/2.1.0/shims/netstandard/System.Memory.dll"
-r:"C:/Program Files/Unity/Hub/Editor/6000.6.3f1/Editor/Data/NetStandard/compat/2.1.0/shims/netstandard/System.Net.Http.dll"
-r:"C:/Program Files/Unity/Hub/Editor/6000.6.3f1/Editor/Data/NetStandard/compat/2.1.0/shims/netstandard/System.Net.NameResolution.dll"
-r:"C:/Program Files/Unity/Hub/Editor/6000.6.3f1/Editor/Data/NetStandard/compat/2.1.0/shims/netstandard/System.Net.NetworkInformation.dll"
-r:"C:/Program Files/Unity/Hub/Editor/6000.6.3f1/Editor/Data/NetStandard/compat/2.1.0/shims/netstandard/System.Net.Ping.dll"
-r:"C:/Program Files/Unity/Hub/Editor/6000.6.3f1/Editor/Data/NetStandard/compat/2.1.0/shims/netstandard/System.Net.Primitives.dll"
-r:"C:/Program Files/Unity/Hub/Editor/6000.6.3f1/Editor/Data/NetStandard/compat/2.1.0/shims/netstandard/System.Net.Requests.dll"
-r:"C:/Program Files/Unity/Hub/Editor/6000.6.3f1/Editor/Data/NetStandard/compat/2.1.0/shims/netstandard/System.Net.Security.dll"
-r:"C:/Program Files/Unity/Hub/Editor/6000.6.3f1/Editor/Data/NetStandard/compat/2.1.0/shims/netstandard/System.Net.Sockets.dll"
-r:"C:/Program Files/Unity/Hub/Editor/6000.6.3f1/Editor/Data/NetStandard/compat/2.1.0/shims/netstandard/System.Net.WebHeaderCollection.dll"
-r:"C:/Program Files/Unity/Hub/Editor/6000.6.3f1/Editor/Data/NetStandard/compat/2.1.0/shims/netstandard/System.Net.WebSockets.Client.dll"
-r:"C:/Program Files/Unity/Hub/Editor/6000.6.3f1/Editor/Data/NetStandard/compat/2.1.0/shims/netstandard/System.Net.WebSockets.dll"
-r:"C:/Program Files/Unity/Hub/Editor/6000.6.3f1/Editor/Data/NetStandard/compat/2.1.0/shims/netstandard/System.Numerics.Vectors.dll"
-r:"C:/Program Files/Unity/Hub/Editor/6000.6.3f1/Editor/Data/NetStandard/compat/2.1.0/shims/netstandard/System.ObjectModel.dll"
-r:"C:/Program Files/Unity/Hub/Editor/6000.6.3f1/Editor/Data/NetStandard/compat/2.1.0/shims/netstandard/System.Reflection.DispatchProxy.dll"
-r:"C:/Program Files/Unity/Hub/Editor/6000.6.3f1/Editor/Data/NetStandard/compat/2.1.0/shims/netstandard/System.Reflection.Emit.ILGeneration.dll"
-r:"C:/Program Files/Unity/Hub/Editor/6000.6.3f1/Editor/Data/NetStandard/compat/2.1.0/shims/netstandard/System.Reflection.Emit.Lightweight.dll"
-r:"C:/Program Files/Unity/Hub/Editor/6000.6.3f1/Editor/Data/NetStandard/compat/2.1.0/shims/netstandard/System.Reflection.Emit.dll"
-r:"C:/Program Files/Unity/Hub/Editor/6000.6.3f1/Editor/Data/NetStandard/compat/2.1.0/shims/netstandard/System.Reflection.Extensions.dll"
-r:"C:/Program Files/Unity/Hub/Editor/6000.6.3f1/Editor/Data/NetStandard/compat/2.1.0/shims/netstandard/System.Reflection.Primitives.dll"
-r:"C:/Program Files/Unity/Hub/Editor/6000.6.3f1/Editor/Data/NetStandard/compat/2.1.0/shims/netstandard/System.Reflection.dll"
-r:"C:/Program Files/Unity/Hub/Editor/6000.6.3f1/Editor/Data/NetStandard/compat/2.1.0/shims/netstandard/System.Resources.Reader.dll"
-r:"C:/Program Files/Unity/Hub/Editor/6000.6.3f1/Editor/Data/NetStandard/compat/2.1.0/shims/netstandard/System.Resources.ResourceManager.dll"
-r:"C:/Program Files/Unity/Hub/Editor/6000.6.3f1/Editor/Data/NetStandard/compat/2.1.0/shims/netstandard/System.Resources.Writer.dll"
-r:"C:/Program Files/Unity/Hub/Editor/6000.6.3f1/Editor/Data/NetStandard/compat/2.1.0/shims/netstandard/System.Runtime.CompilerServices.VisualC.dll"
-r:"C:/Program Files/Unity/Hub/Editor/6000.6.3f1/Editor/Data/NetStandard/compat/2.1.0/shims/netstandard/System.Runtime.Extensions.dll"
-r:"C:/Program Files/Unity/Hub/Editor/6000.6.3f1/Editor/Data/NetStandard/compat/2.1.0/shims/netstandard/System.Runtime.Handles.dll"
-r:"C:/Program Files/Unity/Hub/Editor/6000.6.3f1/Editor/Data/NetStandard/compat/2.1.0/shims/netstandard/System.Runtime.InteropServices.RuntimeInformation.dll"
-r:"C:/Program Files/Unity/Hub/Editor/6000.6.3f1/Editor/Data/NetStandard/compat/2.1.0/shims/netstandard/System.Runtime.InteropServices.dll"
-r:"C:/Program Files/Unity/Hub/Editor/6000.6.3f1/Editor/Data/NetStandard/compat/2.1.0/shims/netstandard/System.Runtime.Numerics.dll"
-r:"C:/Program Files/Unity/Hub/Editor/6000.6.3f1/Editor/Data/NetStandard/compat/2.1.0/shims/netstandard/System.Runtime.Serialization.Formatters.dll"
-r:"C:/Program Files/Unity/Hub/Editor/6000.6.3f1/Editor/Data/NetStandard/compat/2.1.0/shims/netstandard/System.Runtime.Serialization.Json.dll"
-r:"C:/Program Files/Unity/Hub/Editor/6000.6.3f1/Editor/Data/NetStandard/compat/2.1.0/shims/netstandard/System.Runtime.Serialization.Primitives.dll"
-r:"C:/Program Files/Unity/Hub/Editor/6000.6.3f1/Editor/Data/NetStandard/compat/2.1.0/shims/netstandard/System.Runtime.Serialization.Xml.dll"
-r:"C:/Program Files/Unity/Hub/Editor/6000.6.3f1/Editor/Data/NetStandard/compat/2.1.0/shims/netstandard/System.Runtime.dll"
-r:"C:/Program Files/Unity/Hub/Editor/6000.6.3f1/Editor/Data/NetStandard/compat/2.1.0/shims/netstandard/System.Security.Claims.dll"
-r:"C:/Program Files/Unity/Hub/Editor/6000.6.3f1/Editor/Data/NetStandard/compat/2.1.0/shims/netstandard/System.Security.Cryptography.Algorithms.dll"
-r:"C:/Program Files/Unity/Hub/Editor/6000.6.3f1/Editor/Data/NetStandard/compat/2.1.0/shims/netstandard/System.Security.Cryptography.Csp.dll"
-r:"C:/Program Files/Unity/Hub/Editor/6000.6.3f1/Editor/Data/NetStandard/compat/2.1.0/shims/netstandard/System.Security.Cryptography.Encoding.dll"
-r:"C:/Program Files/Unity/Hub/Editor/6000.6.3f1/Editor/Data/NetStandard/compat/2.1.0/shims/netstandard/System.Security.Cryptography.Primitives.dll"
-r:"C:/Program Files/Unity/Hub/Editor/6000.6.3f1/Editor/Data/NetStandard/compat/2.1.0/shims/netstandard/System.Security.Cryptography.X509Certificates.dll"
-r:"C:/Program Files/Unity/Hub/Editor/6000.6.3f1/Editor/Data/NetStandard/compat/2.1.0/shims/netstandard/System.Security.Principal.dll"
-r:"C:/Program Files/Unity/Hub/Editor/6000.6.3f1/Editor/Data/NetStandard/compat/2.1.0/shims/netstandard/System.Security.SecureString.dll"
-r:"C:/Program Files/Unity/Hub/Editor/6000.6.3f1/Editor/Data/NetStandard/compat/2.1.0/shims/netstandard/System.Text.Encoding.Extensions.dll"
-r:"C:/Program Files/Unity/Hub/Editor/6000.6.3f1/Editor/Data/NetStandard/compat/2.1.0/shims/netstandard/System.Text.Encoding.dll"
-r:"C:/Program Files/Unity/Hub/Editor/6000.6.3f1/Editor/Data/NetStandard/compat/2.1.0/shims/netstandard/System.Text.RegularExpressions.dll"
-r:"C:/Program Files/Unity/Hub/Editor/6000.6.3f1/Editor/Data/NetStandard/compat/2.1.0/shims/netstandard/System.Threading.Overlapped.dll"
-r:"C:/Program Files/Unity/Hub/Editor/6000.6.3f1/Editor/Data/NetStandard/compat/2.1.0/shims/netstandard/System.Threading.Tasks.Extensions.dll"
-r:"C:/Program Files/Unity/Hub/Editor/6000.6.3f1/Editor/Data/NetStandard/compat/2.1.0/shims/netstandard/System.Threading.Tasks.Parallel.dll"
-r:"C:/Program Files/Unity/Hub/Editor/6000.6.3f1/Editor/Data/NetStandard/compat/2.1.0/shims/netstandard/System.Threading.Tasks.dll"
-r:"C:/Program Files/Unity/Hub/Editor/6000.6.3f1/Editor/Data/NetStandard/compat/2.1.0/shims/netstandard/System.Threading.Thread.dll"
-r:"C:/Program Files/Unity/Hub/Editor/6000.6.3f1/Editor/Data/NetStandard/compat/2.1.0/shims/netstandard/System.Threading.ThreadPool.dll"
-r:"C:/Program Files/Unity/Hub/Editor/6000.6.3f1/Editor/Data/NetStandard/compat/2.1.0/shims/netstandard/System.Threading.Timer.dll"
-r:"C:/Program Files/Unity/Hub/Editor/6000.6.3f1/Editor/Data/NetStandard/compat/2.1.0/shims/netstandard/System.Threading.dll"
-r:"C:/Program Files/Unity/Hub/Editor/6000.6.3f1/Editor/Data/NetStandard/compat/2.1.0/shims/netstandard/System.ValueTuple.dll"
-r:"C:/Program Files/Unity/Hub/Editor/6000.6.3f1/Editor/Data/NetStandard/compat/2.1.0/shims/netstandard/System.Xml.ReaderWriter.dll"
-r:"C:/Program Files/Unity/Hub/Editor/6000.6.3f1/Editor/Data/NetStandard/compat/2.1.0/shims/netstandard/System.Xml.XDocument.dll"
-r:"C:/Program Files/Unity/Hub/Editor/6000.6.3f1/Editor/Data/NetStandard/compat/2.1.0/shims/netstandard/System.Xml.XPath.XDocument.dll"
-r:"C:/Program Files/Unity/Hub/Editor/6000.6.3f1/Editor/Data/NetStandard/compat/2.1.0/shims/netstandard/System.Xml.XPath.dll"
-r:"C:/Program Files/Unity/Hub/Editor/6000.6.3f1/Editor/Data/NetStandard/compat/2.1.0/shims/netstandard/System.Xml.XmlDocument.dll"
-r:"C:/Program Files/Unity/Hub/Editor/6000.6.3f1/Editor/Data/NetStandard/compat/2.1.0/shims/netstandard/System.Xml.XmlSerializer.dll"
-r:"C:/Program Files/Unity/Hub/Editor/6000.6.3f1/Editor/Data/NetStandard/ref/2.1.0/netstandard.dll"
-r:"Library/PackageCache/com.unity.ext.nunit@0198eae3b53e/net472/unity-custom/nunit.framework.dll"
-r:"Library/Bee/artifacts/1900b0aEDbg.dag/Unity.Rider.Editor.ref.dll"
-r:"Library/Bee/artifacts/1900b0aEDbg.dag/Unity.VisualStudio.Editor.ref.dll"
-analyzer:"C:/Program Files/Unity/Hub/Editor/6000.6.3f1/Editor/Data/BCLExtensions/TargetingPacks/netstandard2.1/analyzers/dotnet/roslyn4.0/cs/Microsoft.Extensions.Logging.Generators.dll"
-analyzer:"C:/Program Files/Unity/Hub/Editor/6000.6.3f1/Editor/Data/BCLExtensions/TargetingPacks/netstandard2.1/analyzers/dotnet/roslyn4.0/cs/System.Text.Json.SourceGeneration.dll"
-analyzer:"C:/Program Files/Unity/Hub/Editor/6000.6.3f1/Editor/Data/Tools/BuildPipeline/Unity.Analyzers.Common/Unity.Analyzers.Common.dll"
-analyzer:"C:/Program Files/Unity/Hub/Editor/6000.6.3f1/Editor/Data/Tools/BuildPipeline/Unity.Analyzers.LongLiving/Unity.Analyzers.LongLiving.dll"
-analyzer:"C:/Program Files/Unity/Hub/Editor/6000.6.3f1/Editor/Data/Tools/BuildPipeline/Unity.SourceGenerators/Unity.Properties.SourceGenerator.dll"
-analyzer:"C:/Program Files/Unity/Hub/Editor/6000.6.3f1/Editor/Data/Tools/BuildPipeline/Unity.SourceGenerators/Unity.SourceGenerators.dll"
-analyzer:"C:/Program Files/Unity/Hub/Editor/6000.6.3f1/Editor/Data/Tools/BuildPipeline/Unity.SourceGenerators/Unity.UIToolkit.SourceGenerator.dll"
"Assets/Twinsanity/Scripts/BeachLevelRuntime.cs"
"Assets/Twinsanity/Scripts/BeachPlayerController.cs"
"Assets/Twinsanity/Scripts/BeachSourceInstance.cs"
"Assets/Twinsanity/Scripts/CrashPlayableCharacter.cs"
"Assets/Twinsanity/Scripts/CrashPlayerController.cs"
"Assets/Twinsanity/Scripts/CrashRigAnimator.cs"
"Assets/Twinsanity/Scripts/TwinsanityCharacterRuntime.cs"
"Assets/Twinsanity/Scripts/TwinsanityFlybyRuntime.cs"
"Assets/Twinsanity/Scripts/TwinsanityLogoRuntime.cs"
"Assets/Twinsanity/Scripts/TwinsanityNativeIntro.cs"
"Assets/Twinsanity/Scripts/TwinsanitySceneryRuntime.cs"
"Assets/Twinsanity/Scripts/TwinsanityTitleScreen.cs"
"Assets/TwinsanityCharacter/Scripts/EditableCrashCamera.cs"
"Assets/TwinsanityCharacter/Scripts/EditableCrashPlayer.cs"
-langversion:9.0
/deterministic
/optimize-
/debug:portable
/nologo
/RuntimeMetadataVersion:v4.0.30319
/nowarn:0169
/nowarn:0649
/nowarn:0282
/nowarn:1701
/nowarn:1702
/utf8output
/preferreduilang:en-US
/additionalfile:"Library/Bee/artifacts/1900b0aEDbg.dag/Assembly-CSharp.UnityAdditionalFile.txt"
##### Custom Environment Variables
DOTNET_HOST_PATH=C:\Program Files\Unity\Hub\Editor\6000.6.3f1\Editor\Data\DotNetSdk\dotnet.exe
DOTNET_MULTILEVEL_LOOKUP=0
DOTNET_SYSTEM_GLOBALIZATION_USENLS=1
##### ExitCode
1
##### Output
Assets\Twinsanity\Scripts\BeachLevelRuntime.cs(583,77): error CS0103: The name 'model' does not exist in the current context
*** Tundra build failed (0.40 seconds), 2 items updated, 222 evaluated
## Script Compilation Error for: Csc Library/Bee/artifacts/1900b0aEDbg.dag/Assembly-CSharp.dll (+2 others)
## CmdLine: "C:\Program Files\Unity\Hub\Editor\6000.6.3f1\Editor\Data\DotNetSdk\dotnet.exe" exec "C:/Program Files/Unity/Hub/Editor/6000.6.3f1/Editor/Data/DotNetSdk/sdk/8.0.318/Roslyn/bincore/csc.dll" /nostdlib /noconfig /shared "@Library/Bee/artifacts/1900b0aEDbg.dag/Assembly-CSharp.rsp" "@Library/Bee/artifacts/1900b0aEDbg.dag/Assembly-CSharp.rsp2"
## Output:
Assets\Twinsanity\Scripts\BeachLevelRuntime.cs(583,77): error CS0103: The name 'model' does not exist in the current context

Total cache size 3939196
Assets\Twinsanity\Scripts\BeachLevelRuntime.cs(583,77): error CS0103: The name 'model' does not exist in the current context
Total cache size after purge 3939196, took 00:00:00.0250685
[ScriptCompilation] Requested script compilation because: AssetDatabase observed changes in script compilation related files
Asset Pipeline Refresh (id=6fb362e1426485147a88e367c0d241ee): Total: 0.024 seconds - Initiated by RefreshV2(NoUpdateAssetOptions)
Starting: C:\Program Files\Unity\Hub\Editor\6000.6.3f1\Editor\Data\Tools\BuildPipeline\bee_backend.exe --ipc --defer-dag-verification --dagfile="Library/Bee/1900b0aEDbg.dag" --continue-on-failure --profile="Library/Bee/backend1.traceevents" ScriptAssemblies
WorkingDir: C:/Users/eonvw/source/repos/Project-Twinsanity
ExitCode: 0 Duration: 0s593ms
[207/222    0s] ILPP-Configuration Library/ilpp-configuration.nevergeneratedoutput
[214/222    0s] Csc Library/Bee/artifacts/1900b0aEDbg.dag/Assembly-CSharp.dll (+2 others)
[216/222    0s] ILPostProcess Library/Bee/artifacts/1900b0aEDbg.dag/post-processed/Assembly-CSharp.dll (+pdb)
Processing assembly Library/Bee/artifacts/1900b0aEDbg.dag/Assembly-CSharp.dll, with 148 defines and 289 references

processors: zzzUnity.Burst.CodeGen.BurstILPostProcessor

1 processor(s) skipped this assembly
[217/222    0s] ILPostProcess Library/Bee/artifacts/1900b0aEDbg.dag/post-processed/Assembly-CSharp-Editor.dll (+pdb)
Processing assembly Library/Bee/artifacts/1900b0aEDbg.dag/Assembly-CSharp-Editor.dll, with 146 defines and 302 references

processors: zzzUnity.Burst.CodeGen.BurstILPostProcessor

1 processor(s) skipped this assembly
[219/222    0s] CopyFiles Library/ScriptAssemblies/Assembly-CSharp.pdb
[221/222    0s] CopyFiles Library/ScriptAssemblies/Assembly-CSharp.dll
*** Tundra build success (0.55 seconds), 6 items updated, 222 evaluated
Total cache size 3939196
Total cache size after purge 3939196, took 00:00:00.0116530
Reloading assemblies after finishing script compilation.
Reloading assemblies after forced synchronous recompile.
Begin MonoManager ReloadAssembly
Native extension for WindowsStandalone target not found
Native extension for WebGL target not found
[MODES] ModeService[none].Initialize
[MODES] ModeService[none].LoadModes
ScheduleIndexationOnStartup MainProcess:True IndexOnStartup:True
Scripting: successfully reloaded assembly
- Finished resetting the current domain, in  1.871 seconds
Domain Reload Profiling: 2837ms
	BeginReloadAssembly (671ms)
		DisableScriptedObjects (136ms)
		CreateAndSetChildDomain (238ms)
	RebuildCommonClasses (12ms)
	RebuildNativeTypeToScriptingClass (19ms)
	initialDomainReloadingComplete (63ms)
	LoadAllAssembliesAndSetupDomain (199ms)
		LoadAssemblies (143ms)
		TypeCache.Refresh (9ms)
		AnalyzeDomain (18ms)
			BuildScriptInfoCaches (16ms)
	FinalizeReload (1872ms)
		SetupLoadedEditorAssemblies (0ms)
			InitializePlatformSupportModulesInManaged (4ms)
			BeforeProcessingInitializeOnLoad (230ms)
			ProcessInitializeOnLoadAttributes (136ms)
			ProcessInitializeOnLoadMethodAttributes (71ms)
			AfterProcessingInitializeOnLoad (11ms)
		AwakeInstancesAfterBackupRestoration (915ms)

Asset Pipeline Refresh (id=5f2967f2abb77384cb389a0b1e5a3159): Total: 2.996 seconds - Initiated by StopAssetImportingV2(ForceSynchronousImport | ForceDomainReload)
	(Values over 0.05ms)
	Summary:
		Imports: total=0 (actual=0, local cache=0, cache server=0)
		Asset DB Process Time: managed=0 ms, native=1943 ms
		Asset DB Callback time: managed=21 ms, native=0 ms
		Scripting: domain reloads=1, domain reload time=1027 ms, compile time=3 ms, other=0 ms
		Project Asset Count: scripts=229, non-scripts=4165
		Asset File Changes: new=0, changed=0, moved=0, deleted=0
		Scan Filter Count: 0
	InvokePackagesCallback: 2.592ms
	ApplyChangesToAssetFolders: 0.260ms
	Collect global state as custom dependencies: 1.213ms
	ProcessAssetsWithTransientArtifactChanges: 0.313ms
	CategorizeAssets: 26.139ms
	CompileScripts: 2.722ms
	ImportOutOfDateAssets: 1876.012ms (1873.023ms without children)
		CollectScriptTypesHashes: 0.508ms
		ReloadNativeAssets: 1.203ms
		UnloadImportedAssets: 0.298ms
		EnsureUptoDateAssetsAreRegisteredWithGuidPM: 0.648ms
		ImportSchedulerStart: 0.836ms
	PostProcessAllAssets: 21.637ms
		MonoPostProcessAllAssets: 21.632ms
			WindowAssetPostprocessingWatcher.OnPostprocessAllAssets 6.181ms
			SyncVS.PostprocessSyncProject 3.489ms
			ConfigAssetsTracker.OnPostprocessAllAssets 1.202ms
			EditModeScopePostprocessor.OnPostprocessAllAssets 0.997ms
			SpeedTree9Postprocessor.OnPostprocessAllAssets 0.947ms
			AssetChangedListener.OnPostprocessAllAssets 0.309ms
			AssetDatabaseCallbacks.OnPostprocessAllAssets 0.242ms
			TerrainToolbarOverlayPostProcessor.OnPostprocessAllAssets 0.185ms
			ReferencedClipsPostProcessor.OnPostprocessAllAssets 0.182ms
			AssetPostprocessor.OnPostprocessAllAssets 0.111ms
			RenderPipelineGlobalSettingsPostprocessor.OnPostprocessAllAssets 0.090ms
	GatherAllCurrentPrimaryImportResultRevisions: 0.712ms
	PersistCurrentRevisions: 0.171ms
	GenerateScriptTypeHashes: 0.148ms
	GenerateScriptTypeSerializationHashes: 0.460ms
	Untracked: 1059.199ms

[Licensing::Client] Successfully resolved entitlement details
Asset Pipeline Refresh (id=8ec1b71664c13314bb68fc46b9cd6166): Total: 0.006 seconds - Initiated by RefreshV2(AllowForceSynchronousImport)
Reloading assemblies for play mode.
Reloading assemblies after forced synchronous recompile.
Begin MonoManager ReloadAssembly
Native extension for WindowsStandalone target not found
Native extension for WebGL target not found
ScheduleIndexationOnStartup MainProcess:True IndexOnStartup:True
[MODES] ModeService[none].Initialize
[MODES] ModeService[none].LoadModes
Scripting: successfully reloaded assembly
- Finished resetting the current domain, in  1.695 seconds
Domain Reload Profiling: 2603ms
	BeginReloadAssembly (650ms)
		DisableScriptedObjects (176ms)
		CreateAndSetChildDomain (245ms)
	RebuildCommonClasses (13ms)
	RebuildNativeTypeToScriptingClass (18ms)
	initialDomainReloadingComplete (57ms)
	LoadAllAssembliesAndSetupDomain (168ms)
		LoadAssemblies (125ms)
		TypeCache.Refresh (5ms)
		AnalyzeDomain (3ms)
	FinalizeReload (1696ms)
		SetupLoadedEditorAssemblies (0ms)
			InitializePlatformSupportModulesInManaged (3ms)
			BeforeProcessingInitializeOnLoad (149ms)
			ProcessInitializeOnLoadAttributes (107ms)
			ProcessInitializeOnLoadMethodAttributes (60ms)
			AfterProcessingInitializeOnLoad (9ms)
		AwakeInstancesAfterBackupRestoration (906ms)

Asset Pipeline Refresh (id=afef86ff5bdb96349aca56fea555738f): Total: 2.749 seconds - Initiated by StopAssetImportingV2(ForceSynchronousImport | ForceDomainReload)
	(Values over 0.05ms)
	Summary:
		Imports: total=0 (actual=0, local cache=0, cache server=0)
		Asset DB Process Time: managed=0 ms, native=1773 ms
		Asset DB Callback time: managed=22 ms, native=0 ms
		Scripting: domain reloads=1, domain reload time=949 ms, compile time=3 ms, other=0 ms
		Project Asset Count: scripts=229, non-scripts=4165
		Asset File Changes: new=0, changed=0, moved=0, deleted=0
		Scan Filter Count: 0
	InvokePackagesCallback: 2.612ms
	ApplyChangesToAssetFolders: 0.311ms
	Collect global state as custom dependencies: 1.368ms
	CategorizeAssets: 27.727ms
	CompileScripts: 3.298ms
	ImportOutOfDateAssets: 1699.536ms (1697.050ms without children)
		CollectScriptTypesHashes: 0.527ms
		ReloadNativeAssets: 0.975ms
		UnloadImportedAssets: 0.247ms
		EnsureUptoDateAssetsAreRegisteredWithGuidPM: 0.574ms
		ImportSchedulerStart: 0.686ms
	PostProcessAllAssets: 22.094ms
		MonoPostProcessAllAssets: 22.070ms
			WindowAssetPostprocessingWatcher.OnPostprocessAllAssets 6.611ms
			SyncVS.PostprocessSyncProject 4.290ms
			ConfigAssetsTracker.OnPostprocessAllAssets 1.202ms
			SpeedTree9Postprocessor.OnPostprocessAllAssets 0.766ms
			EditModeScopePostprocessor.OnPostprocessAllAssets 0.353ms
			AssetChangedListener.OnPostprocessAllAssets 0.309ms
			ReferencedClipsPostProcessor.OnPostprocessAllAssets 0.184ms
			AssetDatabaseCallbacks.OnPostprocessAllAssets 0.179ms
			TerrainToolbarOverlayPostProcessor.OnPostprocessAllAssets 0.171ms
			AssetPostprocessor.OnPostprocessAllAssets 0.111ms
			RenderPipelineGlobalSettingsPostprocessor.OnPostprocessAllAssets 0.086ms
	GatherAllCurrentPrimaryImportResultRevisions: 0.242ms
	PersistCurrentRevisions: 0.237ms
	GenerateScriptTypeHashes: 0.176ms
	GenerateScriptTypeSerializationHashes: 0.529ms
	Untracked: 984.952ms

The referenced script (Unknown) on this Behaviour is missing!
The referenced script (Unknown) on this Behaviour is missing!
Loaded scene 'Temp/__Backupscenes/0.backup'
	Deserialize:            26.383 ms
	Integration:            681.850 ms
	Integration of assets:  0.046 ms
	Thread Wait Time:       -0.013 ms
	Total Operation Time:   708.266 ms
[Licensing::Client] Successfully resolved entitlement details
Asset Pipeline Refresh (id=5c66f23fa5ed41f46b75622968cb1726): Total: 0.009 seconds - Initiated by RefreshV2(NoUpdateAssetOptions)
Unloading 1 Unused Serialized files (Serialized files now loaded: 0)
Loaded scene 'Temp/__Backupscenes/0.backup'
	Deserialize:            14.739 ms
	Integration:            49.808 ms
	Integration of assets:  0.008 ms
	Thread Wait Time:       0.387 ms
	Total Operation Time:   64.943 ms
Unloading 20 unused Assets / (21.4 MB). Loaded Objects now: 9068.
Memory consumption went from 0.50 GB to 491.0 MB.
Total: 12.691500 ms (FindLiveObjects: 1.287900 ms CreateObjectMapping: 0.129500 ms MarkObjects: 10.902200 ms  DeleteObjects: 0.140100 ms)

[Licensing::Client] Successfully resolved entitlement details
[ScriptCompilation] Requested script compilation because: AssetDatabase observed changes in script compilation related files
Asset Pipeline Refresh (id=734f99c2a92ec6347af2be62dcc0cea1): Total: 0.069 seconds - Initiated by RefreshV2(NoUpdateAssetOptions)
Starting: C:\Program Files\Unity\Hub\Editor\6000.6.3f1\Editor\Data\Tools\BuildPipeline\bee_backend.exe --ipc --defer-dag-verification --dagfile="Library/Bee/1900b0aEDbg.dag" --continue-on-failure --profile="Library/Bee/backend1.traceevents" ScriptAssemblies
WorkingDir: C:/Users/eonvw/source/repos/Project-Twinsanity
ExitCode: 0 Duration: 0s572ms
[207/222    0s] ILPP-Configuration Library/ilpp-configuration.nevergeneratedoutput
[214/222    0s] Csc Library/Bee/artifacts/1900b0aEDbg.dag/Assembly-CSharp.dll (+2 others)
[216/222    0s] ILPostProcess Library/Bee/artifacts/1900b0aEDbg.dag/post-processed/Assembly-CSharp.dll (+pdb)
Processing assembly Library/Bee/artifacts/1900b0aEDbg.dag/Assembly-CSharp.dll, with 148 defines and 289 references

processors: zzzUnity.Burst.CodeGen.BurstILPostProcessor

1 processor(s) skipped this assembly
[217/222    0s] ILPostProcess Library/Bee/artifacts/1900b0aEDbg.dag/post-processed/Assembly-CSharp-Editor.dll (+pdb)
Processing assembly Library/Bee/artifacts/1900b0aEDbg.dag/Assembly-CSharp-Editor.dll, with 146 defines and 302 references

processors: zzzUnity.Burst.CodeGen.BurstILPostProcessor

1 processor(s) skipped this assembly
[219/222    0s] CopyFiles Library/ScriptAssemblies/Assembly-CSharp.pdb
[220/222    0s] CopyFiles Library/ScriptAssemblies/Assembly-CSharp.dll
*** Tundra build success (0.53 seconds), 6 items updated, 222 evaluated
Total cache size 3939196
Reloading assemblies after finishing script compilation.
Total cache size after purge 3939196, took 00:00:00.0360497Reloading assemblies after forced synchronous recompile.

Begin MonoManager ReloadAssembly
Native extension for WindowsStandalone target not found
Native extension for WebGL target not found
[MODES] ModeService[none].Initialize
[MODES] ModeService[none].LoadModes
ScheduleIndexationOnStartup MainProcess:True IndexOnStartup:True
Scripting: successfully reloaded assembly
- Finished resetting the current domain, in  2.006 seconds
Domain Reload Profiling: 3019ms
	BeginReloadAssembly (693ms)
		DisableScriptedObjects (129ms)
		CreateAndSetChildDomain (256ms)
	RebuildCommonClasses (14ms)
	RebuildNativeTypeToScriptingClass (20ms)
	initialDomainReloadingComplete (72ms)
	LoadAllAssembliesAndSetupDomain (212ms)
		LoadAssemblies (155ms)
		TypeCache.Refresh (8ms)
		AnalyzeDomain (20ms)
			BuildScriptInfoCaches (18ms)
	FinalizeReload (2008ms)
		SetupLoadedEditorAssemblies (0ms)
			InitializePlatformSupportModulesInManaged (3ms)
			BeforeProcessingInitializeOnLoad (242ms)
			ProcessInitializeOnLoadAttributes (110ms)
			ProcessInitializeOnLoadMethodAttributes (63ms)
			AfterProcessingInitializeOnLoad (9ms)
		AwakeInstancesAfterBackupRestoration (1054ms)

Asset Pipeline Refresh (id=c6ab4a8d1612b7845a4a6eba18ad87db): Total: 3.241 seconds - Initiated by StopAssetImportingV2(ForceSynchronousImport | ForceDomainReload)
	(Values over 0.05ms)
	Summary:
		Imports: total=0 (actual=0, local cache=0, cache server=0)
		Asset DB Process Time: managed=0 ms, native=2114 ms
		Asset DB Callback time: managed=46 ms, native=1 ms
		Scripting: domain reloads=1, domain reload time=1073 ms, compile time=5 ms, other=0 ms
		Project Asset Count: scripts=229, non-scripts=4165
		Asset File Changes: new=0, changed=0, moved=0, deleted=0
		Scan Filter Count: 0
	InvokePackagesCallback: 4.836ms
	ApplyChangesToAssetFolders: 0.340ms
	Collect global state as custom dependencies: 2.398ms
	ProcessAssetsWithTransientArtifactChanges: 0.365ms
	CategorizeAssets: 50.656ms
	CompileScripts: 5.242ms
	ImportOutOfDateAssets: 2013.134ms (2008.742ms without children)
		CollectScriptTypesHashes: 0.471ms
		ReloadNativeAssets: 1.800ms
		UnloadImportedAssets: 0.369ms
		EnsureUptoDateAssetsAreRegisteredWithGuidPM: 1.060ms
		ImportSchedulerStart: 1.152ms
	PostProcessAllAssets: 46.822ms
		MonoPostProcessAllAssets: 46.805ms
			WindowAssetPostprocessingWatcher.OnPostprocessAllAssets 14.351ms
			AssetChangedListener.OnPostprocessAllAssets 10.003ms
			SyncVS.PostprocessSyncProject 7.718ms
			BuilderAssetPostprocessor.OnPostprocessAllAssets 6.038ms
			AssetPostprocessor.OnPostprocessAllAssets 5.643ms
			EditModeScopePostprocessor.OnPostprocessAllAssets 1.862ms
			ConfigAssetsTracker.OnPostprocessAllAssets 1.503ms
			SpeedTree9Postprocessor.OnPostprocessAllAssets 1.487ms
			RetainedModeAssetPostprocessor.OnPostprocessAllAssets 1.288ms
			ArtifactBrowserPostProcessor.OnPostprocessAllAssets 1.261ms
			TextAssetPostProcessor.OnPostprocessAllAssets 0.864ms
			AudioMixerPostprocessor.OnPostprocessAllAssets 0.696ms
			AssetDatabaseCallbacks.OnPostprocessAllAssets 0.693ms
			ScenarioDriftAssetsTracker.OnPostprocessAllAssets 0.534ms
			TerrainToolbarOverlayPostProcessor.OnPostprocessAllAssets 0.412ms
			ReferencedClipsPostProcessor.OnPostprocessAllAssets 0.406ms
			StyleCatalogPostProcessor.OnPostprocessAllAssets 0.331ms
			SpeedTreePostProcessor.OnPostprocessAllAssets 0.313ms
			ThemePostprocessor.OnPostprocessAllAssets 0.308ms
			AssetEvents.OnPostprocessAllAssets 0.294ms
			RenderPipelineGlobalSettingsPostprocessor.OnPostprocessAllAssets 0.294ms
			AudioContainerPostProcessor.OnPostprocessAllAssets 0.247ms
	GatherAllCurrentPrimaryImportResultRevisions: 0.312ms
	PersistCurrentRevisions: 0.258ms
	GenerateScriptTypeHashes: 0.269ms
	GenerateScriptTypeSerializationHashes: 0.756ms
	Untracked: 1111.011ms

[Licensing::Client] Successfully resolved entitlement details
Asset Pipeline Refresh (id=0518421ba6f68264c89c0f5cdd0ca2d8): Total: 0.005 seconds - Initiated by RefreshV2(AllowForceSynchronousImport)
Reloading assemblies for play mode.
Reloading assemblies after forced synchronous recompile.
Begin MonoManager ReloadAssembly
Native extension for WindowsStandalone target not found
Native extension for WebGL target not found
ScheduleIndexationOnStartup MainProcess:True IndexOnStartup:True
[MODES] ModeService[none].Initialize
[MODES] ModeService[none].LoadModes
Scripting: successfully reloaded assembly
- Finished resetting the current domain, in  1.870 seconds
Domain Reload Profiling: 2700ms
	BeginReloadAssembly (579ms)
		DisableScriptedObjects (138ms)
		CreateAndSetChildDomain (235ms)
	RebuildCommonClasses (12ms)
	RebuildNativeTypeToScriptingClass (21ms)
	initialDomainReloadingComplete (58ms)
	LoadAllAssembliesAndSetupDomain (158ms)
		LoadAssemblies (119ms)
		TypeCache.Refresh (5ms)
		AnalyzeDomain (2ms)
	FinalizeReload (1872ms)
		SetupLoadedEditorAssemblies (0ms)
			InitializePlatformSupportModulesInManaged (3ms)
			BeforeProcessingInitializeOnLoad (180ms)
			ProcessInitializeOnLoadAttributes (139ms)
			ProcessInitializeOnLoadMethodAttributes (79ms)
			AfterProcessingInitializeOnLoad (12ms)
		AwakeInstancesAfterBackupRestoration (969ms)

Asset Pipeline Refresh (id=2ce98a79c2af5764bb51c72aeaeff5e8): Total: 2.853 seconds - Initiated by StopAssetImportingV2(ForceSynchronousImport | ForceDomainReload)
	(Values over 0.05ms)
	Summary:
		Imports: total=0 (actual=0, local cache=0, cache server=0)
		Asset DB Process Time: managed=0 ms, native=1944 ms
		Asset DB Callback time: managed=24 ms, native=0 ms
		Scripting: domain reloads=1, domain reload time=878 ms, compile time=4 ms, other=0 ms
		Project Asset Count: scripts=229, non-scripts=4165
		Asset File Changes: new=0, changed=0, moved=0, deleted=0
		Scan Filter Count: 0
	InvokePackagesCallback: 2.469ms
	ApplyChangesToAssetFolders: 0.283ms
	Collect global state as custom dependencies: 1.246ms
	CategorizeAssets: 27.839ms
	CompileScripts: 3.552ms
	ImportOutOfDateAssets: 1875.642ms (1872.791ms without children)
		CollectScriptTypesHashes: 0.402ms
		ReloadNativeAssets: 1.154ms
		UnloadImportedAssets: 0.356ms
		EnsureUptoDateAssetsAreRegisteredWithGuidPM: 0.634ms
		ImportSchedulerStart: 0.701ms
	PostProcessAllAssets: 24.904ms
		MonoPostProcessAllAssets: 24.897ms
			AssetChangedListener.OnPostprocessAllAssets 10.003ms
			WindowAssetPostprocessingWatcher.OnPostprocessAllAssets 8.331ms
			BuilderAssetPostprocessor.OnPostprocessAllAssets 6.038ms
			AssetPostprocessor.OnPostprocessAllAssets 5.643ms
			SyncVS.PostprocessSyncProject 4.595ms
			ConfigAssetsTracker.OnPostprocessAllAssets 1.503ms
			RetainedModeAssetPostprocessor.OnPostprocessAllAssets 1.288ms
			ArtifactBrowserPostProcessor.OnPostprocessAllAssets 1.261ms
			SpeedTree9Postprocessor.OnPostprocessAllAssets 0.891ms
			TextAssetPostProcessor.OnPostprocessAllAssets 0.864ms
			AudioMixerPostprocessor.OnPostprocessAllAssets 0.696ms
			ScenarioDriftAssetsTracker.OnPostprocessAllAssets 0.534ms
			TerrainToolbarOverlayPostProcessor.OnPostprocessAllAssets 0.350ms
			EditModeScopePostprocessor.OnPostprocessAllAssets 0.349ms
			StyleCatalogPostProcessor.OnPostprocessAllAssets 0.331ms
			SpeedTreePostProcessor.OnPostprocessAllAssets 0.313ms
			ThemePostprocessor.OnPostprocessAllAssets 0.308ms
			AssetEvents.OnPostprocessAllAssets 0.294ms
			AudioContainerPostProcessor.OnPostprocessAllAssets 0.247ms
			AssetDatabaseCallbacks.OnPostprocessAllAssets 0.212ms
			ReferencedClipsPostProcessor.OnPostprocessAllAssets 0.199ms
			RenderPipelineGlobalSettingsPostprocessor.OnPostprocessAllAssets 0.100ms
	GatherAllCurrentPrimaryImportResultRevisions: 0.191ms
	PersistCurrentRevisions: 0.186ms
	GenerateScriptTypeHashes: 0.247ms
	GenerateScriptTypeSerializationHashes: 0.738ms
	Untracked: 910.159ms

The referenced script (Unknown) on this Behaviour is missing!
The referenced script (Unknown) on this Behaviour is missing!
Loaded scene 'Temp/__Backupscenes/0.backup'
	Deserialize:            27.796 ms
	Integration:            709.258 ms
	Integration of assets:  0.030 ms
	Thread Wait Time:       -0.009 ms
	Total Operation Time:   737.074 ms
[Licensing::Client] Successfully resolved entitlement details
Asset Pipeline Refresh (id=571c6b366ce477c4da3d02ac3b64dfc8): Total: 0.007 seconds - Initiated by RefreshV2(NoUpdateAssetOptions)
Unloading 0 Unused Serialized files (Serialized files now loaded: 0)
Loaded scene 'Temp/__Backupscenes/0.backup'
	Deserialize:            17.218 ms
	Integration:            54.968 ms
	Integration of assets:  0.015 ms
	Thread Wait Time:       0.003 ms
	Total Operation Time:   72.205 ms
Unloading 20 unused Assets / (20.7 MB). Loaded Objects now: 9072.
Memory consumption went from 0.50 GB to 494.4 MB.
Total: 15.334600 ms (FindLiveObjects: 1.381400 ms CreateObjectMapping: 0.145000 ms MarkObjects: 13.391800 ms  DeleteObjects: 0.152100 ms)

[Licensing::Client] Successfully resolved entitlement details
[ScriptCompilation] Requested script compilation because: AssetDatabase observed changes in script compilation related files
Starting: C:\Program Files\Unity\Hub\Editor\6000.6.3f1\Editor\Data\Tools\BuildPipeline\bee_backend.exe --ipc --defer-dag-verification --dagfile="Library/Bee/1900b0aEDbg.dag" --continue-on-failure --profile="Library/Bee/backend1.traceevents" ScriptAssemblies
WorkingDir: C:/Users/eonvw/source/repos/Project-Twinsanity
ExitCode: 0 Duration: 0s951ms
[207/222    0s] ILPP-Configuration Library/ilpp-configuration.nevergeneratedoutput
[214/222    0s] Csc Library/Bee/artifacts/1900b0aEDbg.dag/Assembly-CSharp.dll (+2 others)
[215/222    0s] ILPostProcess Library/Bee/artifacts/1900b0aEDbg.dag/post-processed/Assembly-CSharp.dll (+pdb)
Processing assembly Library/Bee/artifacts/1900b0aEDbg.dag/Assembly-CSharp.dll, with 148 defines and 289 references

processors: zzzUnity.Burst.CodeGen.BurstILPostProcessor

1 processor(s) skipped this assembly
[216/222    0s] CopyFiles Library/ScriptAssemblies/Assembly-CSharp.pdb
[217/222    0s] CopyFiles Library/ScriptAssemblies/Assembly-CSharp.dll
[218/222    0s] Csc Library/Bee/artifacts/1900b0aEDbg.dag/Assembly-CSharp-Editor.dll (+2 others)
Assets\Twinsanity\Editor\BakeEditableBeachScene.cs(29,37): warning CS0618: 'Object.FindObjectOfType<T>()' is obsolete: 'Object.FindObjectOfType has been deprecated. Use Object.FindAnyObjectByType instead.'
[219/222    0s] ILPostProcess Library/Bee/artifacts/1900b0aEDbg.dag/post-processed/Assembly-CSharp-Editor.dll (+pdb)
Processing assembly Library/Bee/artifacts/1900b0aEDbg.dag/Assembly-CSharp-Editor.dll, with 146 defines and 302 references

processors: zzzUnity.Burst.CodeGen.BurstILPostProcessor

1 processor(s) skipped this assembly
[220/222    0s] CopyFiles Library/ScriptAssemblies/Assembly-CSharp-Editor.pdb
[221/222    0s] CopyFiles Library/ScriptAssemblies/Assembly-CSharp-Editor.dll
*** Tundra build success (0.89 seconds), 9 items updated, 222 evaluated
Total cache size 3939196
Assets\Twinsanity\Editor\BakeEditableBeachScene.cs(29,37): warning CS0618: 'Object.FindObjectOfType<T>()' is obsolete: 'Object.FindObjectOfType has been deprecated. Use Object.FindAnyObjectByType instead.'
Total cache size after purge 3939196, took 00:00:00.0389104
Reloading assemblies after forced synchronous recompile.
Begin MonoManager ReloadAssembly
Native extension for WindowsStandalone target not found
Native extension for WebGL target not found
[MODES] ModeService[none].Initialize
[MODES] ModeService[none].LoadModes
ScheduleIndexationOnStartup MainProcess:True IndexOnStartup:True
Scripting: successfully reloaded assembly
- Finished resetting the current domain, in  1.941 seconds
Domain Reload Profiling: 2875ms
	BeginReloadAssembly (656ms)
		DisableScriptedObjects (154ms)
		CreateAndSetChildDomain (245ms)
	RebuildCommonClasses (14ms)
	RebuildNativeTypeToScriptingClass (22ms)
	initialDomainReloadingComplete (62ms)
	LoadAllAssembliesAndSetupDomain (180ms)
		LoadAssemblies (139ms)
		TypeCache.Refresh (7ms)
		AnalyzeDomain (15ms)
			BuildScriptInfoCaches (13ms)
	FinalizeReload (1942ms)
		SetupLoadedEditorAssemblies (0ms)
			LogAssemblyErrors (3ms)
			InitializePlatformSupportModulesInManaged (3ms)
			BeforeProcessingInitializeOnLoad (242ms)
			ProcessInitializeOnLoadAttributes (133ms)
			ProcessInitializeOnLoadMethodAttributes (76ms)
			AfterProcessingInitializeOnLoad (13ms)
		AwakeInstancesAfterBackupRestoration (992ms)
Importing 'GUID: 85f36177939aa8948a9e5a7ebccfd90c - Path: Assets/Twinsanity/Resources/Characters/CrashExtraAnimations.bytes' with importer (TextScriptImporter)
Imported 'GUID: 85f36177939aa8948a9e5a7ebccfd90c' -> (Import Result ID: '4aa6769a589533d932f1da82088d2bd4') in 0.032 seconds [static dependencies only]. Details - ImportResultOutputID=baee935d53c0344e8d44ec757be13599 DependenciesID=f990509bd7b6ba2614bf378e89892003 StaticDependenciesID=f9a281a9b28d480ee392dbff91fc1cc0 
Importing 'GUID: f3c235ce525666b4eb781c52a66e20a9 - Path: Assets/Twinsanity/Resources/Characters/CrashPlayer.prefab' with importer (PrefabImporter)
Imported 'GUID: f3c235ce525666b4eb781c52a66e20a9' -> (Import Result ID: 'fd053c8c30be6b5b4036b4ffded10794') in 0.026 seconds [static and dynamic dependencies]. Details - ImportResultOutputID=25c9a662cf70a125655e45eba9d73649 DependenciesID=f5192edb2e4b5dd59822640bd4649e28 StaticDependenciesID=56903f02db59c021a3b1c45b54b6b1a4 

Asset Pipeline Refresh (id=b916351d534b74f488dfa2a4c9291b0d): Total: 4.625 seconds - Initiated by RefreshV2(AllowForceSynchronousImport)
	(Values over 0.05ms)
	Summary:
		Imports: total=2 (actual=2, local cache=0, cache server=0)
		Asset DB Process Time: managed=4 ms, native=2111 ms
		Asset DB Callback time: managed=81 ms, native=9 ms
		Scripting: domain reloads=1, domain reload time=987 ms, compile time=1432 ms, other=0 ms
		Project Asset Count: scripts=229, non-scripts=4166
		Asset File Changes: new=1, changed=2, moved=0, deleted=0
		Scan Filter Count: 0
	InvokePackagesCallback: 3.433ms
	ApplyChangesToAssetFolders: 0.380ms
	Scan: 23.565ms
	Collect global state as custom dependencies: 2.756ms
	OnSourceAssetsModified: 1.059ms
	CategorizeScriptCompilationAssets: 0.061ms
	ProcessAssetsWithTransientArtifactChanges: 1.133ms
	CategorizeAssets: 26.157ms
	CompileScripts: 1432.136ms
	ImportOutOfDateAssets: 2017.823ms (1943.222ms without children)
		ImportManagerImport: 70.844ms (3.433ms without children)
		CollectScriptTypesHashes: 0.574ms
		ReloadNativeAssets: 1.200ms
		UnloadImportedAssets: 0.850ms
		ReloadImportedAssets: 7.984ms
		EnsureUptoDateAssetsAreRegisteredWithGuidPM: 0.801ms
		ImportSchedulerStart: 0.895ms
	PostProcessAllAssets: 78.987ms
		VersionControlSettings.HiddenFilePostprocess 0.119ms
		PostProcessCallbackCreateDeferredMaterials 0.050ms
		MonoPostProcessAllAssets: 77.362ms
			AssetChangedListener.OnPostprocessAllAssets 12.618ms
			WindowAssetPostprocessingWatcher.OnPostprocessAllAssets 10.971ms
			BuilderAssetPostprocessor.OnPostprocessAllAssets 9.898ms
			AssetPostprocessor.OnPostprocessAllAssets 9.574ms
			SyncVS.PostprocessSyncProject 7.323ms
			RetainedModeAssetPostprocessor.OnPostprocessAllAssets 2.609ms
			SpeedTree9Postprocessor.OnPostprocessAllAssets 1.557ms
			EditModeScopePostprocessor.OnPostprocessAllAssets 1.258ms
			ArtifactBrowserPostProcessor.OnPostprocessAllAssets 1.168ms
			AudioMixerPostprocessor.OnPostprocessAllAssets 0.844ms
			TextAssetPostProcessor.OnPostprocessAllAssets 0.808ms
			AssetEvents.OnPostprocessAllAssets 0.624ms
			StyleCatalogPostProcessor.OnPostprocessAllAssets 0.554ms
			TerrainToolbarOverlayPostProcessor.OnPostprocessAllAssets 0.453ms
			ConfigAssetsTracker.OnPostprocessAllAssets 0.418ms
			AssetDatabaseCallbacks.OnPostprocessAllAssets 0.407ms
			ScenarioDriftAssetsTracker.OnPostprocessAllAssets 0.328ms
			ReferencedClipsPostProcessor.OnPostprocessAllAssets 0.324ms
			SpeedTreePostProcessor.OnPostprocessAllAssets 0.298ms
			RenderPipelineGlobalSettingsPostprocessor.OnPostprocessAllAssets 0.218ms
			ThemePostprocessor.OnPostprocessAllAssets 0.216ms
			AudioContainerPostProcessor.OnPostprocessAllAssets 0.169ms
	PostAssetChangesProfiler: 9.651ms
	GatherAllCurrentPrimaryImportResultRevisions: 0.225ms
	UnloadStreamsBegin: 0.074ms
	PersistCurrentRevisions: 0.382ms
	GenerateScriptTypeHashes: 0.182ms
	GenerateScriptTypeSerializationHashes: 0.500ms
	Untracked: 1019.650ms

[Licensing::Client] Successfully resolved entitlement details
Reloading assemblies for play mode.
Reloading assemblies after forced synchronous recompile.
Begin MonoManager ReloadAssembly
Native extension for WindowsStandalone target not found
Native extension for WebGL target not found
ScheduleIndexationOnStartup MainProcess:True IndexOnStartup:True
[MODES] ModeService[none].Initialize
[MODES] ModeService[none].LoadModes
Scripting: successfully reloaded assembly
- Finished resetting the current domain, in  1.825 seconds
Domain Reload Profiling: 2783ms
	BeginReloadAssembly (672ms)
		DisableScriptedObjects (181ms)
		CreateAndSetChildDomain (245ms)
	RebuildCommonClasses (14ms)
	RebuildNativeTypeToScriptingClass (20ms)
	initialDomainReloadingComplete (75ms)
	LoadAllAssembliesAndSetupDomain (175ms)
		LoadAssemblies (151ms)
		TypeCache.Refresh (5ms)
		AnalyzeDomain (3ms)
	FinalizeReload (1826ms)
		SetupLoadedEditorAssemblies (0ms)
			InitializePlatformSupportModulesInManaged (4ms)
			BeforeProcessingInitializeOnLoad (144ms)
			ProcessInitializeOnLoadAttributes (101ms)
			ProcessInitializeOnLoadMethodAttributes (74ms)
			AfterProcessingInitializeOnLoad (11ms)
		AwakeInstancesAfterBackupRestoration (955ms)

Asset Pipeline Refresh (id=d44ded662bdfaee48b82d0f69ac39787): Total: 2.932 seconds - Initiated by StopAssetImportingV2(ForceSynchronousImport | ForceDomainReload)
	(Values over 0.05ms)
	Summary:
		Imports: total=0 (actual=0, local cache=0, cache server=0)
		Asset DB Process Time: managed=0 ms, native=1900 ms
		Asset DB Callback time: managed=23 ms, native=0 ms
		Scripting: domain reloads=1, domain reload time=1004 ms, compile time=3 ms, other=0 ms
		Project Asset Count: scripts=229, non-scripts=4166
		Asset File Changes: new=0, changed=0, moved=0, deleted=0
		Scan Filter Count: 0
	InvokePackagesCallback: 2.467ms
	ApplyChangesToAssetFolders: 0.274ms
	Collect global state as custom dependencies: 1.310ms
	CategorizeAssets: 25.804ms
	CompileScripts: 3.081ms
	ImportOutOfDateAssets: 1829.449ms (1826.972ms without children)
		CollectScriptTypesHashes: 0.435ms
		ReloadNativeAssets: 0.956ms
		UnloadImportedAssets: 0.253ms
		EnsureUptoDateAssetsAreRegisteredWithGuidPM: 0.533ms
		ImportSchedulerStart: 0.729ms
	PostProcessAllAssets: 23.752ms
		MonoPostProcessAllAssets: 23.747ms
			AssetChangedListener.OnPostprocessAllAssets 12.618ms
			BuilderAssetPostprocessor.OnPostprocessAllAssets 9.898ms
			AssetPostprocessor.OnPostprocessAllAssets 9.574ms
			WindowAssetPostprocessingWatcher.OnPostprocessAllAssets 7.519ms
			SyncVS.PostprocessSyncProject 3.808ms
			RetainedModeAssetPostprocessor.OnPostprocessAllAssets 2.609ms
			ArtifactBrowserPostProcessor.OnPostprocessAllAssets 1.168ms
			AudioMixerPostprocessor.OnPostprocessAllAssets 0.844ms
			TextAssetPostProcessor.OnPostprocessAllAssets 0.808ms
			SpeedTree9Postprocessor.OnPostprocessAllAssets 0.760ms
			AssetEvents.OnPostprocessAllAssets 0.624ms
			StyleCatalogPostProcessor.OnPostprocessAllAssets 0.554ms
			EditModeScopePostprocessor.OnPostprocessAllAssets 0.482ms
			ConfigAssetsTracker.OnPostprocessAllAssets 0.418ms
			ScenarioDriftAssetsTracker.OnPostprocessAllAssets 0.328ms
			SpeedTreePostProcessor.OnPostprocessAllAssets 0.298ms
			TerrainToolbarOverlayPostProcessor.OnPostprocessAllAssets 0.261ms
			ThemePostprocessor.OnPostprocessAllAssets 0.216ms
			AssetDatabaseCallbacks.OnPostprocessAllAssets 0.215ms
			AudioContainerPostProcessor.OnPostprocessAllAssets 0.169ms
			ReferencedClipsPostProcessor.OnPostprocessAllAssets 0.165ms
			RenderPipelineGlobalSettingsPostprocessor.OnPostprocessAllAssets 0.082ms
	GatherAllCurrentPrimaryImportResultRevisions: 0.191ms
	PersistCurrentRevisions: 0.184ms
	GenerateScriptTypeHashes: 0.184ms
	GenerateScriptTypeSerializationHashes: 0.521ms
	Untracked: 1038.936ms

The referenced script (Unknown) on this Behaviour is missing!
The referenced script (Unknown) on this Behaviour is missing!
Loaded scene 'Temp/__Backupscenes/0.backup'
	Deserialize:            23.204 ms
	Integration:            631.702 ms
	Integration of assets:  0.021 ms
	Thread Wait Time:       0.013 ms
	Total Operation Time:   654.940 ms
[Licensing::Client] Successfully resolved entitlement details
Unloading 20 Unused Serialized files (Serialized files now loaded: 0)
Loaded scene 'Temp/__Backupscenes/0.backup'
	Deserialize:            18.337 ms
	Integration:            59.387 ms
	Integration of assets:  0.018 ms
	Thread Wait Time:       0.005 ms
	Total Operation Time:   77.747 ms
Unloading 23 unused Assets / (26.0 MB). Loaded Objects now: 9078.
Memory consumption went from 0.51 GB to 498.5 MB.
Total: 15.634600 ms (FindLiveObjects: 1.421100 ms CreateObjectMapping: 0.165300 ms MarkObjects: 13.601900 ms  DeleteObjects: 0.173700 ms)

[Licensing::Client] Successfully resolved entitlement details
[ScriptCompilation] Requested script compilation because: AssetDatabase observed changes in script compilation related files
Asset Pipeline Refresh (id=ba99fa398f25e0245983e742a61a9e28): Total: 0.068 seconds - Initiated by RefreshV2(NoUpdateAssetOptions)
[Licensing::Client] Successfully resolved entitlement details
Starting: C:\Program Files\Unity\Hub\Editor\6000.6.3f1\Editor\Data\Tools\BuildPipeline\bee_backend.exe --ipc --defer-dag-verification --dagfile="Library/Bee/1900b0aEDbg.dag" --continue-on-failure --profile="Library/Bee/backend1.traceevents" ScriptAssemblies
WorkingDir: C:/Users/eonvw/source/repos/Project-Twinsanity
ExitCode: 0 Duration: 0s734ms
[207/222    0s] ILPP-Configuration Library/ilpp-configuration.nevergeneratedoutput
[214/222    0s] Csc Library/Bee/artifacts/1900b0aEDbg.dag/Assembly-CSharp.dll (+2 others)
[216/222    0s] ILPostProcess Library/Bee/artifacts/1900b0aEDbg.dag/post-processed/Assembly-CSharp-Editor.dll (+pdb)
Processing assembly Library/Bee/artifacts/1900b0aEDbg.dag/Assembly-CSharp-Editor.dll, with 146 defines and 302 references

processors: zzzUnity.Burst.CodeGen.BurstILPostProcessor

1 processor(s) skipped this assembly
[217/222    0s] ILPostProcess Library/Bee/artifacts/1900b0aEDbg.dag/post-processed/Assembly-CSharp.dll (+pdb)
Processing assembly Library/Bee/artifacts/1900b0aEDbg.dag/Assembly-CSharp.dll, with 148 defines and 289 references

processors: zzzUnity.Burst.CodeGen.BurstILPostProcessor

1 processor(s) skipped this assembly
[219/222    0s] CopyFiles Library/ScriptAssemblies/Assembly-CSharp.pdb
[221/222    0s] CopyFiles Library/ScriptAssemblies/Assembly-CSharp.dll
*** Tundra build success (0.68 seconds), 6 items updated, 222 evaluated
Total cache size 3939196
Reloading assemblies after finishing script compilation.
Reloading assemblies after forced synchronous recompile.
Total cache size after purge 3939196, took 00:00:00.0270811
Begin MonoManager ReloadAssembly
Native extension for WindowsStandalone target not found
Native extension for WebGL target not found
[MODES] ModeService[none].Initialize
[MODES] ModeService[none].LoadModes
ScheduleIndexationOnStartup MainProcess:True IndexOnStartup:True
Scripting: successfully reloaded assembly
- Finished resetting the current domain, in  1.950 seconds
Domain Reload Profiling: 2966ms
	BeginReloadAssembly (685ms)
		DisableScriptedObjects (148ms)
		CreateAndSetChildDomain (248ms)
	RebuildCommonClasses (15ms)
	RebuildNativeTypeToScriptingClass (24ms)
	initialDomainReloadingComplete (69ms)
	LoadAllAssembliesAndSetupDomain (221ms)
		LoadAssemblies (152ms)
		TypeCache.Refresh (9ms)
		AnalyzeDomain (21ms)
			BuildScriptInfoCaches (18ms)
	FinalizeReload (1951ms)
		SetupLoadedEditorAssemblies (0ms)
			LogAssemblyErrors (3ms)
			InitializePlatformSupportModulesInManaged (4ms)
			BeforeProcessingInitializeOnLoad (268ms)
			ProcessInitializeOnLoadAttributes (123ms)
			ProcessInitializeOnLoadMethodAttributes (70ms)
			AfterProcessingInitializeOnLoad (12ms)
		AwakeInstancesAfterBackupRestoration (941ms)

Asset Pipeline Refresh (id=6a6353e6b778c4741a5fb837a41935f9): Total: 3.135 seconds - Initiated by StopAssetImportingV2(ForceSynchronousImport | ForceDomainReload)
	(Values over 0.05ms)
	Summary:
		Imports: total=0 (actual=0, local cache=0, cache server=0)
		Asset DB Process Time: managed=0 ms, native=2030 ms
		Asset DB Callback time: managed=22 ms, native=0 ms
		Scripting: domain reloads=1, domain reload time=1078 ms, compile time=3 ms, other=0 ms
		Project Asset Count: scripts=229, non-scripts=4166
		Asset File Changes: new=0, changed=0, moved=0, deleted=0
		Scan Filter Count: 0
	InvokePackagesCallback: 2.910ms
	ApplyChangesToAssetFolders: 0.300ms
	Collect global state as custom dependencies: 1.674ms
	ProcessAssetsWithTransientArtifactChanges: 0.410ms
	CategorizeAssets: 23.687ms
	CompileScripts: 2.776ms
	ImportOutOfDateAssets: 1954.676ms (1952.029ms without children)
		CollectScriptTypesHashes: 0.611ms
		ReloadNativeAssets: 0.958ms
		UnloadImportedAssets: 0.349ms
		EnsureUptoDateAssetsAreRegisteredWithGuidPM: 0.611ms
		ImportSchedulerStart: 0.724ms
	PostProcessAllAssets: 22.943ms
		MonoPostProcessAllAssets: 22.935ms
			AssetChangedListener.OnPostprocessAllAssets 8.109ms
			BuilderAssetPostprocessor.OnPostprocessAllAssets 7.357ms
			WindowAssetPostprocessingWatcher.OnPostprocessAllAssets 6.558ms
			AssetPostprocessor.OnPostprocessAllAssets 5.328ms
			SyncVS.PostprocessSyncProject 3.864ms
			ConfigAssetsTracker.OnPostprocessAllAssets 1.816ms
			EditModeScopePostprocessor.OnPostprocessAllAssets 1.248ms
			RetainedModeAssetPostprocessor.OnPostprocessAllAssets 1.203ms
			ArtifactBrowserPostProcessor.OnPostprocessAllAssets 0.868ms
			SpeedTree9Postprocessor.OnPostprocessAllAssets 0.793ms
			TextAssetPostProcessor.OnPostprocessAllAssets 0.733ms
			AudioMixerPostprocessor.OnPostprocessAllAssets 0.665ms
			StyleCatalogPostProcessor.OnPostprocessAllAssets 0.500ms
			AssetEvents.OnPostprocessAllAssets 0.445ms
			ScenarioDriftAssetsTracker.OnPostprocessAllAssets 0.294ms
			SpeedTreePostProcessor.OnPostprocessAllAssets 0.258ms
			AssetDatabaseCallbacks.OnPostprocessAllAssets 0.211ms
			TerrainToolbarOverlayPostProcessor.OnPostprocessAllAssets 0.192ms
			ThemePostprocessor.OnPostprocessAllAssets 0.190ms
			ReferencedClipsPostProcessor.OnPostprocessAllAssets 0.176ms
			AudioContainerPostProcessor.OnPostprocessAllAssets 0.159ms
			RenderPipelineGlobalSettingsPostprocessor.OnPostprocessAllAssets 0.094ms
	GatherAllCurrentPrimaryImportResultRevisions: 0.255ms
	PersistCurrentRevisions: 0.152ms
	GenerateScriptTypeHashes: 0.189ms
	GenerateScriptTypeSerializationHashes: 0.482ms
	Untracked: 1120.080ms

[Licensing::Client] Successfully resolved entitlement details
[ScriptCompilation] Requested script compilation because: AssetDatabase observed changes in script compilation related files
Asset Pipeline Refresh (id=e61fd8430f269114ab238a792b5af5b5): Total: 0.056 seconds - Initiated by RefreshV2(NoUpdateAssetOptions)
Starting: C:\Program Files\Unity\Hub\Editor\6000.6.3f1\Editor\Data\Tools\BuildPipeline\bee_backend.exe --ipc --defer-dag-verification --dagfile="Library/Bee/1900b0aEDbg.dag" --continue-on-failure --profile="Library/Bee/backend1.traceevents" ScriptAssemblies
WorkingDir: C:/Users/eonvw/source/repos/Project-Twinsanity
ExitCode: 0 Duration: 0s496ms
[207/222    0s] ILPP-Configuration Library/ilpp-configuration.nevergeneratedoutput
[214/222    0s] Csc Library/Bee/artifacts/1900b0aEDbg.dag/Assembly-CSharp.dll (+2 others)
[216/222    0s] ILPostProcess Library/Bee/artifacts/1900b0aEDbg.dag/post-processed/Assembly-CSharp-Editor.dll (+pdb)
Processing assembly Library/Bee/artifacts/1900b0aEDbg.dag/Assembly-CSharp-Editor.dll, with 146 defines and 302 references

processors: zzzUnity.Burst.CodeGen.BurstILPostProcessor

1 processor(s) skipped this assembly
[217/222    0s] ILPostProcess Library/Bee/artifacts/1900b0aEDbg.dag/post-processed/Assembly-CSharp.dll (+pdb)
Processing assembly Library/Bee/artifacts/1900b0aEDbg.dag/Assembly-CSharp.dll, with 148 defines and 289 references

processors: zzzUnity.Burst.CodeGen.BurstILPostProcessor

1 processor(s) skipped this assembly
[219/222    0s] CopyFiles Library/ScriptAssemblies/Assembly-CSharp.pdb
[221/222    0s] CopyFiles Library/ScriptAssemblies/Assembly-CSharp.dll
*** Tundra build success (0.46 seconds), 6 items updated, 222 evaluated
Total cache size 3939196
Reloading assemblies after finishing script compilation.
Reloading assemblies after forced synchronous recompile.
Total cache size after purge 3939196, took 00:00:00.0303641
Begin MonoManager ReloadAssembly
Native extension for WindowsStandalone target not found
Native extension for WebGL target not found
[MODES] ModeService[none].Initialize
[MODES] ModeService[none].LoadModes
ScheduleIndexationOnStartup MainProcess:True IndexOnStartup:True
Scripting: successfully reloaded assembly
- Finished resetting the current domain, in  1.925 seconds
Domain Reload Profiling: 2840ms
	BeginReloadAssembly (635ms)
		DisableScriptedObjects (141ms)
		CreateAndSetChildDomain (235ms)
	RebuildCommonClasses (13ms)
	RebuildNativeTypeToScriptingClass (18ms)
	initialDomainReloadingComplete (60ms)
	LoadAllAssembliesAndSetupDomain (189ms)
		LoadAssemblies (127ms)
		TypeCache.Refresh (7ms)
		AnalyzeDomain (18ms)
			BuildScriptInfoCaches (15ms)
	FinalizeReload (1926ms)
		SetupLoadedEditorAssemblies (0ms)
			LogAssemblyErrors (3ms)
			InitializePlatformSupportModulesInManaged (3ms)
			BeforeProcessingInitializeOnLoad (236ms)
			ProcessInitializeOnLoadAttributes (128ms)
			ProcessInitializeOnLoadMethodAttributes (76ms)
			AfterProcessingInitializeOnLoad (11ms)
		AwakeInstancesAfterBackupRestoration (954ms)

Asset Pipeline Refresh (id=8927ce9d3b616024494a9cecc89bc6a7): Total: 2.992 seconds - Initiated by StopAssetImportingV2(ForceSynchronousImport | ForceDomainReload)
	(Values over 0.05ms)
	Summary:
		Imports: total=0 (actual=0, local cache=0, cache server=0)
		Asset DB Process Time: managed=0 ms, native=2001 ms
		Asset DB Callback time: managed=23 ms, native=0 ms
		Scripting: domain reloads=1, domain reload time=963 ms, compile time=4 ms, other=0 ms
		Project Asset Count: scripts=229, non-scripts=4166
		Asset File Changes: new=0, changed=0, moved=0, deleted=0
		Scan Filter Count: 0
	InvokePackagesCallback: 2.340ms
	ApplyChangesToAssetFolders: 0.247ms
	Collect global state as custom dependencies: 1.569ms
	ProcessAssetsWithTransientArtifactChanges: 0.293ms
	CategorizeAssets: 24.973ms
	CompileScripts: 3.557ms
	ImportOutOfDateAssets: 1930.207ms (1927.375ms without children)
		CollectScriptTypesHashes: 0.461ms
		ReloadNativeAssets: 0.952ms
		UnloadImportedAssets: 0.298ms
		EnsureUptoDateAssetsAreRegisteredWithGuidPM: 0.575ms
		ImportSchedulerStart: 1.000ms
	PostProcessAllAssets: 23.927ms
		MonoPostProcessAllAssets: 23.922ms
			AssetChangedListener.OnPostprocessAllAssets 9.206ms
			WindowAssetPostprocessingWatcher.OnPostprocessAllAssets 8.267ms
			BuilderAssetPostprocessor.OnPostprocessAllAssets 6.475ms
			AssetPostprocessor.OnPostprocessAllAssets 5.375ms
			SyncVS.PostprocessSyncProject 3.882ms
			TextAssetPostProcessor.OnPostprocessAllAssets 1.212ms
			RetainedModeAssetPostprocessor.OnPostprocessAllAssets 1.115ms
			EditModeScopePostprocessor.OnPostprocessAllAssets 0.961ms
			SpeedTree9Postprocessor.OnPostprocessAllAssets 0.816ms
			ArtifactBrowserPostProcessor.OnPostprocessAllAssets 0.804ms
			AudioMixerPostprocessor.OnPostprocessAllAssets 0.402ms
			ThemePostprocessor.OnPostprocessAllAssets 0.388ms
			SpeedTreePostProcessor.OnPostprocessAllAssets 0.368ms
			StyleCatalogPostProcessor.OnPostprocessAllAssets 0.324ms
			ConfigAssetsTracker.OnPostprocessAllAssets 0.307ms
			AssetEvents.OnPostprocessAllAssets 0.304ms
			ScenarioDriftAssetsTracker.OnPostprocessAllAssets 0.274ms
			AssetDatabaseCallbacks.OnPostprocessAllAssets 0.205ms
			ReferencedClipsPostProcessor.OnPostprocessAllAssets 0.182ms
			TerrainToolbarOverlayPostProcessor.OnPostprocessAllAssets 0.180ms
			AudioContainerPostProcessor.OnPostprocessAllAssets 0.124ms
			RenderPipelineGlobalSettingsPostprocessor.OnPostprocessAllAssets 0.086ms
	GatherAllCurrentPrimaryImportResultRevisions: 0.223ms
	PersistCurrentRevisions: 0.172ms
	GenerateScriptTypeHashes: 0.153ms
	GenerateScriptTypeSerializationHashes: 0.460ms
	Untracked: 999.353ms

[Licensing::Client] Successfully resolved entitlement details
Asset Pipeline Refresh (id=b5e84182ac7232342af366d4368f7870): Total: 0.005 seconds - Initiated by RefreshV2(AllowForceSynchronousImport)
Reloading assemblies for play mode.
Reloading assemblies after forced synchronous recompile.
Begin MonoManager ReloadAssembly
Native extension for WindowsStandalone target not found
Native extension for WebGL target not found
ScheduleIndexationOnStartup MainProcess:True IndexOnStartup:True
[MODES] ModeService[none].Initialize
[MODES] ModeService[none].LoadModes
Scripting: successfully reloaded assembly
- Finished resetting the current domain, in  2.426 seconds
Domain Reload Profiling: 3383ms
	BeginReloadAssembly (675ms)
		DisableScriptedObjects (200ms)
		CreateAndSetChildDomain (231ms)
	RebuildCommonClasses (14ms)
	RebuildNativeTypeToScriptingClass (19ms)
	initialDomainReloadingComplete (60ms)
	LoadAllAssembliesAndSetupDomain (187ms)
		LoadAssemblies (135ms)
		TypeCache.Refresh (6ms)
		AnalyzeDomain (3ms)
	FinalizeReload (2428ms)
		SetupLoadedEditorAssemblies (0ms)
			LogAssemblyErrors (3ms)
			InitializePlatformSupportModulesInManaged (3ms)
			BeforeProcessingInitializeOnLoad (167ms)
			ProcessInitializeOnLoadAttributes (190ms)
			ProcessInitializeOnLoadMethodAttributes (136ms)
			AfterProcessingInitializeOnLoad (26ms)
		AwakeInstancesAfterBackupRestoration (1383ms)

Asset Pipeline Refresh (id=e58c6a8f00dd2d94ab47b18b6ce604b1): Total: 3.582 seconds - Initiated by StopAssetImportingV2(ForceSynchronousImport | ForceDomainReload)
	(Values over 0.05ms)
	Summary:
		Imports: total=0 (actual=0, local cache=0, cache server=0)
		Asset DB Process Time: managed=0 ms, native=2516 ms
		Asset DB Callback time: managed=40 ms, native=0 ms
		Scripting: domain reloads=1, domain reload time=1020 ms, compile time=4 ms, other=0 ms
		Project Asset Count: scripts=229, non-scripts=4166
		Asset File Changes: new=0, changed=0, moved=0, deleted=0
		Scan Filter Count: 0
	InvokePackagesCallback: 3.346ms
	ApplyChangesToAssetFolders: 0.338ms
	Collect global state as custom dependencies: 1.870ms
	CategorizeAssets: 33.455ms
	CompileScripts: 4.430ms
	ImportOutOfDateAssets: 2433.189ms (2429.483ms without children)
		CollectScriptTypesHashes: 0.504ms
		ReloadNativeAssets: 1.230ms
		UnloadImportedAssets: 0.265ms
		EnsureUptoDateAssetsAreRegisteredWithGuidPM: 1.170ms
		ImportSchedulerStart: 1.030ms
	PostProcessAllAssets: 40.491ms
		MonoPostProcessAllAssets: 40.483ms
			WindowAssetPostprocessingWatcher.OnPostprocessAllAssets 11.661ms
			AssetChangedListener.OnPostprocessAllAssets 9.206ms
			SyncVS.PostprocessSyncProject 8.513ms
			BuilderAssetPostprocessor.OnPostprocessAllAssets 6.475ms
			AssetPostprocessor.OnPostprocessAllAssets 5.375ms
			SpeedTree9Postprocessor.OnPostprocessAllAssets 1.776ms
			TextAssetPostProcessor.OnPostprocessAllAssets 1.212ms
			RetainedModeAssetPostprocessor.OnPostprocessAllAssets 1.115ms
			ArtifactBrowserPostProcessor.OnPostprocessAllAssets 0.804ms
			AssetDatabaseCallbacks.OnPostprocessAllAssets 0.641ms
			EditModeScopePostprocessor.OnPostprocessAllAssets 0.547ms
			TerrainToolbarOverlayPostProcessor.OnPostprocessAllAssets 0.446ms
			ReferencedClipsPostProcessor.OnPostprocessAllAssets 0.409ms
			AudioMixerPostprocessor.OnPostprocessAllAssets 0.402ms
			ThemePostprocessor.OnPostprocessAllAssets 0.388ms
			SpeedTreePostProcessor.OnPostprocessAllAssets 0.368ms
			RenderPipelineGlobalSettingsPostprocessor.OnPostprocessAllAssets 0.325ms
			StyleCatalogPostProcessor.OnPostprocessAllAssets 0.324ms
			ConfigAssetsTracker.OnPostprocessAllAssets 0.307ms
			AssetEvents.OnPostprocessAllAssets 0.304ms
			ScenarioDriftAssetsTracker.OnPostprocessAllAssets 0.274ms
			AudioContainerPostProcessor.OnPostprocessAllAssets 0.124ms
	GatherAllCurrentPrimaryImportResultRevisions: 0.328ms
	PersistCurrentRevisions: 0.259ms
	GenerateScriptTypeHashes: 0.304ms
	GenerateScriptTypeSerializationHashes: 0.792ms
	Untracked: 1057.523ms

The referenced script (Unknown) on this Behaviour is missing!
The referenced script (Unknown) on this Behaviour is missing!
Loaded scene 'Temp/__Backupscenes/0.backup'
	Deserialize:            32.691 ms
	Integration:            806.917 ms
	Integration of assets:  0.080 ms
	Thread Wait Time:       -0.048 ms
	Total Operation Time:   839.641 ms
[Licensing::Client] Successfully resolved entitlement details
Asset Pipeline Refresh (id=82b76e442229c324db8da2c9dc6d7e41): Total: 0.007 seconds - Initiated by RefreshV2(NoUpdateAssetOptions)
Asset Pipeline Refresh (id=ce09f5af56b13bf4b9c8a12d5016937a): Total: 0.007 seconds - Initiated by RefreshV2(NoUpdateAssetOptions)
Unloading 1 Unused Serialized files (Serialized files now loaded: 0)
Loaded scene 'Temp/__Backupscenes/0.backup'
	Deserialize:            19.213 ms
	Integration:            75.306 ms
	Integration of assets:  0.029 ms
	Thread Wait Time:       -0.003 ms
	Total Operation Time:   94.545 ms
Unloading 21 unused Assets / (26.0 MB). Loaded Objects now: 9082.
Memory consumption went from 0.52 GB to 505.3 MB.
Total: 17.881100 ms (FindLiveObjects: 1.741600 ms CreateObjectMapping: 0.250900 ms MarkObjects: 15.393700 ms  DeleteObjects: 0.193600 ms)

[Licensing::Client] Successfully resolved entitlement details
Asset Pipeline Refresh (id=53df597736fcbe34db612aec850a2efb): Total: 0.010 seconds - Initiated by RefreshV2(AllowForceSynchronousImport)
[ScriptCompilation] Requested script compilation because: AssetDatabase observed changes in script compilation related files
Asset Pipeline Refresh (id=3477ec6e991ae5e4b9084c0d2a209a14): Total: 0.059 seconds - Initiated by RefreshV2(NoUpdateAssetOptions)
[Licensing::Client] Successfully resolved entitlement details
Starting: C:\Program Files\Unity\Hub\Editor\6000.6.3f1\Editor\Data\Tools\BuildPipeline\bee_backend.exe --ipc --defer-dag-verification --dagfile="Library/Bee/1900b0aEDbg.dag" --continue-on-failure --profile="Library/Bee/backend1.traceevents" ScriptAssemblies
WorkingDir: C:/Users/eonvw/source/repos/Project-Twinsanity
ExitCode: 0 Duration: 0s546ms
[207/222    0s] ILPP-Configuration Library/ilpp-configuration.nevergeneratedoutput
[214/222    0s] Csc Library/Bee/artifacts/1900b0aEDbg.dag/Assembly-CSharp.dll (+2 others)
[216/222    0s] ILPostProcess Library/Bee/artifacts/1900b0aEDbg.dag/post-processed/Assembly-CSharp.dll (+pdb)
Processing assembly Library/Bee/artifacts/1900b0aEDbg.dag/Assembly-CSharp.dll, with 148 defines and 289 references

processors: zzzUnity.Burst.CodeGen.BurstILPostProcessor

1 processor(s) skipped this assembly
[217/222    0s] ILPostProcess Library/Bee/artifacts/1900b0aEDbg.dag/post-processed/Assembly-CSharp-Editor.dll (+pdb)
Processing assembly Library/Bee/artifacts/1900b0aEDbg.dag/Assembly-CSharp-Editor.dll, with 146 defines and 302 references

processors: zzzUnity.Burst.CodeGen.BurstILPostProcessor

1 processor(s) skipped this assembly
[218/222    0s] CopyFiles Library/ScriptAssemblies/Assembly-CSharp.pdb
[219/222    0s] CopyFiles Library/ScriptAssemblies/Assembly-CSharp.dll
*** Tundra build success (0.50 seconds), 6 items updated, 222 evaluated
Total cache size 3939196
Reloading assemblies after finishing script compilation.
Reloading assemblies after forced synchronous recompile.
Total cache size after purge 3939196, took 00:00:00.0230888
Begin MonoManager ReloadAssembly
Native extension for WindowsStandalone target not found
Native extension for WebGL target not found
[MODES] ModeService[none].Initialize
[MODES] ModeService[none].LoadModes
ScheduleIndexationOnStartup MainProcess:True IndexOnStartup:True
Scripting: successfully reloaded assembly
- Finished resetting the current domain, in  1.834 seconds
Domain Reload Profiling: 2866ms
	BeginReloadAssembly (743ms)
		DisableScriptedObjects (198ms)
		CreateAndSetChildDomain (262ms)
	RebuildCommonClasses (14ms)
	RebuildNativeTypeToScriptingClass (19ms)
	initialDomainReloadingComplete (69ms)
	LoadAllAssembliesAndSetupDomain (185ms)
		LoadAssemblies (154ms)
		TypeCache.Refresh (8ms)
		AnalyzeDomain (19ms)
			BuildScriptInfoCaches (17ms)
	FinalizeReload (1836ms)
		SetupLoadedEditorAssemblies (0ms)
			InitializePlatformSupportModulesInManaged (5ms)
			BeforeProcessingInitializeOnLoad (214ms)
			ProcessInitializeOnLoadAttributes (118ms)
			ProcessInitializeOnLoadMethodAttributes (70ms)
			AfterProcessingInitializeOnLoad (11ms)
		AwakeInstancesAfterBackupRestoration (955ms)

Asset Pipeline Refresh (id=114b13fbec026c34ea62c3c9cbc6803e): Total: 3.019 seconds - Initiated by StopAssetImportingV2(ForceSynchronousImport | ForceDomainReload)
	(Values over 0.05ms)
	Summary:
		Imports: total=0 (actual=0, local cache=0, cache server=0)
		Asset DB Process Time: managed=0 ms, native=1908 ms
		Asset DB Callback time: managed=23 ms, native=0 ms
		Scripting: domain reloads=1, domain reload time=1082 ms, compile time=3 ms, other=0 ms
		Project Asset Count: scripts=229, non-scripts=4166
		Asset File Changes: new=0, changed=0, moved=0, deleted=0
		Scan Filter Count: 0
	InvokePackagesCallback: 2.726ms
	ApplyChangesToAssetFolders: 0.310ms
	Collect global state as custom dependencies: 1.544ms
	ProcessAssetsWithTransientArtifactChanges: 0.302ms
	CategorizeAssets: 25.338ms
	CompileScripts: 3.438ms
	ImportOutOfDateAssets: 1839.761ms (1836.412ms without children)
		CollectScriptTypesHashes: 0.606ms
		ReloadNativeAssets: 1.315ms
		UnloadImportedAssets: 0.337ms
		EnsureUptoDateAssetsAreRegisteredWithGuidPM: 0.777ms
		ImportSchedulerStart: 0.913ms
	PostProcessAllAssets: 23.759ms
		MonoPostProcessAllAssets: 23.752ms
			AssetChangedListener.OnPostprocessAllAssets 9.155ms
			WindowAssetPostprocessingWatcher.OnPostprocessAllAssets 7.097ms
			BuilderAssetPostprocessor.OnPostprocessAllAssets 7.079ms
			AssetPostprocessor.OnPostprocessAllAssets 6.851ms
			SyncVS.PostprocessSyncProject 3.977ms
			ConfigAssetsTracker.OnPostprocessAllAssets 1.943ms
			RetainedModeAssetPostprocessor.OnPostprocessAllAssets 1.520ms
			ArtifactBrowserPostProcessor.OnPostprocessAllAssets 1.159ms
			EditModeScopePostprocessor.OnPostprocessAllAssets 1.056ms
			SpeedTree9Postprocessor.OnPostprocessAllAssets 0.879ms
			TextAssetPostProcessor.OnPostprocessAllAssets 0.809ms
			AudioMixerPostprocessor.OnPostprocessAllAssets 0.619ms
			SpeedTreePostProcessor.OnPostprocessAllAssets 0.491ms
			StyleCatalogPostProcessor.OnPostprocessAllAssets 0.407ms
			AssetEvents.OnPostprocessAllAssets 0.358ms
			ThemePostprocessor.OnPostprocessAllAssets 0.264ms
			ScenarioDriftAssetsTracker.OnPostprocessAllAssets 0.259ms
			AssetDatabaseCallbacks.OnPostprocessAllAssets 0.222ms
			TerrainToolbarOverlayPostProcessor.OnPostprocessAllAssets 0.203ms
			ReferencedClipsPostProcessor.OnPostprocessAllAssets 0.198ms
			AudioContainerPostProcessor.OnPostprocessAllAssets 0.161ms
			RenderPipelineGlobalSettingsPostprocessor.OnPostprocessAllAssets 0.091ms
	GatherAllCurrentPrimaryImportResultRevisions: 0.279ms
	PersistCurrentRevisions: 0.179ms
	GenerateScriptTypeHashes: 0.152ms
	GenerateScriptTypeSerializationHashes: 0.450ms
	Untracked: 1116.703ms

[Licensing::Client] Successfully resolved entitlement details
Asset Pipeline Refresh (id=93e71eef468c67a42ac8a1886f88c410): Total: 0.006 seconds - Initiated by RefreshV2(AllowForceSynchronousImport)
Reloading assemblies for play mode.
Reloading assemblies after forced synchronous recompile.
Begin MonoManager ReloadAssembly
Native extension for WindowsStandalone target not found
Native extension for WebGL target not found
ScheduleIndexationOnStartup MainProcess:True IndexOnStartup:True
[MODES] ModeService[none].Initialize
[MODES] ModeService[none].LoadModes
Scripting: successfully reloaded assembly
- Finished resetting the current domain, in  1.767 seconds
Domain Reload Profiling: 2664ms
	BeginReloadAssembly (635ms)
		DisableScriptedObjects (185ms)
		CreateAndSetChildDomain (231ms)
	RebuildCommonClasses (13ms)
	RebuildNativeTypeToScriptingClass (19ms)
	initialDomainReloadingComplete (63ms)
	LoadAllAssembliesAndSetupDomain (166ms)
		LoadAssemblies (130ms)
		TypeCache.Refresh (5ms)
		AnalyzeDomain (3ms)
	FinalizeReload (1768ms)
		SetupLoadedEditorAssemblies (0ms)
			InitializePlatformSupportModulesInManaged (3ms)
			BeforeProcessingInitializeOnLoad (128ms)
			ProcessInitializeOnLoadAttributes (114ms)
			ProcessInitializeOnLoadMethodAttributes (63ms)
			AfterProcessingInitializeOnLoad (10ms)
		AwakeInstancesAfterBackupRestoration (967ms)

Asset Pipeline Refresh (id=4f2ab885957d122489ed1351dfeee913): Total: 2.801 seconds - Initiated by StopAssetImportingV2(ForceSynchronousImport | ForceDomainReload)
	(Values over 0.05ms)
	Summary:
		Imports: total=0 (actual=0, local cache=0, cache server=0)
		Asset DB Process Time: managed=0 ms, native=1835 ms
		Asset DB Callback time: managed=21 ms, native=0 ms
		Scripting: domain reloads=1, domain reload time=941 ms, compile time=3 ms, other=0 ms
		Project Asset Count: scripts=229, non-scripts=4166
		Asset File Changes: new=0, changed=0, moved=0, deleted=0
		Scan Filter Count: 0
	InvokePackagesCallback: 2.464ms
	ApplyChangesToAssetFolders: 0.246ms
	Collect global state as custom dependencies: 1.174ms
	CategorizeAssets: 22.941ms
	CompileScripts: 2.716ms
	ImportOutOfDateAssets: 1771.477ms (1768.896ms without children)
		CollectScriptTypesHashes: 0.376ms
		ReloadNativeAssets: 0.943ms
		UnloadImportedAssets: 0.199ms
		EnsureUptoDateAssetsAreRegisteredWithGuidPM: 0.575ms
		ImportSchedulerStart: 0.860ms
	PostProcessAllAssets: 21.327ms
		MonoPostProcessAllAssets: 21.321ms
			AssetChangedListener.OnPostprocessAllAssets 9.155ms
			BuilderAssetPostprocessor.OnPostprocessAllAssets 7.079ms
			WindowAssetPostprocessingWatcher.OnPostprocessAllAssets 6.979ms
			AssetPostprocessor.OnPostprocessAllAssets 6.851ms
			SyncVS.PostprocessSyncProject 3.665ms
			ConfigAssetsTracker.OnPostprocessAllAssets 1.943ms
			RetainedModeAssetPostprocessor.OnPostprocessAllAssets 1.520ms
			ArtifactBrowserPostProcessor.OnPostprocessAllAssets 1.159ms
			TextAssetPostProcessor.OnPostprocessAllAssets 0.809ms
			SpeedTree9Postprocessor.OnPostprocessAllAssets 0.769ms
			AudioMixerPostprocessor.OnPostprocessAllAssets 0.619ms
			SpeedTreePostProcessor.OnPostprocessAllAssets 0.491ms
			StyleCatalogPostProcessor.OnPostprocessAllAssets 0.407ms
			AssetEvents.OnPostprocessAllAssets 0.358ms
			EditModeScopePostprocessor.OnPostprocessAllAssets 0.326ms
			ThemePostprocessor.OnPostprocessAllAssets 0.264ms
			ScenarioDriftAssetsTracker.OnPostprocessAllAssets 0.259ms
			AssetDatabaseCallbacks.OnPostprocessAllAssets 0.193ms
			TerrainToolbarOverlayPostProcessor.OnPostprocessAllAssets 0.171ms
			ReferencedClipsPostProcessor.OnPostprocessAllAssets 0.170ms
			AudioContainerPostProcessor.OnPostprocessAllAssets 0.161ms
			RenderPipelineGlobalSettingsPostprocessor.OnPostprocessAllAssets 0.083ms
	GatherAllCurrentPrimaryImportResultRevisions: 0.206ms
	PersistCurrentRevisions: 0.173ms
	GenerateScriptTypeHashes: 0.151ms
	GenerateScriptTypeSerializationHashes: 0.466ms
	Untracked: 971.737ms

The referenced script (Unknown) on this Behaviour is missing!
The referenced script (Unknown) on this Behaviour is missing!
Loaded scene 'Temp/__Backupscenes/0.backup'
	Deserialize:            20.508 ms
	Integration:            672.170 ms
	Integration of assets:  0.021 ms
	Thread Wait Time:       -0.003 ms
	Total Operation Time:   692.696 ms
[Licensing::Client] Successfully resolved entitlement details
Unloading 17 Unused Serialized files (Serialized files now loaded: 0)
Loaded scene 'Temp/__Backupscenes/0.backup'
	Deserialize:            16.800 ms
	Integration:            78.714 ms
	Integration of assets:  0.013 ms
	Thread Wait Time:       0.472 ms
	Total Operation Time:   95.999 ms
Unloading 20 unused Assets / (26.4 MB). Loaded Objects now: 9095.
Memory consumption went from 0.53 GB to 0.50 GB.
Total: 17.473300 ms (FindLiveObjects: 1.433700 ms CreateObjectMapping: 0.150200 ms MarkObjects: 15.326400 ms  DeleteObjects: 0.246800 ms)

[Licensing::Client] Successfully resolved entitlement details
[ScriptCompilation] Requested script compilation because: AssetDatabase observed changes in script compilation related files
Asset Pipeline Refresh (id=1eacb7cd92782f4438dbedf14efe23f3): Total: 0.061 seconds - Initiated by RefreshV2(NoUpdateAssetOptions)
Starting: C:\Program Files\Unity\Hub\Editor\6000.6.3f1\Editor\Data\Tools\BuildPipeline\bee_backend.exe --ipc --defer-dag-verification --dagfile="Library/Bee/1900b0aEDbg.dag" --continue-on-failure --profile="Library/Bee/backend1.traceevents" ScriptAssemblies
WorkingDir: C:/Users/eonvw/source/repos/Project-Twinsanity
ExitCode: 0 Duration: 0s650ms
[207/222    0s] ILPP-Configuration Library/ilpp-configuration.nevergeneratedoutput
[214/222    0s] Csc Library/Bee/artifacts/1900b0aEDbg.dag/Assembly-CSharp.dll (+2 others)
[216/222    0s] ILPostProcess Library/Bee/artifacts/1900b0aEDbg.dag/post-processed/Assembly-CSharp-Editor.dll (+pdb)
Processing assembly Library/Bee/artifacts/1900b0aEDbg.dag/Assembly-CSharp-Editor.dll, with 146 defines and 302 references

processors: zzzUnity.Burst.CodeGen.BurstILPostProcessor

1 processor(s) skipped this assembly
[217/222    0s] ILPostProcess Library/Bee/artifacts/1900b0aEDbg.dag/post-processed/Assembly-CSharp.dll (+pdb)
Processing assembly Library/Bee/artifacts/1900b0aEDbg.dag/Assembly-CSharp.dll, with 148 defines and 289 references

processors: zzzUnity.Burst.CodeGen.BurstILPostProcessor

1 processor(s) skipped this assembly
[219/222    0s] CopyFiles Library/ScriptAssemblies/Assembly-CSharp.pdb
[221/222    0s] CopyFiles Library/ScriptAssemblies/Assembly-CSharp.dll
*** Tundra build success (0.60 seconds), 6 items updated, 222 evaluated
Total cache size 3939196
Reloading assemblies after finishing script compilation.
Reloading assemblies after forced synchronous recompile.
Total cache size after purge 3939196, took 00:00:00.0238846
Begin MonoManager ReloadAssembly
Native extension for WindowsStandalone target not found
Native extension for WebGL target not found
[MODES] ModeService[none].Initialize
[MODES] ModeService[none].LoadModes
ScheduleIndexationOnStartup MainProcess:True IndexOnStartup:True
Scripting: successfully reloaded assembly
- Finished resetting the current domain, in  2.279 seconds
Domain Reload Profiling: 3294ms
	BeginReloadAssembly (691ms)
		DisableScriptedObjects (140ms)
		CreateAndSetChildDomain (258ms)
	RebuildCommonClasses (14ms)
	RebuildNativeTypeToScriptingClass (20ms)
	initialDomainReloadingComplete (68ms)
	LoadAllAssembliesAndSetupDomain (222ms)
		LoadAssemblies (143ms)
		TypeCache.Refresh (12ms)
		AnalyzeDomain (23ms)
			BuildScriptInfoCaches (20ms)
	FinalizeReload (2280ms)
		SetupLoadedEditorAssemblies (0ms)
			InitializePlatformSupportModulesInManaged (4ms)
			BeforeProcessingInitializeOnLoad (565ms)
			ProcessInitializeOnLoadAttributes (126ms)
			ProcessInitializeOnLoadMethodAttributes (78ms)
			AfterProcessingInitializeOnLoad (10ms)
		AwakeInstancesAfterBackupRestoration (1014ms)

Asset Pipeline Refresh (id=5a94527614924dc4b8663e06646347ec): Total: 3.471 seconds - Initiated by StopAssetImportingV2(ForceSynchronousImport | ForceDomainReload)
	(Values over 0.05ms)
	Summary:
		Imports: total=0 (actual=0, local cache=0, cache server=0)
		Asset DB Process Time: managed=0 ms, native=2362 ms
		Asset DB Callback time: managed=29 ms, native=0 ms
		Scripting: domain reloads=1, domain reload time=1074 ms, compile time=4 ms, other=0 ms
		Project Asset Count: scripts=229, non-scripts=4166
		Asset File Changes: new=0, changed=0, moved=0, deleted=0
		Scan Filter Count: 0
	InvokePackagesCallback: 2.846ms
	ApplyChangesToAssetFolders: 0.304ms
	Collect global state as custom dependencies: 1.496ms
	ProcessAssetsWithTransientArtifactChanges: 0.379ms
	CategorizeAssets: 29.555ms
	CompileScripts: 3.789ms
	ImportOutOfDateAssets: 2283.603ms (2280.891ms without children)
		CollectScriptTypesHashes: 0.511ms
		ReloadNativeAssets: 1.032ms
		UnloadImportedAssets: 0.382ms
		EnsureUptoDateAssetsAreRegisteredWithGuidPM: 0.575ms
		ImportSchedulerStart: 0.718ms
	PostProcessAllAssets: 29.887ms
		MonoPostProcessAllAssets: 29.880ms
			WindowAssetPostprocessingWatcher.OnPostprocessAllAssets 8.500ms
			AssetChangedListener.OnPostprocessAllAssets 8.123ms
			SyncVS.PostprocessSyncProject 6.696ms
			AssetPostprocessor.OnPostprocessAllAssets 4.843ms
			BuilderAssetPostprocessor.OnPostprocessAllAssets 4.498ms
			RetainedModeAssetPostprocessor.OnPostprocessAllAssets 1.579ms
			ConfigAssetsTracker.OnPostprocessAllAssets 1.332ms
			EditModeScopePostprocessor.OnPostprocessAllAssets 1.326ms
			SpeedTree9Postprocessor.OnPostprocessAllAssets 1.121ms
			TextAssetPostProcessor.OnPostprocessAllAssets 0.807ms
			AssetDatabaseCallbacks.OnPostprocessAllAssets 0.603ms
			ArtifactBrowserPostProcessor.OnPostprocessAllAssets 0.573ms
			AudioMixerPostprocessor.OnPostprocessAllAssets 0.389ms
			SpeedTreePostProcessor.OnPostprocessAllAssets 0.315ms
			ReferencedClipsPostProcessor.OnPostprocessAllAssets 0.304ms
			StyleCatalogPostProcessor.OnPostprocessAllAssets 0.248ms
			TerrainToolbarOverlayPostProcessor.OnPostprocessAllAssets 0.242ms
			AssetEvents.OnPostprocessAllAssets 0.231ms
			ScenarioDriftAssetsTracker.OnPostprocessAllAssets 0.206ms
			ThemePostprocessor.OnPostprocessAllAssets 0.205ms
			RenderPipelineGlobalSettingsPostprocessor.OnPostprocessAllAssets 0.139ms
			AudioContainerPostProcessor.OnPostprocessAllAssets 0.111ms
	GatherAllCurrentPrimaryImportResultRevisions: 0.289ms
	PersistCurrentRevisions: 0.170ms
	GenerateScriptTypeHashes: 0.166ms
	GenerateScriptTypeSerializationHashes: 0.485ms
	Untracked: 1114.217ms

[Licensing::Client] Successfully resolved entitlement details
[ScriptCompilation] Requested script compilation because: AssetDatabase observed changes in script compilation related files
Starting: C:\Program Files\Unity\Hub\Editor\6000.6.3f1\Editor\Data\Tools\BuildPipeline\bee_backend.exe --ipc --defer-dag-verification --dagfile="Library/Bee/1900b0aEDbg.dag" --continue-on-failure --profile="Library/Bee/backend1.traceevents" ScriptAssemblies
WorkingDir: C:/Users/eonvw/source/repos/Project-Twinsanity
ExitCode: 0 Duration: 0s799ms
[207/222    0s] ILPP-Configuration Library/ilpp-configuration.nevergeneratedoutput
[214/222    0s] Csc Library/Bee/artifacts/1900b0aEDbg.dag/Assembly-CSharp.dll (+2 others)
[215/222    0s] ILPostProcess Library/Bee/artifacts/1900b0aEDbg.dag/post-processed/Assembly-CSharp.dll (+pdb)
Processing assembly Library/Bee/artifacts/1900b0aEDbg.dag/Assembly-CSharp.dll, with 148 defines and 289 references

processors: zzzUnity.Burst.CodeGen.BurstILPostProcessor

1 processor(s) skipped this assembly
[216/222    0s] CopyFiles Library/ScriptAssemblies/Assembly-CSharp.pdb
[217/222    0s] CopyFiles Library/ScriptAssemblies/Assembly-CSharp.dll
[218/222    0s] Csc Library/Bee/artifacts/1900b0aEDbg.dag/Assembly-CSharp-Editor.dll (+2 others)
Assets\Twinsanity\Editor\BakeEditableBeachScene.cs(29,37): warning CS0618: 'Object.FindObjectOfType<T>()' is obsolete: 'Object.FindObjectOfType has been deprecated. Use Object.FindAnyObjectByType instead.'
[219/222    0s] ILPostProcess Library/Bee/artifacts/1900b0aEDbg.dag/post-processed/Assembly-CSharp-Editor.dll (+pdb)
Processing assembly Library/Bee/artifacts/1900b0aEDbg.dag/Assembly-CSharp-Editor.dll, with 146 defines and 302 references

processors: zzzUnity.Burst.CodeGen.BurstILPostProcessor

1 processor(s) skipped this assembly
[220/222    0s] CopyFiles Library/ScriptAssemblies/Assembly-CSharp-Editor.pdb
[221/222    0s] CopyFiles Library/ScriptAssemblies/Assembly-CSharp-Editor.dll
*** Tundra build success (0.75 seconds), 9 items updated, 222 evaluated
Total cache size 3939196
Assets\Twinsanity\Editor\BakeEditableBeachScene.cs(29,37): warning CS0618: 'Object.FindObjectOfType<T>()' is obsolete: 'Object.FindObjectOfType has been deprecated. Use Object.FindAnyObjectByType instead.'
Total cache size after purge 3939196, took 00:00:00.0359737
Reloading assemblies after forced synchronous recompile.
Begin MonoManager ReloadAssembly
[Licensing::Client] Successfully resolved entitlement details
Native extension for WindowsStandalone target not found
Native extension for WebGL target not found
[MODES] ModeService[none].Initialize
[MODES] ModeService[none].LoadModes
ScheduleIndexationOnStartup MainProcess:True IndexOnStartup:True
Scripting: successfully reloaded assembly
- Finished resetting the current domain, in  2.281 seconds
Domain Reload Profiling: 3474ms
	BeginReloadAssembly (859ms)
		DisableScriptedObjects (236ms)
		CreateAndSetChildDomain (326ms)
	RebuildCommonClasses (17ms)
	RebuildNativeTypeToScriptingClass (20ms)
	initialDomainReloadingComplete (71ms)
	LoadAllAssembliesAndSetupDomain (224ms)
		LoadAssemblies (156ms)
		TypeCache.Refresh (9ms)
		AnalyzeDomain (28ms)
			BuildScriptInfoCaches (25ms)
	FinalizeReload (2283ms)
		SetupLoadedEditorAssemblies (0ms)
			LogAssemblyErrors (3ms)
			InitializePlatformSupportModulesInManaged (4ms)
			BeforeProcessingInitializeOnLoad (276ms)
			ProcessInitializeOnLoadAttributes (148ms)
			ProcessInitializeOnLoadMethodAttributes (92ms)
			AfterProcessingInitializeOnLoad (14ms)
		AwakeInstancesAfterBackupRestoration (1186ms)
Importing 'GUID: f3c235ce525666b4eb781c52a66e20a9 - Path: Assets/Twinsanity/Resources/Characters/CrashPlayer.prefab' with importer (PrefabImporter)
Imported 'GUID: f3c235ce525666b4eb781c52a66e20a9' -> (Import Result ID: '5bf779aea20a22c961641ff2b020aa8d') in 0.024 seconds [static and dynamic dependencies]. Details - ImportResultOutputID=d07e1ec7b018559892cbc87386f73a90 DependenciesID=b1b21744e101240ce51eb0e45825b3a1 StaticDependenciesID=56903f02db59c021a3b1c45b54b6b1a4 

Asset Pipeline Refresh (id=e4998cab409a74149aa8d4f82709d92e): Total: 5.050 seconds - Initiated by RefreshV2(AllowForceSynchronousImport)
	(Values over 0.05ms)
	Summary:
		Imports: total=1 (actual=1, local cache=0, cache server=0)
		Asset DB Process Time: managed=2 ms, native=2420 ms
		Asset DB Callback time: managed=63 ms, native=9 ms
		Scripting: domain reloads=1, domain reload time=1264 ms, compile time=1290 ms, other=0 ms
		Project Asset Count: scripts=229, non-scripts=4166
		Asset File Changes: new=0, changed=1, moved=0, deleted=0
		Scan Filter Count: 0
	InvokePackagesCallback: 4.596ms
	ApplyChangesToAssetFolders: 0.434ms
	Scan: 15.805ms
	Collect global state as custom dependencies: 2.689ms
	OnSourceAssetsModified: 1.257ms
	CategorizeScriptCompilationAssets: 0.080ms
	ProcessAssetsWithTransientArtifactChanges: 1.565ms
	CategorizeAssets: 30.342ms
	CompileScripts: 1290.249ms
	ImportOutOfDateAssets: 2322.573ms (2283.639ms without children)
		ImportManagerImport: 34.971ms (3.324ms without children)
		CollectScriptTypesHashes: 0.757ms
		ReloadNativeAssets: 1.708ms
		UnloadImportedAssets: 0.651ms
		ReloadImportedAssets: 7.249ms
		EnsureUptoDateAssetsAreRegisteredWithGuidPM: 0.821ms
		ImportSchedulerStart: 0.773ms
	PostProcessAllAssets: 62.924ms
		MonoPostProcessAllAssets: 61.844ms
			AssetChangedListener.OnPostprocessAllAssets 10.550ms
			AssetPostprocessor.OnPostprocessAllAssets 8.853ms
			WindowAssetPostprocessingWatcher.OnPostprocessAllAssets 7.036ms
			SyncVS.PostprocessSyncProject 6.621ms
			BuilderAssetPostprocessor.OnPostprocessAllAssets 5.836ms
			RetainedModeAssetPostprocessor.OnPostprocessAllAssets 2.750ms
			SpeedTree9Postprocessor.OnPostprocessAllAssets 1.750ms
			TextAssetPostProcessor.OnPostprocessAllAssets 1.203ms
			EditModeScopePostprocessor.OnPostprocessAllAssets 1.191ms
			ArtifactBrowserPostProcessor.OnPostprocessAllAssets 1.149ms
			SpeedTreePostProcessor.OnPostprocessAllAssets 0.559ms
			AudioMixerPostprocessor.OnPostprocessAllAssets 0.410ms
			TerrainToolbarOverlayPostProcessor.OnPostprocessAllAssets 0.358ms
			ThemePostprocessor.OnPostprocessAllAssets 0.353ms
			StyleCatalogPostProcessor.OnPostprocessAllAssets 0.347ms
			AssetEvents.OnPostprocessAllAssets 0.321ms
			ReferencedClipsPostProcessor.OnPostprocessAllAssets 0.231ms
			AssetDatabaseCallbacks.OnPostprocessAllAssets 0.200ms
			ConfigAssetsTracker.OnPostprocessAllAssets 0.197ms
			ScenarioDriftAssetsTracker.OnPostprocessAllAssets 0.163ms
			AudioContainerPostProcessor.OnPostprocessAllAssets 0.151ms
			RenderPipelineGlobalSettingsPostprocessor.OnPostprocessAllAssets 0.138ms
	PostAssetChangesProfiler: 7.788ms
	GatherAllCurrentPrimaryImportResultRevisions: 0.439ms
	PersistCurrentRevisions: 0.262ms
	GenerateScriptTypeHashes: 0.189ms
	GenerateScriptTypeSerializationHashes: 0.531ms
	Untracked: 1302.982ms

[Licensing::Client] Successfully resolved entitlement details
Reloading assemblies for play mode.
Reloading assemblies after forced synchronous recompile.
Begin MonoManager ReloadAssembly
Native extension for WindowsStandalone target not found
Native extension for WebGL target not found
ScheduleIndexationOnStartup MainProcess:True IndexOnStartup:True
[MODES] ModeService[none].Initialize
[MODES] ModeService[none].LoadModes
Scripting: successfully reloaded assembly
- Finished resetting the current domain, in  1.966 seconds
Domain Reload Profiling: 3017ms
	BeginReloadAssembly (732ms)
		DisableScriptedObjects (194ms)
		CreateAndSetChildDomain (277ms)
	RebuildCommonClasses (22ms)
	RebuildNativeTypeToScriptingClass (28ms)
	initialDomainReloadingComplete (68ms)
	LoadAllAssembliesAndSetupDomain (200ms)
		LoadAssemblies (150ms)
		TypeCache.Refresh (6ms)
		AnalyzeDomain (3ms)
	FinalizeReload (1967ms)
		SetupLoadedEditorAssemblies (0ms)
			InitializePlatformSupportModulesInManaged (3ms)
			BeforeProcessingInitializeOnLoad (149ms)
			ProcessInitializeOnLoadAttributes (121ms)
			ProcessInitializeOnLoadMethodAttributes (83ms)
			AfterProcessingInitializeOnLoad (11ms)
		AwakeInstancesAfterBackupRestoration (1024ms)

Asset Pipeline Refresh (id=c47b220145e019e499f53f325dbca8e9): Total: 3.183 seconds - Initiated by StopAssetImportingV2(ForceSynchronousImport | ForceDomainReload)
	(Values over 0.05ms)
	Summary:
		Imports: total=0 (actual=0, local cache=0, cache server=0)
		Asset DB Process Time: managed=0 ms, native=2043 ms
		Asset DB Callback time: managed=28 ms, native=0 ms
		Scripting: domain reloads=1, domain reload time=1107 ms, compile time=3 ms, other=0 ms
		Project Asset Count: scripts=229, non-scripts=4166
		Asset File Changes: new=0, changed=0, moved=0, deleted=0
		Scan Filter Count: 0
	InvokePackagesCallback: 2.634ms
	ApplyChangesToAssetFolders: 0.264ms
	Collect global state as custom dependencies: 1.278ms
	CategorizeAssets: 27.770ms
	CompileScripts: 3.072ms
	ImportOutOfDateAssets: 1971.220ms (1968.152ms without children)
		CollectScriptTypesHashes: 0.419ms
		ReloadNativeAssets: 1.017ms
		UnloadImportedAssets: 0.282ms
		EnsureUptoDateAssetsAreRegisteredWithGuidPM: 0.844ms
		ImportSchedulerStart: 0.921ms
	PostProcessAllAssets: 28.112ms
		MonoPostProcessAllAssets: 28.106ms
			AssetChangedListener.OnPostprocessAllAssets 10.550ms
			AssetPostprocessor.OnPostprocessAllAssets 8.853ms
			WindowAssetPostprocessingWatcher.OnPostprocessAllAssets 8.120ms
			BuilderAssetPostprocessor.OnPostprocessAllAssets 5.836ms
			SyncVS.PostprocessSyncProject 3.684ms
			RetainedModeAssetPostprocessor.OnPostprocessAllAssets 2.750ms
			TextAssetPostProcessor.OnPostprocessAllAssets 1.203ms
			ArtifactBrowserPostProcessor.OnPostprocessAllAssets 1.149ms
			SpeedTree9Postprocessor.OnPostprocessAllAssets 0.822ms
			EditModeScopePostprocessor.OnPostprocessAllAssets 0.615ms
			SpeedTreePostProcessor.OnPostprocessAllAssets 0.559ms
			AudioMixerPostprocessor.OnPostprocessAllAssets 0.410ms
			ThemePostprocessor.OnPostprocessAllAssets 0.353ms
			StyleCatalogPostProcessor.OnPostprocessAllAssets 0.347ms
			AssetEvents.OnPostprocessAllAssets 0.321ms
			AssetDatabaseCallbacks.OnPostprocessAllAssets 0.278ms
			ConfigAssetsTracker.OnPostprocessAllAssets 0.197ms
			TerrainToolbarOverlayPostProcessor.OnPostprocessAllAssets 0.193ms
			ReferencedClipsPostProcessor.OnPostprocessAllAssets 0.188ms
			ScenarioDriftAssetsTracker.OnPostprocessAllAssets 0.163ms
			AudioContainerPostProcessor.OnPostprocessAllAssets 0.151ms
			RenderPipelineGlobalSettingsPostprocessor.OnPostprocessAllAssets 0.089ms
	GatherAllCurrentPrimaryImportResultRevisions: 0.201ms
	UnloadStreamsBegin: 0.068ms
	PersistCurrentRevisions: 0.234ms
	GenerateScriptTypeHashes: 0.172ms
	GenerateScriptTypeSerializationHashes: 0.515ms
	Untracked: 1141.368ms

The referenced script (Unknown) on this Behaviour is missing!
The referenced script (Unknown) on this Behaviour is missing!
Loaded scene 'Temp/__Backupscenes/0.backup'
	Deserialize:            20.923 ms
	Integration:            742.334 ms
	Integration of assets:  0.020 ms
	Thread Wait Time:       0.016 ms
	Total Operation Time:   763.293 ms
[Licensing::Client] Successfully resolved entitlement details
Unloading 17 Unused Serialized files (Serialized files now loaded: 0)
Loaded scene 'Temp/__Backupscenes/0.backup'
	Deserialize:            17.621 ms
	Integration:            68.059 ms
	Integration of assets:  0.015 ms
	Thread Wait Time:       0.028 ms
	Total Operation Time:   85.723 ms
Unloading 21 unused Assets / (26.3 MB). Loaded Objects now: 9101.
Memory consumption went from 0.53 GB to 0.51 GB.
Total: 17.948800 ms (FindLiveObjects: 1.492000 ms CreateObjectMapping: 0.135500 ms MarkObjects: 15.881000 ms  DeleteObjects: 0.165400 ms)

[Licensing::Client] Successfully resolved entitlement details
Asset Pipeline Refresh (id=86c90716712e24444b15750c79903f76): Total: 0.011 seconds - Initiated by RefreshV2(AllowForceSynchronousImport)
MonoPathRemapper: Attempts to remap: 24539; Successful remaps: 1170
Serialized file version minimum: 23, current 23
[LAYOUT] About to save layout C:\Users\eonvw\source\repos\Project-Twinsanity\UserSettings\Layouts\default-6000.dwlt
[LAYOUT] About to save layout C:/Users/eonvw/AppData/Roaming/Unity/Editor-5.x/Preferences\Layouts\current\default-6000.dwlt
Importing 'GUID: 0bd51577b3c04d74c93a18937b73d6e6 - Path: Assets/Twinsanity/Resources/Characters/CrashPlayerModel.asset' with importer (NativeFormatImporter)
Imported 'GUID: 0bd51577b3c04d74c93a18937b73d6e6' -> (Import Result ID: '357d6f852ef1ea899aff7f4f72a3d819') in 0.016 seconds [static dependencies only]. Details - ImportResultOutputID=dfcbc6400c604c2da4d9f2c7d6d436d1 DependenciesID=b980c078ef9c21c9f2116bf92344d66e StaticDependenciesID=148f94a2dffaa9991bfafa8fc2dfe697 
Asset Pipeline Refresh (id=af3c178cda57a0c4b8dc9fa2312442b9): Total: 0.100 seconds - Initiated by StopAssetImportingV2(NoUpdateAssetOptions)
[Physics::Module] Cleanup current backend.
[Physics::Module] Id: 0xf2b8ea05
Input System module state changed to: ShutdownInProgress.
Input Polling Thread exited.
Input System module state changed to: Shutdown.
[Licensing::IpcConnector] LicenseClient-eonvw-notifications channel disconnected successfully.
[Licensing::IpcConnector] LicenseClient-eonvw channel disconnected successfully.
Lingering sessions upon destruction of worker manager
Unity Data Store service was successfully shut down
UDS shutting down local client system
Shut down UDS service system complete
AcceleratorClientConnectionCallback - disconnected - :0
Cleanup mono
CodeReloadManager destroyed
abort_threads: Failed aborting id: 00000000000BAA64, mono_thread_manage will ignore it

abort_threads: Failed aborting id: 00000000000BE488, mono_thread_manage will ignore it

abort_threads: Failed aborting id: 00000000000BAA64, mono_thread_manage will ignore it

abort_threads: Failed aborting id: 00000000000BE488, mono_thread_manage will ignore it

debugger-agent: Unable to listen on 4876
VBCSCompilerPreWarmer: requested VBCSCompiler shutdown
Checking for leaked weakptr:
  Found no leaked weakptrs.
[Package Manager] Server process was shutdown
##utp:{"type":"MemoryLeaks","version":2,"phase":"Immediate","time":1791067013279,"processId":762764,"allocatedMemory":22869596,"memoryLabels":[{"Default":422215},{"Permanent":15516},{"NewDelete":80449},{"Thread":4206664},{"Manager":33184},{"VertexData":8},{"Geometry":816},{"Shader":850263},{"Material":68},{"TextureCache":2280},{"GfxDevice":65400},{"GfxThread":3072},{"Animation":952},{"FreeType":8},{"FontEngine":736},{"Physics":1970},{"Physics2D":16},{"Serialization":201912},{"Input":42840},{"JobScheduler":256},{"TextLib":25798},{"Mono":48},{"ScriptingNativeRuntime":1350208},{"BaseObject":109712},{"Resource":1252},{"Renderer":2376},{"Transform":4685},{"File":75784},{"WebCam":616},{"Culling":32},{"Terrain":11442},{"Wind":24},{"STL":40},{"String":2420155},{"StaticString":3808},{"Utility":2674426},{"Curl":48},{"PoolAlloc":2168},{"AI":80},{"TypeTree":1963450},{"ScriptManager":145544},{"CodeReload":448},{"RuntimeInitializeOnLoadManager":64},{"Sprites":102},{"SpriteAtlas":120},{"GI":7816},{"Director":8296},{"CloudService":10608},{"WebRequest":5587},{"VR":49650},{"SceneManager":608},{"Video":208},{"LazyScriptCache":32},{"Camera":21921},{"Secure":265},{"SerializationCache":9256},{"APIUpdating":10320},{"Subsystems":336},{"VirtualTexturing":57888},{"StaticSafetyDebugInfo":278528},{"Analytics":768},{"Hierarchy":1188},{"UIElements":40},{"CoreStats":14456},{"Identifiers":7152},{"Gui":2794738},{"EditorUtility":168014},{"VersionControl":8},{"Undo":931},{"AssetDatabase":4701423},{"AssetImporter":40},{"EditorGi":328},{"UnityConnect":36873},{"Upm":1988},{"UpmDiagnostics":8},{"AssetCompliance":96},{"DrivenProperties":72},{"LocalIPC":260},{"ProfilerEditor":9746},{"CoreBusinessMetrics":3600},{"Windowing":456},{"Licensing":12805},{"AssetReference":32},{"IPCStream":32}]}
